Date Time,Day of Week,Object 1,Object 2,Street Number,Street Name,Cross Street,Near Street,Location,May involve cyclist,May Involve Pedestrian,Manner of Collision,First Harmful Event Location,First Harmful Event,Ambient Light,Weather Condition 1,Weather Condition 2,Traffic Control Device Type,Traffic Control Device Functionality,Road Surface Condition,Roadway Junction Type,Trafficway Description,School Bus Related,Work Zone,Speed Limit,Street or Intersection,Intersection Name 1,Intersection Direction 1,Intersection Name 2,Intersection Direction 2,Intersection Name 3,Intersection Direction 3,Street Direction,Nearest Intersection Distance,Nearest Intersection Direction,Landmark Distance,Landmark Direction,Landmark,Mile Marker Direction,Non Public Area,Road Contributing,Damaged Property Type,Description of Damaged Property,V1 Registration Type,v1 State Code,V1 Configuration,V1 Emergency Response,V1 Moped,V1 Hit and Run,V1 Action Prior to Crash,V1 Model Year,V1 Most Harmful Event,V1 Model,V1 Make,V1 Occupant Count,V1 Underride Override,V1 First Event,V1 Second Event,V1 Third Event,V1 Fourth Event,V1 Most Damaged Area,V1 Second Damaged Area,V1 Third Damaged Area,V1 Towed,V1 Travel Direction,V1 Interstate,V1 Cargo Body Type,V1 Gross Weight,V1 Haz Placard,V1 Haz Release,V1 Trailer Reg Type,V1 Trailer Reg Plate,V1 Trailer Reg State,V1 Trailer Reg Year,V1 Trailer Len,V1 Driver Contribution,V1 Driver Contribution 2,V1 Is Truck,V1 Has Trailer,V1 Is Bus,V1 Is Hazmat,V1 Reg Year,V1 Driver Distracted,V1 Bus Use,V1 Tow Use,V2 Registration Type,V2 State Code,V2 Configuration,V2 Emergency Response,V2 Moped,V2 Hit and Run,V2 Action Prior to Crash,V2 Model Year,V2 Most Harmful Event,V2 Model,V2 Make,V2 Occupant Count,V2 Underride Override,V2 First Event,V2 Second Event,V2 Third Event,V2 Fourth Event,V2 Most Damaged Area,V2 Second Damaged Area,V2 Third Damaged Area,V2 Towed,V2 Travel Direction,V2 Interstate,V2 Cargo Body Type,V2 Gross Weight,V2 Haz Placard,V2 Haz Release,V2 Trailer Reg Type,V2 Trailer Reg Plate,V2 Trailer Reg State,V2 Trailer Reg Year,V2 Trailer Len,V2 Driver Contribution,V2 Driver Contribution 2,V2 Is Truck,V2 Has Trailer,V2 Is Bus,V2 Is Hazmat,V2 Reg Year,V2 Driver Distracted,V2 Bus Use,V2 Tow Use,P1 Role,P1 Injury,P1 Drivers Lic State,P1 Drivers Lic Class 1,P1 Drivers Lic Class 2,P1 Drivers Lic Restrict,P1 Non Motorist Desc,P1 Non Motorist Action,P1 Non Motorist Location,P1 Safety Equipment,P1 Age,P1 Sex,P1 Seat Position,P1 Safety System,P1 Trapped,P1 Veh Owner,P2 Role,P2 Injury,P2 Drivers Lic State,P2 Drivers Lic Class 1,P2 Drivers Lic Class 2,P2 Drivers Lic Restrict,P2 Non Motorist Desc,P2 Non Motorist Action,P2 Non Motorist Location,P2 Safety Equipment,P2 Age,P2 Sex,P2 Seat Position,P2 Safety System,P2 Trapped,P2 Veh Owner
1/1/15 1:54,Thursday,PASSENGER CAR,,,LOCKE ST.,SHEA RD.,,"LOCKE ST. &amp; SHEA RD.
Cambridge, MA
(42.36679362800004, -71.10600609899996)",,,SINGLE VEHICLE CRASH,ROADWAY,COLLISION WITH CURB,DARK - LIGHTED ROADWAY,CLOUDY,,STOP SIGNS,YES,DRY,FOUR WAY INTERSECTION,"TWO-WAY, NOT DIVIDED",NO,NO,25,INTERSECTION,LOCKE ST.,,SHEA RD.,,,,,,,,,,,,NONE,MUNICIPAL,NO STOPPING SIGN,PAN,MA,PASSENGER CAR,,,,TURNING LEFT,2008,COLLISION WITH OVERHEAD SIGN POST,CAMERY,TOYOTA,1,,COLLISION WITH CURB,COLLISION WITH OVERHEAD SIGN POST,RAN OFF ROAD LEFT,,CENTER FRONT,RIGHT FRONT,RIGHT SIDE,Y,,,,,,,,,,,,OTHER IMPROPER ACTION,FAILURE TO KEEP IN PROPER LANE OR RUNNING OFF ROAD,,,,,,UNKNOWN,,YES VEHICLE OR TRAILER DISABLED,,,,,,,,,,,,,,,,,,,,,,,,,,,,,,,,,,,,,,,,,,,OPERATOR/DRIVER,NO INJURY,MASSACHUSETTS,"D, CLASS D VEHICLES",,UNKNOWN,,,,,,MALE,"FRONT SEAT - LEFT SIDE, OR MOTORCYLE DRIVER",UNKNOWN,NOT TRAPPED,,,,,,,,,,,,,,,,,
6/22/15 13:30,Monday,LIGHT TRUCK,,88,SIDNEY ST,,PACIFIC ST,"88 SIDNEY ST
Cambridge, MA
(42.36059760100005, -71.10215859699997)",,,UNKNOWN,ROADWAY,COLLISION WITH PARKED MOTOR VEHICLE,DAYLIGHT,CLOUDY,,,,DRY,NOT AT INTERSECTION,"TWO-WAY, NOT DIVIDED",NO,NO,,NON INTERSECTION,,,,,,,,,,,,,,,,,,CON,MA,LIGHT TRUCK,,,,PARKED,2011,,TRANSIT,FORD,0,,COLLISION WITH MOTOR VEHICLE IN TRAFFIC,,,,LEFT FRONT,,,,,,,,,,,,,,,,,,,,,,,,,PAN,MA,,,,Y,,,,,,,,,,,,,,,,,,,,,,,,,,,,,,,,,,,,,UNINVOLVED OWNER,,,,,,,,,,,UNKNOWN,,,,,,,,,,,,,,,,,,,,
2/14/15 1:10,Saturday,PASSENGER CAR,,160,RICHDALE AVENUE,,RAYMOND STREET,"160 RICHDALE AVENUE
Cambridge, MA
(42.389232434000064, -71.12702525899994)",,,"SIDESWIPE, SAME DIRECTION",ROADWAY,COLLISION WITH PARKED MOTOR VEHICLE,DARK - LIGHTED ROADWAY,CLEAR,CLEAR,NO CONTROLS,,SNOW,,"TWO-WAY, NOT DIVIDED",NO,NO,,NON INTERSECTION,,,,,,,WESTBOUND,300 FEET,WESTBOUND,,,,,,,,,PAN,MA,PASSENGER CAR,,,Y,PARKED,2007,COLLISION WITH MOTOR VEHICLE IN TRAFFIC,ALTIMA,NISSAN,0,,COLLISION WITH MOTOR VEHICLE IN TRAFFIC,,,,LEFT SIDE,,,,WESTBOUND,,,,,,,,,,,NO IMPROPER DRIVING,,,,,,,,,,,,,,,,,,,,,,,,,,,,,,,,,,,,,,,,,,,,,,,,,,,,UNINVOLVED OWNER,,MASSACHUSETTS,"D, CLASS D VEHICLES",,,,,,,,FEMALE,,,,Y,WITNESS,,,"D, CLASS D VEHICLES",,,,,,,,MALE,,,,
6/9/15 12:20,Tuesday,LIGHT TRUCK,PASSENGER CAR,,MASS AVE,CHURCH ST,,"MASS AVE &amp; CHURCH ST
Cambridge, MA
(42.36679362800004, -71.10600609899996)",,1,REAR-END,ROADWAY,COLLISION WITH PEDESTRIAN,DAYLIGHT,CLOUDY,,NO CONTROLS,,DRY,T-INTERSECTION,"ONE-WAY, NOT DIVIDED",NO,NO,,INTERSECTION,MASS AVE,,CHURCH ST,,,,,,,,,,,,,,,CON,MA,LIGHT TRUCK,,,,CHANGING LANES,2005,COLLISION WITH PEDESTRIAN,F150,FORD,1,,COLLISION WITH MOTOR VEHICLE IN TRAFFIC,COLLISION WITH PEDESTRIAN,,,CENTER FRONT,,,,SOUTHBOUND,,,,,,,,,,,FAILED TO YIELD THE RIGHT OF WAY,,,,,,,,,,PAN,MA,PASSENGER CAR,,,,SLOWING OR STOPPED IN TRAFFIC,1998,,ES300,LEXS,2,,COLLISION WITH PEDESTRIAN,COLLISION WITH MOTOR VEHICLE IN TRAFFIC,,,REAR CENTER,,,,SOUTHBOUND,,,,,,,,,,,,,,,,,,,,,OPERATOR/DRIVER,NO INJURY,MASSACHUSETTS,,,,,,,,,MALE,"FRONT SEAT - LEFT SIDE, OR MOTORCYLE DRIVER",UNKNOWN,NOT TRAPPED,,UNINVOLVED OWNER,,,,,,,,,,,UNKNOWN,,,,Y
2/9/15 12:26,Monday,PASSENGER CAR,SINGLE UNIT TRUCK (2 AXLES - 6 TIRES),38,DUDLEY ST,,,"38 DUDLEY ST
Cambridge, MA
(42.39584846100007, -71.13065258099994)",,,"SIDESWIPE, SAME DIRECTION",SHOULDER - TRAVEL LANE,COLLISION WITH PARKED MOTOR VEHICLE,DAYLIGHT,SNOW,"BLOWING, SAND, SNOW",NO CONTROLS,,SNOW,,"ONE-WAY, NOT DIVIDED",NO,NO,,NON INTERSECTION,,,,,,,WESTBOUND,,,,,,,,OTHER,,,PAN,MA,PASSENGER CAR,,,,PARKED,2010,OTHER NON-COLLISION,COROLLA,TOYOTA,0,,COLLISION WITH MOTOR VEHICLE IN TRAFFIC,,,,RIGHT REAR,,,,,,,,,,,,,,,NO IMPROPER DRIVING,,,,,,,NOT DISTRACTED,,NO,CON,MA,SINGLE UNIT TRUCK (2 AXLES - 6 TIRES),,,,TRAVELING STRAIGHT AHEAD,2011,OTHER,700 SERIES,INTERNATIONAL,1,,COLLISION WITH PARKED MOTOR VEHICLE,,,,UNKNOWN,,,,WESTBOUND,,,,,,,,,,,UNKNOWN,,,,,,,NOT DISTRACTED,,NO,WITNESS,,,,,,,,,,,FEMALE,,,,,UNINVOLVED OWNER,,,,,,,,,,,FEMALE,,,,Y
6/30/15 18:30,Tuesday,PASSENGER CAR,PASSENGER CAR,77,BISHOP ALLEN DRIVE,,NORFOLK STREET,"77 BISHOP ALLEN DRIVE
Cambridge, MA
(42.36530164000004, -71.10136090199995)",,,ANGLE,ROADSIDE,,DAYLIGHT,CLEAR,,,NO,DRY,NOT AT INTERSECTION,"TWO-WAY, NOT DIVIDED",NO,NO,,NON INTERSECTION,,,,,,,NORTHBOUND,,WESTBOUND,,,,,,NONE,,,PAN,MA,PASSENGER CAR,,,,TRAVELING STRAIGHT AHEAD,2011,COLLISION WITH PARKED MOTOR VEHICLE,TL,ACURA,1,,COLLISION WITH PARKED MOTOR VEHICLE,,,,RIGHT FRONT,RIGHT SIDE,,,NORTHBOUND,,,,,,,,,,,NO IMPROPER DRIVING,,,,,,,NOT DISTRACTED,,,PAN,MA,PASSENGER CAR,,,,OTHER,2011,,ELANTRA,HYUNDAI,1,,COLLISION WITH MOTOR VEHICLE IN TRAFFIC,,,,LEFT SIDE,,,,,,,,,,,,,,,OTHER IMPROPER ACTION,,,,,,,UNKNOWN,,,OPERATOR/DRIVER,,MASSACHUSETTS,,,,,,,,,MALE,,,,Y,OPERATOR/DRIVER,,MASSACHUSETTS,,,,,,,,,MALE,,,,Y
5/11/15 12:30,Monday,TRACTOR / SEMI-TRIALER,,1737,MASS AVE,,,"1737 MASS AVE
Cambridge, MA
(42.38430572300007, -71.11939334399995)",,,ANGLE,OUTSIDE ROADWAY,COLLISION WITH MOTOR VEHICLE IN TRAFFIC,DAYLIGHT,CLEAR,CLOUDY,,,DRY,T-INTERSECTION,"ONE-WAY, NOT DIVIDED",NO,NO,,NON INTERSECTION,MASS AVE,,,,,,,,,,,,,,,OTHER,BUILDING,APN,MN,TRACTOR / SEMI-TRIALER,,,,TURNING RIGHT,2007,"OTHER FIXED OBJECT (WALL, BUILDING, TUNNEL)",TT,INTL,1,,"OTHER FIXED OBJECT (WALL, BUILDING, TUNNEL)",,,,UNKNOWN,,,,SOUTHBOUND,,OTHER,"MORE THAN 26,000 POUNDS",,,SMN,SM14918,MASSACHUSETTS,2008,OTHER,UNKNOWN,,Y,Y,,,,,,,,,,,,,,,,,,,,,,,,,,,,,,,,,,,,,,,,,,,,,,,,,OPERATOR/DRIVER,NO INJURY,CONNECTICUT,,,,,,,,,MALE,"FRONT SEAT - LEFT SIDE, OR MOTORCYLE DRIVER",UNKNOWN,NOT TRAPPED,,UNINVOLVED OWNER,,,,,,,,,,,UNKNOWN,,,,Y
2/6/15 12:56,Friday,LIGHT TRUCK,,72,VASSAR ST,,MAIN ST,"72 VASSAR ST
Cambridge, MA
(42.361534634000066, -71.09197540899999)",,,,,,DAYLIGHT,SNOW,,,,SNOW,,"TWO-WAY, NOT DIVIDED",NO,NO,30,NON INTERSECTION,,,,,,,EASTBOUND,,,,,,,,,,,PAN,MA,LIGHT TRUCK,,,Y,PARKED,1999,,RANGER,FORD,0,,,,,,LEFT FRONT,,,,,,,,,,,,,,,,,,,,,,,,,UNKNOWN,,,,,,,,,,,,,,,,,,,,,,,,,,,,,,,,,,,,,,,,,,UNINVOLVED OWNER,NO INJURY,,,,,,,,,,MALE,,,,Y,OPERATOR/DRIVER,,,,,,,,,,,,,,,Y
3/1/15 23:10,Sunday,LIGHT TRUCK,,,WATER ST,,,"WATER ST
Cambridge, MA
(42.372429225000076, -71.07807087099997)",,,UNKNOWN,ROADWAY,COLLISION WITH PARKED MOTOR VEHICLE,DARK - ROADWAY NOT LIGHTED,SNOW,,NO CONTROLS,,SNOW,NOT AT INTERSECTION,"TWO-WAY, NOT DIVIDED",NO,NO,,NON INTERSECTION,,,,,,,,,,,,,,,UNKNOWN,,,PAN,MA,LIGHT TRUCK,,,,PARKED,2014,COLLISION WITH PARKED MOTOR VEHICLE,INTERCEPTOR,FORD,0,,COLLISION WITH PARKED MOTOR VEHICLE,,,,LEFT SIDE,,,,,,,,,,,,,,,NO IMPROPER DRIVING,,,,,,,,,NO,UNKNOWN,,,,,Y,PARKED,,COLLISION WITH PARKED MOTOR VEHICLE,UNKNOWN,UNKNOWN,1,,COLLISION WITH PARKED MOTOR VEHICLE,,,,,,,,UNKNOWN,,,,,,,,,,,UNKNOWN,,,,,,,UNKNOWN,,NO,UNINVOLVED OWNER,,,,,,,,,,,UNKNOWN,,,,Y,OPERATOR/DRIVER,UNKNOWN,,,,,,,,,,UNKNOWN,"FRONT SEAT - LEFT SIDE, OR MOTORCYLE DRIVER",UNKNOWN,NOT TRAPPED,
7/2/15 7:00,Thursday,PASSENGER CAR,,60,BRISTOL ST,,,"60 BRISTOL ST
Cambridge, MA
(42.368182895000075, -71.09326324299997)",,,UNKNOWN,ROADWAY,COLLISION WITH PARKED MOTOR VEHICLE,UNKNOWN,UNKNOWN,UNKNOWN,NO CONTROLS,,UNKNOWN,NOT AT INTERSECTION,"ONE-WAY, NOT DIVIDED",,,,NON INTERSECTION,,,,,,,,,,,,,,,UNKNOWN,,,PAN,MA,PASSENGER CAR,,,Y,PARKED,2014,,CAMRY,TOYOTA,1,,COLLISION WITH MOTOR VEHICLE IN TRAFFIC,,,,CENTER FRONT,,,,,,,,,,,,,,,,,,,,,,,,,,,,,,,,,,,,,,,,,,,,,,,,,,,,,,,,,,,,,,,,,,,UNINVOLVED OWNER,,,,,,,,,,,MALE,,,,Y,,,,,,,,,,,,,,,,
3/14/15 1:23,Saturday,PASSENGER CAR,,,HARDING,CAMBRIDGE,,"HARDING &amp; CAMBRIDGE
Cambridge, MA
(42.36679362800004, -71.10600609899996)",,,"SIDESWIPE, OPPOSITE DIRECTION",SHOULDER - PAVED,COLLISION WITH LIGHT POLE OR OTHER POST/SUPPORT,DARK - LIGHTED ROADWAY,CLEAR,,NO CONTROLS,,DRY,T-INTERSECTION,"ONE-WAY, NOT DIVIDED",NO,NO,,INTERSECTION,HARDING,EASTBOUND,CAMBRIDGE,NORTHBOUND,,,,,,,,,,,NONE,,,PAN,NJ,PASSENGER CAR,,,Y,BACKING,2009,COLLISION WITH OVERHEAD SIGN POST,COMMANDER,JEEP,1,,,,,,LEFT FRONT,,,Y,WESTBOUND,,,,,,,,,,,OTHER IMPROPER ACTION,,,,,,,,,YES OTHER REASON NOT DISABLED,,,,,,,,,,,,,,,,,,,,,,,,,,,,,,,,,,,,,,,,,,,OPERATOR/DRIVER,,NEW JERSEY,,,,,,,,,MALE,"FRONT SEAT - LEFT SIDE, OR MOTORCYLE DRIVER",UNKNOWN,NOT TRAPPED,,UNINVOLVED OWNER,,,,,,,,,,,FEMALE,,,,Y
4/2/15 18:30,Thursday,PASSENGER CAR,PASSENGER CAR,699,MOUNT AUBURN STREET,,,"699 MOUNT AUBURN STREET
Cambridge, MA
(42.37478664100007, -71.14935960999998)",,,"SIDESWIPE, OPPOSITE DIRECTION",ROADWAY,COLLISION WITH PARKED MOTOR VEHICLE,DAYLIGHT,CLEAR,,NO CONTROLS,,DRY,NOT AT INTERSECTION,UNKNOWN,NO,NO,10,NON INTERSECTION,,,,,,,,,,,,SHAWS SUPERMARKET PARKING LOT,,,NONE,,,PAN,FL,PASSENGER CAR,,,,PARKED,2013,OTHER,ALTIMA,NISSAN,0,,OTHER,,,,LEFT REAR,,,,,,,,,,,,,,,NO IMPROPER DRIVING,,,,,,,NOT DISTRACTED,,NO,PAN,MA,PASSENGER CAR,,,Y,BACKING,2002,COLLISION WITH PARKED MOTOR VEHICLE,CAMRY,TOYATA,1,,COLLISION WITH PARKED MOTOR VEHICLE,,,,RIGHT REAR,,,,WESTBOUND,,,,,,,,,,,"OPERATING VEHICLE IN ERRATIC, RECKLESS, CARELESS,",PHYSICAL IMPAIRMENT,,,,,,UNKNOWN,,NO,UNINVOLVED OWNER,,,,,,,,,,,,,,,Y,OPERATOR/DRIVER,NO INJURY,MASSACHUSETTS,"D, CLASS D VEHICLES",,OTHER,,,,,,MALE,"FRONT SEAT - LEFT SIDE, OR MOTORCYLE DRIVER",UNKNOWN,NOT TRAPPED,Y
2/24/15 15:42,Tuesday,PASSENGER CAR,,95,ANTRIM STREET,,,"95 ANTRIM STREET
Cambridge, MA
(42.37255947400007, -71.10219705899993)",,,"SIDESWIPE, SAME DIRECTION",,,UNKNOWN,UNKNOWN,,,,UNKNOWN,NOT AT INTERSECTION,"ONE-WAY, NOT DIVIDED",,NO,,NON INTERSECTION,,,,,,,,,,,,,,,,,,PAN,MA,PASSENGER CAR,,,Y,PARKED,1998,,ACCORD,HONDA,,,COLLISION WITH PARKED MOTOR VEHICLE,,,,LEFT FRONT,LEFT SIDE,LEFT REAR,,,,,,,,,,,,,,,,,,,,,,,UNK,,,,,,,,,,,,,,,,,,,,,,,,,,,,,,,,,,,,,,,,,,UNINVOLVED OWNER,,MASSACHUSETTS,,,,,,,,,FEMALE,,,,Y,OPERATOR/DRIVER,,,,,,,,,,,,,,,
7/19/15 20:36,Sunday,LIGHT TRUCK,,,WALDEN STREET,RICHDALE AVENUE,,"WALDEN STREET &amp; RICHDALE AVENUE
Cambridge, MA
(42.36679362800004, -71.10600609899996)",,1,HEAD ON,ROADWAY,COLLISION WITH PEDESTRIAN,DARK - LIGHTED ROADWAY,RAIN,CLOUDY,STOP SIGNS,,WET,FOUR WAY INTERSECTION,"TWO-WAY, DIVIDED, UNPROTECTED MEDIAN",NO,NO,30,INTERSECTION,WALDEN STREET,WESTBOUND,RICHDALE AVENUE,NORTHBOUND,,,,,,,,,,,NONE,,,PAN,MA,LIGHT TRUCK,,,,TRAVELING STRAIGHT AHEAD,2013,COLLISION WITH PEDESTRIAN,CRV UTIL,HONDA,1,,COLLISION WITH PEDESTRIAN,,,,LEFT FRONT,,,,WESTBOUND,,,,,,,,,,,"OPERATING VEHICLE IN ERRATIC, RECKLESS, CARELESS,",,,,,,,UNKNOWN,,NO,,,,,,,,,,,,,,,,,,,,,,,,,,,,,,,,,,,,,,,,,,,OPERATOR/DRIVER,NO INJURY,MASSACHUSETTS,"D, CLASS D VEHICLES",,UNKNOWN,,,,,,FEMALE,"FRONT SEAT - LEFT SIDE, OR MOTORCYLE DRIVER",UNKNOWN,NOT TRAPPED,,NON-MOTORIST,NON FATAL INJURY - NON INCAPACITATING,MASSACHUSETTS,,,,PEDESTRIAN,ENTERING OR CROSSING SPECIFIED LOCATION,PEDESTRIAN,NONE USED,,MALE,,,,
2/8/15 18:41,Sunday,LIGHT TRUCK,,,MONTGOMERY,HARVEY,,"MONTGOMERY &amp; HARVEY
Cambridge, MA
(42.36679362800004, -71.10600609899996)",,1,,,COLLISION WITH PEDESTRIAN,DAYLIGHT,CLOUDY,SNOW,STOP SIGNS,,SNOW,NOT AT INTERSECTION,,,,20,INTERSECTION,MONTGOMERY,NORTHBOUND,HARVEY,WESTBOUND,,,,,,,,,,,,,,CON,MA,LIGHT TRUCK,,,Y,TRAVELING STRAIGHT AHEAD,,,PICK UP,,1,,COLLISION WITH PEDESTRIAN,,,,LEFT REAR,,,,,,,,,,,,,,,,,,,,,,,,,,,,,,,,,,,,,,,,,,,,,,,,,,,,,,,,,,,,,,,,,,,NON-MOTORIST,,MASSACHUSETTS,,,,,,,,,MALE,,,,,,,,,,,,,,,,,,,,
5/21/15 12:22,Thursday,PASSENGER CAR,LIGHT TRUCK,411,CONCORD AVE,,CORPORAL BURNS,"411 CONCORD AVE
Cambridge, MA
(42.385766137000076, -71.13834958399997)",,,"SIDESWIPE, OPPOSITE DIRECTION",,,DAYLIGHT,CLEAR,CLEAR,NO CONTROLS,,DRY,,"TWO-WAY, DIVIDED, UNPROTECTED MEDIAN",NO,NO,,NON INTERSECTION,,,,,,,,,,,,,,,,,,PAR,MA,PASSENGER CAR,,,,TRAVELING STRAIGHT AHEAD,2007,,ACCORD,HONDA,1,,COLLISION WITH MOTOR VEHICLE IN TRAFFIC,,,,LEFT FRONT,,,Y,,,,,,,,,,,,DISTRACTED,,,,,,,,,YES VEHICLE OR TRAILER DISABLED,PAN,MA,LIGHT TRUCK,,,,TRAVELING STRAIGHT AHEAD,2012,,FORESTER,SUBARU,1,,COLLISION WITH MOTOR VEHICLE IN TRAFFIC,,,,LEFT FRONT,,,Y,,,,,,,,,,,,NO IMPROPER DRIVING,,,,,,,,,YES VEHICLE OR TRAILER DISABLED,OPERATOR/DRIVER,,MASSACHUSETTS,"D, CLASS D VEHICLES",,,,,,,,MALE,,,,Y,OPERATOR/DRIVER,,MASSACHUSETTS,,,,,,,,,FEMALE,,,,Y
4/4/15 23:30,Saturday,PASSENGER CAR,,145,WILLOW STREET,,,"145 WILLOW STREET
Cambridge, MA
(42.373411479000026, -71.09160468899995)",,,UNKNOWN,ROADWAY,,DARK - LIGHTED ROADWAY,CLEAR,,,,,,,,,,NON INTERSECTION,,,,,,,NORTHBOUND,,,,,,,,,,,PAN,MA,PASSENGER CAR,,,Y,PARKED,2002,,A4,AUDI,,,UNKNOWN,,,,CENTER FRONT,UNKNOWN,,,,,,,,,,,,,,,,,,,,,,,,,,,,,,,,,,,,,,,,,,,,,,,,,,,,,,,,,,,,,,,,,,UNINVOLVED OWNER,,MASSACHUSETTS,,,,,,,,,MALE,,,,Y,,,,,,,,,,,,,,,,
5/16/15 12:01,Saturday,LIGHT TRUCK,,22,WASHINGTON STREET,,PORTLAND STREET,"22 WASHINGTON STREET
Cambridge, MA
(42.364128083000026, -71.09384410699994)",,,"SIDESWIPE, SAME DIRECTION",ROADWAY,,DARK - LIGHTED ROADWAY,CLEAR,,,NO,DRY,DRIVEWAY,,NO,NO,0,NON INTERSECTION,,,,,,,,,,,,,,,NONE,,,PAN,MA,LIGHT TRUCK,,,Y,PARKED,2006,,STWAG,JEEP,0,,COLLISION WITH CURB,,,,RIGHT FRONT,RIGHT SIDE,LEFT REAR,,,,,,,,,,,,,NO IMPROPER DRIVING,,,,,,,,,NO,UNK,,,,,Y,UNKNOWN,,,UNK,HONDA,0,,,,,,UNKNOWN,,,,,,,,,,,,,,,OTHER IMPROPER ACTION,,,,,,,,,,UNINVOLVED OWNER,,MASSACHUSETTS,"D, CLASS D VEHICLES",,,,,,,,FEMALE,,,,Y,OPERATOR/DRIVER,UNKNOWN,,UNKNOWN,,,,,,,,UNKNOWN,"FRONT SEAT - LEFT SIDE, OR MOTORCYLE DRIVER",UNKNOWN,NOT TRAPPED,
2/24/15 21:00,Tuesday,PASSENGER CAR,,700,MAIN ST,,OSBORN ST,"700 MAIN ST
Cambridge, MA
(42.36304172600006, -71.09472249199996)",,,UNKNOWN,ROADWAY,COLLISION WITH PARKED MOTOR VEHICLE,DARK - LIGHTED ROADWAY,CLOUDY,,NO CONTROLS,,WET,NOT AT INTERSECTION,"TWO-WAY, NOT DIVIDED",NO,NO,,NON INTERSECTION,,,,,,,,,,,,,,,,,,PAN,MA,PASSENGER CAR,,,,PARKED,2013,,ACCENT,HYUN,0,,COLLISION WITH MOTOR VEHICLE IN TRAFFIC,,,,LEFT FRONT,,,Y,,,,,,,,,,,,,,,,,,,,,YES VEHICLE OR TRAILER DISABLED,PAN,MA,,,,Y,,,,,,,,,,,,,,,,,,,,,,,,,,,,,,,,,,,,,UNINVOLVED OWNER,,,,,,,,,,,FEMALE,,,,Y,,,,,,,,,,,,,,,,
7/13/15 9:45,Monday,PASSENGER CAR,,,MASS AVE,BOW STREET,,"MASS AVE &amp; BOW STREET
Cambridge, MA
(42.36679362800004, -71.10600609899996)",1,,UNKNOWN,ROADWAY,COLLISION WITH PEDALCYCLE,DAYLIGHT,CLEAR,CLEAR,NO CONTROLS,,DRY,FOUR WAY INTERSECTION,"ONE-WAY, NOT DIVIDED",NO,NO,,INTERSECTION,MASS AVE,NORTHBOUND,BOW STREET,WESTBOUND,,,,,,,,,,,NONE,,,PAN,MA,PASSENGER CAR,,,,TRAVELING STRAIGHT AHEAD,2010,COLLISION WITH PEDALCYCLE,RAV4,TOYOTA,1,,COLLISION WITH PEDALCYCLE,OTHER,OTHER,,LEFT FRONT,LEFT FRONT,LEFT FRONT,,NORTHBOUND,,,,,,,,,,,NO IMPROPER DRIVING,NO IMPROPER DRIVING,,,,,,UNKNOWN,,,,,,,,,,,,,,,,,,,,,,,,,,,,,,,,,,,,,,,,,,,,,OPERATOR/DRIVER,,MASSACHUSETTS,"D, CLASS D VEHICLES",,,,,,,,MALE,,,,Y,NON-MOTORIST,NO INJURY,OHIO,,,,CYCLIST,ENTERING OR CROSSING SPECIFIED LOCATION,CYCLIST,HELMET,,FEMALE,,,,
3/27/15 12:42,Friday,LIGHT TRUCK,LIGHT TRUCK,105,MASS AVE,,,"105 MASS AVE
Cambridge, MA
(42.35960697100006, -71.09403431199996)",,,"SIDESWIPE, SAME DIRECTION",ROADWAY,COLLISION WITH MOTOR VEHICLE IN TRAFFIC,DAYLIGHT,CLOUDY,CLOUDY,NO CONTROLS,,WET,NOT AT INTERSECTION,"TWO-WAY, NOT DIVIDED",NO,NO,,NON INTERSECTION,,,,,,,NORTHBOUND,,,,,,,,,,,PAN,RI,LIGHT TRUCK,,,,TRAVELING STRAIGHT AHEAD,1997,COLLISION WITH MOTOR VEHICLE IN TRAFFIC,CRV,HONDA,1,,COLLISION WITH MOTOR VEHICLE IN TRAFFIC,COLLISION WITH MOTOR VEHICLE IN TRAFFIC,,,CENTER FRONT,LEFT FRONT,RIGHT FRONT,,NORTHBOUND,,,,,,,,,,,FAILED TO YIELD THE RIGHT OF WAY,,,,,,,UNKNOWN,,,PAN,MA,LIGHT TRUCK,,,,TRAVELING STRAIGHT AHEAD,2003,COLLISION WITH MOTOR VEHICLE IN TRAFFIC,PILOT,HONDA,1,,COLLISION WITH MOTOR VEHICLE IN TRAFFIC,,,,RIGHT SIDE,,,,NORTHBOUND,,,,,,,,,,,NO IMPROPER DRIVING,NO IMPROPER DRIVING,,,,,,UNKNOWN,,,OPERATOR/DRIVER,,MASSACHUSETTS,"D, CLASS D VEHICLES",,,,,,,,FEMALE,"FRONT SEAT - LEFT SIDE, OR MOTORCYLE DRIVER",UNKNOWN,NOT TRAPPED,Y,OPERATOR/DRIVER,,MASSACHUSETTS,"D, CLASS D VEHICLES",,,,,,,,MALE,"FRONT SEAT - LEFT SIDE, OR MOTORCYLE DRIVER",UNKNOWN,NOT TRAPPED,Y
4/26/15 16:22,Sunday,PASSENGER CAR,,260,GREEN STREET,,,"260 GREEN STREET
Cambridge, MA
(42.36433430300008, -71.10353625799996)",,,UNKNOWN,UNKNOWN,UNKNOWN,OTHER,UNKNOWN,,UNKNOWN,YES,UNKNOWN,UNKNOWN,UNKNOWN,NO,NO,5,NON INTERSECTION,,,,,,,,,,,,,,,UNKNOWN,,,PAN,FL,PASSENGER CAR,,,Y,PARKED,2010,,JETTA,VOLKS,0,,UNKNOWN,,,,LEFT SIDE,LEFT FRONT,,,,,,,,,,,,,,,,,,,,,,,NO,,,,,,,,,,,,,,,,,,,,,,,,,,,,,,,,,,,,,,,,,,,UNINVOLVED OWNER,NO INJURY,FLORIDA,"D, CLASS D VEHICLES","D, CLASS D VEHICLES",OTHER,,,,,,FEMALE,,,,Y,,,,,,,,,,,,,,,,