Date Time,Day of Week,Object 1,Object 2,Street Number,Street Name,Cross Street,Near Street,Location,May involve cyclist,May Involve Pedestrian,Manner of Collision,First Harmful Event Location,First Harmful Event,Ambient Light,Weather Condition 1,Weather Condition 2,Traffic Control Device Type,Traffic Control Device Functionality,Road Surface Condition,Roadway Junction Type,Trafficway Description,School Bus Related,Work Zone,Speed Limit,Street or Intersection,Intersection Name 1,Intersection Direction 1,Intersection Name 2,Intersection Direction 2,Intersection Name 3,Intersection Direction 3,Street Direction,Nearest Intersection Distance,Nearest Intersection Direction,Landmark Distance,Landmark Direction,Landmark,Mile Marker Direction,Non Public Area,Road Contributing,Damaged Property Type,Description of Damaged Property,V1 Registration Type,v1 State Code,V1 Configuration,V1 Emergency Response,V1 Moped,V1 Hit and Run,V1 Action Prior to Crash,V1 Model Year,V1 Most Harmful Event,V1 Model,V1 Make,V1 Occupant Count,V1 Underride Override,V1 First Event,V1 Second Event,V1 Third Event,V1 Fourth Event,V1 Most Damaged Area,V1 Second Damaged Area,V1 Third Damaged Area,V1 Towed,V1 Travel Direction,V1 Interstate,V1 Cargo Body Type,V1 Gross Weight,V1 Haz Placard,V1 Haz Release,V1 Trailer Reg Type,V1 Trailer Reg Plate,V1 Trailer Reg State,V1 Trailer Reg Year,V1 Trailer Len,V1 Driver Contribution,V1 Driver Contribution 2,V1 Is Truck,V1 Has Trailer,V1 Is Bus,V1 Is Hazmat,V1 Reg Year,V1 Driver Distracted,V1 Bus Use,V1 Tow Use,V2 Registration Type,V2 State Code,V2 Configuration,V2 Emergency Response,V2 Moped,V2 Hit and Run,V2 Action Prior to Crash,V2 Model Year,V2 Most Harmful Event,V2 Model,V2 Make,V2 Occupant Count,V2 Underride Override,V2 First Event,V2 Second Event,V2 Third Event,V2 Fourth Event,V2 Most Damaged Area,V2 Second Damaged Area,V2 Third Damaged Area,V2 Towed,V2 Travel Direction,V2 Interstate,V2 Cargo Body Type,V2 Gross Weight,V2 Haz Placard,V2 Haz Release,V2 Trailer Reg Type,V2 Trailer Reg Plate,V2 Trailer Reg State,V2 Trailer Reg Year,V2 Trailer Len,V2 Driver Contribution,V2 Driver Contribution 2,V2 Is Truck,V2 Has Trailer,V2 Is Bus,V2 Is Hazmat,V2 Reg Year,V2 Driver Distracted,V2 Bus Use,V2 Tow Use,P1 Role,P1 Injury,P1 Drivers Lic State,P1 Drivers Lic Class 1,P1 Drivers Lic Class 2,P1 Drivers Lic Restrict,P1 Non Motorist Desc,P1 Non Motorist Action,P1 Non Motorist Location,P1 Safety Equipment,P1 Age,P1 Sex,P1 Seat Position,P1 Safety System,P1 Trapped,P1 Veh Owner,P2 Role,P2 Injury,P2 Drivers Lic State,P2 Drivers Lic Class 1,P2 Drivers Lic Class 2,P2 Drivers Lic Restrict,P2 Non Motorist Desc,P2 Non Motorist Action,P2 Non Motorist Location,P2 Safety Equipment,P2 Age,P2 Sex,P2 Seat Position,P2 Safety System,P2 Trapped,P2 Veh Owner
2/23/15 22:08,Monday,TRUCK TRAILER,,,PUTNAM AVE,PLEASANT ST,,"PUTNAM AVE &amp; PLEASANT ST
Cambridge, MA
(42.36679362800004, -71.10600609899996)",,,HEAD ON,,,DARK - LIGHTED ROADWAY,CLEAR,,,,DRY,FOUR WAY INTERSECTION,"TWO-WAY, NOT DIVIDED",,,,INTERSECTION,PUTNAM AVE,EASTBOUND,PLEASANT ST,SOUTHBOUND,,,,,,,,,,,,MUNICIPAL,FIRE HYDRANT,TL,QC,TRUCK TRAILER,,,,TURNING RIGHT,2006,COLLISION WITH OTHER MOVABLE OBJECT,CON,PETERBUILT,1,,COLLISION WITH CURB,COLLISION WITH OTHER MOVABLE OBJECT,,,,,,,,,,,,,,,,,,FAILURE TO KEEP IN PROPER LANE OR RUNNING OFF ROAD,,,,,,,,,,,,,,,,,,,,,,,,,,,,,,,,,,,,,,,,,,,,,,,,,,,,OPERATOR/DRIVER,,QUEBEC,,,,,,,,,MALE,,,,,WITNESS,,MASSACHUSETTS,,,,,,,,,MALE,,,,
2/10/15 17:39,Tuesday,PASSENGER CAR,,200,ALEWIFE BROOK PKWY,,,"200 ALEWIFE BROOK PKWY
Cambridge, MA
(42.390171585000076, -71.14200220899994)",,,ANGLE,OUTSIDE ROADWAY,COLLISION WITH MOTOR VEHICLE IN TRAFFIC,DUSK,SNOW,SNOW,NO CONTROLS,,SNOW,,UNKNOWN,NO,NO,25,NON INTERSECTION,,,,,,,,,,,,,,,NONE,,,PAN,MA,PASSENGER CAR,,,Y,PARKED,2011,COLLISION WITH MOTOR VEHICLE IN TRAFFIC,328XI,BMW,0,,COLLISION WITH MOTOR VEHICLE IN TRAFFIC,,,,CENTER FRONT,RIGHT FRONT,RIGHT SIDE,,,,,,,,,,,,,NO IMPROPER DRIVING,,,,,,,,,,,,,,,,,,,,,,,,,,,,,,,,,,,,,,,,,,,,,,,,,,,,OPERATOR/DRIVER,,MASSACHUSETTS,"D, CLASS D VEHICLES",,,,,,,57,MALE,OTHER,,,Y,,,,,,,,,,,,,,,,
2/9/15 23:02,Monday,PASSENGER CAR,,17,UPTON STREET,,,"17 UPTON STREET
Cambridge, MA
(42.36249467400006, -71.10789323199998)",,,,,COLLISION WITH MOTOR VEHICLE IN TRAFFIC,DAYLIGHT,SNOW,,NO CONTROLS,,SNOW,NOT AT INTERSECTION,"TWO-WAY, NOT DIVIDED",NO,NO,,NON INTERSECTION,,,,,,,NORTHBOUND,,,,,,,,NONE,,,PAN,MA,PASSENGER CAR,,,,PARKED,2008,COLLISION WITH MOTOR VEHICLE IN TRAFFIC,ALTIMA,NISSAN,0,,COLLISION WITH MOTOR VEHICLE IN TRAFFIC,,,,LEFT FRONT,OTHER,,,,,,,,,,,,,,,,,,,,,,,,UNKNOWN,,,,,Y,TRAVELING STRAIGHT AHEAD,,COLLISION WITH PARKED MOTOR VEHICLE,TRUCK,UNKNOWN,1,,COLLISION WITH PARKED MOTOR VEHICLE,,,,,,,,NORTHBOUND,,,,,,,,,,,UNKNOWN,,,,,,,UNKNOWN,,,UNINVOLVED OWNER,,MASSACHUSETTS,,,,,,,,,FEMALE,,,,,OPERATOR/DRIVER,,,,,,,,,,,MALE,,,,
6/21/15 14:24,Sunday,PASSENGER CAR,,,MT AUBURN STREET,,COOLIDGE AVE,"MT AUBURN STREET
Cambridge, MA
(42.37477654200006, -71.13163441299997)",,,SINGLE VEHICLE CRASH,UNKNOWN,,DAYLIGHT,RAIN,,,,WET,NOT AT INTERSECTION,,NO,NO,30,NON INTERSECTION,,,,,,,EASTBOUND,,EASTBOUND,,,,,,,MUNICIPAL,TREE,TAN,MA,PASSENGER CAR,,,,TRAVELING STRAIGHT AHEAD,2010,,CAMRY,TOYOTA,2,,COLLISION WITH TREE,,,,CENTER FRONT,RIGHT FRONT,RIGHT SIDE,Y,,,,,,,,,,,,,,,,,,,,,YES VEHICLE OR TRAILER DISABLED,,,,,,,,,,,,,,,,,,,,,,,,,,,,,,,,,,,,,,,,,,,OPERATOR/DRIVER,NON FATAL INJURY - NON INCAPACITATING,MASSACHUSETTS,,,,,,,,,MALE,"FRONT SEAT - LEFT SIDE, OR MOTORCYLE DRIVER",SHOULDER AND LAP BELT USED,,,OCCUPANT/PASSENGER,NON FATAL INJURY - INCAPACITATING,,,,,,,,,,FEMALE,FRONT SEAT - RIGHT SIDE,SHOULDER AND LAP BELT USED,,
1/28/15 9:40,Wednesday,SINGLE UNIT TRUCK (3 0R MORE AXLES),PASSENGER CAR,,HUNTING ST,CAMBRIDGE ST,,"HUNTING ST &amp; CAMBRIDGE ST
Cambridge, MA
(42.36679362800004, -71.10600609899996)",,,"SIDESWIPE, SAME DIRECTION",ROADWAY,COLLISION WITH PARKED MOTOR VEHICLE,DAYLIGHT,SNOW,CLEAR,TRAFFIC CONTROL SIGNAL,YES,SNOW,T-INTERSECTION,"ONE-WAY, NOT DIVIDED",,,,INTERSECTION,HUNTING ST,WESTBOUND,CAMBRIDGE ST,NORTHBOUND,,,,,,,,,,,ROAD SURFACE CONDITION,,,MVN,MA,SINGLE UNIT TRUCK (3 0R MORE AXLES),,,,TURNING RIGHT,,COLLISION WITH PARKED MOTOR VEHICLE,TRUCK,LADDER,3,,COLLISION WITH PARKED MOTOR VEHICLE,,,,LEFT REAR,,,,WESTBOUND,,,,,,,,,,,OTHER IMPROPER ACTION,OTHER IMPROPER ACTION,,,,,,,,,PAN,MA,PASSENGER CAR,,,,PARKED,2004,COLLISION WITH MOTOR VEHICLE IN TRAFFIC,3,MAZDA,,,COLLISION WITH MOTOR VEHICLE IN TRAFFIC,,,,RIGHT SIDE,RIGHT FRONT,,,,,,,,,,,,,,,,,,,,,,,,OPERATOR/DRIVER,,MASSACHUSETTS,"D, CLASS D VEHICLES",,,,,,,,MALE,,,,,UNINVOLVED OWNER,,MASSACHUSETTS,,,,,,,,,FEMALE,,,,Y
2/11/15 18:06,Wednesday,PASSENGER CAR,,10,LAUREL STREET,,,"10 LAUREL STREET
Cambridge, MA
(42.362695562000056, -71.11048866599998)",,,UNKNOWN,ROADSIDE,,UNKNOWN,SNOW,,NO CONTROLS,,SNOW,NOT AT INTERSECTION,"TWO-WAY, NOT DIVIDED",NO,NO,,NON INTERSECTION,,,,,,,,,,,,,,,,,,PAN,MA,PASSENGER CAR,,,,PARKED,2009,COLLISION WITH MOTOR VEHICLE IN TRAFFIC,VIBE,PONTIAC,0,,COLLISION WITH MOTOR VEHICLE IN TRAFFIC,,,,LEFT FRONT,LEFT SIDE,,,,,,,,,,,,,,,,,,,,,,,,UNKNOW,,,,,,UNKNOWN,,COLLISION WITH PARKED MOTOR VEHICLE,TRUCK,UNKNOWN,1,,COLLISION WITH PARKED MOTOR VEHICLE,,,,,,,,UNKNOWN,,,,,,,,,,,UNKNOWN,,,,,,,,,,UNINVOLVED OWNER,,MASSACHUSETTS,,,,,,,,,FEMALE,,,,,OPERATOR/DRIVER,,,,,,,,,,,MALE,,,,
5/9/15 5:15,Saturday,PASSENGER CAR,PASSENGER CAR,,PURRINGTON ST (IN GARAGE),,PACIFIC ST,"PURRINGTON ST (IN GARAGE)
Cambridge, MA
(42.36679362800004, -71.10600609899996)",,,ANGLE,ROADWAY,COLLISION WITH PARKED MOTOR VEHICLE,DAYLIGHT,CLEAR,,NO CONTROLS,,DRY,NOT AT INTERSECTION,UNKNOWN,NO,NO,,NON INTERSECTION,,,,,,,SOUTHBOUND,,,,,,,,NONE,,,PAN,MA,PASSENGER CAR,,,,TRAVELING STRAIGHT AHEAD,2012,,535XI,BMW,3,,COLLISION WITH PARKED MOTOR VEHICLE,,,,CENTER FRONT,,,Y,,,,,,,,,,,,OTHER IMPROPER ACTION,,,,,,,,,YES VEHICLE OR TRAILER DISABLED,PAN,MA,PASSENGER CAR,,,,PARKED,2015,,CLA45A,MERCEDES,0,,,,,,CENTER FRONT,RIGHT FRONT,LEFT FRONT,,,,,,,,,,,,,,,,,,,,,,NO,OPERATOR/DRIVER,NON FATAL INJURY - NON INCAPACITATING,MASSACHUSETTS,,,,,,,,,MALE,"FRONT SEAT - LEFT SIDE, OR MOTORCYLE DRIVER",SHOULDER AND LAP BELT USED,NOT TRAPPED,Y,UNINVOLVED OWNER,,,,,,,,,,,MALE,,,,Y
6/23/15 20:41,Tuesday,PASSENGER CAR,,150,CAMBRIDGE PARK DRIVE,,,"150 CAMBRIDGE PARK DRIVE
Cambridge, MA
(42.394881776000034, -71.14636495999997)",,,UNKNOWN,OUTSIDE ROADWAY,,DAYLIGHT,CLOUDY,,NO CONTROLS,,,NOT AT INTERSECTION,,NO,NO,,NON INTERSECTION,,,,,,,,,,,,,,,,,,PAN,MA,PASSENGER CAR,,,,PARKED,2011,,OUTBACK,SUBARU,0,,COLLISION WITH MOTOR VEHICLE IN TRAFFIC,,,,RIGHT REAR,RIGHT SIDE,,,,,,,,,,,,,,NO IMPROPER DRIVING,,,,,,,,,,UNKNOWN,,,,,Y,UNKNOWN,,COLLISION WITH PARKED MOTOR VEHICLE,UNKNOWN,UNKNOWN,1,,COLLISION WITH PARKED MOTOR VEHICLE,,,,,,,,UNKNOWN,,,,,,,,,,,UNKNOWN,,,,,,,UNKNOWN,,,UNINVOLVED OWNER,,,,,,,,,,,MALE,,,,,OPERATOR/DRIVER,,,,,,,,,,,UNKNOWN,,,,
4/16/15 11:20,Thursday,PASSENGER CAR,LIGHT TRUCK,,MASS AVE,ALBANY ST,,"MASS AVE &amp; ALBANY ST
Cambridge, MA
(42.36679362800004, -71.10600609899996)",,1,REAR-END,ROADWAY,COLLISION WITH MOTOR VEHICLE IN TRAFFIC,DAYLIGHT,CLEAR,CLOUDY,TRAFFIC CONTROL SIGNAL,YES,DRY,FOUR WAY INTERSECTION,"TWO-WAY, NOT DIVIDED",NO,YES,,INTERSECTION,MASS AVE,,ALBANY ST,,,,,,,,,,,,,,,PAN,MA,PASSENGER CAR,,,,SLOWING OR STOPPED IN TRAFFIC,2006,COLLISION WITH PEDESTRIAN,ACCORD,HONDA,1,,COLLISION WITH PEDESTRIAN,,,,REAR CENTER,LEFT REAR,,,SOUTHBOUND,,,,,,,,,,,NO IMPROPER DRIVING,,,,,,,,,,CON,MA,LIGHT TRUCK,,,,TURNING LEFT,2001,COLLISION WITH MOTOR VEHICLE IN TRAFFIC,SIERRA,CHEV,1,,COLLISION WITH MOTOR VEHICLE IN TRAFFIC,,,,NONE,,,,SOUTHBOUND,,,,,,,,,,,FAILED TO YIELD THE RIGHT OF WAY,,,,,,,,,,OPERATOR/DRIVER,NO INJURY,MASSACHUSETTS,"D, CLASS D VEHICLES",,,,,,,,MALE,"FRONT SEAT - LEFT SIDE, OR MOTORCYLE DRIVER",UNKNOWN,NOT TRAPPED,Y,OPERATOR/DRIVER,NO INJURY,MASSACHUSETTS,,,,,,,,,MALE,"FRONT SEAT - LEFT SIDE, OR MOTORCYLE DRIVER",UNKNOWN,NOT TRAPPED,
4/11/15 17:04,Saturday,LIGHT TRUCK,OTHER,415,MAIN STREET,,AMES STREET,"415 MAIN STREET
Cambridge, MA
(42.36263794900003, -71.08829832199996)",,,"SIDESWIPE, SAME DIRECTION",ROADWAY,COLLISION WITH OTHER MOVABLE OBJECT,DAYLIGHT,CLEAR,,NO CONTROLS,,DRY,NOT AT INTERSECTION,"TWO-WAY, DIVIDED, POSITIVE MEDIAN BARRIER",NO,NO,,NON INTERSECTION,,,,,,,WESTBOUND,100 FEET,WESTBOUND,50,SOUTHBOUND,BROAD INSTITUTE,,,,,,CON,MA,LIGHT TRUCK,,,,TRAVELING STRAIGHT AHEAD,2005,COLLISION WITH OTHER MOVABLE OBJECT,F150,FORD,1,,COLLISION WITH OTHER MOVABLE OBJECT,COLLISION WITH MOTOR VEHICLE IN TRAFFIC,,,RIGHT SIDE,,,,WESTBOUND,,,,,,,,,,,NO IMPROPER DRIVING,,,,,,,,,,UNKNOWN,,OTHER,,,,OTHER,,COLLISION WITH MOTOR VEHICLE IN TRAFFIC,BOOM LIFT,SUNBELT RENTAL,2,,COLLISION WITH MOTOR VEHICLE IN TRAFFIC,COLLISION WITH OTHER MOVABLE OBJECT,,,,,,,,,,,,,,,,,,,,,,,,,,,,OPERATOR/DRIVER,NO INJURY,,,,,,,,,,MALE,"FRONT SEAT - LEFT SIDE, OR MOTORCYLE DRIVER",UNKNOWN,,Y,NON-MOTORIST,,,,,,,,,,,MALE,,,,
2/20/15 17:33,Friday,LIGHT TRUCK,LIGHT TRUCK,134,MT. AUBURN ST.,,,"134 MT. AUBURN ST.
Cambridge, MA
(42.37373316600008, -71.12400069899996)",,,REAR-END,,,DAYLIGHT,CLEAR,CLEAR,NO CONTROLS,,SNOW,NOT AT INTERSECTION,,,NO,,NON INTERSECTION,,,,,,,,,,,,,,,UNKNOWN,,,PAN,MA,LIGHT TRUCK,,,,PARKED,2014,,UTIL,SUBARU,1,,COLLISION WITH PARKED MOTOR VEHICLE,COLLISION WITH PARKED MOTOR VEHICLE,COLLISION WITH PARKED MOTOR VEHICLE,,CENTER FRONT,,,Y,,,,,,,,,,,,UNKNOWN,,,,,,,UNKNOWN,,YES VEHICLE OR TRAILER DISABLED,PAN,MA,LIGHT TRUCK,,,,PARKED,2014,,PU,RAM,,,,,,,REAR CENTER,CENTER FRONT,,,,,,,,,,,,,,,,,,,,,,,,OPERATOR/DRIVER,,MASSACHUSETTS,"D, CLASS D VEHICLES",,,,,,,,FEMALE,,,,Y,UNINVOLVED OWNER,,,,,,,,,,,,,,,Y
6/24/15 21:17,Wednesday,PASSENGER CAR,UNKNOWN HEAVY TRUCK,48,JFK STREET,,WINTHROP STREET,"48 JFK STREET
Cambridge, MA
(42.37211890200007, -71.12047612499998)",,,ANGLE,ROADWAY,,DAYLIGHT,CLEAR,,NO CONTROLS,,DRY,NOT AT INTERSECTION,"ONE-WAY, NOT DIVIDED",NO,NO,,NON INTERSECTION,,,,,,,EASTBOUND,,NORTHBOUND,,,,,,NONE,,,PAN,MA,PASSENGER CAR,,,,ENTERING TRAFFIC LANE,2010,COLLISION WITH MOTOR VEHICLE IN TRAFFIC,G37,INFINITY,1,,COLLISION WITH MOTOR VEHICLE IN TRAFFIC,,,,LEFT FRONT,,,,EASTBOUND,,,,,,,,,,,UNKNOWN,,,,,,,UNKNOWN,,,UNKNOWN,,UNKNOWN HEAVY TRUCK,,,Y,TRAVELING STRAIGHT AHEAD,,COLLISION WITH MOTOR VEHICLE IN TRAFFIC,TRUCK,UNKNOWN,2,,COLLISION WITH MOTOR VEHICLE IN TRAFFIC,,,,,,,,EASTBOUND,,,,,,,,,,,UNKNOWN,,,,,,,UNKNOWN,,,OPERATOR/DRIVER,,MASSACHUSETTS,,,,,,,,,FEMALE,,,,Y,OPERATOR/DRIVER,,,,,,,,,,,UNKNOWN,,,,
1/23/15 20:17,Friday,PASSENGER CAR,,,BROADWAY STREET,ELLERY STREET,,"BROADWAY STREET &amp; ELLERY STREET
Cambridge, MA
(42.36679362800004, -71.10600609899996)",,,HEAD ON,ROADWAY,COLLISION WITH MOTOR VEHICLE IN TRAFFIC,DARK - LIGHTED ROADWAY,CLEAR,,STOP SIGNS,YES,DRY,FOUR WAY INTERSECTION,"TWO-WAY, DIVIDED, UNPROTECTED MEDIAN",NO,NO,,INTERSECTION,BROADWAY STREET,WESTBOUND,ELLERY STREET,,,,,,,,,,,,NONE,,,PAN,MA,PASSENGER CAR,,,Y,TRAVELING STRAIGHT AHEAD,2006,,ACCORD,HONDA,1,,COLLISION WITH MOTOR VEHICLE IN TRAFFIC,,,,RIGHT SIDE,,,,,,,,,,,,,,,,,,,,,,,,,UNKNOWN,,,,,Y,TRAVELING STRAIGHT AHEAD,,,,UNKNOWN,,,COLLISION WITH MOTOR VEHICLE IN TRAFFIC,,,,CENTER FRONT,RIGHT FRONT,LEFT FRONT,,,,,,,,,,,,,,,,,,,,,,,OPERATOR/DRIVER,,MASSACHUSETTS,"D, CLASS D VEHICLES",,,,,,,,MALE,"FRONT SEAT - LEFT SIDE, OR MOTORCYLE DRIVER",SHOULDER AND LAP BELT USED,NOT TRAPPED,Y,,,,,,,,,,,,,,,,
6/10/15 20:10,Wednesday,PASSENGER CAR,,2429,MASSACHUSETTS AVE,,,"2429 MASSACHUSETTS AVE
Cambridge, MA
(42.39787253500003, -71.13070951099996)",1,,ANGLE,ROADWAY,,DAYLIGHT,CLEAR,,NO CONTROLS,,,NOT AT INTERSECTION,"TWO-WAY, DIVIDED, POSITIVE MEDIAN BARRIER",NO,NO,,NON INTERSECTION,,,,,,,NORTHBOUND,,,,,,,,NONE,,,PAN,MA,PASSENGER CAR,,,,OTHER,2012,,HARDT,MINICOOPER,1,,COLLISION WITH PEDALCYCLE,,,,,,,,,,,,,,,,,,,OTHER IMPROPER ACTION,,,,,,,UNKNOWN,,,,,,,,,,,,,,,,,,,,,,,,,,,,,,,,,,,,,,,,,,,,,NON-MOTORIST,,,,,,,,,,,MALE,,,,,UNINVOLVED OWNER,,,,,,,,,,,MALE,,,,
7/24/15 12:33,Friday,PASSENGER CAR,PASSENGER CAR,,RINDGE AVE,REED STREET,,"RINDGE AVE &amp; REED STREET
Cambridge, MA
(42.36679362800004, -71.10600609899996)",,,ANGLE,,,DAYLIGHT,CLEAR,,STOP SIGNS,NO,,T-INTERSECTION,"TWO-WAY, DIVIDED, UNPROTECTED MEDIAN",NO,NO,,INTERSECTION,RINDGE AVE,,REED STREET,,,,,,,,,,,,,,,PAN,MA,PASSENGER CAR,,,,TRAVELING STRAIGHT AHEAD,2001,,COROLLA,TOYOTA,2,,COLLISION WITH MOTOR VEHICLE IN TRAFFIC,COLLISION WITH LIGHT POLE OR OTHER POST/SUPPORT,,,LEFT SIDE,RIGHT SIDE,,Y,NORTHBOUND,,,,,,,,,,,,,,,,,,,,YES VEHICLE OR TRAILER DISABLED,PAN,MA,PASSENGER CAR,,,,TURNING LEFT,1998,,CAMRY,TOYOTA,1,,COLLISION WITH MOTOR VEHICLE IN TRAFFIC,,,,CENTER FRONT,,,,,,,,,,,,,,,,,,,,,,,,,OPERATOR/DRIVER,,CONNECTICUT,,,,,,,,,FEMALE,,,,Y,OCCUPANT/PASSENGER,NON FATAL INJURY - NON INCAPACITATING,,,,,,,,,,FEMALE,FRONT SEAT - RIGHT SIDE,UNKNOWN,NOT TRAPPED,
5/5/15 8:10,Tuesday,SINGLE UNIT TRUCK (2 AXLES - 6 TIRES),,,CONCORD AVE,SMITH PLACE,,"CONCORD AVE &amp; SMITH PLACE
Cambridge, MA
(42.36679362800004, -71.10600609899996)",1,,HEAD ON,ROADWAY,COLLISION WITH PEDALCYCLE,DAYLIGHT,RAIN,,STOP SIGNS,,WET,T-INTERSECTION,"TWO-WAY, NOT DIVIDED",NO,NO,,INTERSECTION,CONCORD AVE,,SMITH PLACE,,,,,,,,,,,,,,,CON,MA,SINGLE UNIT TRUCK (2 AXLES - 6 TIRES),,,Y,TURNING LEFT,2013,COLLISION WITH PEDALCYCLE,CONVEN,PTRB,1,,COLLISION WITH PEDALCYCLE,,,,,,,,SOUTHBOUND,,,"10,001 - 26000 POUNDS",,,,,,,,OTHER IMPROPER ACTION,,Y,,,,,,,,,,,,,,,,,,,,,,,,,,,,,,,,,,,,,,,,,,,,,,,,,,NON-MOTORIST,NON FATAL INJURY - POSSIBLE,,,,,CYCLIST,"WALKING, RUNNING OR CYCLING",CYCLIST,UNKNOWN,,FEMALE,,,,,WITNESS,,,,,,,,,,,MALE,,,,
5/6/15 20:00,Wednesday,,LIGHT TRUCK,,PROSPECT STREET,MASS AVE,,"PROSPECT STREET &amp; MASS AVE
Cambridge, MA
(42.36679362800004, -71.10600609899996)",,,REAR-END,,,DAYLIGHT,CLEAR,,,YES,UNKNOWN,FOUR WAY INTERSECTION,,NO,,,INTERSECTION,PROSPECT STREET,,MASS AVE,,,,,,,,,,,,,,,PAN,MA,,,,Y,SLOWING OR STOPPED IN TRAFFIC,2000,,COROLLA,TOYOTA,1,,,,,,,REAR CENTER,,,,,,,,,,,,,,,,,,,,,,,,CON,MA,LIGHT TRUCK,,,,TRAVELING STRAIGHT AHEAD,2006,,PU,CHEV,,,,,,,UNKNOWN,,,,,,,,,,,,,,,,,,,,,,,,,OPERATOR/DRIVER,NO INJURY,MASSACHUSETTS,,,,,,,,,MALE,,,,Y,,,,,,,,,,,,,,,,
3/21/15 15:53,Saturday,PASSENGER CAR,LIGHT TRUCK,,QUINCY STREET,,BROADWAY,"QUINCY STREET
Cambridge, MA
(42.374472669000056, -71.11455377699997)",,,REAR-END,ROADWAY,COLLISION WITH MOTOR VEHICLE IN TRAFFIC,DAYLIGHT,CLOUDY,,NO CONTROLS,,DRY,T-INTERSECTION,"ONE-WAY, NOT DIVIDED",,,,NON INTERSECTION,,,,,,,,,,,,,,,NONE,,,PAN,MA,PASSENGER CAR,,,,SLOWING OR STOPPED IN TRAFFIC,2002,COLLISION WITH MOTOR VEHICLE IN TRAFFIC,LEGACY,SUBARU,2,,,,,,LEFT REAR,,,,,,,,,,,,,,,,,,,,,,,,,PAN,MA,LIGHT TRUCK,,,,TRAVELING STRAIGHT AHEAD,2013,,PATHFINDER,NISSAN,1,,COLLISION WITH MOTOR VEHICLE IN TRAFFIC,,,,CENTER FRONT,RIGHT FRONT,,,,,,,,,,,,,,NO IMPROPER DRIVING,,,,,,,,,,OPERATOR/DRIVER,NON FATAL INJURY - NON INCAPACITATING,MASSACHUSETTS,,,,,,,,,FEMALE,,,,Y,OCCUPANT/PASSENGER,NO INJURY,CONNECTICUT,,,,,,,,,FEMALE,FRONT SEAT - RIGHT SIDE,UNKNOWN,,Y
4/9/15 16:36,Thursday,LIGHT TRUCK,PASSENGER CAR,,ABERDEEN AVE,HURON AVE,,"ABERDEEN AVE &amp; HURON AVE
Cambridge, MA
(42.36679362800004, -71.10600609899996)",,,REAR-END,UNKNOWN,COLLISION WITH MOTOR VEHICLE IN TRAFFIC,DAYLIGHT,RAIN,CLOUDY,TRAFFIC CONTROL SIGNAL,YES,WET,T-INTERSECTION,"TWO-WAY, DIVIDED, POSITIVE MEDIAN BARRIER",,,,INTERSECTION,ABERDEEN AVE,NORTHBOUND,HURON AVE,EASTBOUND,,,,,,,,,,,NONE,,,LVV,MA,LIGHT TRUCK,,,,SLOWING OR STOPPED IN TRAFFIC,2011,,SUBURN,CHEV,2,,COLLISION WITH MOTOR VEHICLE IN TRAFFIC,COLLISION WITH MOTOR VEHICLE IN TRAFFIC,,,REAR CENTER,RIGHT REAR,LEFT REAR,,,,,,,,,,,,,NO IMPROPER DRIVING,,,,,,,,,NO,PAN,MA,PASSENGER CAR,,,,TRAVELING STRAIGHT AHEAD,2010,COLLISION WITH MOTOR VEHICLE IN TRAFFIC,INPREZ,SUBU,1,,COLLISION WITH MOTOR VEHICLE IN TRAFFIC,COLLISION WITH MOTOR VEHICLE IN TRAFFIC,,,CENTER FRONT,RIGHT SIDE,LEFT FRONT,,NORTHBOUND,,,,,,,,,,,FOLLOWED TO CLOSELY,,,,,,,UNKNOWN,,YES VEHICLE OR TRAILER DISABLED,OPERATOR/DRIVER,NO INJURY,MASSACHUSETTS,,,,,,,,,MALE,UNKNOWN,SHOULDER AND LAP BELT USED,NOT TRAPPED,,OPERATOR/DRIVER,,MASSACHUSETTS,"D, CLASS D VEHICLES","D, CLASS D VEHICLES",,,,,,,FEMALE,,,,Y
7/3/15 11:58,Friday,SINGLE UNIT TRUCK (2 AXLES - 6 TIRES),PASSENGER CAR,92,MOUNT AUBURN ST,,JFK ST.,"92 MOUNT AUBURN ST
Cambridge, MA
(42.37242310700003, -71.11986072299999)",,,,,,,,,,,,,,,,30,NON INTERSECTION,,,,,,,EASTBOUND,,NORTHBOUND,,,,EASTBOUND,,,,,,MA,SINGLE UNIT TRUCK (2 AXLES - 6 TIRES),,,,TRAVELING STRAIGHT AHEAD,2001,,SER400,INTL,2,,COLLISION WITH MOTOR VEHICLE IN TRAFFIC,,,,,,,,EASTBOUND,,,,,,,,,,,NO IMPROPER DRIVING,,,,,,,NOT DISTRACTED,,,PAN,NY,PASSENGER CAR,,,,ENTERING TRAFFIC LANE,2015,,LACROSSE,BUICK,2,,COLLISION WITH MOTOR VEHICLE IN TRAFFIC,,,,OTHER,,,,,,,,,,,,,,,,,,,,,,,,,OPERATOR/DRIVER,NO INJURY,MASSACHUSETTS,,,,,,,,,MALE,"FRONT SEAT - LEFT SIDE, OR MOTORCYLE DRIVER",UNKNOWN,NOT TRAPPED,,OPERATOR/DRIVER,NO INJURY,MASSACHUSETTS,,,,,,,,,MALE,"FRONT SEAT - LEFT SIDE, OR MOTORCYLE DRIVER",SHOULDER AND LAP BELT USED,NOT TRAPPED,