Date Time,Day of Week,Object 1,Object 2,Street Number,Street Name,Cross Street,Near Street,Location,May involve cyclist,May Involve Pedestrian,Manner of Collision,First Harmful Event Location,First Harmful Event,Ambient Light,Weather Condition 1,Weather Condition 2,Traffic Control Device Type,Traffic Control Device Functionality,Road Surface Condition,Roadway Junction Type,Trafficway Description,School Bus Related,Work Zone,Speed Limit,Street or Intersection,Intersection Name 1,Intersection Direction 1,Intersection Name 2,Intersection Direction 2,Intersection Name 3,Intersection Direction 3,Street Direction,Nearest Intersection Distance,Nearest Intersection Direction,Landmark Distance,Landmark Direction,Landmark,Mile Marker Direction,Non Public Area,Road Contributing,Damaged Property Type,Description of Damaged Property,V1 Registration Type,v1 State Code,V1 Configuration,V1 Emergency Response,V1 Moped,V1 Hit and Run,V1 Action Prior to Crash,V1 Model Year,V1 Most Harmful Event,V1 Model,V1 Make,V1 Occupant Count,V1 Underride Override,V1 First Event,V1 Second Event,V1 Third Event,V1 Fourth Event,V1 Most Damaged Area,V1 Second Damaged Area,V1 Third Damaged Area,V1 Towed,V1 Travel Direction,V1 Interstate,V1 Cargo Body Type,V1 Gross Weight,V1 Haz Placard,V1 Haz Release,V1 Trailer Reg Type,V1 Trailer Reg Plate,V1 Trailer Reg State,V1 Trailer Reg Year,V1 Trailer Len,V1 Driver Contribution,V1 Driver Contribution 2,V1 Is Truck,V1 Has Trailer,V1 Is Bus,V1 Is Hazmat,V1 Reg Year,V1 Driver Distracted,V1 Bus Use,V1 Tow Use,V2 Registration Type,V2 State Code,V2 Configuration,V2 Emergency Response,V2 Moped,V2 Hit and Run,V2 Action Prior to Crash,V2 Model Year,V2 Most Harmful Event,V2 Model,V2 Make,V2 Occupant Count,V2 Underride Override,V2 First Event,V2 Second Event,V2 Third Event,V2 Fourth Event,V2 Most Damaged Area,V2 Second Damaged Area,V2 Third Damaged Area,V2 Towed,V2 Travel Direction,V2 Interstate,V2 Cargo Body Type,V2 Gross Weight,V2 Haz Placard,V2 Haz Release,V2 Trailer Reg Type,V2 Trailer Reg Plate,V2 Trailer Reg State,V2 Trailer Reg Year,V2 Trailer Len,V2 Driver Contribution,V2 Driver Contribution 2,V2 Is Truck,V2 Has Trailer,V2 Is Bus,V2 Is Hazmat,V2 Reg Year,V2 Driver Distracted,V2 Bus Use,V2 Tow Use,P1 Role,P1 Injury,P1 Drivers Lic State,P1 Drivers Lic Class 1,P1 Drivers Lic Class 2,P1 Drivers Lic Restrict,P1 Non Motorist Desc,P1 Non Motorist Action,P1 Non Motorist Location,P1 Safety Equipment,P1 Age,P1 Sex,P1 Seat Position,P1 Safety System,P1 Trapped,P1 Veh Owner,P2 Role,P2 Injury,P2 Drivers Lic State,P2 Drivers Lic Class 1,P2 Drivers Lic Class 2,P2 Drivers Lic Restrict,P2 Non Motorist Desc,P2 Non Motorist Action,P2 Non Motorist Location,P2 Safety Equipment,P2 Age,P2 Sex,P2 Seat Position,P2 Safety System,P2 Trapped,P2 Veh Owner
2/14/15 6:54,Saturday,PASSENGER CAR,LIGHT TRUCK,,THIRD ST,HURLEY ST,,"THIRD ST &amp; HURLEY ST
Cambridge, MA
(42.36679362800004, -71.10600609899996)",,,"SIDESWIPE, SAME DIRECTION",SHOULDER - PAVED,COLLISION WITH PARKED MOTOR VEHICLE,DAYLIGHT,SNOW,,NO CONTROLS,,WET,FOUR WAY INTERSECTION,"TWO-WAY, DIVIDED, UNPROTECTED MEDIAN",NO,NO,,INTERSECTION,THIRD ST,SOUTHBOUND,HURLEY ST,EASTBOUND,,,,,,,,,,,ROAD SURFACE CONDITION,,,PAN,MA,PASSENGER CAR,,,Y,PARKED,2004,COLLISION WITH MOTOR VEHICLE IN TRAFFIC,SC,VOLVO,0,,COLLISION WITH MOTOR VEHICLE IN TRAFFIC,,,,LEFT SIDE,,,,SOUTHBOUND,,,,,,,,,,,NO IMPROPER DRIVING,,,,,,,NOT DISTRACTED,,NO,PAN,MA,LIGHT TRUCK,,,,TRAVELING STRAIGHT AHEAD,1999,COLLISION WITH MOTOR VEHICLE IN TRAFFIC,SUBURBAN,CHEVY,1,,COLLISION WITH PARKED MOTOR VEHICLE,,,,RIGHT SIDE,,,,SOUTHBOUND,,,,,,,,,,,OVER CORRECTING / OVER STEERING,,,,,,,UNKNOWN,,NO,UNINVOLVED OWNER,,,,,,,,,,,MALE,,,,Y,UNINVOLVED OWNER,,,,,,,,,,,MALE,,,,Y
4/25/15 16:40,Saturday,PASSENGER CAR,,,MASSACHUSETTS AVE.,,RINDGE AVE.,"MASSACHUSETTS AVE.
Cambridge, MA
(42.393434712000044, -71.12577890299997)",1,,"SIDESWIPE, SAME DIRECTION",ROADWAY,COLLISION WITH PEDALCYCLE,DAYLIGHT,CLEAR,CLEAR,NO CONTROLS,,DRY,NOT AT INTERSECTION,"TWO-WAY, DIVIDED, POSITIVE MEDIAN BARRIER",NO,NO,30,NON INTERSECTION,,,,,,,NORTHBOUND,,,,,,,,NONE,OTHER,BICYCLE,,MA,PASSENGER CAR,,,Y,TRAVELING STRAIGHT AHEAD,,COLLISION WITH PEDALCYCLE,,,1,,COLLISION WITH PEDALCYCLE,,,,,,,,NORTHBOUND,,,,,,,,,,,UNKNOWN,,,,,,,UNKNOWN,,,,,,,,,,,,,,,,,,,,,,,,,,,,,,,,,,,,,,,,,,,,,NON-MOTORIST,,MASSACHUSETTS,"D, CLASS D VEHICLES",,,CYCLIST,"WALKING, RUNNING OR CYCLING",CYCLIST,UNKNOWN,,MALE,,,,,OPERATOR/DRIVER,NO INJURY,MASSACHUSETTS,,,,,,,,,MALE,"FRONT SEAT - LEFT SIDE, OR MOTORCYLE DRIVER",UNKNOWN,NOT TRAPPED,
2/7/15 16:38,Saturday,PASSENGER CAR,,,SELLER ST,GREEN ST,,"SELLER ST &amp; GREEN ST
Cambridge, MA
(42.36679362800004, -71.10600609899996)",,,ANGLE,ROADWAY,COLLISION WITH PARKED MOTOR VEHICLE,UNKNOWN,UNKNOWN,UNKNOWN,NO CONTROLS,,UNKNOWN,T-INTERSECTION,"ONE-WAY, NOT DIVIDED",NO,,,INTERSECTION,SELLER ST,NORTHBOUND,GREEN ST,WESTBOUND,,,NORTHBOUND,,,,,,,,UNKNOWN,,,PAN,MA,PASSENGER CAR,,,Y,PARKED,2001,COLLISION WITH PARKED MOTOR VEHICLE,S80,VOLVO,0,,COLLISION WITH PARKED MOTOR VEHICLE,,,,LEFT SIDE,LEFT REAR,,,,,,,,,,,,,,NO IMPROPER DRIVING,,,,,,,NOT DISTRACTED,,,,,,,,,,,,,,,,,,,,,,,,,,,,,,,,,,,,,,,,,,,,,UNINVOLVED OWNER,,MASSACHUSETTS,"D, CLASS D VEHICLES",,,,,,,67,MALE,,,,Y,,,,,,,,,,,,,,,,
2/5/15 8:00,Thursday,PASSENGER CAR,LIGHT TRUCK,,CAMBRIDGE ST,CAMELIA AVE,,"CAMBRIDGE ST &amp; CAMELIA AVE
Cambridge, MA
(42.36679362800004, -71.10600609899996)",,,ANGLE,ROADWAY,COLLISION WITH MOTOR VEHICLE IN TRAFFIC,DAYLIGHT,SNOW,,TRAFFIC CONTROL SIGNAL,YES,SNOW,T-INTERSECTION,"TWO-WAY, NOT DIVIDED",NO,NO,,INTERSECTION,CAMBRIDGE ST,,CAMELIA AVE,,,,,,,,,,,,,,,PAN,MA,PASSENGER CAR,,,,TRAVELING STRAIGHT AHEAD,2012,COLLISION WITH MOTOR VEHICLE IN TRAFFIC,ACCORD,HOND,1,,COLLISION WITH MOTOR VEHICLE IN TRAFFIC,,,,RIGHT SIDE,,,,WESTBOUND,,,,,,,,,,,NO IMPROPER DRIVING,,,,,,,,,,PAN,MA,LIGHT TRUCK,,,Y,TURNING LEFT,2002,COLLISION WITH MOTOR VEHICLE IN TRAFFIC,SILVER,CHEV,,,COLLISION WITH MOTOR VEHICLE IN TRAFFIC,,,,UNKNOWN,,,,SOUTHBOUND,,,,,,,,,,,UNKNOWN,,,,,,,,,,OPERATOR/DRIVER,NO INJURY,MASSACHUSETTS,,,,,,,,,MALE,"FRONT SEAT - LEFT SIDE, OR MOTORCYLE DRIVER",UNKNOWN,NOT TRAPPED,Y,UNINVOLVED OWNER,,MASSACHUSETTS,,,,,,,,,MALE,,,,Y
3/18/15 11:44,Wednesday,PASSENGER CAR,PASSENGER CAR,821,MAIN STREET,,,"821 MAIN STREET
Cambridge, MA
(42.363316792000035, -71.09779833499994)",,,ANGLE,UNKNOWN,COLLISION WITH PARKED MOTOR VEHICLE,UNKNOWN,UNKNOWN,UNKNOWN,NO CONTROLS,,UNKNOWN,NOT AT INTERSECTION,UNKNOWN,,NO,,NON INTERSECTION,,,,,,,,,,,,,,,UNKNOWN,,,PAN,MA,PASSENGER CAR,,,Y,PARKED,2011,,CAMRY,TOYOTA,0,,,,,,RIGHT FRONT,RIGHT SIDE,,,,,,,,,,,,,,,,,,,,,,,,PAN,MA,PASSENGER CAR,,,Y,UNKNOWN,2003,UNKNOWN,SIENNA,TOYOTA,1,,COLLISION WITH PARKED MOTOR VEHICLE,UNKNOWN,UNKNOWN,UNKNOWN,UNKNOWN,,,,UNKNOWN,,,,,,,,,,,UNKNOWN,UNKNOWN,,,,,,UNKNOWN,,,UNINVOLVED OWNER,,MASSACHUSETTS,"D, CLASS D VEHICLES",,,,,,,,MALE,,,,Y,,,,,,,,,,,,,,,,
7/13/15 18:26,Monday,PASSENGER CAR,PASSENGER CAR,,MASS AVE,ALBANY ST,,"MASS AVE &amp; ALBANY ST
Cambridge, MA
(42.36679362800004, -71.10600609899996)",,,REAR-END,ROADWAY,COLLISION WITH MOTOR VEHICLE IN TRAFFIC,DAYLIGHT,CLEAR,,TRAFFIC CONTROL SIGNAL,YES,DRY,T-INTERSECTION,"TWO-WAY, DIVIDED, UNPROTECTED MEDIAN",YES,YES,,INTERSECTION,MASS AVE,WESTBOUND,ALBANY ST,NORTHBOUND,,,,,,,,,,,NONE,,,PAN,MA,PASSENGER CAR,,,,SLOWING OR STOPPED IN TRAFFIC,1997,COLLISION WITH MOTOR VEHICLE IN TRAFFIC,SUV,INFI,1,,COLLISION WITH MOTOR VEHICLE IN TRAFFIC,,,,RIGHT REAR,REAR CENTER,LEFT REAR,,WESTBOUND,,,,,,,,,,,UNKNOWN,,,,,,,UNKNOWN,,,TAN,MA,PASSENGER CAR,,,,TRAVELING STRAIGHT AHEAD,2012,COLLISION WITH MOTOR VEHICLE IN TRAFFIC,CAM,TOYT,1,,COLLISION WITH MOTOR VEHICLE IN TRAFFIC,,,,RIGHT FRONT,CENTER FRONT,,,WESTBOUND,,,,,,,,,,,UNKNOWN,,,,,,,UNKNOWN,,,OPERATOR/DRIVER,NO INJURY,MASSACHUSETTS,"D, CLASS D VEHICLES",,,,,,,,MALE,"FRONT SEAT - LEFT SIDE, OR MOTORCYLE DRIVER",SHOULDER AND LAP BELT USED,NOT TRAPPED,,OPERATOR/DRIVER,NO INJURY,MASSACHUSETTS,"D, CLASS D VEHICLES",,,,,,,,MALE,"FRONT SEAT - LEFT SIDE, OR MOTORCYLE DRIVER",SHOULDER AND LAP BELT USED,NOT TRAPPED,
3/17/15 10:49,Tuesday,PASSENGER CAR,PASSENGER CAR,,NEW STREET,BAY STATE RD,,"NEW STREET &amp; BAY STATE RD
Cambridge, MA
(42.36679362800004, -71.10600609899996)",,,ANGLE,ROADWAY,,DAYLIGHT,RAIN,CLOUDY,STOP SIGNS,YES,WET,Y-INTERSECTION,"TWO-WAY, NOT DIVIDED",NO,NO,,INTERSECTION,NEW STREET,EASTBOUND,BAY STATE RD,WESTBOUND,FRESH POND PARKWAY,NORTHBOUND,,,,,,,,,NONE,,,PAR,MA,PASSENGER CAR,,,,TRAVELING STRAIGHT AHEAD,2007,COLLISION WITH MOTOR VEHICLE IN TRAFFIC,SEDAN,BMW,1,,COLLISION WITH MOTOR VEHICLE IN TRAFFIC,,,,RIGHT REAR,,,,EASTBOUND,,,,,,,,,,,NO IMPROPER DRIVING,,,,,,,NOT DISTRACTED,,NO,PAN,MA,PASSENGER CAR,,,,ENTERING TRAFFIC LANE,2013,COLLISION WITH MOTOR VEHICLE IN TRAFFIC,SEDAN,HYUNDAI,1,,COLLISION WITH MOTOR VEHICLE IN TRAFFIC,,,,RIGHT FRONT,,,,WESTBOUND,,,,,,,,,,,UNKNOWN,,,,,,,UNKNOWN,,NO,OPERATOR/DRIVER,NO INJURY,MASSACHUSETTS,"D, CLASS D VEHICLES",,,,,,,,FEMALE,"FRONT SEAT - LEFT SIDE, OR MOTORCYLE DRIVER",,,Y,OPERATOR/DRIVER,NO INJURY,MASSACHUSETTS,,,,,,,,,MALE,"FRONT SEAT - LEFT SIDE, OR MOTORCYLE DRIVER",,,Y
5/19/15 9:25,Tuesday,PASSENGER CAR,,420,HAMPSHIRE STREET,,,"420 HAMPSHIRE STREET
Cambridge, MA
(42.369424372000026, -71.09557241999994)",1,,"SIDESWIPE, SAME DIRECTION",ROADWAY,COLLISION WITH PEDALCYCLE,DAYLIGHT,CLOUDY,RAIN,NO CONTROLS,,WET,NOT AT INTERSECTION,"TWO-WAY, DIVIDED, UNPROTECTED MEDIAN",NO,NO,,NON INTERSECTION,,,,,,,SOUTHBOUND,,,,,,,,NONE,,,LVN,MA,PASSENGER CAR,,,,PARKED,2011,COLLISION WITH PEDALCYCLE,TOWNCAR,LINCOLN,1,,COLLISION WITH PEDALCYCLE,,,,,,,,SOUTHBOUND,,,,,,,,,,,OTHER IMPROPER ACTION,,,,,,,UNKNOWN,,,,,,,,,,,,,,,,,,,,,,,,,,,,,,,,,,,,,,,,,,,,,OPERATOR/DRIVER,,MASSACHUSETTS,"D, CLASS D VEHICLES",,,,,,,,MALE,"FRONT SEAT - LEFT SIDE, OR MOTORCYLE DRIVER",UNKNOWN,NOT TRAPPED,Y,NON-MOTORIST,NON FATAL INJURY - NON INCAPACITATING,,,,,CYCLIST,"WALKING, RUNNING OR CYCLING",CYCLIST,HELMET,,FEMALE,,,,
1/23/15 21:08,Friday,PASSENGER CAR,LIGHT TRUCK,,PEARL STREET,ALLSTON STREET,,"PEARL STREET &amp; ALLSTON STREET
Cambridge, MA
(42.36679362800004, -71.10600609899996)",,,ANGLE,ROADWAY,,DUSK,CLEAR,,STOP SIGNS,YES,DRY,T-INTERSECTION,"ONE-WAY, NOT DIVIDED",NO,NO,,INTERSECTION,PEARL STREET,WESTBOUND,ALLSTON STREET,SOUTHBOUND,,,,,,,,,,,NONE,,,PAN,MA,PASSENGER CAR,,,,TRAVELING STRAIGHT AHEAD,2005,COLLISION WITH MOTOR VEHICLE IN TRAFFIC,FOCUS,FORD,1,,COLLISION WITH MOTOR VEHICLE IN TRAFFIC,,,,RIGHT SIDE,REAR CENTER,,,WESTBOUND,,,,,,,,,,,NO IMPROPER DRIVING,,,,,,,NOT DISTRACTED,,YES VEHICLE OR TRAILER DISABLED,PAN,MA,LIGHT TRUCK,,,,TRAVELING STRAIGHT AHEAD,2014,COLLISION WITH MOTOR VEHICLE IN TRAFFIC,QX60,INFINITI,1,,COLLISION WITH MOTOR VEHICLE IN TRAFFIC,,,,LEFT FRONT,,,,SOUTHBOUND,,,,,,,,,,,"DISREGARDED TRAFFIC SIGNS, SIGNALS, ROAD MARKINGS",,,,,,,UNKNOWN,,YES VEHICLE OR TRAILER DISABLED,OPERATOR/DRIVER,,MASSACHUSETTS,,,,,,,,,MALE,,,,Y,OPERATOR/DRIVER,,,,,,,,,,,FEMALE,,,,
4/11/15 23:22,Saturday,LIGHT TRUCK,PASSENGER CAR,,GARDEN ST,MASS. AVE.,,"GARDEN ST &amp; MASS. AVE.
Cambridge, MA
(42.36679362800004, -71.10600609899996)",,,REAR-END,UNKNOWN,COLLISION WITH MOTOR VEHICLE IN TRAFFIC,DARK - LIGHTED ROADWAY,CLEAR,CLEAR,TRAFFIC CONTROL SIGNAL,YES,DRY,FOUR WAY INTERSECTION,"ONE-WAY, NOT DIVIDED",NO,NO,,INTERSECTION,GARDEN ST,,MASS. AVE.,SOUTHBOUND,,,,,,,,,,,UNKNOWN,,,PAN,MA,LIGHT TRUCK,,,,SLOWING OR STOPPED IN TRAFFIC,2011,COLLISION WITH MOTOR VEHICLE IN TRAFFIC,UTIL,HONDA,1,,COLLISION WITH MOTOR VEHICLE IN TRAFFIC,COLLISION WITH MOTOR VEHICLE IN TRAFFIC,COLLISION WITH MOTOR VEHICLE IN TRAFFIC,COLLISION WITH MOTOR VEHICLE IN TRAFFIC,REAR CENTER,,,,SOUTHBOUND,,,,,,,,,,,NO IMPROPER DRIVING,NO IMPROPER DRIVING,,,,,,NOT DISTRACTED,,NO,PAN,MA,PASSENGER CAR,,,,SLOWING OR STOPPED IN TRAFFIC,1998,COLLISION WITH MOTOR VEHICLE IN TRAFFIC,SEDAN,INFIN,1,,COLLISION WITH MOTOR VEHICLE IN TRAFFIC,COLLISION WITH MOTOR VEHICLE IN TRAFFIC,COLLISION WITH MOTOR VEHICLE IN TRAFFIC,COLLISION WITH MOTOR VEHICLE IN TRAFFIC,REAR CENTER,CENTER FRONT,,,SOUTHBOUND,,,,,,,,,,,NO IMPROPER DRIVING,NO IMPROPER DRIVING,,,,,,NOT DISTRACTED,,NO,OPERATOR/DRIVER,NO INJURY,MASSACHUSETTS,"D, CLASS D VEHICLES",,,,,,,,MALE,"FRONT SEAT - LEFT SIDE, OR MOTORCYLE DRIVER",SHOULDER AND LAP BELT USED,NOT TRAPPED,Y,OPERATOR/DRIVER,NO INJURY,MASSACHUSETTS,"D, CLASS D VEHICLES",,,,,,,,FEMALE,"FRONT SEAT - LEFT SIDE, OR MOTORCYLE DRIVER",SHOULDER AND LAP BELT USED,NOT TRAPPED,Y
3/16/15 21:02,Monday,PASSENGER CAR,LIGHT TRUCK,,MASSACHUSETTS AVE,BEECH STREET,,"MASSACHUSETTS AVE &amp; BEECH STREET
Cambridge, MA
(42.36679362800004, -71.10600609899996)",,,"SIDESWIPE, SAME DIRECTION",ROADWAY,COLLISION WITH MOTOR VEHICLE IN TRAFFIC,DAYLIGHT,UNKNOWN,UNKNOWN,UNKNOWN,,UNKNOWN,T-INTERSECTION,"TWO-WAY, DIVIDED, POSITIVE MEDIAN BARRIER",NO,NO,30,INTERSECTION,MASSACHUSETTS AVE,WESTBOUND,BEECH STREET,,,,,,,,,,,,UNKNOWN,,,PAN,MA,PASSENGER CAR,,,,TRAVELING STRAIGHT AHEAD,2011,COLLISION WITH MOTOR VEHICLE IN TRAFFIC,ACCORD,HONDA,1,,COLLISION WITH MOTOR VEHICLE IN TRAFFIC,,,,LEFT SIDE,,,,WESTBOUND,,,,,,,,,,,UNKNOWN,,,,,,,UNKNOWN,,,CON,MA,LIGHT TRUCK,,,Y,TRAVELING STRAIGHT AHEAD,2006,COLLISION WITH MOTOR VEHICLE IN TRAFFIC,SPRINT,DODGE,1,,COLLISION WITH MOTOR VEHICLE IN TRAFFIC,,,,UNKNOWN,,,,WESTBOUND,,,,,,,,,,,UNKNOWN,UNKNOWN,,,,,,UNKNOWN,,,OPERATOR/DRIVER,NO INJURY,MASSACHUSETTS,,,,,,,,,MALE,"FRONT SEAT - LEFT SIDE, OR MOTORCYLE DRIVER",UNKNOWN,NOT TRAPPED,Y,,,,,,,,,,,,,,,,
7/28/15 22:40,Tuesday,LIGHT TRUCK,,,CONCORD AVE,NEW ST,,"CONCORD AVE &amp; NEW ST
Cambridge, MA
(42.36679362800004, -71.10600609899996)",1,,ANGLE,ROADWAY,COLLISION WITH PEDALCYCLE,DARK - LIGHTED ROADWAY,CLEAR,,YIELD SIGNS,,DRY,TRAFFIC CIRCLE,"TWO-WAY, DIVIDED, UNPROTECTED MEDIAN",NO,NO,30,INTERSECTION,CONCORD AVE,EASTBOUND,NEW ST,SOUTHBOUND,,,,,,,,,,,,,,PAN,MA,LIGHT TRUCK,,,,SLOWING OR STOPPED IN TRAFFIC,1998,COLLISION WITH PEDALCYCLE,EXPLORER,FORD,1,,COLLISION WITH PEDALCYCLE,,,,,,,,SOUTHBOUND,,,,,,,,,,,NO IMPROPER DRIVING,,,,,,,NOT DISTRACTED,,,,,,,,,,,,,,,,,,,,,,,,,,,,,,,,,,,,,,,,,,,,,OPERATOR/DRIVER,NO INJURY,MASSACHUSETTS,"D, CLASS D VEHICLES",,,,,,,,MALE,"FRONT SEAT - LEFT SIDE, OR MOTORCYLE DRIVER",SHOULDER AND LAP BELT USED,NOT TRAPPED,Y,NON-MOTORIST,NON FATAL INJURY - NON INCAPACITATING,,,,,CYCLIST,"WALKING, RUNNING OR CYCLING",CYCLIST,UNKNOWN,,FEMALE,,,,
7/1/15 11:51,Wednesday,LIGHT TRUCK,,60,OXFORD ST.,,OXFORD ST.,"60 OXFORD ST.
Cambridge, MA
(42.38078863700008, -71.11635157399996)",,1,ANGLE,ROADWAY,COLLISION WITH PEDESTRIAN,DAYLIGHT,CLOUDY,CLOUDY,NO CONTROLS,,WET,,"TWO-WAY, NOT DIVIDED",NO,NO,,NON INTERSECTION,,,,,,,NORTHBOUND,,NORTHBOUND,,NORTHBOUND,OXFORD ST.,NORTHBOUND,,NONE,,,PAN,MA,LIGHT TRUCK,,,,TRAVELING STRAIGHT AHEAD,2003,COLLISION WITH PEDESTRIAN,CARAVAN,DODGE,1,,COLLISION WITH PEDESTRIAN,COLLISION WITH PEDESTRIAN,COLLISION WITH PEDESTRIAN,COLLISION WITH PEDESTRIAN,,,,,NORTHBOUND,,,,,,,,,,,NO IMPROPER DRIVING,NO IMPROPER DRIVING,,,,,,UNKNOWN,,,,,,,,,,,,,,,,,,,,,,,,,,,,,,,,,,,,,,,,,,,,,OPERATOR/DRIVER,NO INJURY,MASSACHUSETTS,,,,,,,,,MALE,UNKNOWN,UNKNOWN,FREED BY MECHANICAL MEANS,Y,NON-MOTORIST,,,,,,,,,,,,,,,
5/22/15 12:49,Friday,PASSENGER CAR,PASSENGER CAR,1,BENNETT STREET,,,"1 BENNETT STREET
Cambridge, MA
(42.372347210000044, -71.12194717899996)",,,ANGLE,OUTSIDE ROADWAY,COLLISION WITH PARKED MOTOR VEHICLE,UNKNOWN,UNKNOWN,UNKNOWN,NO CONTROLS,,DRY,NOT AT INTERSECTION,"TWO-WAY, NOT DIVIDED",NO,NO,,NON INTERSECTION,,,,,,,,,,,,,,,NONE,,,PAN,MA,PASSENGER CAR,,,Y,BACKING,2007,COLLISION WITH PARKED MOTOR VEHICLE,ACCORD,HONDA,1,,COLLISION WITH PARKED MOTOR VEHICLE,COLLISION WITH PARKED MOTOR VEHICLE,COLLISION WITH PARKED MOTOR VEHICLE,COLLISION WITH PARKED MOTOR VEHICLE,REAR CENTER,RIGHT REAR,LEFT REAR,,UNKNOWN,,,,,,,,,,,"OPERATING VEHICLE IN ERRATIC, RECKLESS, CARELESS,",OTHER IMPROPER ACTION,,,,,,UNKNOWN,,,PAN,MA,PASSENGER CAR,,,,PARKED,2006,COLLISION WITH MOTOR VEHICLE IN TRAFFIC,3 SERIES,BMW,0,,COLLISION WITH MOTOR VEHICLE IN TRAFFIC,COLLISION WITH MOTOR VEHICLE IN TRAFFIC,COLLISION WITH MOTOR VEHICLE IN TRAFFIC,COLLISION WITH MOTOR VEHICLE IN TRAFFIC,LEFT FRONT,LEFT SIDE,LEFT REAR,,UNKNOWN,,,,,,,,,,,NO IMPROPER DRIVING,NO IMPROPER DRIVING,,,,,,NOT DISTRACTED,,,UNINVOLVED OWNER,,FLORIDA,,,,,,,,,MALE,,,,Y,,,,,,,,,,,,,,,,
1/22/15 9:00,Thursday,PASSENGER CAR,,1493,CAMBRIDGE ST,,,"1493 CAMBRIDGE ST
Cambridge, MA
(42.374236677000056, -71.10447684299999)",,,,,,,,,,,,,,,,,NON INTERSECTION,,,,,,,,,,,,CHA UNDERGROUND GARAGE,,,,,,PAN,MA,PASSENGER CAR,,,,PARKED,2001,COLLISION WITH MOTOR VEHICLE IN TRAFFIC,ACCORD,HONDA,0,,COLLISION WITH MOTOR VEHICLE IN TRAFFIC,,,,REAR CENTER,,,,,,,,,,,,,,,,,,,,,,,,,UNK,,,,,Y,,,,,,,,,,,,,,,,,,,,,,,,,,,,,,,,,,,,,UNINVOLVED OWNER,,,,,,,,,,,MALE,,,,Y,,,,,,,,,,,,,,,,
5/7/15 17:12,Thursday,PASSENGER CAR,,743,MASSACHUSETTS,,PLEASANT STREET,"743 MASSACHUSETTS
Cambridge, MA
(42.36631879400005, -71.10519604999996)",,,,,,DAYLIGHT,CLEAR,,NO CONTROLS,,DRY,NOT AT INTERSECTION,"TWO-WAY, NOT DIVIDED",NO,NO,,NON INTERSECTION,,,,,,,NORTHBOUND,,,,,,,,NONE,,,PAN,MA,PASSENGER CAR,,,,TRAVELING STRAIGHT AHEAD,1995,COLLISION WITH TREE,COROLLA,TOYOTA,1,,COLLISION WITH TREE,,,,CENTER FRONT,,,,NORTHBOUND,,,,,,,,,,,FATIGUED/ASLEEP,,,,,,,NOT DISTRACTED,,YES VEHICLE OR TRAILER DISABLED,,,,,,,,,,,,,,,,,,,,,,,,,,,,,,,,,,,,,,,,,,,OPERATOR/DRIVER,,MASSACHUSETTS,,,,,,,,,FEMALE,,,,Y,,,,,,,,,,,,,,,,
5/2/15 14:39,Saturday,PASSENGER CAR,PASSENGER CAR,,RIVER ST,FRANKLIN,,"RIVER ST &amp; FRANKLIN
Cambridge, MA
(42.36679362800004, -71.10600609899996)",,,ANGLE,ROADWAY,COLLISION WITH MOTOR VEHICLE IN TRAFFIC,DARK - LIGHTED ROADWAY,CLEAR,CLEAR,STOP SIGNS,YES,DRY,T-INTERSECTION,UNKNOWN,NO,NO,,INTERSECTION,RIVER ST,NORTHBOUND,FRANKLIN,EASTBOUND,,,,,,,,,,,NONE,,,PAN,MA,PASSENGER CAR,,,,TRAVELING STRAIGHT AHEAD,2001,COLLISION WITH MOTOR VEHICLE IN TRAFFIC,SEDAN,CHEV,2,,COLLISION WITH MOTOR VEHICLE IN TRAFFIC,,,,LEFT FRONT,LEFT SIDE,,Y,NORTHBOUND,,,,,,,,,,,UNKNOWN,,,,,,,UNKNOWN,,YES VEHICLE OR TRAILER DISABLED,PAN,MA,PASSENGER CAR,,,,TRAVELING STRAIGHT AHEAD,2004,COLLISION WITH MOTOR VEHICLE IN TRAFFIC,UTIL,LNRD,1,,COLLISION WITH MOTOR VEHICLE IN TRAFFIC,,,,RIGHT FRONT,,,Y,EASTBOUND,,,,,,,,,,,OTHER IMPROPER ACTION,,,,,,,,,YES VEHICLE OR TRAILER DISABLED,OPERATOR/DRIVER,NO INJURY,MASSACHUSETTS,"D, CLASS D VEHICLES",,,,,,,,FEMALE,"FRONT SEAT - LEFT SIDE, OR MOTORCYLE DRIVER",UNKNOWN,NOT TRAPPED,,OPERATOR/DRIVER,NO INJURY,CALIFORNIA,"C, CLASS C VEHICLES",,,,,,,,MALE,"FRONT SEAT - LEFT SIDE, OR MOTORCYLE DRIVER",UNKNOWN,NOT TRAPPED,
2/12/15 14:30,Thursday,LIGHT TRUCK,LIGHT TRUCK,1691,CAMBRIDGE ST,,,"1691 CAMBRIDGE ST
Cambridge, MA
(42.37518658700003, -71.11177658099996)",,,"SIDESWIPE, SAME DIRECTION",ROADWAY,COLLISION WITH PARKED MOTOR VEHICLE,DAYLIGHT,CLOUDY,SNOW,NO CONTROLS,,WET,NOT AT INTERSECTION,"TWO-WAY, DIVIDED, UNPROTECTED MEDIAN",NO,NO,,NON INTERSECTION,,,,,,,NORTHBOUND,,,,,CRLS,,,TRAFFIC CONGESTION RELATED,,,MVN,MA,LIGHT TRUCK,,,,TRAVELING STRAIGHT AHEAD,2001,COLLISION WITH PARKED MOTOR VEHICLE,CUTVAN,FORD,1,,COLLISION WITH PARKED MOTOR VEHICLE,,,,,,,,NORTHBOUND,,,,,,,,,,,UNKNOWN,,,,,,,,,,PAN,CT,LIGHT TRUCK,,,,PARKED,1999,COLLISION WITH MOTOR VEHICLE IN TRAFFIC,CHEROKEE,JEEP,,,COLLISION WITH MOTOR VEHICLE IN TRAFFIC,,,,LEFT FRONT,,,,,,,,,,,,,,,,,,,,,,,,,OPERATOR/DRIVER,NO INJURY,MASSACHUSETTS,"A, CLASS A VEHICLES",,,,,,,,MALE,,UNKNOWN,,,UNINVOLVED OWNER,,,,,,,,,,,,,,,Y