Date Time,Day of Week,Object 1,Object 2,Street Number,Street Name,Cross Street,Near Street,Location,May involve cyclist,May Involve Pedestrian,Manner of Collision,First Harmful Event Location,First Harmful Event,Ambient Light,Weather Condition 1,Weather Condition 2,Traffic Control Device Type,Traffic Control Device Functionality,Road Surface Condition,Roadway Junction Type,Trafficway Description,School Bus Related,Work Zone,Speed Limit,Street or Intersection,Intersection Name 1,Intersection Direction 1,Intersection Name 2,Intersection Direction 2,Intersection Name 3,Intersection Direction 3,Street Direction,Nearest Intersection Distance,Nearest Intersection Direction,Landmark Distance,Landmark Direction,Landmark,Mile Marker Direction,Non Public Area,Road Contributing,Damaged Property Type,Description of Damaged Property,V1 Registration Type,v1 State Code,V1 Configuration,V1 Emergency Response,V1 Moped,V1 Hit and Run,V1 Action Prior to Crash,V1 Model Year,V1 Most Harmful Event,V1 Model,V1 Make,V1 Occupant Count,V1 Underride Override,V1 First Event,V1 Second Event,V1 Third Event,V1 Fourth Event,V1 Most Damaged Area,V1 Second Damaged Area,V1 Third Damaged Area,V1 Towed,V1 Travel Direction,V1 Interstate,V1 Cargo Body Type,V1 Gross Weight,V1 Haz Placard,V1 Haz Release,V1 Trailer Reg Type,V1 Trailer Reg Plate,V1 Trailer Reg State,V1 Trailer Reg Year,V1 Trailer Len,V1 Driver Contribution,V1 Driver Contribution 2,V1 Is Truck,V1 Has Trailer,V1 Is Bus,V1 Is Hazmat,V1 Reg Year,V1 Driver Distracted,V1 Bus Use,V1 Tow Use,V2 Registration Type,V2 State Code,V2 Configuration,V2 Emergency Response,V2 Moped,V2 Hit and Run,V2 Action Prior to Crash,V2 Model Year,V2 Most Harmful Event,V2 Model,V2 Make,V2 Occupant Count,V2 Underride Override,V2 First Event,V2 Second Event,V2 Third Event,V2 Fourth Event,V2 Most Damaged Area,V2 Second Damaged Area,V2 Third Damaged Area,V2 Towed,V2 Travel Direction,V2 Interstate,V2 Cargo Body Type,V2 Gross Weight,V2 Haz Placard,V2 Haz Release,V2 Trailer Reg Type,V2 Trailer Reg Plate,V2 Trailer Reg State,V2 Trailer Reg Year,V2 Trailer Len,V2 Driver Contribution,V2 Driver Contribution 2,V2 Is Truck,V2 Has Trailer,V2 Is Bus,V2 Is Hazmat,V2 Reg Year,V2 Driver Distracted,V2 Bus Use,V2 Tow Use,P1 Role,P1 Injury,P1 Drivers Lic State,P1 Drivers Lic Class 1,P1 Drivers Lic Class 2,P1 Drivers Lic Restrict,P1 Non Motorist Desc,P1 Non Motorist Action,P1 Non Motorist Location,P1 Safety Equipment,P1 Age,P1 Sex,P1 Seat Position,P1 Safety System,P1 Trapped,P1 Veh Owner,P2 Role,P2 Injury,P2 Drivers Lic State,P2 Drivers Lic Class 1,P2 Drivers Lic Class 2,P2 Drivers Lic Restrict,P2 Non Motorist Desc,P2 Non Motorist Action,P2 Non Motorist Location,P2 Safety Equipment,P2 Age,P2 Sex,P2 Seat Position,P2 Safety System,P2 Trapped,P2 Veh Owner
2/26/15 19:15,Thursday,PASSENGER CAR,SINGLE UNIT TRUCK (2 AXLES - 6 TIRES),25,ATHENS STREET,,,"25 ATHENS STREET
Cambridge, MA
(42.37012584000007, -71.11561002099995)",,,"SIDESWIPE, SAME DIRECTION",ROADSIDE,,DAYLIGHT,CLEAR,,NO CONTROLS,,DRY,NOT AT INTERSECTION,"ONE-WAY, NOT DIVIDED",,NO,,NON INTERSECTION,,,,,,,WESTBOUND,,,,,,,,NONE,,,PAN,MA,PASSENGER CAR,,,,PARKED,2003,COLLISION WITH MOTOR VEHICLE IN TRAFFIC,GRAND AM,PONTIAC,0,,COLLISION WITH MOTOR VEHICLE IN TRAFFIC,,,,LEFT SIDE,,,,,,,,,,,,,,,,,,,,,,,,,CON,MA,SINGLE UNIT TRUCK (2 AXLES - 6 TIRES),,,,TRAVELING STRAIGHT AHEAD,2000,COLLISION WITH PARKED MOTOR VEHICLE,400SER,INTL,1,,COLLISION WITH PARKED MOTOR VEHICLE,,,,,,,,WESTBOUND,,,,,,,,,,,UNKNOWN,,,,,,,UNKNOWN,,,UNINVOLVED OWNER,,MASSACHUSETTS,,,,,,,,,FEMALE,,,,,OPERATOR/DRIVER,,,,,,,,,,,UNKNOWN,,,,
4/27/15 7:35,Monday,SINGLE UNIT TRUCK (2 AXLES - 6 TIRES),,,GARDEN ST,,BOND ST,"GARDEN ST
Cambridge, MA
(42.38198304900004, -71.12663404399996)",1,,ANGLE,ROADWAY,COLLISION WITH PEDALCYCLE,DAYLIGHT,CLOUDY,,NO CONTROLS,,DRY,T-INTERSECTION,"TWO-WAY, NOT DIVIDED",NO,NO,,NON INTERSECTION,,,,,,,,,,,,,,,,,,CON,MA,SINGLE UNIT TRUCK (2 AXLES - 6 TIRES),,,,TURNING RIGHT,2001,COLLISION WITH PEDALCYCLE,400SESR,INTL,1,,COLLISION WITH PEDALCYCLE,,,,NONE,,,,EASTBOUND,UNKNOWN,DUMP,"MORE THAN 26,000 POUNDS",,,,,,,,FAILED TO YIELD THE RIGHT OF WAY,,Y,,,,2015,,,,,,,,,,,,,,,,,,,,,,,,,,,,,,,,,,,,,,,,,,,,,,OPERATOR/DRIVER,NO INJURY,MASSACHUSETTS,"A, CLASS A VEHICLES",,,,,,,,MALE,"FRONT SEAT - LEFT SIDE, OR MOTORCYLE DRIVER",UNKNOWN,NOT TRAPPED,,UNINVOLVED OWNER,,,,,,,,,,,UNKNOWN,,,,Y
7/8/15 8:15,Wednesday,LIGHT TRUCK,SINGLE UNIT TRUCK (2 AXLES - 6 TIRES),,KIRKLAND,,DIVINITY AVE,"KIRKLAND
Cambridge, MA
(42.377632617000074, -71.11289595299996)",,,ANGLE,ROADWAY,COLLISION WITH MOTOR VEHICLE IN TRAFFIC,DAYLIGHT,CLOUDY,,TRAFFIC CONTROL SIGNAL,YES,DRY,T-INTERSECTION,"TWO-WAY, NOT DIVIDED",NO,NO,,NON INTERSECTION,KIRKLAND,,DIVINITY AVE,,,,,,,,,,,,,,,PAN,MA,LIGHT TRUCK,,,,SLOWING OR STOPPED IN TRAFFIC,2006,COLLISION WITH MOTOR VEHICLE IN TRAFFIC,XC70,VOLVO,,,COLLISION WITH MOTOR VEHICLE IN TRAFFIC,,,,LEFT REAR,,,Y,WESTBOUND,,,,,,,,,,,,,,,,,,,,YES OTHER REASON NOT DISABLED,APN,NH,SINGLE UNIT TRUCK (2 AXLES - 6 TIRES),,,,TURNING LEFT,2013,COLLISION WITH MOTOR VEHICLE IN TRAFFIC,TK,FRHT,2,,COLLISION WITH MOTOR VEHICLE IN TRAFFIC,,,,LEFT REAR,,,,EASTBOUND,UNKNOWN,OTHER,"MORE THAN 26,000 POUNDS",,,,,,,,UNKNOWN,,Y,,,,,,,,OPERATOR/DRIVER,NO INJURY,MASSACHUSETTS,"D, CLASS D VEHICLES",,,,,,,,FEMALE,"FRONT SEAT - LEFT SIDE, OR MOTORCYLE DRIVER",UNKNOWN,NOT TRAPPED,Y,OCCUPANT/PASSENGER,NO INJURY,,,,,,,,,,MALE,FRONT SEAT - RIGHT SIDE,UNKNOWN,NOT TRAPPED,
6/27/15 15:04,Saturday,PASSENGER CAR,,25,GOLD STAR ROAD,,,"25 GOLD STAR ROAD
Cambridge, MA
(42.398860908000074, -71.13080275399994)",,,UNKNOWN,ROADWAY,,UNKNOWN,CLEAR,,NO CONTROLS,,DRY,NOT AT INTERSECTION,"ONE-WAY, NOT DIVIDED",NO,NO,20,NON INTERSECTION,,,,,,,NORTHBOUND,,,,,,,,NONE,,,PAN,MA,PASSENGER CAR,,,Y,PARKED,2012,COLLISION WITH PARKED MOTOR VEHICLE,ROGUE,NISSAN,0,,,,,,RIGHT FRONT,RIGHT SIDE,RIGHT REAR,,NORTHBOUND,,,,,,,,,,,NO IMPROPER DRIVING,NO IMPROPER DRIVING,,,,,,NOT DISTRACTED,,,,,,,,,,,,,,,,,,,,,,,,,,,,,,,,,,,,,,,,,,,,,UNINVOLVED OWNER,,MASSACHUSETTS,"D, CLASS D VEHICLES",,,,,,,,MALE,,,,Y,,,,,,,,,,,,,,,,
6/19/15 20:20,Friday,PASSENGER CAR,PASSENGER CAR,,MUNROE ST,,,"MUNROE ST
Cambridge, MA
(42.36520384600004, -71.08367201199997)",,,REAR-END,ROADWAY,COLLISION WITH PARKED MOTOR VEHICLE,DUSK,CLOUDY,,NO CONTROLS,,DRY,NOT AT INTERSECTION,"TWO-WAY, NOT DIVIDED",NO,NO,25,NON INTERSECTION,,,,,,,EASTBOUND,,,,,,,,NONE,,,PAN,MA,PASSENGER CAR,,,,PARKED,2014,COLLISION WITH PARKED MOTOR VEHICLE,RX350,LEXUS,0,,COLLISION WITH PARKED MOTOR VEHICLE,,,,REAR CENTER,,,,,,,,,,,,,,,NO IMPROPER DRIVING,,,,,,,,,,PAN,MA,PASSENGER CAR,,,,PARKED,2001,,CRV,HONDA,0,,COLLISION WITH PARKED MOTOR VEHICLE,,,,CENTER FRONT,,,,,,,,,,,,,,,NO IMPROPER DRIVING,,,,,,,NOT DISTRACTED,,,UNINVOLVED OWNER,,MASSACHUSETTS,"D, CLASS D VEHICLES",,,,,,,,FEMALE,,,,Y,UNINVOLVED OWNER,,MASSACHUSETTS,"D, CLASS D VEHICLES",,,,,,,,MALE,,,,Y
2/4/15 0:45,Wednesday,PASSENGER CAR,,62,RICE ST.,,,"62 RICE ST.
Cambridge, MA
(42.394275797000034, -71.12962611199998)",,,"SIDESWIPE, SAME DIRECTION",ROADSIDE,COLLISION WITH PARKED MOTOR VEHICLE,DARK - LIGHTED ROADWAY,SNOW,"BLOWING, SAND, SNOW",NO CONTROLS,,SNOW,NOT AT INTERSECTION,"ONE-WAY, NOT DIVIDED",NO,NO,30,NON INTERSECTION,,,,,,,,,,,,,,,UNKNOWN,,,PAN,MA,PASSENGER CAR,,,Y,PARKED,2005,COLLISION WITH PARKED MOTOR VEHICLE,TSX,ACURA,0,,COLLISION WITH PARKED MOTOR VEHICLE,,,,RIGHT REAR,,,,,,,,,,,,,,,,,,,,,,,,,,,,,,,,,,,,,,,,,,,,,,,,,,,,,,,,,,,,,,,,,,,UNINVOLVED OWNER,,MASSACHUSETTS,"D, CLASS D VEHICLES",,,,,,,,FEMALE,,,,Y,WITNESS,,,,,,,,,,,MALE,,,,
2/13/15 15:40,Friday,PASSENGER CAR,,231,ALEWIFE BROOK PHWY,,,"231 ALEWIFE BROOK PHWY
Cambridge, MA
(42.389101821000054, -71.14301167099995)",,,UNKNOWN,ROADWAY,COLLISION WITH PARKED MOTOR VEHICLE,DAYLIGHT,CLEAR,CLEAR,NO CONTROLS,NO,WET,NOT AT INTERSECTION,UNKNOWN,NO,NO,30,NON INTERSECTION,,,,,,,EASTBOUND,,,,,,,,UNKNOWN,,,PAN,MA,PASSENGER CAR,,,Y,PARKED,2006,COLLISION WITH PARKED MOTOR VEHICLE,COR,TOY,0,,COLLISION WITH PARKED MOTOR VEHICLE,COLLISION WITH PARKED MOTOR VEHICLE,COLLISION WITH PARKED MOTOR VEHICLE,COLLISION WITH PARKED MOTOR VEHICLE,RIGHT REAR,REAR CENTER,LEFT REAR,,EASTBOUND,,,,,,,,,,,UNKNOWN,UNKNOWN,,,,,,UNKNOWN,,,UNK,,,,,,,,,,,,,,,,,,,,,,,,,,,,,,,,,,,,,,,,,,UNINVOLVED OWNER,,,,,,,,,,,,,,,Y,UNINVOLVED OWNER,,,,,,,,,,,,,,,Y
4/7/15 8:58,Tuesday,PASSENGER CAR,PASSENGER CAR,,MASS AVE,WASHBURN AVE,,"MASS AVE &amp; WASHBURN AVE
Cambridge, MA
(42.36679362800004, -71.10600609899996)",,,REAR-END,ROADWAY,COLLISION WITH MOTOR VEHICLE IN TRAFFIC,DAYLIGHT,CLOUDY,CLOUDY,NO CONTROLS,,DRY,T-INTERSECTION,"TWO-WAY, DIVIDED, POSITIVE MEDIAN BARRIER",NO,NO,,INTERSECTION,MASS AVE,NORTHBOUND,WASHBURN AVE,NORTHBOUND,,,,,,,,,,,NONE,,,PAN,MA,PASSENGER CAR,,,,SLOWING OR STOPPED IN TRAFFIC,2000,COLLISION WITH MOTOR VEHICLE IN TRAFFIC,MAXIMA,NISSAN,1,,COLLISION WITH MOTOR VEHICLE IN TRAFFIC,COLLISION WITH MOTOR VEHICLE IN TRAFFIC,COLLISION WITH MOTOR VEHICLE IN TRAFFIC,COLLISION WITH MOTOR VEHICLE IN TRAFFIC,RIGHT REAR,REAR CENTER,LEFT REAR,,NORTHBOUND,,,,,,,,,,,NO IMPROPER DRIVING,NO IMPROPER DRIVING,,,,,,NOT DISTRACTED,,NO,PAN,MA,PASSENGER CAR,,,,TRAVELING STRAIGHT AHEAD,2006,COLLISION WITH MOTOR VEHICLE IN TRAFFIC,COUPE,CHEV,1,,COLLISION WITH MOTOR VEHICLE IN TRAFFIC,COLLISION WITH MOTOR VEHICLE IN TRAFFIC,COLLISION WITH MOTOR VEHICLE IN TRAFFIC,COLLISION WITH MOTOR VEHICLE IN TRAFFIC,LEFT FRONT,CENTER FRONT,RIGHT FRONT,,NORTHBOUND,,,,,,,,,,,"OPERATING VEHICLE IN ERRATIC, RECKLESS, CARELESS,","OPERATING VEHICLE IN ERRATIC, RECKLESS, CARELESS,",,,,,,OTHER ACTIVITY,,NO,OPERATOR/DRIVER,NO INJURY,MASSACHUSETTS,,,,,,,,24,FEMALE,UNKNOWN,UNKNOWN,NOT TRAPPED,Y,OPERATOR/DRIVER,NO INJURY,MASSACHUSETTS,,,,,,,,33,FEMALE,UNKNOWN,UNKNOWN,,Y
2/5/15 13:28,Thursday,PASSENGER CAR,,123,CHILTON ST,,,"123 CHILTON ST
Cambridge, MA
(42.38464023100005, -71.13679592799997)",,,UNKNOWN,ROADWAY,COLLISION WITH PARKED MOTOR VEHICLE,UNKNOWN,UNKNOWN,UNKNOWN,NO CONTROLS,,SNOW,NOT AT INTERSECTION,UNKNOWN,NO,NO,30,NON INTERSECTION,,,,,,,WESTBOUND,,,,,,,,UNKNOWN,,,PAN,MA,PASSENGER CAR,,,Y,PARKED,1999,COLLISION WITH PARKED MOTOR VEHICLE,CIVIC,HONDA,0,,COLLISION WITH PARKED MOTOR VEHICLE,COLLISION WITH PARKED MOTOR VEHICLE,COLLISION WITH PARKED MOTOR VEHICLE,COLLISION WITH PARKED MOTOR VEHICLE,CENTER FRONT,LEFT FRONT,,,WESTBOUND,,,,,,,,,,,UNKNOWN,UNKNOWN,,,,,,UNKNOWN,,,,,,,,,,,,,,,,,,,,,,,,,,,,,,,,,,,,,,,,,,,,,UNINVOLVED OWNER,,,,,,,,,,,MALE,,,,Y,,,,,,,,,,,,,,,,
4/1/15 17:34,Wednesday,LIGHT TRUCK,LIGHT TRUCK,,ESSEX ST,LAMSON,,"ESSEX ST &amp; LAMSON
Cambridge, MA
(42.36679362800004, -71.10600609899996)",,,ANGLE,ROADWAY,COLLISION WITH PARKED MOTOR VEHICLE,DAYLIGHT,CLEAR,,NO CONTROLS,,DRY,T-INTERSECTION,"ONE-WAY, NOT DIVIDED",NO,NO,30,INTERSECTION,ESSEX ST,NORTHBOUND,LAMSON,WESTBOUND,,,,,,,,,,,NONE,,,AP,IN,LIGHT TRUCK,,,,BACKING,2015,COLLISION WITH PARKED MOTOR VEHICLE,TRUCK,FORD,2,,COLLISION WITH PARKED MOTOR VEHICLE,,,,NONE,,,,WESTBOUND,,,,,,,,,,,INATTENTION,,,,,,,,,,PAN,MA,LIGHT TRUCK,,,,PARKED,2002,,ML,MERCEDES BENZ,0,,COLLISION WITH MOTOR VEHICLE IN TRAFFIC,,,,RIGHT REAR,,,,,,,,,,,,,,,,,,,,,,,,,OCCUPANT/PASSENGER,NO INJURY,,,,,,,,,,FEMALE,UNKNOWN,UNKNOWN,NOT TRAPPED,,OPERATOR/DRIVER,NO INJURY,GEORGIA,"C, CLASS C VEHICLES",,OTHER,,,,,,MALE,"FRONT SEAT - LEFT SIDE, OR MOTORCYLE DRIVER",UNKNOWN,NOT TRAPPED,
2/16/15 23:02,Monday,PASSENGER CAR,,108,PEARL ST,,,"108 PEARL ST
Cambridge, MA
(42.362126782000075, -71.10536964199997)",,,UNKNOWN,UNKNOWN,,DARK - LIGHTED ROADWAY,UNKNOWN,UNKNOWN,,,UNKNOWN,NOT AT INTERSECTION,"ONE-WAY, NOT DIVIDED",,,,NON INTERSECTION,,,,,,,,,,,,,,,,,,PAN,MA,PASSENGER CAR,,,Y,PARKED,,,,,,,UNKNOWN MOVABLE OBJECT,,,,RIGHT REAR,,,,,,,,,,,,,,,,,,,,,,,,,,,,,,,,,,,,,,,,,,,,,,,,,,,,,,,,,,,,,,,,,,,UNINVOLVED OWNER,,,,,,,,,,,MALE,,,,Y,,,,,,,,,,,,,,,,
2/16/15 16:00,Monday,PASSENGER CAR,,1,SCIENCE PARK GARAGE,,,"1 SCIENCE PARK GARAGE
Cambridge, MA
(42.36679362800004, -71.10600609899996)",,,UNKNOWN,UNKNOWN,COLLISION WITH PARKED MOTOR VEHICLE,DUSK,CLOUDY,,NO CONTROLS,,UNKNOWN,NOT AT INTERSECTION,UNKNOWN,NO,NO,,NON INTERSECTION,,,,,,,,,,,,,,,UNKNOWN,,,PAN,MA,PASSENGER CAR,,,Y,PARKED,2012,,5,MAZDA,0,,,,,,RIGHT REAR,,,,,,,,,,,,,,,,,,,,,,,,NO,PAN,MA,,,,Y,,,,,,1,,,,,,UNKNOWN,,,,,,,,,,,,,,,,,,,,,,,,,UNINVOLVED OWNER,,MASSACHUSETTS,"D, CLASS D VEHICLES",,,,,,,,FEMALE,,,,Y,OPERATOR/DRIVER,,,,,,,,,,,,,,,
5/26/15 10:31,Tuesday,TRACTOR / SEMI-TRIALER,,87,WINDSOR STREET,,,"87 WINDSOR STREET
Cambridge, MA
(42.36360584400006, -71.09668641599995)",,,SINGLE VEHICLE CRASH,ROADWAY,COLLISION WITH TREE,DAYLIGHT,CLEAR,CLEAR,NO CONTROLS,,DRY,,,NO,NO,,NON INTERSECTION,,,,,,,,,,,,,,,NONE,MUNICIPAL,TREE BRANCH,CON,MA,TRACTOR / SEMI-TRIALER,,,,TRAVELING STRAIGHT AHEAD,2003,COLLISION WITH TREE,TRACT,INTL,1,,COLLISION WITH TREE,,,,RIGHT FRONT,,,,SOUTHBOUND,,,,,,,,,,,UNKNOWN,,Y,Y,,,,NOT DISTRACTED,,NO,,,,,,,,,,,,,,,,,,,,,,,,,,,,,,,,,,,,,,,,,,,OPERATOR/DRIVER,,MASSACHUSETTS,"A, CLASS A VEHICLES",,NONE,,,,,,MALE,"FRONT SEAT - LEFT SIDE, OR MOTORCYLE DRIVER",UNKNOWN,NOT TRAPPED,,UNINVOLVED OWNER,,,,,,,,,,,,,,,Y
2/10/15 13:58,Tuesday,LIGHT TRUCK,PASSENGER CAR,45,DANA ST,,,"45 DANA ST
Cambridge, MA
(42.37217717900006, -71.10874852399996)",,,ANGLE,ROADWAY,COLLISION WITH MOTOR VEHICLE IN TRAFFIC,DAYLIGHT,CLEAR,CLOUDY,NO CONTROLS,,SLUSH,NOT AT INTERSECTION,"ONE-WAY, NOT DIVIDED",NO,NO,,NON INTERSECTION,,,,,,,,,,,,,,,NONE,,,CON,MA,LIGHT TRUCK,,,,PARKED,2007,,G3500,CHEVY,,,COLLISION WITH MOTOR VEHICLE IN TRAFFIC,,,,LEFT SIDE,,,,UNKNOWN,,,,,,,,,,,NO IMPROPER DRIVING,,,,,,,NOT DISTRACTED,,,PAN,MA,PASSENGER CAR,,,Y,BACKING,2001,,530I,BMW,1,,COLLISION WITH PARKED MOTOR VEHICLE,,,,RIGHT REAR,,,,,,,,,,,,,,,UNKNOWN,,,,,,,UNKNOWN,,,WITNESS,,MASSACHUSETTS,,,,,,,,,MALE,,,,,WITNESS,,MASSACHUSETTS,,,,,,,,,MALE,,,,
2/2/15 12:00,Monday,PASSENGER CAR,LIGHT TRUCK,66,PRENTISS ST,,TREYMORE,"66 PRENTISS ST
Cambridge, MA
(42.384302226000045, -71.11541071499994)",,,"SIDESWIPE, OPPOSITE DIRECTION",ROADWAY,COLLISION WITH PARKED MOTOR VEHICLE,DAYLIGHT,SNOW,,NO CONTROLS,,SNOW,NOT AT INTERSECTION,"ONE-WAY, NOT DIVIDED",NO,NO,,NON INTERSECTION,,,,,,,,,,,,,,,,,,PAN,MA,PASSENGER CAR,,,,PARKED,2006,COLLISION WITH MOTOR VEHICLE IN TRAFFIC,COOPER,MINNI,0,,COLLISION WITH MOTOR VEHICLE IN TRAFFIC,,,,RIGHT REAR,,,,,,,,,,,,,,,,,,,,,,,,,MVN,MA,LIGHT TRUCK,,,,TURNING LEFT,1988,,,INTERNATIONAL,1,,COLLISION WITH PARKED MOTOR VEHICLE,,,,NONE,,,,SOUTHBOUND,,,,,,,,,,,,,,,,,,,,,UNINVOLVED OWNER,,,,,,,,,,,MALE,,,,Y,OPERATOR/DRIVER,NO INJURY,MASSACHUSETTS,"B, CLASS B VEHICLES",,,,,,,,MALE,"FRONT SEAT - LEFT SIDE, OR MOTORCYLE DRIVER",UNKNOWN,NOT TRAPPED,
7/4/15 15:58,Saturday,LIGHT TRUCK,LIGHT TRUCK,143,CAMBRIDGE ST,,FIRST ST,"143 CAMBRIDGE ST
Cambridge, MA
(42.370836815000075, -71.07810664299996)",,,ANGLE,,,DAYLIGHT,CLEAR,,,,DRY,NOT AT INTERSECTION,"TWO-WAY, DIVIDED, UNPROTECTED MEDIAN",,,,NON INTERSECTION,,,,,,,,,,,,LECHMERE STATION,,,,,,PAN,MA,LIGHT TRUCK,,,,BACKING,2010,,SXT,DODGE,1,,OTHER,,,,LEFT REAR,REAR CENTER,,,,,,,,,,,,,,,,,,,,,,,,TAN,MA,LIGHT TRUCK,,,,OTHER,2012,,SIENNA,TOYOTA,1,,COLLISION WITH MOTOR VEHICLE IN TRAFFIC,,,,RIGHT REAR,,,,,,,,,,,,,,,,,,,,,,,,,OPERATOR/DRIVER,,MASSACHUSETTS,,,,,,,,,MALE,"FRONT SEAT - LEFT SIDE, OR MOTORCYLE DRIVER",,,Y,OPERATOR/DRIVER,,MASSACHUSETTS,,,,,,,,,MALE,"FRONT SEAT - LEFT SIDE, OR MOTORCYLE DRIVER",,,
6/20/15 16:39,Saturday,LIGHT TRUCK,PASSENGER CAR,300,CAMBRIDGE STREET,,CAMBRIDGE NEAR WINDSOR,"300 CAMBRIDGE STREET
Cambridge, MA
(42.371128792000036, -71.08083851699996)",,,REAR-END,ROADWAY,COLLISION WITH MOTOR VEHICLE IN TRAFFIC,DAYLIGHT,CLEAR,CLEAR,NO CONTROLS,,DRY,NOT AT INTERSECTION,"TWO-WAY, DIVIDED, UNPROTECTED MEDIAN",NO,NO,,NON INTERSECTION,,,,,,,EASTBOUND,,,,,,,,NONE,,,PAN,MA,LIGHT TRUCK,,,,SLOWING OR STOPPED IN TRAFFIC,2006,COLLISION WITH MOTOR VEHICLE IN TRAFFIC,TAHOE,CHEVY,1,,COLLISION WITH MOTOR VEHICLE IN TRAFFIC,COLLISION WITH MOTOR VEHICLE IN TRAFFIC,,,LEFT REAR,RIGHT REAR,,,EASTBOUND,,,,,,,,,,,NO IMPROPER DRIVING,NO IMPROPER DRIVING,,,,,,UNKNOWN,,,PAN,MA,PASSENGER CAR,,,,TRAVELING STRAIGHT AHEAD,2002,COLLISION WITH MOTOR VEHICLE IN TRAFFIC,FOCUS,FORD,1,,COLLISION WITH MOTOR VEHICLE IN TRAFFIC,COLLISION WITH MOTOR VEHICLE IN TRAFFIC,,,CENTER FRONT,RIGHT FRONT,LEFT FRONT,Y,EASTBOUND,,,,,,,,,,,INATTENTION,,,,,,,NOT DISTRACTED,,YES VEHICLE OR TRAILER DISABLED,OPERATOR/DRIVER,NO INJURY,MASSACHUSETTS,"D, CLASS D VEHICLES",,,,,,,,FEMALE,"FRONT SEAT - LEFT SIDE, OR MOTORCYLE DRIVER",SHOULDER AND LAP BELT USED,NOT TRAPPED,Y,OPERATOR/DRIVER,,MASSACHUSETTS,,,,,,,,,MALE,,,,Y
6/14/15 2:30,Sunday,PASSENGER CAR,PASSENGER CAR,84,COLUMBIA  ST,,WASHINGTON ST,"84 COLUMBIA ST
Cambridge, MA
(42.36549284300003, -71.09868064399996)",,,"SIDESWIPE, SAME DIRECTION",ROADWAY,,DARK - LIGHTED ROADWAY,CLEAR,,STOP SIGNS,NO,DRY,,,NO,NO,,NON INTERSECTION,,,,,,,NORTHBOUND,10 FEET,WESTBOUND,,,,,,,OTHER,MOTOR VEHICLE,PAN,MA,PASSENGER CAR,,,,PARKED,2005,UNKNOWN MOVABLE OBJECT,ACCENT,HYUNDAI,1,,COLLISION WITH OTHER MOVABLE OBJECT,,,,LEFT REAR,LEFT SIDE,LEFT FRONT,,UNKNOWN,,,,,,,,,,,NO IMPROPER DRIVING,"OPERATING VEHICLE IN ERRATIC, RECKLESS, CARELESS,",,,,,,,NOT A BUS,NO,UNKNOWN,VA,PASSENGER CAR,,,Y,TRAVELING STRAIGHT AHEAD,,COLLISION WITH PARKED MOTOR VEHICLE,UNKNOWN,DODGE,4,,COLLISION WITH PARKED MOTOR VEHICLE,OTHER,,,RIGHT FRONT,RIGHT SIDE,RIGHT REAR,,NORTHBOUND,,,,,,,,,,,UNKNOWN,NO IMPROPER DRIVING,,,,,,UNKNOWN,,,UNINVOLVED OWNER,,MASSACHUSETTS,"D, CLASS D VEHICLES",,,,,,,38,MALE,,,,Y,OPERATOR/DRIVER,,,UNKNOWN,,,,,,,,UNKNOWN,,,,
6/19/15 19:00,Friday,LIGHT TRUCK,,,MASS AVE,,DOUGLAS ST,"MASS AVE
Cambridge, MA
(42.393434712000044, -71.12577890299997)",1,,"SIDESWIPE, SAME DIRECTION",ROADWAY,COLLISION WITH PEDALCYCLE,DUSK,UNKNOWN,,NO CONTROLS,,DRY,NOT AT INTERSECTION,"TWO-WAY, NOT DIVIDED",NO,NO,,NON INTERSECTION,,,,,,,,,,,,,,,,,,PAN,MA,LIGHT TRUCK,,,,LEAVING TRAFFIC LANE,2000,COLLISION WITH PEDALCYCLE,FOREST,SUBA,1,,COLLISION WITH PEDALCYCLE,,,,UNKNOWN,,,,EASTBOUND,,,,,,,,,,,UNKNOWN,,,,,,,,,,,,,,,,,,,,,,,,,,,,,,,,,,,,,,,,,,,,,,,,,,,,OPERATOR/DRIVER,,MASSACHUSETTS,,,,,,,,,FEMALE,,,,Y,NON-MOTORIST,NON FATAL INJURY - POSSIBLE,,,,,CYCLIST,"WALKING, RUNNING OR CYCLING",CYCLIST,UNKNOWN,,MALE,,,,
2/9/15 12:00,Monday,PASSENGER CAR,LIGHT TRUCK,,BROADWAY,COLUMBIA ST,,"BROADWAY &amp; COLUMBIA ST
Cambridge, MA
(42.36679362800004, -71.10600609899996)",,,UNKNOWN,ROADWAY,COLLISION WITH MOTOR VEHICLE IN TRAFFIC,DAYLIGHT,SNOW,,TRAFFIC CONTROL SIGNAL,YES,SNOW,FOUR WAY INTERSECTION,"TWO-WAY, NOT DIVIDED",NO,NO,,INTERSECTION,BROADWAY,,COLUMBIA ST,,,,,,,,,,,,,,,TAN,MA,PASSENGER CAR,,,,TRAVELING STRAIGHT AHEAD,2008,COLLISION WITH MOTOR VEHICLE IN TRAFFIC,CAMRY,TOY,2,,COLLISION WITH MOTOR VEHICLE IN TRAFFIC,,,,LEFT SIDE,,,,EASTBOUND,,,,,,,,,,,,,,,,,,,,,PAN,MA,LIGHT TRUCK,,,Y,BACKING,2005,COLLISION WITH MOTOR VEHICLE IN TRAFFIC,XTERRA,NISS,1,,COLLISION WITH MOTOR VEHICLE IN TRAFFIC,,,,UNKNOWN,,,,SOUTHBOUND,,,,,,,,,,,UNKNOWN,,,,,,,,,,OPERATOR/DRIVER,NO INJURY,MASSACHUSETTS,,,,,,,,,MALE,"FRONT SEAT - LEFT SIDE, OR MOTORCYLE DRIVER",UNKNOWN,NOT TRAPPED,,OCCUPANT/PASSENGER,UNKNOWN,,,,,,,,,,MALE,UNKNOWN,UNKNOWN,NOT TRAPPED,