Date Time,Day of Week,Object 1,Object 2,Street Number,Street Name,Cross Street,Near Street,Location,May involve cyclist,May Involve Pedestrian,Manner of Collision,First Harmful Event Location,First Harmful Event,Ambient Light,Weather Condition 1,Weather Condition 2,Traffic Control Device Type,Traffic Control Device Functionality,Road Surface Condition,Roadway Junction Type,Trafficway Description,School Bus Related,Work Zone,Speed Limit,Street or Intersection,Intersection Name 1,Intersection Direction 1,Intersection Name 2,Intersection Direction 2,Intersection Name 3,Intersection Direction 3,Street Direction,Nearest Intersection Distance,Nearest Intersection Direction,Landmark Distance,Landmark Direction,Landmark,Mile Marker Direction,Non Public Area,Road Contributing,Damaged Property Type,Description of Damaged Property,V1 Registration Type,v1 State Code,V1 Configuration,V1 Emergency Response,V1 Moped,V1 Hit and Run,V1 Action Prior to Crash,V1 Model Year,V1 Most Harmful Event,V1 Model,V1 Make,V1 Occupant Count,V1 Underride Override,V1 First Event,V1 Second Event,V1 Third Event,V1 Fourth Event,V1 Most Damaged Area,V1 Second Damaged Area,V1 Third Damaged Area,V1 Towed,V1 Travel Direction,V1 Interstate,V1 Cargo Body Type,V1 Gross Weight,V1 Haz Placard,V1 Haz Release,V1 Trailer Reg Type,V1 Trailer Reg Plate,V1 Trailer Reg State,V1 Trailer Reg Year,V1 Trailer Len,V1 Driver Contribution,V1 Driver Contribution 2,V1 Is Truck,V1 Has Trailer,V1 Is Bus,V1 Is Hazmat,V1 Reg Year,V1 Driver Distracted,V1 Bus Use,V1 Tow Use,V2 Registration Type,V2 State Code,V2 Configuration,V2 Emergency Response,V2 Moped,V2 Hit and Run,V2 Action Prior to Crash,V2 Model Year,V2 Most Harmful Event,V2 Model,V2 Make,V2 Occupant Count,V2 Underride Override,V2 First Event,V2 Second Event,V2 Third Event,V2 Fourth Event,V2 Most Damaged Area,V2 Second Damaged Area,V2 Third Damaged Area,V2 Towed,V2 Travel Direction,V2 Interstate,V2 Cargo Body Type,V2 Gross Weight,V2 Haz Placard,V2 Haz Release,V2 Trailer Reg Type,V2 Trailer Reg Plate,V2 Trailer Reg State,V2 Trailer Reg Year,V2 Trailer Len,V2 Driver Contribution,V2 Driver Contribution 2,V2 Is Truck,V2 Has Trailer,V2 Is Bus,V2 Is Hazmat,V2 Reg Year,V2 Driver Distracted,V2 Bus Use,V2 Tow Use,P1 Role,P1 Injury,P1 Drivers Lic State,P1 Drivers Lic Class 1,P1 Drivers Lic Class 2,P1 Drivers Lic Restrict,P1 Non Motorist Desc,P1 Non Motorist Action,P1 Non Motorist Location,P1 Safety Equipment,P1 Age,P1 Sex,P1 Seat Position,P1 Safety System,P1 Trapped,P1 Veh Owner,P2 Role,P2 Injury,P2 Drivers Lic State,P2 Drivers Lic Class 1,P2 Drivers Lic Class 2,P2 Drivers Lic Restrict,P2 Non Motorist Desc,P2 Non Motorist Action,P2 Non Motorist Location,P2 Safety Equipment,P2 Age,P2 Sex,P2 Seat Position,P2 Safety System,P2 Trapped,P2 Veh Owner
6/22/15 13:24,Monday,PASSENGER CAR,PASSENGER CAR,,STAR MARKET PORTER SQ LOT,,,"STAR MARKET PORTER SQ LOT
Cambridge, MA
(42.36679362800004, -71.10600609899996)",,,REAR-END,OUTSIDE ROADWAY,COLLISION WITH PARKED MOTOR VEHICLE,DAYLIGHT,CLEAR,CLEAR,NO CONTROLS,,DRY,NOT AT INTERSECTION,,NO,NO,,NON INTERSECTION,,,,,,,,,,,,,,,NONE,,,PAN,MA,PASSENGER CAR,,,Y,PARKED,2006,COLLISION WITH PARKED MOTOR VEHICLE,RAV4,TOYOTA,0,,COLLISION WITH PARKED MOTOR VEHICLE,COLLISION WITH PARKED MOTOR VEHICLE,COLLISION WITH PARKED MOTOR VEHICLE,COLLISION WITH PARKED MOTOR VEHICLE,RIGHT REAR,,,,,,,,,,,,,,,NO IMPROPER DRIVING,NO IMPROPER DRIVING,,,,,,NOT DISTRACTED,,,PAN,MA,PASSENGER CAR,,,Y,UNKNOWN,2013,UNKNOWN,JETTA,VOLKSWAGEN,1,,UNKNOWN,UNKNOWN,UNKNOWN,UNKNOWN,UNKNOWN,UNKNOWN,UNKNOWN,,UNKNOWN,,,,,,,,,,,,UNKNOWN,,,,,,UNKNOWN,,,UNINVOLVED OWNER,,,,,,,,,,,FEMALE,,,,Y,,,,,,,,,,,,,,,,
5/11/15 13:28,Monday,PASSENGER CAR,LIGHT TRUCK,415,MAIN STREET,,AMES STREET,"415 MAIN STREET
Cambridge, MA
(42.36263794900003, -71.08829832199996)",,,REAR-END,ROADWAY,COLLISION WITH PARKED MOTOR VEHICLE,DAYLIGHT,CLEAR,,NO CONTROLS,NO,DRY,NOT AT INTERSECTION,,NO,NO,,NON INTERSECTION,,,,,,,WESTBOUND,,SOUTHBOUND,,,,,,,,,PAN,MA,PASSENGER CAR,,,,PARKED,2013,,FOCUS,FORD,3,,COLLISION WITH MOTOR VEHICLE IN TRAFFIC,,,,REAR CENTER,,,,WESTBOUND,,,,,,,,,,,UNKNOWN,,,,,,,,,,PAN,MA,LIGHT TRUCK,,,,TRAVELING STRAIGHT AHEAD,2003,COLLISION WITH PARKED MOTOR VEHICLE,F150,FORD,1,,COLLISION WITH PARKED MOTOR VEHICLE,,,,NONE,,,,,,,,,,,,,,,UNKNOWN,,,,,,,,,,OPERATOR/DRIVER,NO INJURY,,,,,,,,,,MALE,"FRONT SEAT - LEFT SIDE, OR MOTORCYLE DRIVER",SHOULDER AND LAP BELT USED,NOT TRAPPED,,OCCUPANT/PASSENGER,NO INJURY,MASSACHUSETTS,,,,,,,,,FEMALE,FRONT SEAT - RIGHT SIDE,SHOULDER AND LAP BELT USED,NOT TRAPPED,Y
4/10/15 20:12,Friday,SINGLE UNIT TRUCK (2 AXLES - 6 TIRES),,,CAMBRIDGE STREET,,WINDSOR STRTEET,"CAMBRIDGE STREET
Cambridge, MA
(42.375468641000055, -71.11429857799999)",,1,,,COLLISION WITH PEDESTRIAN,DARK - LIGHTED ROADWAY,CLEAR,,NO CONTROLS,,DRY,NOT AT INTERSECTION,"TWO-WAY, NOT DIVIDED",NO,NO,,NON INTERSECTION,,,,,,,EASTBOUND,,SOUTHBOUND,,,SHELL GAS STATION .,,,NONE,,,CON,MA,SINGLE UNIT TRUCK (2 AXLES - 6 TIRES),,,,TURNING LEFT,2014,COLLISION WITH PEDESTRIAN,M2   TRUCK,FRTH,1,,COLLISION WITH PEDESTRIAN,,,,,,,,EASTBOUND,,,,,,,,,,,FAILED TO YIELD THE RIGHT OF WAY,,Y,,,,,UNKNOWN,,,,,,,,,,,,,,,,,,,,,,,,,,,,,,,,,,,,,,,,,,,,,OPERATOR/DRIVER,,MASSACHUSETTS,,,,,,,,,MALE,,,,Y,NON-MOTORIST,,,,,,,,,,,FEMALE,,,,
3/2/15 17:00,Monday,PASSENGER CAR,,,PORTER RD,,MASS AVE,"62/64 PORTER RD
Cambridge, MA
(42.38946910300007, -71.12147716799996)",,,UNKNOWN,ROADWAY,COLLISION WITH PARKED MOTOR VEHICLE,UNKNOWN,CLOUDY,,NO CONTROLS,,WET,NOT AT INTERSECTION,"TWO-WAY, NOT DIVIDED",NO,NO,,NON INTERSECTION,,,,,,,,,,,,,,,,,,PASS,PA,PASSENGER CAR,,,,PARKED,2006,COLLISION WITH MOTOR VEHICLE IN TRAFFIC,JETTA,VOLK,0,,COLLISION WITH MOTOR VEHICLE IN TRAFFIC,,,,LEFT SIDE,LEFT REAR,,,,,,,,,,,,,,,,,,,,,,,,PAN,MA,,,,Y,,,,,,,,,,,,,,,,,,,,,,,,,,,,,,,,,,,,,UNINVOLVED OWNER,,,,,,,,,,,FEMALE,,,,Y,,,,,,,,,,,,,,,,
5/7/15 21:54,Thursday,OTHER,LIGHT TRUCK,,SIDNEY ST,CHESTNUT ST,,"SIDNEY ST &amp; CHESTNUT ST
Cambridge, MA
(42.36679362800004, -71.10600609899996)",,,"SIDESWIPE, SAME DIRECTION",ROADSIDE,COLLISION WITH PARKED MOTOR VEHICLE,DAYLIGHT,CLEAR,,NO CONTROLS,,DRY,FOUR WAY INTERSECTION,"TWO-WAY, NOT DIVIDED",NO,NO,25,INTERSECTION,SIDNEY ST,SOUTHBOUND,CHESTNUT ST,WESTBOUND,,,,,,,,,,,NONE,,,MVN,MA,OTHER,Y,,,TURNING RIGHT,2013,COLLISION WITH PARKED MOTOR VEHICLE,LADDER,PIERCE,3,,COLLISION WITH PARKED MOTOR VEHICLE,,,,NONE,,,,WESTBOUND,,,,,,,,,,,NO IMPROPER DRIVING,,,,,,,NOT DISTRACTED,,,PAN,MA,LIGHT TRUCK,,,,PARKED,2014,COLLISION WITH MOTOR VEHICLE IN TRAFFIC,ESCAPE,FORD,0,,COLLISION WITH MOTOR VEHICLE IN TRAFFIC,COLLISION WITH MOTOR VEHICLE IN TRAFFIC,COLLISION WITH MOTOR VEHICLE IN TRAFFIC,,LEFT REAR,,,,,,,,,,,,,,,NO IMPROPER DRIVING,,,,,,,NOT DISTRACTED,,,OPERATOR/DRIVER,NO INJURY,MASSACHUSETTS,,,,,,,,,MALE,"FRONT SEAT - LEFT SIDE, OR MOTORCYLE DRIVER",UNKNOWN,NOT TRAPPED,,UNINVOLVED OWNER,,MASSACHUSETTS,"D, CLASS D VEHICLES",,CORRECTIVE LENSES,,,,,,MALE,,,,Y
3/21/15 19:53,Saturday,LIGHT TRUCK,LIGHT TRUCK,,PROSPECT STREET,BROADWAY,,"PROSPECT STREET &amp; BROADWAY
Cambridge, MA
(42.36679362800004, -71.10600609899996)",,,ANGLE,ROADWAY,COLLISION WITH MOTOR VEHICLE IN TRAFFIC,DARK - LIGHTED ROADWAY,CLEAR,,,YES,DRY,FOUR WAY INTERSECTION,"TWO-WAY, NOT DIVIDED",NO,NO,,INTERSECTION,PROSPECT STREET,,BROADWAY,,,,,,,,,,,,NONE,,,PAN,MA,LIGHT TRUCK,,,,TURNING LEFT,2010,COLLISION WITH MOTOR VEHICLE IN TRAFFIC,ACADIA,GMC,1,,COLLISION WITH MOTOR VEHICLE IN TRAFFIC,,,,LEFT FRONT,,,,NORTHBOUND,,,,,,,,,,,UNKNOWN,,,,,,,UNKNOWN,,NO,PAN,MA,LIGHT TRUCK,,,,TRAVELING STRAIGHT AHEAD,1997,COLLISION WITH MOTOR VEHICLE IN TRAFFIC,GRAND CHEROKEE,JEEP,1,,COLLISION WITH MOTOR VEHICLE IN TRAFFIC,,,,LEFT FRONT,CENTER FRONT,,,SOUTHBOUND,,,,,,,,,,,UNKNOWN,,,,,,,UNKNOWN,,NO,OPERATOR/DRIVER,NO INJURY,MASSACHUSETTS,"D, CLASS D VEHICLES",,,,,,,,MALE,"FRONT SEAT - LEFT SIDE, OR MOTORCYLE DRIVER",UNKNOWN,NOT TRAPPED,Y,OPERATOR/DRIVER,NO INJURY,MASSACHUSETTS,"D, CLASS D VEHICLES",,,,,,,,MALE,"FRONT SEAT - LEFT SIDE, OR MOTORCYLE DRIVER",UNKNOWN,NOT TRAPPED,
2/23/15 9:46,Monday,PASSENGER CAR,,80,FAWCETT,,,"80 FAWCETT
Cambridge, MA
(42.391861455000026, -71.14610928399998)",,,"SIDESWIPE, SAME DIRECTION",,,UNKNOWN,CLEAR,,NO CONTROLS,,WET,NOT AT INTERSECTION,"TWO-WAY, NOT DIVIDED",NO,NO,,NON INTERSECTION,,,,,,,,,,,,,,,,,,PAN,MA,PASSENGER CAR,,,Y,PARKED,2010,COLLISION WITH MOTOR VEHICLE IN TRAFFIC,,MAZDA,0,,COLLISION WITH MOTOR VEHICLE IN TRAFFIC,,,,,,,,,,,,,,,,,,,NO IMPROPER DRIVING,,,,,,,,,,,,,,,,,,,,,,,,,,,,,,,,,,,,,,,,,,,,,,,,,,,,UNINVOLVED OWNER,,MASSACHUSETTS,,,,,,,,,FEMALE,,,,Y,,,,,,,,,,,,,,,,
4/18/15 6:24,Saturday,LIGHT TRUCK,PASSENGER CAR,,CAMBRIDGE ST,FIRST ST,,"CAMBRIDGE ST &amp; FIRST ST
Cambridge, MA
(42.36679362800004, -71.10600609899996)",,,REAR-END,ROADWAY,,DAYLIGHT,CLOUDY,,TRAFFIC CONTROL SIGNAL,YES,DRY,T-INTERSECTION,"TWO-WAY, DIVIDED, UNPROTECTED MEDIAN",NO,NO,30,INTERSECTION,CAMBRIDGE ST,EASTBOUND,FIRST ST,,,,,,,,,,,,NONE,,,PAN,MA,LIGHT TRUCK,,,,SLOWING OR STOPPED IN TRAFFIC,2009,COLLISION WITH MOTOR VEHICLE IN TRAFFIC,CRV,HONDA,1,,COLLISION WITH MOTOR VEHICLE IN TRAFFIC,,,,RIGHT REAR,REAR CENTER,LEFT REAR,,EASTBOUND,,,,,,,,,,,NO IMPROPER DRIVING,,,,,,,NOT DISTRACTED,,NO,PAN,MA,PASSENGER CAR,,,,TRAVELING STRAIGHT AHEAD,2010,COLLISION WITH MOTOR VEHICLE IN TRAFFIC,COROLLA,TOYOTA,1,,COLLISION WITH MOTOR VEHICLE IN TRAFFIC,,,,RIGHT FRONT,CENTER FRONT,LEFT FRONT,,EASTBOUND,,,,,,,,,,,INATTENTION,FOLLOWED TO CLOSELY,,,,,,NOT DISTRACTED,,NO,OPERATOR/DRIVER,NO INJURY,MASSACHUSETTS,"D, CLASS D VEHICLES",,,,,,,,MALE,"FRONT SEAT - LEFT SIDE, OR MOTORCYLE DRIVER",SHOULDER AND LAP BELT USED,NOT TRAPPED,Y,OPERATOR/DRIVER,NO INJURY,MASSACHUSETTS,"D, CLASS D VEHICLES",,,,,,,,FEMALE,"FRONT SEAT - LEFT SIDE, OR MOTORCYLE DRIVER",SHOULDER AND LAP BELT USED,NOT TRAPPED,Y
5/13/15 22:31,Wednesday,PASSENGER CAR,PASSENGER CAR,1334,CAMBRIDGE STREET,,,"1334 CAMBRIDGE STREET
Cambridge, MA
(42.373572323000076, -71.09983335699997)",,,UNKNOWN,ROADSIDE,COLLISION WITH PARKED MOTOR VEHICLE,DARK - LIGHTED ROADWAY,CLEAR,,NO CONTROLS,NO,DRY,NOT AT INTERSECTION,"TWO-WAY, DIVIDED, UNPROTECTED MEDIAN",NO,NO,,NON INTERSECTION,,,,,,,EASTBOUND,,,,EASTBOUND,S&S,,,NONE,,,PAN,MA,PASSENGER CAR,,,Y,PARKED,2014,COLLISION WITH OTHER MOVABLE OBJECT,IS250,LEXUS,2,,COLLISION WITH OTHER MOVABLE OBJECT,,,,LEFT REAR,,,,UNKNOWN,,,,,,,,,,,UNKNOWN,,,,,,,UNKNOWN,,,PAN,MA,PASSENGER CAR,,,Y,,2011,,PILOT,HONDA,,,,,,,,,,,,,,,,,,,,,,,,,,,,,,,,,,,,,,,,,,,,,,,,,,,,,,,,,,,,,,,
7/18/15 13:35,Saturday,PASSENGER CAR,MOTORCYCLE,329,BROADWAY,,AMORY ST,"329 BROADWAY
Cambridge, MA
(42.369645640000044, -71.10176930899996)",,,,,,,,,,,,,,,,,NON INTERSECTION,,,,,,,NORTHBOUND,,EASTBOUND,,,,NORTHBOUND,,,,,PAN,MA,PASSENGER CAR,,,,BACKING,2011,COLLISION WITH PARKED MOTOR VEHICLE,CAMRY,TOYOTA,1,,COLLISION WITH PARKED MOTOR VEHICLE,,,,REAR CENTER,,,,NORTHBOUND,,,,,,,,,,,VISIBILITY OBSTRUCTED,INATTENTION,,,,,,,,,PAN,MA,MOTORCYCLE,,,,PARKED,2002,COLLISION WITH PARKED MOTOR VEHICLE,MOTORCYCLE,TRIUMPH,0,,COLLISION WITH PARKED MOTOR VEHICLE,,,,LEFT SIDE,,,,,,,,,,,,,,,NO IMPROPER DRIVING,,,,,,,,,,UNINVOLVED OWNER,,,,,,,,,,,MALE,,,,Y,OPERATOR/DRIVER,NO INJURY,MASSACHUSETTS,,,,,,,,,MALE,"FRONT SEAT - LEFT SIDE, OR MOTORCYLE DRIVER",SHOULDER AND LAP BELT USED,NOT TRAPPED,
5/4/15 20:54,Monday,PASSENGER CAR,,,HURON AVE,GROZIER RD,,"HURON AVE &amp; GROZIER RD
Cambridge, MA
(42.36679362800004, -71.10600609899996)",,1,ANGLE,ROADWAY,,DAYLIGHT,CLEAR,,NO CONTROLS,,DRY,T-INTERSECTION,"TWO-WAY, NOT DIVIDED",NO,NO,,INTERSECTION,HURON AVE,EASTBOUND,GROZIER RD,SOUTHBOUND,,,,,,,,,,,NONE,,,PAN,MA,PASSENGER CAR,,,,TRAVELING STRAIGHT AHEAD,2010,COLLISION WITH PEDESTRIAN,3,MAZDA,1,,COLLISION WITH PEDESTRIAN,,,,RIGHT FRONT,,,,EASTBOUND,,,,,,,,,,,NO IMPROPER DRIVING,,,,,,,NOT DISTRACTED,,,,,,,,,,,,,,,,,,,,,,,,,,,,,,,,,,,,,,,,,,,,,OPERATOR/DRIVER,,MASSACHUSETTS,,,,,,,,,FEMALE,,,,Y,WITNESS,,,,,,,,,,,FEMALE,,,,
1/27/15 16:14,Tuesday,PASSENGER CAR,,362,RINDGE AVENUE,,,"362 RINDGE AVENUE
Cambridge, MA
(42.393858143000045, -71.13842738699998)",,,UNKNOWN,UNKNOWN,UNKNOWN,DAYLIGHT,SNOW,,NO CONTROLS,,SNOW,NOT AT INTERSECTION,,NO,NO,,NON INTERSECTION,,,,,,,EASTBOUND,,,,,,,,UNKNOWN,,,PAN,MA,PASSENGER CAR,,,Y,PARKED,2014,UNKNOWN,CLA250,MERCEDES,0,,UNKNOWN,,,,RIGHT REAR,,,,WESTBOUND,,,,,,,,,,,NO IMPROPER DRIVING,,,,,,,NOT DISTRACTED,,,,,,,,,,,,,,,,,,,,,,,,,,,,,,,,,,,,,,,,,,,,,UNINVOLVED OWNER,,,,,,,,,,,MALE,,,,Y,,,,,,,,,,,,,,,,
6/1/15 19:19,Monday,PASSENGER CAR,,135,WESTERN AVE,,,"135 WESTERN AVE
Cambridge, MA
(42.364947373000064, -71.10865295099995)",,,"SIDESWIPE, SAME DIRECTION",ROADSIDE,,DAYLIGHT,RAIN,,NO CONTROLS,,WET,NOT AT INTERSECTION,"ONE-WAY, NOT DIVIDED",NO,NO,,NON INTERSECTION,,,,,,,WESTBOUND,,,,,,,,NONE,,,PAN,MA,PASSENGER CAR,,,,PARKED,2011,COLLISION WITH MOTOR VEHICLE IN TRAFFIC,ELANTRA,HYUNDAI,0,,COLLISION WITH MOTOR VEHICLE IN TRAFFIC,,,,LEFT FRONT,LEFT SIDE,,,,,,,,,,,,,,,,,,,,,,,,UNKNOWN,MA,,,,Y,TRAVELING STRAIGHT AHEAD,,COLLISION WITH PARKED MOTOR VEHICLE,TRUCK,UNKNOWN,1,,COLLISION WITH PARKED MOTOR VEHICLE,,,,,,,,WESTBOUND,,UNKNOWN,,,,,,,,,UNKNOWN,,Y,,,,,UNKNOWN,,,UNINVOLVED OWNER,,MASSACHUSETTS,,,,,,,,,FEMALE,,,,,WITNESS,,,,,,,,,,,UNKNOWN,,,,
2/11/15 10:32,Wednesday,PASSENGER CAR,PASSENGER CAR,,HARVARD STREET,HANCOCK STREET,,"HARVARD STREET &amp; HANCOCK STREET
Cambridge, MA
(42.36679362800004, -71.10600609899996)",,,ANGLE,ROADWAY,COLLISION WITH MOTOR VEHICLE IN TRAFFIC,DAYLIGHT,SNOW,SNOW,STOP SIGNS,YES,SNOW,FOUR WAY INTERSECTION,"TWO-WAY, NOT DIVIDED",NO,NO,30,INTERSECTION,HARVARD STREET,EASTBOUND,HANCOCK STREET,NORTHBOUND,,,,,,,,,,,ROAD SURFACE CONDITION,,,PAN,MA,PASSENGER CAR,,,,TRAVELING STRAIGHT AHEAD,2007,,A4,AUDI,1,,COLLISION WITH MOTOR VEHICLE IN TRAFFIC,,,,CENTER FRONT,RIGHT FRONT,,,EASTBOUND,,,,,,,,,,,NO IMPROPER DRIVING,,,,,,,UNKNOWN,,NO,PAN,MA,PASSENGER CAR,,,,ENTERING TRAFFIC LANE,2014,,ACCORD,HONDA,1,,COLLISION WITH MOTOR VEHICLE IN TRAFFIC,,,,LEFT SIDE,,,Y,NORTHBOUND,,,,,,,,,,,UNKNOWN,UNKNOWN,,,,,,UNKNOWN,,YES OTHER REASON NOT DISABLED,OPERATOR/DRIVER,NO INJURY,MASSACHUSETTS,"D, CLASS D VEHICLES",,UNKNOWN,,,,,,MALE,"FRONT SEAT - LEFT SIDE, OR MOTORCYLE DRIVER",UNKNOWN,NOT TRAPPED,Y,OPERATOR/DRIVER,,MASSACHUSETTS,"D, CLASS D VEHICLES",,UNKNOWN,,,,,,FEMALE,,,,Y
7/7/15 19:29,Tuesday,LIGHT TRUCK,BUS SEATS MORE THAN 15 PEOPLE,,DUNSTER STREET,MT. AUBURN STREET,,"DUNSTER STREET &amp; MT. AUBURN STREET
Cambridge, MA
(42.36679362800004, -71.10600609899996)",,,ANGLE,ROADSIDE,COLLISION WITH PARKED MOTOR VEHICLE,DAYLIGHT,CLEAR,CLEAR,STOP SIGNS,,DRY,FOUR WAY INTERSECTION,"ONE-WAY, NOT DIVIDED",NO,YES,,INTERSECTION,DUNSTER STREET,SOUTHBOUND,MT. AUBURN STREET,EASTBOUND,,,,,,,,,,,NONE,,,PAN,MA,LIGHT TRUCK,,,Y,PARKED,2004,COLLISION WITH MOTOR VEHICLE IN TRAFFIC,RAINIER,BUICK,1,,COLLISION WITH MOTOR VEHICLE IN TRAFFIC,,,,LEFT FRONT,,,,SOUTHBOUND,,,,,,,,,,,NO IMPROPER DRIVING,,,,,,,,,,,TN,BUS SEATS MORE THAN 15 PEOPLE,,,,TURNING LEFT,,COLLISION WITH PARKED MOTOR VEHICLE,,,,,COLLISION WITH PARKED MOTOR VEHICLE,,,,,,,,EASTBOUND,,,,,,,,,,,OTHER IMPROPER ACTION,,,,Y,,,UNKNOWN,CHARTER/TOUR,,OPERATOR/DRIVER,NO INJURY,MASSACHUSETTS,,,,,,,,,MALE,"FRONT SEAT - LEFT SIDE, OR MOTORCYLE DRIVER",,,Y,,,,,,,,,,,,,,,,
2/23/15 12:30,Monday,LIGHT TRUCK,,,VALENTINE ST,,BROOKLINE ST,"VALENTINE ST
Cambridge, MA
(42.36040828400007, -71.10603854699997)",,,"SIDESWIPE, SAME DIRECTION",ROADWAY,COLLISION WITH PARKED MOTOR VEHICLE,DAYLIGHT,CLOUDY,,NO CONTROLS,,WET,NOT AT INTERSECTION,"ONE-WAY, NOT DIVIDED",NO,NO,,NON INTERSECTION,,,,,,,,,,,,,,,,,,COMM,CT,LIGHT TRUCK,,,,PARKED,2011,COLLISION WITH MOTOR VEHICLE IN TRAFFIC,TRANSIT,FORD,0,,COLLISION WITH MOTOR VEHICLE IN TRAFFIC,,,,RIGHT SIDE,,,,,,,,,,,,,,,,,,,,,,,,,PAN,MA,,,,Y,,,,,,,,,,,,,,,,,,,,,,,,,,,,,,,,,,,,,UNINVOLVED OWNER,,,,,,,,,,,UNKNOWN,,,,Y,,,,,,,,,,,,,,,,
1/10/15 9:55,Saturday,LIGHT TRUCK,,,PROSPECT ST,HARVARD ST,,"PROSPECT ST &amp; HARVARD ST
Cambridge, MA
(42.36679362800004, -71.10600609899996)",1,,ANGLE,ROADWAY,COLLISION WITH PEDALCYCLE,DAYLIGHT,CLEAR,,TRAFFIC CONTROL SIGNAL,YES,DRY,FOUR WAY INTERSECTION,"TWO-WAY, DIVIDED, UNPROTECTED MEDIAN",NO,NO,,INTERSECTION,PROSPECT ST,,HARVARD ST,,,,,,,,,,,,NONE,,,,MA,LIGHT TRUCK,,,Y,TURNING LEFT,,COLLISION WITH PEDALCYCLE,TACOMA,TOYOTA,1,,COLLISION WITH PEDALCYCLE,,,,UNKNOWN,UNKNOWN,UNKNOWN,,,,,,,,,,,,,FAILED TO YIELD THE RIGHT OF WAY,,,,,,,UNKNOWN,,,,,,,,,,,,,,,,,,,,,,,,,,,,,,,,,,,,,,,,,,,,,NON-MOTORIST,NON FATAL INJURY - NON INCAPACITATING,,,,,CYCLIST,"WALKING, RUNNING OR CYCLING",,,,MALE,,,,,,,,,,,,,,,,,,,,
1/26/15 0:00,Monday,LIGHT TRUCK,,32,ESSEX ST,,ESSEX ST STUDIOS,"32 ESSEX ST
Cambridge, MA
(42.36664089400006, -71.10169354899995)",,,"SIDESWIPE, SAME DIRECTION",,,UNKNOWN,UNKNOWN,,,NO,SNOW,NOT AT INTERSECTION,,,,,NON INTERSECTION,,,,,,,EASTBOUND,,,,,,,,,,,PAN,MA,LIGHT TRUCK,,,Y,PARKED,2008,,EQUINOX,CHEVY,,,,,,,LEFT REAR,LEFT SIDE,,,,,,,,,,,,,,,,,,,,,,,,,,,,,,,,,,,,,,,,,,,,,,,,,,,,,,,,,,,,,,,,,,UNINVOLVED OWNER,,MASSACHUSETTS,,,,,,,,,FEMALE,,,,Y,,,,,,,,,,,,,,,,
5/5/15 17:51,Tuesday,PASSENGER CAR,TRUCK TRAILER,,HURLEY STREET,,SECOND STREET,"HURLEY STREET
Cambridge, MA
(42.36843983700004, -71.08166759599999)",,,"SIDESWIPE, SAME DIRECTION",ROADSIDE,,DAYLIGHT,CLEAR,,NO CONTROLS,,DRY,NOT AT INTERSECTION,"TWO-WAY, NOT DIVIDED",NO,NO,,NON INTERSECTION,,,,,,,EASTBOUND,,NORTHBOUND,,,,,,NONE,,,PAN,MA,PASSENGER CAR,,,,PARKED,2003,COLLISION WITH MOTOR VEHICLE IN TRAFFIC,COROLLA,TOYOTA,1,,COLLISION WITH MOTOR VEHICLE IN TRAFFIC,,,,,,,,,,,,,,,,,,,,,,,,,,,,,PAN,MA,TRUCK TRAILER,,,Y,TURNING LEFT,2012,COLLISION WITH PARKED MOTOR VEHICLE,TRAILER,INTL. UT,1,,COLLISION WITH PARKED MOTOR VEHICLE,,,,,,,,NORTHBOUND,,,,,,,,,,,UNKNOWN,,,,,,,UNKNOWN,,,OPERATOR/DRIVER,,MASSACHUSETTS,,,,,,,,,MALE,,,,,,,,,,,,,,,,,,,,
3/13/15 11:10,Friday,PASSENGER CAR,,1,WHITE STREET,,,"1 WHITE STREET
Cambridge, MA
(42.38864456500005, -71.11895064499998)",,,,,,,,,,,,,,,,,NON INTERSECTION,,,,,,,,,,,,,,,,,,PAN,MA,PASSENGER CAR,,,Y,PARKED,2014,,PRIUS,TOYOTA,,,,,,,REAR CENTER,,,,,,,,,,,,,,,,,,,,,,,,,,,,,,,,,,,,,,,,,,,,,,,,,,,,,,,,,,,,,,,,,,,UNINVOLVED OWNER,,,,,,,,,,,MALE,,,,Y,,,,,,,,,,,,,,,,
2/27/15 14:04,Friday,PASSENGER CAR,,,FULKERSON STREET,,,"Cambridge, MA
(42.36679362800004, -71.10600609899996)",,,"SIDESWIPE, SAME DIRECTION",ROADWAY,COLLISION WITH PARKED MOTOR VEHICLE,DAYLIGHT,CLEAR,,NO CONTROLS,,DRY,NOT AT INTERSECTION,"TWO-WAY, DIVIDED, UNPROTECTED MEDIAN",NO,NO,,INTERSECTION,FULKERSON STREET,NORTHBOUND,,,,,,,,,,,,,NONE,,,PAN,MA,PASSENGER CAR,,,Y,PARKED,2006,COLLISION WITH PARKED MOTOR VEHICLE,ELANTRA,HYUNDAI,1,,COLLISION WITH PARKED MOTOR VEHICLE,,,,LEFT SIDE,,,,NORTHBOUND,,,,,,,,,,,NO IMPROPER DRIVING,,,,,,,NOT DISTRACTED,,NO,,,,,,Y,TRAVELING STRAIGHT AHEAD,,COLLISION WITH PARKED MOTOR VEHICLE,,,1,,COLLISION WITH PARKED MOTOR VEHICLE,,,,RIGHT FRONT,RIGHT SIDE,RIGHT REAR,,NORTHBOUND,,,,,,,,,,,UNKNOWN,,,,,,,UNKNOWN,,NO,OPERATOR/DRIVER,NO INJURY,MASSACHUSETTS,,,,,,,,,MALE,"FRONT SEAT - LEFT SIDE, OR MOTORCYLE DRIVER",SHOULDER AND LAP BELT USED,NOT TRAPPED,,UNINVOLVED OWNER,,,,,,,,,,,FEMALE,,,,Y