Date Time,Day of Week,Object 1,Object 2,Street Number,Street Name,Cross Street,Near Street,Location,May involve cyclist,May Involve Pedestrian,Manner of Collision,First Harmful Event Location,First Harmful Event,Ambient Light,Weather Condition 1,Weather Condition 2,Traffic Control Device Type,Traffic Control Device Functionality,Road Surface Condition,Roadway Junction Type,Trafficway Description,School Bus Related,Work Zone,Speed Limit,Street or Intersection,Intersection Name 1,Intersection Direction 1,Intersection Name 2,Intersection Direction 2,Intersection Name 3,Intersection Direction 3,Street Direction,Nearest Intersection Distance,Nearest Intersection Direction,Landmark Distance,Landmark Direction,Landmark,Mile Marker Direction,Non Public Area,Road Contributing,Damaged Property Type,Description of Damaged Property,V1 Registration Type,v1 State Code,V1 Configuration,V1 Emergency Response,V1 Moped,V1 Hit and Run,V1 Action Prior to Crash,V1 Model Year,V1 Most Harmful Event,V1 Model,V1 Make,V1 Occupant Count,V1 Underride Override,V1 First Event,V1 Second Event,V1 Third Event,V1 Fourth Event,V1 Most Damaged Area,V1 Second Damaged Area,V1 Third Damaged Area,V1 Towed,V1 Travel Direction,V1 Interstate,V1 Cargo Body Type,V1 Gross Weight,V1 Haz Placard,V1 Haz Release,V1 Trailer Reg Type,V1 Trailer Reg Plate,V1 Trailer Reg State,V1 Trailer Reg Year,V1 Trailer Len,V1 Driver Contribution,V1 Driver Contribution 2,V1 Is Truck,V1 Has Trailer,V1 Is Bus,V1 Is Hazmat,V1 Reg Year,V1 Driver Distracted,V1 Bus Use,V1 Tow Use,V2 Registration Type,V2 State Code,V2 Configuration,V2 Emergency Response,V2 Moped,V2 Hit and Run,V2 Action Prior to Crash,V2 Model Year,V2 Most Harmful Event,V2 Model,V2 Make,V2 Occupant Count,V2 Underride Override,V2 First Event,V2 Second Event,V2 Third Event,V2 Fourth Event,V2 Most Damaged Area,V2 Second Damaged Area,V2 Third Damaged Area,V2 Towed,V2 Travel Direction,V2 Interstate,V2 Cargo Body Type,V2 Gross Weight,V2 Haz Placard,V2 Haz Release,V2 Trailer Reg Type,V2 Trailer Reg Plate,V2 Trailer Reg State,V2 Trailer Reg Year,V2 Trailer Len,V2 Driver Contribution,V2 Driver Contribution 2,V2 Is Truck,V2 Has Trailer,V2 Is Bus,V2 Is Hazmat,V2 Reg Year,V2 Driver Distracted,V2 Bus Use,V2 Tow Use,P1 Role,P1 Injury,P1 Drivers Lic State,P1 Drivers Lic Class 1,P1 Drivers Lic Class 2,P1 Drivers Lic Restrict,P1 Non Motorist Desc,P1 Non Motorist Action,P1 Non Motorist Location,P1 Safety Equipment,P1 Age,P1 Sex,P1 Seat Position,P1 Safety System,P1 Trapped,P1 Veh Owner,P2 Role,P2 Injury,P2 Drivers Lic State,P2 Drivers Lic Class 1,P2 Drivers Lic Class 2,P2 Drivers Lic Restrict,P2 Non Motorist Desc,P2 Non Motorist Action,P2 Non Motorist Location,P2 Safety Equipment,P2 Age,P2 Sex,P2 Seat Position,P2 Safety System,P2 Trapped,P2 Veh Owner
3/18/15 7:40,Wednesday,PASSENGER CAR,PASSENGER CAR,,SIXTH STREET,THORNDIKE ST,,"SIXTH STREET &amp; THORNDIKE ST
Cambridge, MA
(42.36679362800004, -71.10600609899996)",,,ANGLE,ROADWAY,COLLISION WITH MOTOR VEHICLE IN TRAFFIC,DAYLIGHT,CLEAR,,STOP SIGNS,YES,DRY,FOUR WAY INTERSECTION,"TWO-WAY, NOT DIVIDED",NO,NO,,INTERSECTION,SIXTH STREET,NORTHBOUND,THORNDIKE ST,EASTBOUND,,,,,,,,,,,NONE,,,PAN,MA,PASSENGER CAR,,,,TRAVELING STRAIGHT AHEAD,2006,COLLISION WITH MOTOR VEHICLE IN TRAFFIC,PASSAT,VOLKSWAGEN,1,,COLLISION WITH MOTOR VEHICLE IN TRAFFIC,,,,LEFT FRONT,LEFT SIDE,,Y,NORTHBOUND,,,,,,,,,,,NO IMPROPER DRIVING,,,,,,,,,,PAR,MA,PASSENGER CAR,,,,TRAVELING STRAIGHT AHEAD,2013,COLLISION WITH MOTOR VEHICLE IN TRAFFIC,CIVIC,HONDA,1,,COLLISION WITH MOTOR VEHICLE IN TRAFFIC,,,,RIGHT FRONT,RIGHT SIDE,,Y,EASTBOUND,,,,,,,,,,,FAILED TO YIELD THE RIGHT OF WAY,,,,,,,,,,OPERATOR/DRIVER,UNKNOWN,MASSACHUSETTS,,,,,,,,,FEMALE,"FRONT SEAT - LEFT SIDE, OR MOTORCYLE DRIVER",UNKNOWN,NOT TRAPPED,Y,OPERATOR/DRIVER,UNKNOWN,MASSACHUSETTS,,,,,,,,,FEMALE,"FRONT SEAT - LEFT SIDE, OR MOTORCYLE DRIVER",UNKNOWN,NOT TRAPPED,Y
2/19/15 4:22,Thursday,SINGLE UNIT TRUCK (2 AXLES - 6 TIRES),PASSENGER CAR,,FLAGG ST,PUTNAM,,"FLAGG ST &amp; PUTNAM
Cambridge, MA
(42.36679362800004, -71.10600609899996)",,,"SIDESWIPE, SAME DIRECTION",ROADWAY,,DARK - LIGHTED ROADWAY,SNOW,,NO CONTROLS,,SNOW,NOT AT INTERSECTION,"ONE-WAY, NOT DIVIDED",NO,NO,,INTERSECTION,FLAGG ST,SOUTHBOUND,PUTNAM,EASTBOUND,,,,,,,,,,,OTHER,,,CON,MA,SINGLE UNIT TRUCK (2 AXLES - 6 TIRES),,,,TRAVELING STRAIGHT AHEAD,2009,COLLISION WITH PARKED MOTOR VEHICLE,TRUCK,INTL,1,,COLLISION WITH PARKED MOTOR VEHICLE,,,,,,,,SOUTHBOUND,,,,,,,,,,,NO IMPROPER DRIVING,,,,,,,UNKNOWN,,,PAN,MA,PASSENGER CAR,,,,PARKED,2007,COLLISION WITH MOTOR VEHICLE IN TRAFFIC,CORR,TOYT,0,,COLLISION WITH MOTOR VEHICLE IN TRAFFIC,,,,RIGHT FRONT,CENTER FRONT,LEFT FRONT,,,,,,,,,,,,,NO IMPROPER DRIVING,,,,,,,NOT DISTRACTED,,,OPERATOR/DRIVER,NO INJURY,MASSACHUSETTS,"D, CLASS D VEHICLES",,,,,,,,MALE,"FRONT SEAT - LEFT SIDE, OR MOTORCYLE DRIVER",SHOULDER AND LAP BELT USED,NOT TRAPPED,,UNINVOLVED OWNER,,,,,,,,,,,UNKNOWN,,,,
5/19/15 21:57,Tuesday,PASSENGER CAR,PASSENGER CAR,126,BLANCHARD RD,,MANNIX CIRCLE,"126 BLANCHARD RD
Cambridge, MA
(42.389364261000026, -71.15724670299994)",,,REAR-END,ROADWAY,,DAYLIGHT,CLEAR,,NO CONTROLS,,DRY,NOT AT INTERSECTION,"TWO-WAY, NOT DIVIDED",NO,NO,,NON INTERSECTION,,,,,,,,,WESTBOUND,,,,NORTHBOUND,,NONE,,,PAN,MA,PASSENGER CAR,,,,SLOWING OR STOPPED IN TRAFFIC,2013,,200,CHRYSLER,1,,COLLISION WITH MOTOR VEHICLE IN TRAFFIC,,,,RIGHT REAR,,,,NORTHBOUND,,,,,,,,,,,NO IMPROPER DRIVING,,,,,,,NOT DISTRACTED,,,PAN,MA,PASSENGER CAR,,,,SLOWING OR STOPPED IN TRAFFIC,2009,COLLISION WITH MOTOR VEHICLE IN TRAFFIC,VERSA,NISSAN,1,,COLLISION WITH MOTOR VEHICLE IN TRAFFIC,,,,CENTER FRONT,REAR CENTER,,,NORTHBOUND,,,,,,,,,,,NO IMPROPER DRIVING,,,,,,,NOT DISTRACTED,,YES VEHICLE OR TRAILER DISABLED,OPERATOR/DRIVER,,MASSACHUSETTS,,,,,,,,,FEMALE,,,,Y,OPERATOR/DRIVER,,MASSACHUSETTS,,,,,,,,,MALE,,,,Y
2/11/15 9:30,Wednesday,PASSENGER CAR,PASSENGER CAR,,ALBANY ST,,PACIFIC ST,"ALBANY ST
Cambridge, MA
(42.360078816000055, -71.09770960099996)",,,REAR-END,ROADWAY,COLLISION WITH MOTOR VEHICLE IN TRAFFIC,DAYLIGHT,SNOW,,NO CONTROLS,,SNOW,NOT AT INTERSECTION,"TWO-WAY, NOT DIVIDED",NO,NO,,NON INTERSECTION,,,,,,,,,,,,,,,,,,PAN,MA,PASSENGER CAR,,,,TURNING RIGHT,2012,COLLISION WITH MOTOR VEHICLE IN TRAFFIC,FOCUS,FORD,1,,COLLISION WITH MOTOR VEHICLE IN TRAFFIC,,,,RIGHT REAR,REAR CENTER,LEFT REAR,,SOUTHBOUND,,,,,,,,,,,UNKNOWN,,,,,,,,,,PAN,MA,PASSENGER CAR,,,,TRAVELING STRAIGHT AHEAD,2007,,RABBIT,VOLK,1,,COLLISION WITH MOTOR VEHICLE IN TRAFFIC,,,,RIGHT FRONT,CENTER FRONT,LEFT FRONT,,SOUTHBOUND,,,,,,,,,,,UNKNOWN,,,,,,,,,,OPERATOR/DRIVER,NO INJURY,MASSACHUSETTS,"D, CLASS D VEHICLES",,,,,,,,FEMALE,"FRONT SEAT - LEFT SIDE, OR MOTORCYLE DRIVER",UNKNOWN,NOT TRAPPED,Y,OPERATOR/DRIVER,NO INJURY,MASSACHUSETTS,"D, CLASS D VEHICLES",,,,,,,,MALE,"FRONT SEAT - LEFT SIDE, OR MOTORCYLE DRIVER",UNKNOWN,NOT TRAPPED,
7/23/15 15:00,Thursday,LIGHT TRUCK,,18,WHITTIER ST,,,"18 WHITTIER ST
Cambridge, MA
(42.38721256400004, -71.12656953499999)",,,UNKNOWN,ROADWAY,COLLISION WITH MOTOR VEHICLE IN TRAFFIC,DAYLIGHT,CLEAR,,NO CONTROLS,,DRY,NOT AT INTERSECTION,"ONE-WAY, NOT DIVIDED",NO,NO,30,NON INTERSECTION,,,,,,,,,,,,,,,NONE,,,PAN,MA,LIGHT TRUCK,,,,PARKED,2011,COLLISION WITH MOTOR VEHICLE IN TRAFFIC,RAM150,DODGE,0,,COLLISION WITH MOTOR VEHICLE IN TRAFFIC,,,,RIGHT SIDE,,,,,,,,,,,,,,,NO IMPROPER DRIVING,,,,,,,,,NO,UNKNOWN,,,,,Y,UNKNOWN,,UNKNOWN,UNKNOWN,UNKNOWN,,,COLLISION WITH PARKED MOTOR VEHICLE,,,,,,,,UNKNOWN,,,,,,,,,,,UNKNOWN,,,,,,,,,NO,OPERATOR/DRIVER,NO INJURY,MASSACHUSETTS,"D, CLASS D VEHICLES",,,,,,,,FEMALE,,,,,UNINVOLVED OWNER,,MASSACHUSETTS,"D, CLASS D VEHICLES",,,,,,,,MALE,,,,
5/9/15 22:40,Saturday,PASSENGER CAR,PASSENGER CAR,,JFK AND WINTHROP ST.,,,"N/A JFK AND WINTHROP ST.
Cambridge, MA
(42.36679362800004, -71.10600609899996)",,,"SIDESWIPE, OPPOSITE DIRECTION",ROADSIDE,COLLISION WITH PARKED MOTOR VEHICLE,DARK - LIGHTED ROADWAY,CLEAR,CLEAR,NO CONTROLS,,DRY,NOT AT INTERSECTION,,NO,NO,,NON INTERSECTION,,,,,,,NORTHBOUND,,,,,,,,NONE,,,PAN,MI,PASSENGER CAR,,,,TRAVELING STRAIGHT AHEAD,2003,COLLISION WITH PARKED MOTOR VEHICLE,ENVOY,GMC,2,,COLLISION WITH PARKED MOTOR VEHICLE,,,,LEFT SIDE,LEFT REAR,,,NORTHBOUND,,,,,,,,,,,NO IMPROPER DRIVING,,,,,,,NOT DISTRACTED,,,PAN,MA,PASSENGER CAR,,,,PARKED,2004,COLLISION WITH MOTOR VEHICLE IN TRAFFIC,RX330,LEXUS,3,,COLLISION WITH MOTOR VEHICLE IN TRAFFIC,,,,RIGHT FRONT,,,,NOT REPORTED,,,,,,,,,,,NO IMPROPER DRIVING,,,,,,,NOT DISTRACTED,,,OPERATOR/DRIVER,,MICHIGAN,,,,,,,,,MALE,,,,Y,OPERATOR/DRIVER,,MASSACHUSETTS,,,,,,,,,FEMALE,,,,
6/4/15 10:00,Thursday,PASSENGER CAR,PASSENGER CAR,,CAMBRIDGE STREET,FAYETTE STREET,,"CAMBRIDGE STREET &amp; FAYETTE STREET
Cambridge, MA
(42.36679362800004, -71.10600609899996)",,,ANGLE,UNKNOWN,,DAYLIGHT,CLEAR,,STOP SIGNS,,DRY,T-INTERSECTION,"TWO-WAY, NOT DIVIDED",NO,NO,,INTERSECTION,CAMBRIDGE STREET,EASTBOUND,FAYETTE STREET,WESTBOUND,,,,,,,,,,,,,,PAN,MA,PASSENGER CAR,,,,TURNING LEFT,2005,,IMPREZA,SUBARU,1,,COLLISION WITH MOTOR VEHICLE IN TRAFFIC,,,,RIGHT FRONT,,,,WESTBOUND,,,,,,,,,,,UNKNOWN,,,,,,,,,,PAN,NH,PASSENGER CAR,,,,TRAVELING STRAIGHT AHEAD,2005,,TAURUS,FORD,2,,COLLISION WITH MOTOR VEHICLE IN TRAFFIC,,,,RIGHT FRONT,,,Y,EASTBOUND,,,,,,,,,,,UNKNOWN,,,,,,,,,YES VEHICLE OR TRAILER DISABLED,OPERATOR/DRIVER,,MASSACHUSETTS,"D, CLASS D VEHICLES",,,,,,,,MALE,"FRONT SEAT - LEFT SIDE, OR MOTORCYLE DRIVER",UNKNOWN,,Y,OPERATOR/DRIVER,,NEW HAMPSHIRE,,,,,,,,,MALE,"FRONT SEAT - LEFT SIDE, OR MOTORCYLE DRIVER",UNKNOWN,,Y
1/29/15 15:39,Thursday,LIGHT TRUCK,,,AMES STREET,MAIN STREET,,"AMES STREET &amp; MAIN STREET
Cambridge, MA
(42.36679362800004, -71.10600609899996)",,,"SIDESWIPE, SAME DIRECTION",ROADWAY,COLLISION WITH PARKED MOTOR VEHICLE,DAYLIGHT,CLEAR,CLEAR,NO CONTROLS,YES,SNOW,FOUR WAY INTERSECTION,"TWO-WAY, NOT DIVIDED",NO,NO,30,INTERSECTION,AMES STREET,EASTBOUND,MAIN STREET,NORTHBOUND,,,,,,,,,,,NONE,,,PAN,MA,LIGHT TRUCK,,,Y,PARKED,2001,COLLISION WITH PARKED MOTOR VEHICLE,4 RUNNER,TOYOTA,0,,COLLISION WITH PARKED MOTOR VEHICLE,,,,LEFT FRONT,LEFT SIDE,,,NORTHBOUND,,,,,,,,,,,UNKNOWN,,,,,,,UNKNOWN,,NO,,,,,,,,,,,,,,,,,,,,,,,,,,,,,,,,,,,,,,,,,,,UNINVOLVED OWNER,,MASSACHUSETTS,,,,,,,,,MALE,,,,Y,,,,,,,,,,,,,,,,
7/6/15 14:59,Monday,PASSENGER CAR,,42,LINNAEAN ST,,,"42 LINNAEAN ST
Cambridge, MA
(42.383503836000045, -71.12351816799998)",,,SINGLE VEHICLE CRASH,OUTSIDE ROADWAY,,DAYLIGHT,CLEAR,,NO CONTROLS,,DRY,NOT AT INTERSECTION,"TWO-WAY, NOT DIVIDED",NO,NO,,NON INTERSECTION,,,,,,,EASTBOUND,,,,,,,,NONE,,,PAN,MA,PASSENGER CAR,,,,TRAVELING STRAIGHT AHEAD,2007,,PRIUS,TOYOTA,1,,COLLISION WITH TREE,,,,RIGHT FRONT,,,Y,,,,,,,,,,,,,,,,,,,,,YES VEHICLE OR TRAILER DISABLED,,,,,,,,,,,,,,,,,,,,,,,,,,,,,,,,,,,,,,,,,,,OPERATOR/DRIVER,NON FATAL INJURY - NON INCAPACITATING,MASSACHUSETTS,"D, CLASS D VEHICLES",,UNKNOWN,,,,,,FEMALE,"FRONT SEAT - LEFT SIDE, OR MOTORCYLE DRIVER",SHOULDER AND LAP BELT USED,NOT TRAPPED,Y,,,,,,,,,,,,,,,,
5/19/15 10:34,Tuesday,LIGHT TRUCK,BUS SEATS MORE THAN 15 PEOPLE,1629,CAMBRIDGE ST,,ROBERTS ROAD,"1629 CAMBRIDGE ST
Cambridge, MA
(42.37487655500007, -71.10935693299996)",,,HEAD ON,ROADWAY,COLLISION WITH MOTOR VEHICLE IN TRAFFIC,DAYLIGHT,CLOUDY,RAIN,NO CONTROLS,NO,WET,NOT AT INTERSECTION,"TWO-WAY, DIVIDED, UNPROTECTED MEDIAN",NO,NO,25,NON INTERSECTION,,,,,,,EASTBOUND,50',WESTBOUND,,,IN FRONT OF THE WAR MEMORIAL POOL,,,NONE,,,PAN,MA,LIGHT TRUCK,,,,TRAVELING STRAIGHT AHEAD,2005,COLLISION WITH MOTOR VEHICLE IN TRAFFIC,X3,BMW,1,,CROSS MEDIAN/CENTERLINE,COLLISION WITH MOTOR VEHICLE IN TRAFFIC,,,CENTER FRONT,LEFT FRONT,,Y,EASTBOUND,,,,,,,,,,,WRONG SIDE OR WRONG WAY,FAILURE TO KEEP IN PROPER LANE OR RUNNING OFF ROAD,,,,,,UNKNOWN,,YES OTHER REASON NOT DISABLED,ATN,MA,BUS SEATS MORE THAN 15 PEOPLE,,,,TRAVELING STRAIGHT AHEAD,2006,COLLISION WITH MOTOR VEHICLE IN TRAFFIC,D40LF,FLYER,30,,COLLISION WITH MOTOR VEHICLE IN TRAFFIC,,,,CENTER FRONT,LEFT FRONT,,,WESTBOUND,,BUS SEATS MORE THAN 15 PEOPLE,,,,,,,,,NO IMPROPER DRIVING,NO IMPROPER DRIVING,,,Y,,,NOT DISTRACTED,TRANSIT/COMMUTER,NO,OPERATOR/DRIVER,NO INJURY,MASSACHUSETTS,"D, CLASS D VEHICLES",,,,,,,,MALE,"FRONT SEAT - LEFT SIDE, OR MOTORCYLE DRIVER",SHOULDER AND LAP BELT USED,NOT TRAPPED,Y,OPERATOR/DRIVER,NO INJURY,MASSACHUSETTS,"B, CLASS B VEHICLES",,,,,,,,MALE,"FRONT SEAT - LEFT SIDE, OR MOTORCYLE DRIVER",SHOULDER AND LAP BELT USED,NOT TRAPPED,Y
4/26/15 14:28,Sunday,PASSENGER CAR,PASSENGER CAR,136,HANCOCK STREET,,,"136 HANCOCK STREET
Cambridge, MA
(42.36979599400007, -71.10710045999997)",,,UNKNOWN,,,DAYLIGHT,UNKNOWN,,,NO,UNKNOWN,,,,,25,NON INTERSECTION,,,,,,,EASTBOUND,,,,,,,,,,,PAN,MA,PASSENGER CAR,,,,PARKED,2011,,CRV,HONDA,0,,COLLISION WITH PARKED MOTOR VEHICLE,,,,RIGHT FRONT,RIGHT SIDE,,,,,,,,,,,,,,,,,,,,,,,NO,PAN,MA,PASSENGER CAR,,,Y,UNKNOWN,2006,,C280,MERZ,,,COLLISION WITH PARKED MOTOR VEHICLE,,,,UNKNOWN,,,,,,,,,,,,,,,,,,,,,,UNKNOWN,,,UNINVOLVED OWNER,,MASSACHUSETTS,UNKNOWN,,,,,,,,FEMALE,,,,Y,UNINVOLVED OWNER,,MASSACHUSETTS,UNKNOWN,,,,,,,,UNKNOWN,,,,
3/1/15 15:33,Sunday,PASSENGER CAR,LIGHT TRUCK,266,MASSACHUSETTS AVENUE,,,"266 MASSACHUSETTS AVENUE
Cambridge, MA
(42.36177580100008, -71.09764204699997)",,,UNKNOWN,OUTSIDE ROADWAY,OTHER,DARK - LIGHTED ROADWAY,CLEAR,,NO CONTROLS,,DRY,NOT AT INTERSECTION,UNKNOWN,NO,NO,,NON INTERSECTION,,,,,,,EASTBOUND,,,,,SUNOCO GAS STATION,,,NONE,,,PAN,MA,PASSENGER CAR,,,Y,PARKED,2012,COLLISION WITH MOTOR VEHICLE IN TRAFFIC,COROLLA,TOYOTA,1,,COLLISION WITH MOTOR VEHICLE IN TRAFFIC,,,,CENTER FRONT,,,,NOT REPORTED,,,,,,,,,,,NO IMPROPER DRIVING,,,,,,,NOT DISTRACTED,,,PAN,MA,LIGHT TRUCK,,,Y,BACKING,2007,COLLISION WITH PARKED MOTOR VEHICLE,PILOT,HONDA,,,COLLISION WITH PARKED MOTOR VEHICLE,,,,,,,,UNKNOWN,,,,,,,,,,,UNKNOWN,,,,,,,UNKNOWN,,,OPERATOR/DRIVER,,MASSACHUSETTS,"D, CLASS D VEHICLES",,,,,,,,MALE,,,,Y,,,,,,,,,,,,,,,,
2/3/15 7:30,Tuesday,PASSENGER CAR,,,ST MARY ROAD,AMORY ST,,"ST MARY ROAD &amp; AMORY ST
Cambridge, MA
(42.36679362800004, -71.10600609899996)",,,UNKNOWN,,,UNKNOWN,SNOW,,,,SNOW,T-INTERSECTION,,NO,NO,,INTERSECTION,ST MARY ROAD,,AMORY ST,,,,,,,,,,,,OTHER,,,PAN,MA,PASSENGER CAR,,,Y,PARKED,2012,,ELANTRA,HYUNDAI,,,OTHER,,,,RIGHT FRONT,,,,,,,,,,,,,,,,,,,,,,,,,,,,,,,,,,,,,,,,,,,,,,,,,,,,,,,,,,,,,,,,,,,UNINVOLVED OWNER,,,,,,,,,,,FEMALE,,,,Y,,,,,,,,,,,,,,,,
2/28/15 19:19,Saturday,PASSENGER CAR,LIGHT TRUCK,60,OXFORD ST.,,,"60 OXFORD ST.
Cambridge, MA
(42.38078863700008, -71.11635157399996)",,,"SIDESWIPE, SAME DIRECTION",ROADWAY,COLLISION WITH PARKED MOTOR VEHICLE,DAYLIGHT,CLEAR,,NO CONTROLS,,ICE,NOT AT INTERSECTION,"TWO-WAY, NOT DIVIDED",NO,NO,30,NON INTERSECTION,,,,,,,,,,,,,,,UNKNOWN,,,PAN,NJ,PASSENGER CAR,,,Y,PARKED,2005,COLLISION WITH PARKED MOTOR VEHICLE,CAMRY,TOYOTA,0,,COLLISION WITH PARKED MOTOR VEHICLE,,,,LEFT SIDE,,,,,,,,,,,,,,,NO IMPROPER DRIVING,,,,,,,,,,PAN,MA,LIGHT TRUCK,,,Y,TRAVELING STRAIGHT AHEAD,2010,COLLISION WITH PARKED MOTOR VEHICLE,TIGUAN,VOLKS WAGON,1,,COLLISION WITH PARKED MOTOR VEHICLE,,,,,,,,,,,,,,,,,,,UNKNOWN,,,,,,,UNKNOWN,,,UNINVOLVED OWNER,NO INJURY,NEW JERSEY,,,,,,,,,FEMALE,,,,Y,OPERATOR/DRIVER,UNKNOWN,MASSACHUSETTS,"D, CLASS D VEHICLES",,,,,,,,UNKNOWN,UNKNOWN,UNKNOWN,NOT TRAPPED,Y
3/11/15 13:39,Wednesday,SINGLE UNIT TRUCK (3 0R MORE AXLES),,354,PUTNAM AVE,,,"354 PUTNAM AVE
Cambridge, MA
(42.361073985000075, -71.11332378699996)",1,,UNKNOWN,ROADWAY,COLLISION WITH PEDALCYCLE,DAYLIGHT,CLEAR,,NO CONTROLS,,DRY,NOT AT INTERSECTION,"TWO-WAY, NOT DIVIDED",NO,NO,,NON INTERSECTION,,,,,,,,,,,,ALLSTON ST,,,,,,CON,MA,SINGLE UNIT TRUCK (3 0R MORE AXLES),,,,LEAVING TRAFFIC LANE,2013,COLLISION WITH PEDALCYCLE,365 ROLL,PTRB,1,,COLLISION WITH PEDALCYCLE,,,,,,,Y,EASTBOUND,,OTHER,"MORE THAN 26,000 POUNDS",,,,,,,,UNKNOWN,,Y,,,,,,,YES OTHER REASON NOT DISABLED,,,,,,,,,,,,,,,,,,,,,,,,,,,,,,,,,,,,,,,,,,,OPERATOR/DRIVER,NO INJURY,MASSACHUSETTS,,,,,,,,,MALE,"FRONT SEAT - LEFT SIDE, OR MOTORCYLE DRIVER",UNKNOWN,NOT TRAPPED,,UNINVOLVED OWNER,,,,,,,,,,,UNKNOWN,,,,Y
2/10/15 17:00,Tuesday,PASSENGER CAR,,21,ST. MARYS ROAD,,,"21 ST. MARYS ROAD
Cambridge, MA
(42.371226103000026, -71.10146044199996)",,,,,,UNKNOWN,UNKNOWN,,,,,,,NO,NO,,NON INTERSECTION,,,,,,,EASTBOUND,,,,,,,,,,,PAN,MA,PASSENGER CAR,,,Y,PARKED,2011,,ELANTRA,HYUNDAI,0,,,,,,RIGHT FRONT,RIGHT REAR,,,,,,,,,,,,,,,,,,,,,,,,,,,,,,,,,,,,,,,,,,,,,,,,,,,,,,,,,,,,,,,,,,UNINVOLVED OWNER,,MASSACHUSETTS,,,,,,,,,FEMALE,,,,Y,,,,,,,,,,,,,,,,
1/29/15 19:44,Thursday,LIGHT TRUCK,LIGHT TRUCK,,CAMBRIDGE STREET,FIRST STREET,,"CAMBRIDGE STREET &amp; FIRST STREET
Cambridge, MA
(42.36679362800004, -71.10600609899996)",,,"SIDESWIPE, SAME DIRECTION",ROADWAY,,DUSK,CLOUDY,,TRAFFIC CONTROL SIGNAL,YES,WET,T-INTERSECTION,"TWO-WAY, NOT DIVIDED",NO,NO,,INTERSECTION,CAMBRIDGE STREET,EASTBOUND,FIRST STREET,SOUTHBOUND,,,,,,,,,,,NONE,,,PAN,MA,LIGHT TRUCK,,,,SLOWING OR STOPPED IN TRAFFIC,2011,COLLISION WITH MOTOR VEHICLE IN TRAFFIC,PATHFINDER,NISSAN,,,COLLISION WITH MOTOR VEHICLE IN TRAFFIC,,,,LEFT REAR,,,,EASTBOUND,,,,,,,,,,,UNKNOWN,,,,,,,UNKNOWN,,,PAN,MA,LIGHT TRUCK,,,Y,SLOWING OR STOPPED IN TRAFFIC,1999,COLLISION WITH MOTOR VEHICLE IN TRAFFIC,GRANDCHEROKEE,JEEP,,,COLLISION WITH MOTOR VEHICLE IN TRAFFIC,,,,,,,,EASTBOUND,,,,,,,,,,,MADE AN IMPROPER TURN,,,,,,,UNKNOWN,,,OPERATOR/DRIVER,,MASSACHUSETTS,"D, CLASS D VEHICLES",,,,,,,,FEMALE,,,,,OPERATOR/DRIVER,,,,,,,,,,,MALE,,,,
2/2/15 11:15,Monday,PASSENGER CAR,,,MAIN ST,,HAYWARD ST,"MAIN ST
Cambridge, MA
(42.363082675000044, -71.09493289999995)",,,"SIDESWIPE, SAME DIRECTION",ROADWAY,COLLISION WITH PARKED MOTOR VEHICLE,DAYLIGHT,SNOW,,NO CONTROLS,,SNOW,NOT AT INTERSECTION,"TWO-WAY, NOT DIVIDED",NO,NO,,NON INTERSECTION,,,,,,,,,,,,,,,,,,PAS,MA,PASSENGER CAR,,,,PARKED,2015,,X3,BMW,0,,COLLISION WITH MOTOR VEHICLE IN TRAFFIC,,,,LEFT REAR,,,,,,,,,,,,,,,,,,,,,,,,,,,,,,,,,,,,,,,,,,,,,,,,,,,,,,,,,,,,,,,,,,,UNINVOLVED OWNER,,,,,,,,,,,MALE,,,,Y,,,,,,,,,,,,,,,,
6/4/15 17:58,Thursday,PASSENGER CAR,PASSENGER CAR,,HURON AVE.,GROVE ST.,,"HURON AVE. &amp; GROVE ST.
Cambridge, MA
(42.36679362800004, -71.10600609899996)",,,REAR-END,UNKNOWN,COLLISION WITH MOTOR VEHICLE IN TRAFFIC,DAYLIGHT,CLEAR,CLEAR,STOP SIGNS,,DRY,T-INTERSECTION,"TWO-WAY, NOT DIVIDED",NO,NO,,INTERSECTION,HURON AVE.,WESTBOUND,GROVE ST.,,,,,,,,,,,,NONE,,,PAN,MA,PASSENGER CAR,,,,SLOWING OR STOPPED IN TRAFFIC,2011,COLLISION WITH MOTOR VEHICLE IN TRAFFIC,UTIL,HONDA,2,,COLLISION WITH MOTOR VEHICLE IN TRAFFIC,COLLISION WITH MOTOR VEHICLE IN TRAFFIC,COLLISION WITH MOTOR VEHICLE IN TRAFFIC,COLLISION WITH MOTOR VEHICLE IN TRAFFIC,REAR CENTER,,,,WESTBOUND,,,,,,,,,,,NO IMPROPER DRIVING,NO IMPROPER DRIVING,,,,,,NOT DISTRACTED,,,PAN,MA,PASSENGER CAR,,,,TRAVELING STRAIGHT AHEAD,2011,COLLISION WITH MOTOR VEHICLE IN TRAFFIC,SEDAN,HONDA,1,,COLLISION WITH MOTOR VEHICLE IN TRAFFIC,COLLISION WITH MOTOR VEHICLE IN TRAFFIC,COLLISION WITH MOTOR VEHICLE IN TRAFFIC,COLLISION WITH MOTOR VEHICLE IN TRAFFIC,CENTER FRONT,,,,WESTBOUND,,,,,,,,,,,UNKNOWN,UNKNOWN,,,,,,NOT DISTRACTED,,,OPERATOR/DRIVER,,MASSACHUSETTS,"D, CLASS D VEHICLES",,,,,,,,FEMALE,,,,Y,OCCUPANT/PASSENGER,,,,,,,,,,,FEMALE,,,,