Date Time,Day of Week,Object 1,Object 2,Street Number,Street Name,Cross Street,Near Street,Location,May involve cyclist,May Involve Pedestrian,Manner of Collision,First Harmful Event Location,First Harmful Event,Ambient Light,Weather Condition 1,Weather Condition 2,Traffic Control Device Type,Traffic Control Device Functionality,Road Surface Condition,Roadway Junction Type,Trafficway Description,School Bus Related,Work Zone,Speed Limit,Street or Intersection,Intersection Name 1,Intersection Direction 1,Intersection Name 2,Intersection Direction 2,Intersection Name 3,Intersection Direction 3,Street Direction,Nearest Intersection Distance,Nearest Intersection Direction,Landmark Distance,Landmark Direction,Landmark,Mile Marker Direction,Non Public Area,Road Contributing,Damaged Property Type,Description of Damaged Property,V1 Registration Type,v1 State Code,V1 Configuration,V1 Emergency Response,V1 Moped,V1 Hit and Run,V1 Action Prior to Crash,V1 Model Year,V1 Most Harmful Event,V1 Model,V1 Make,V1 Occupant Count,V1 Underride Override,V1 First Event,V1 Second Event,V1 Third Event,V1 Fourth Event,V1 Most Damaged Area,V1 Second Damaged Area,V1 Third Damaged Area,V1 Towed,V1 Travel Direction,V1 Interstate,V1 Cargo Body Type,V1 Gross Weight,V1 Haz Placard,V1 Haz Release,V1 Trailer Reg Type,V1 Trailer Reg Plate,V1 Trailer Reg State,V1 Trailer Reg Year,V1 Trailer Len,V1 Driver Contribution,V1 Driver Contribution 2,V1 Is Truck,V1 Has Trailer,V1 Is Bus,V1 Is Hazmat,V1 Reg Year,V1 Driver Distracted,V1 Bus Use,V1 Tow Use,V2 Registration Type,V2 State Code,V2 Configuration,V2 Emergency Response,V2 Moped,V2 Hit and Run,V2 Action Prior to Crash,V2 Model Year,V2 Most Harmful Event,V2 Model,V2 Make,V2 Occupant Count,V2 Underride Override,V2 First Event,V2 Second Event,V2 Third Event,V2 Fourth Event,V2 Most Damaged Area,V2 Second Damaged Area,V2 Third Damaged Area,V2 Towed,V2 Travel Direction,V2 Interstate,V2 Cargo Body Type,V2 Gross Weight,V2 Haz Placard,V2 Haz Release,V2 Trailer Reg Type,V2 Trailer Reg Plate,V2 Trailer Reg State,V2 Trailer Reg Year,V2 Trailer Len,V2 Driver Contribution,V2 Driver Contribution 2,V2 Is Truck,V2 Has Trailer,V2 Is Bus,V2 Is Hazmat,V2 Reg Year,V2 Driver Distracted,V2 Bus Use,V2 Tow Use,P1 Role,P1 Injury,P1 Drivers Lic State,P1 Drivers Lic Class 1,P1 Drivers Lic Class 2,P1 Drivers Lic Restrict,P1 Non Motorist Desc,P1 Non Motorist Action,P1 Non Motorist Location,P1 Safety Equipment,P1 Age,P1 Sex,P1 Seat Position,P1 Safety System,P1 Trapped,P1 Veh Owner,P2 Role,P2 Injury,P2 Drivers Lic State,P2 Drivers Lic Class 1,P2 Drivers Lic Class 2,P2 Drivers Lic Restrict,P2 Non Motorist Desc,P2 Non Motorist Action,P2 Non Motorist Location,P2 Safety Equipment,P2 Age,P2 Sex,P2 Seat Position,P2 Safety System,P2 Trapped,P2 Veh Owner
5/19/15 8:57,Tuesday,PASSENGER CAR,,,WILLIAMS STREET,MAGAZINE STREET,,"WILLIAMS STREET &amp; MAGAZINE STREET
Cambridge, MA
(42.36679362800004, -71.10600609899996)",1,,ANGLE,ROADWAY,COLLISION WITH MOTOR VEHICLE IN TRAFFIC,DAYLIGHT,RAIN,CLOUDY,STOP SIGNS,NO,WET,FOUR WAY INTERSECTION,"TWO-WAY, NOT DIVIDED",NO,NO,,INTERSECTION,WILLIAMS STREET,EASTBOUND,MAGAZINE STREET,SOUTHBOUND,,,,,,,,,,,NONE,,,PAN,MA,PASSENGER CAR,,,,SLOWING OR STOPPED IN TRAFFIC,2014,COLLISION WITH OTHER MOVABLE OBJECT,AVALON,TOYOTA,1,,COLLISION WITH OTHER MOVABLE OBJECT,,,,LEFT SIDE,,,,EASTBOUND,,,,,,,,,,,NO IMPROPER DRIVING,,,,,,,UNKNOWN,,NO,,MA,,,,,,,,,,,,,,,,OTHER,,,,SOUTHBOUND,,,,,,,,,,,UNKNOWN,,,,,,,UNKNOWN,,NO,OPERATOR/DRIVER,NO INJURY,MASSACHUSETTS,,,,,,,,,MALE,"FRONT SEAT - LEFT SIDE, OR MOTORCYLE DRIVER",SHOULDER AND LAP BELT USED,NOT TRAPPED,,NON-MOTORIST,NON FATAL INJURY - NON INCAPACITATING,RHODE ISLAND,,,,CYCLIST,"WALKING, RUNNING OR CYCLING",CYCLIST,HELMET,,MALE,,,,
2/27/15 20:00,Friday,LIGHT TRUCK,LIGHT TRUCK,100,CAMBRIDGE SIDE PL.,,,"100 CAMBRIDGE SIDE PL.
Cambridge, MA
(42.36702668500004, -71.07601567499995)",,,"SIDESWIPE, SAME DIRECTION",ROADWAY,COLLISION WITH PARKED MOTOR VEHICLE,DARK - LIGHTED ROADWAY,CLEAR,,NO CONTROLS,,DRY,,,NO,NO,,NON INTERSECTION,,,,,,,,,,,,GALLERIA MALL,,,NONE,,,PAN,MA,LIGHT TRUCK,,,,PARKED,2015,OTHER,PILOT,HONDA,0,,OTHER,,,,LEFT REAR,LEFT SIDE,LEFT FRONT,,,,,,,,,,,,,,,,,,,,,,NO,PAN,MA,LIGHT TRUCK,,,Y,BACKING,1995,,LAND CRUISER,TOYOTA,1,,COLLISION WITH PARKED MOTOR VEHICLE,,,,RIGHT FRONT,RIGHT SIDE,RIGHT REAR,,,,,,,,,,,,,UNKNOWN,,,,,,,UNKNOWN,,NO,UNINVOLVED OWNER,,MASSACHUSETTS,"D, CLASS D VEHICLES",,,,,,,,FEMALE,,,,,OPERATOR/DRIVER,UNKNOWN,MASSACHUSETTS,"D, CLASS D VEHICLES",,,,,,,,MALE,"FRONT SEAT - LEFT SIDE, OR MOTORCYLE DRIVER",UNKNOWN,NOT TRAPPED,Y
1/25/15 9:47,Sunday,PASSENGER CAR,,96,COLUMBIA ST,,SUFFOLK ST,"96 COLUMBIA ST
Cambridge, MA
(42.36575275700005, -71.09853145599993)",,,REAR-END,ROADWAY,COLLISION WITH PARKED MOTOR VEHICLE,UNKNOWN,SNOW,SNOW,WARNING SIGNS,,SNOW,NOT AT INTERSECTION,"TWO-WAY, NOT DIVIDED",,,,NON INTERSECTION,,,,,,,EASTBOUND,,,,,,,,,,,PAN,MA,PASSENGER CAR,,,Y,PARKED,2001,COLLISION WITH MOTOR VEHICLE IN TRAFFIC,AZTEK,PONTIAC,,,COLLISION WITH MOTOR VEHICLE IN TRAFFIC,,,,REAR CENTER,LEFT REAR,,,,,,,,,,,,,,,,,,,,,,,,,,,,,,,,,,,,,,,,,,,,,,,,,,,,,,,,,,,,,,,,,,UNINVOLVED OWNER,,MASSACHUSETTS,,,,,,,,,FEMALE,,,,Y,,,,,,,,,,,,,,,,
3/24/15 14:45,Tuesday,LIGHT TRUCK,,,WINDSOR ST,STATE ST,,"WINDSOR ST &amp; STATE ST
Cambridge, MA
(42.36679362800004, -71.10600609899996)",,1,ANGLE,ROADWAY,COLLISION WITH PEDESTRIAN,DAYLIGHT,CLEAR,,STOP SIGNS,YES,DRY,T-INTERSECTION,"TWO-WAY, NOT DIVIDED",NO,NO,,INTERSECTION,WINDSOR ST,EASTBOUND,STATE ST,NORTHBOUND,,,,,,,,,,,,,,PAN,MA,LIGHT TRUCK,,,,TURNING LEFT,2012,COLLISION WITH PEDESTRIAN,XTERRA,NISS,1,,COLLISION WITH PEDESTRIAN,,,,LEFT FRONT,,,,NORTHBOUND,,,,,,,,,,,FAILED TO YIELD THE RIGHT OF WAY,,,,,,,,,,,,,,,,,,,,,,,,,,,,,,,,,,,,,,,,,,,,,,,,,,,,OPERATOR/DRIVER,NO INJURY,MASSACHUSETTS,,,,,,,,,MALE,"FRONT SEAT - LEFT SIDE, OR MOTORCYLE DRIVER",UNKNOWN,NOT TRAPPED,,UNINVOLVED OWNER,,,,,,,,,,,FEMALE,,,,Y
4/13/15 9:30,Monday,LIGHT TRUCK,,1493,CAMBRIDGE ST,,,"1493 CAMBRIDGE ST
Cambridge, MA
(42.374236677000056, -71.10447684299999)",,,UNKNOWN,OUTSIDE ROADWAY,COLLISION WITH PARKED MOTOR VEHICLE,DAYLIGHT,CLEAR,,NO CONTROLS,,DRY,NOT AT INTERSECTION,"TWO-WAY, NOT DIVIDED",NO,NO,,NON INTERSECTION,,,,,,,,,,,,UNDERGROUND PARKING GARAGE,,,,,,PAN,MA,LIGHT TRUCK,,,,PARKED,2014,COLLISION WITH MOTOR VEHICLE IN TRAFFIC,CRV,HOND,0,,COLLISION WITH MOTOR VEHICLE IN TRAFFIC,,,,LEFT REAR,,,,,,,,,,,,,,,,,,,,,,,,,PAN,MA,,,,Y,UNKNOWN,,COLLISION WITH PARKED MOTOR VEHICLE,,,,,COLLISION WITH PARKED MOTOR VEHICLE,,,,UNKNOWN,,,,,,,,,,,,,,,OTHER IMPROPER ACTION,,,,,,,,,,UNINVOLVED OWNER,,,,,,,,,,,FEMALE,,,,Y,,,,,,,,,,,,,,,,
1/30/15 14:36,Friday,LIGHT TRUCK,,484,CAMBRIDGE STREET,,,"484 CAMBRIDGE STREET
Cambridge, MA
(42.371532639000066, -71.08402405799995)",,,UNKNOWN,ROADSIDE,UNKNOWN,DAYLIGHT,CLOUDY,CLOUDY,NO CONTROLS,YES,WET,NOT AT INTERSECTION,,NO,NO,30,NON INTERSECTION,,,,,,,EASTBOUND,,,,,,,,UNKNOWN,,,PAN,MA,LIGHT TRUCK,,,Y,PARKED,2012,COLLISION WITH PARKED MOTOR VEHICLE,SUBN,FORD,0,,UNKNOWN,,,,LEFT REAR,,,,UNKNOWN,,,,,,,,,,,UNKNOWN,,,,,,,UNKNOWN,,NO,,,,,,,,,,,,,,,,,,,,,,,,,,,,,,,,,,,,,,,,,,,OPERATOR/DRIVER,,,,,,,,,,,FEMALE,,,,Y,,,,,,,,,,,,,,,,
7/11/15 13:14,Saturday,LIGHT TRUCK,LIGHT TRUCK,2055,MASSACHUSETTS AV,,,"2055 MASSACHUSETTS AV
Cambridge, MA
(42.39095509300006, -71.12221859799996)",,,"SIDESWIPE, SAME DIRECTION",SHOULDER - PAVED,COLLISION WITH CURB,DAYLIGHT,CLEAR,,NO CONTROLS,,DRY,NOT AT INTERSECTION,"TWO-WAY, DIVIDED, POSITIVE MEDIAN BARRIER",NO,NO,,NON INTERSECTION,,,,,,,NORTHBOUND,,,,NORTHBOUND,HESS GAS STATION,,,NONE,,,PAN,MA,LIGHT TRUCK,,,,PARKED,2001,COLLISION WITH PARKED MOTOR VEHICLE,RAM TRUCK,DODGE,1,,COLLISION WITH MOTOR VEHICLE IN TRAFFIC,,,,LEFT SIDE,,,,NORTHBOUND,,,,,,,,,,,NO IMPROPER DRIVING,,,,,,,NOT DISTRACTED,,NO,PAN,MA,LIGHT TRUCK,,,Y,TRAVELING STRAIGHT AHEAD,2014,,GRAND CHEROKEE,JEEP,1,,COLLISION WITH PARKED MOTOR VEHICLE,,,,UNKNOWN,,,,NORTHBOUND,,,,,,,,,,,"OPERATING VEHICLE IN ERRATIC, RECKLESS, CARELESS,",OVER CORRECTING / OVER STEERING,,,,,,UNKNOWN,,,UNINVOLVED OWNER,,,,,,,,,,,MALE,,,,Y,OCCUPANT/PASSENGER,NO INJURY,,,,,,,,,,MALE,FRONT SEAT - RIGHT SIDE,,,
5/21/15 19:38,Thursday,PASSENGER CAR,,,CAMBRIDGE STREET,,SECOND STREET,"CAMBRIDGE STREET
Cambridge, MA
(42.375468641000055, -71.11429857799999)",,1,ANGLE,ROADWAY,,DAYLIGHT,CLEAR,,TRAFFIC CONTROL SIGNAL,,DRY,NOT AT INTERSECTION,"TWO-WAY, NOT DIVIDED",NO,NO,,NON INTERSECTION,,,,,,,WESTBOUND,,NORTHBOUND,,,CAMBRIDGE FIRE STATION,,,NONE,,,7886YG,MA,PASSENGER CAR,,,,TURNING LEFT,2009,COLLISION WITH PEDESTRIAN,CIVIC,HONDA,2,,COLLISION WITH PEDESTRIAN,,,,,,,,WESTBOUND,,,,,,,,,,,UNKNOWN,,,,,,,UNKNOWN,,,,,,,,,,,,,,,,,,,,,,,,,,,,,,,,,,,,,,,,,,,,,OPERATOR/DRIVER,,MASSACHUSETTS,,,,,,,,,FEMALE,,,,,NON-MOTORIST,,MASSACHUSETTS,,,,,,,,,MALE,,,,
5/22/15 12:51,Friday,LIGHT TRUCK,,,COLUMBIA,CAMBRIDGE,,"COLUMBIA &amp; CAMBRIDGE
Cambridge, MA
(42.36679362800004, -71.10600609899996)",,1,"SIDESWIPE, SAME DIRECTION",ROADWAY,COLLISION WITH PEDESTRIAN,DAYLIGHT,CLOUDY,,TRAFFIC CONTROL SIGNAL,YES,DRY,FOUR WAY INTERSECTION,"TWO-WAY, NOT DIVIDED",NO,NO,20,INTERSECTION,COLUMBIA,NORTHBOUND,CAMBRIDGE,EASTBOUND,WEBSTER AVE,NORTHBOUND,,,,,,,,,NONE,,,PAN,MA,LIGHT TRUCK,,,Y,TURNING RIGHT,2011,COLLISION WITH PEDESTRIAN,GL450,MERCEDES,1,,COLLISION WITH PEDESTRIAN,,,,NONE,,,,EASTBOUND,,,,,,,,,,,"OPERATING VEHICLE IN ERRATIC, RECKLESS, CARELESS,","DISREGARDED TRAFFIC SIGNS, SIGNALS, ROAD MARKINGS",,,,,,,,,,,,,,,,,,,,,,,,,,,,,,,,,,,,,,,,,,,,,,,,,,,NON-MOTORIST,NON FATAL INJURY - POSSIBLE,MASSACHUSETTS,,,,PEDESTRIAN,WORKING,PEDESTRIAN,REFLECTIVE CLOTHING,,MALE,,,,,,,,,,,,,,,,,,,,
1/1/15 1:12,Thursday,PASSENGER CAR,PASSENGER CAR,,MASSACHUSETTS AVENUE,LANDSDOWNE STREET,,"MASSACHUSETTS AVENUE &amp; LANDSDOWNE STREET
Cambridge, MA
(42.36679362800004, -71.10600609899996)",,,HEAD ON,ROADWAY,COLLISION WITH MOTOR VEHICLE IN TRAFFIC,DARK - LIGHTED ROADWAY,CLEAR,,TRAFFIC CONTROL SIGNAL,YES,DRY,T-INTERSECTION,"TWO-WAY, NOT DIVIDED",NO,NO,,INTERSECTION,MASSACHUSETTS AVENUE,EASTBOUND,LANDSDOWNE STREET,NORTHBOUND,,,,,,,,,,,NONE,,,PAN,MA,PASSENGER CAR,,,,TURNING LEFT,2010,COLLISION WITH MOTOR VEHICLE IN TRAFFIC,650I,BMW,3,,COLLISION WITH MOTOR VEHICLE IN TRAFFIC,,,,CENTER FRONT,RIGHT FRONT,RIGHT SIDE,Y,SOUTHBOUND,,,,,,,,,,,UNKNOWN,,,,,,,UNKNOWN,,YES VEHICLE OR TRAILER DISABLED,PAN,MA,PASSENGER CAR,,,,TRAVELING STRAIGHT AHEAD,2011,COLLISION WITH MOTOR VEHICLE IN TRAFFIC,COROLLA,TOYOTA,3,,COLLISION WITH MOTOR VEHICLE IN TRAFFIC,,,,CENTER FRONT,,,,EASTBOUND,,,,,,,,,,,UNKNOWN,,,,,,,UNKNOWN,,,OPERATOR/DRIVER,NO INJURY,MASSACHUSETTS,"D, CLASS D VEHICLES",,,,,,,,MALE,"FRONT SEAT - LEFT SIDE, OR MOTORCYLE DRIVER",UNKNOWN,NOT TRAPPED,Y,OCCUPANT/PASSENGER,NO INJURY,,,,,,,,,,FEMALE,FRONT SEAT - RIGHT SIDE,UNKNOWN,NOT TRAPPED,
5/20/15 18:53,Wednesday,LIGHT TRUCK,,125,CAMBRIDGE PARK DRIVE,,,"125 CAMBRIDGE PARK DRIVE
Cambridge, MA
(42.394856134000065, -71.14587543599998)",,,UNKNOWN,,,DAYLIGHT,CLEAR,,,,,,,,,,NON INTERSECTION,,,,,,,,,,,,,,,,,,PAN,MA,LIGHT TRUCK,,,,PARKED,2011,,GRCHRK,JEEP,0,,COLLISION WITH MOTOR VEHICLE IN TRAFFIC,,,,LEFT SIDE,,,,,,,,,,,,,,,,,,,,,,,,,UNKNOWN,,,,,Y,UNKNOWN,,COLLISION WITH PARKED MOTOR VEHICLE,MV ORTRUCK,UNKNOWN,1,,COLLISION WITH PARKED MOTOR VEHICLE,,,,,,,,,,,,,,,,,,,UNKNOWN,,,,,,,UNKNOWN,,,UNINVOLVED OWNER,,MASSACHUSETTS,"D, CLASS D VEHICLES",,,,,,,,FEMALE,,,,,OPERATOR/DRIVER,,,,,,,,,,,UNKNOWN,,,,
1/30/15 9:55,Friday,LIGHT TRUCK,PASSENGER CAR,,WINDSOR STREET,FRONT STREET,,"WINDSOR STREET &amp; FRONT STREET
Cambridge, MA
(42.36679362800004, -71.10600609899996)",,,"SIDESWIPE, SAME DIRECTION",ROADWAY,COLLISION WITH PARKED MOTOR VEHICLE,DAYLIGHT,CLOUDY,"SLEET, HAIL, FREEZING RAIN OR DRIZZLE",NO CONTROLS,,WET,T-INTERSECTION,"TWO-WAY, NOT DIVIDED",NO,YES,,INTERSECTION,WINDSOR STREET,EASTBOUND,FRONT STREET,,,,,,,,,,,,,,,PAN,MA,LIGHT TRUCK,,,Y,PARKED,2013,,VAN,FORD,,,COLLISION WITH MOTOR VEHICLE IN TRAFFIC,COLLISION WITH PARKED MOTOR VEHICLE,,,LEFT REAR,LEFT SIDE,,,,,,,,,,,,,,NO IMPROPER DRIVING,,,,,,,,,,PAN,MA,PASSENGER CAR,,,,TRAVELING STRAIGHT AHEAD,,COLLISION WITH PARKED MOTOR VEHICLE,,TOYOTA,1,,COLLISION WITH PARKED MOTOR VEHICLE,,,,,,,,EASTBOUND,,,,,,,,,,,OTHER IMPROPER ACTION,,,,,,,,,,UNINVOLVED OWNER,,MASSACHUSETTS,"D, CLASS D VEHICLES","M, CLASS M VEHICLES",,,,,,,MALE,,,,Y,,,,,,,,,,,,,,,,
7/16/15 10:51,Thursday,PASSENGER CAR,SINGLE UNIT TRUCK (2 AXLES - 6 TIRES),46,BLACKSTONE STREET,,RIVER STREET,"46 BLACKSTONE STREET
Cambridge, MA
(42.36428301900003, -71.11483727299998)",,,REAR TO REAR,ROADWAY,COLLISION WITH PARKED MOTOR VEHICLE,DAYLIGHT,CLEAR,,NO CONTROLS,,DRY,NOT AT INTERSECTION,"TWO-WAY, DIVIDED, UNPROTECTED MEDIAN",NO,YES,,NON INTERSECTION,,,,,,,NORTHBOUND,300,EASTBOUND,,,,,,NONE,,,PAN,MA,PASSENGER CAR,,,,BACKING,2008,COLLISION WITH PARKED MOTOR VEHICLE,CRV,HONDA,1,,COLLISION WITH PARKED MOTOR VEHICLE,,,,RIGHT REAR,REAR CENTER,,Y,EASTBOUND,,,,,,,,,,,INATTENTION,,,,,,,NOT DISTRACTED,,YES VEHICLE OR TRAILER DISABLED,CON,NY,SINGLE UNIT TRUCK (2 AXLES - 6 TIRES),,,,PARKED,2012,COLLISION WITH MOTOR VEHICLE IN TRAFFIC,ONE TON RACK TRUCK,CHEVROLET,0,,COLLISION WITH MOTOR VEHICLE IN TRAFFIC,,,,LEFT REAR,LEFT SIDE,,,NORTHBOUND,,,,,,,,,,,,,,,,,,,,,OPERATOR/DRIVER,NO INJURY,MASSACHUSETTS,"D, CLASS D VEHICLES",,,,,,,,FEMALE,"FRONT SEAT - LEFT SIDE, OR MOTORCYLE DRIVER",SHOULDER AND LAP BELT USED,NOT TRAPPED,,UNINVOLVED OWNER,,MASSACHUSETTS,"D, CLASS D VEHICLES",,,,,,,,MALE,,,,Y
7/18/15 13:36,Saturday,MOTORCYCLE,PASSENGER CAR,,CAMBRIDGE ST,MARION,,"CAMBRIDGE ST &amp; MARION
Cambridge, MA
(42.36679362800004, -71.10600609899996)",,,ANGLE,ROADWAY,COLLISION WITH MOTOR VEHICLE IN TRAFFIC,DAYLIGHT,CLOUDY,RAIN,STOP SIGNS,,WET,T-INTERSECTION,"TWO-WAY, DIVIDED, UNPROTECTED MEDIAN",NO,NO,,INTERSECTION,CAMBRIDGE ST,WESTBOUND,MARION,SOUTHBOUND,,,,,,,,,,,NONE,,,MVN,MA,MOTORCYCLE,,,,TRAVELING STRAIGHT AHEAD,2009,COLLISION WITH MOTOR VEHICLE IN TRAFFIC,R1200RT-P,BMW,1,,COLLISION WITH MOTOR VEHICLE IN TRAFFIC,,,,RIGHT SIDE,,,,WESTBOUND,,,,,,,,,,,NO IMPROPER DRIVING,,,,,,,NOT DISTRACTED,,,PAN,MA,PASSENGER CAR,,,,TURNING LEFT,2010,COLLISION WITH MOTOR VEHICLE IN TRAFFIC,G37X,INFINITY,2,,COLLISION WITH MOTOR VEHICLE IN TRAFFIC,,,,RIGHT FRONT,,,,SOUTHBOUND,,,,,,,,,,,OTHER IMPROPER ACTION,,,,,,,NOT DISTRACTED,,,OPERATOR/DRIVER,NO INJURY,MASSACHUSETTS,,,,,,,,,MALE,"FRONT SEAT - LEFT SIDE, OR MOTORCYLE DRIVER",HELMET USED,NOT TRAPPED,,OPERATOR/DRIVER,NO INJURY,MASSACHUSETTS,"D, CLASS D VEHICLES",,,,,,,,MALE,"FRONT SEAT - LEFT SIDE, OR MOTORCYLE DRIVER",SHOULDER AND LAP BELT USED,NOT TRAPPED,Y
7/7/15 15:25,Tuesday,LIGHT TRUCK,,,AMES STREET,MEMORIAL DRIVE,,"AMES STREET &amp; MEMORIAL DRIVE
Cambridge, MA
(42.36679362800004, -71.10600609899996)",,1,UNKNOWN,ROADWAY,COLLISION WITH PEDESTRIAN,DAYLIGHT,CLEAR,CLEAR,STOP SIGNS,,DRY,T-INTERSECTION,"TWO-WAY, DIVIDED, POSITIVE MEDIAN BARRIER",NO,NO,,INTERSECTION,AMES STREET,SOUTHBOUND,MEMORIAL DRIVE,WESTBOUND,,,,,,,,,,,NONE,,,PAN,MA,LIGHT TRUCK,,,,ENTERING TRAFFIC LANE,2006,COLLISION WITH PEDESTRIAN,LIBERTY,JEEP,1,,COLLISION WITH PEDESTRIAN,,,,,,,,SOUTHBOUND,,,,,,,,,,,OTHER IMPROPER ACTION,,,,,,,NOT DISTRACTED,,,,,,,,,,,,,,,,,,,,,,,,,,,,,,,,,,,,,,,,,,,,,OPERATOR/DRIVER,,MASSACHUSETTS,"D, CLASS D VEHICLES",,,,,,,,MALE,"FRONT SEAT - LEFT SIDE, OR MOTORCYLE DRIVER",UNKNOWN,NOT TRAPPED,Y,NON-MOTORIST,,,,,,PEDESTRIAN,ENTERING OR CROSSING SPECIFIED LOCATION,PEDESTRIAN,NONE USED,,MALE,,,,
2/21/15 9:30,Saturday,PASSENGER CAR,,,HAMLIN ST,PLYMOUTH ST,,"HAMLIN ST &amp; PLYMOUTH ST
Cambridge, MA
(42.36679362800004, -71.10600609899996)",,,UNKNOWN,ROADWAY,COLLISION WITH PARKED MOTOR VEHICLE,DARK - LIGHTED ROADWAY,CLEAR,,STOP SIGNS,YES,SNOW,T-INTERSECTION,"ONE-WAY, NOT DIVIDED",,,,INTERSECTION,HAMLIN ST,,PLYMOUTH ST,,,,,,,,,,,,UNKNOWN,,,PAN,MA,PASSENGER CAR,,,Y,PARKED,2006,COLLISION WITH MOTOR VEHICLE IN TRAFFIC,ACCORD,HONDA,,,COLLISION WITH MOTOR VEHICLE IN TRAFFIC,,,,RIGHT FRONT,,,,,,,,,,,,,,,,,,,,,,,,,,,,,,,,,,,,,,,,,,,,,,,,,,,,,,,,,,,,,,,,,,,UNINVOLVED OWNER,,,,,,,,,,,MALE,,,,Y,,,,,,,,,,,,,,,,
3/16/15 22:57,Monday,TRUCK TRAILER,PASSENGER CAR,27,RICHARD AVE,,,"27 RICHARD AVE
Cambridge, MA
(42.40028985200007, -71.13356506799994)",,,"SIDESWIPE, OPPOSITE DIRECTION",ROADWAY,COLLISION WITH PARKED MOTOR VEHICLE,DARK - ROADWAY NOT LIGHTED,CLEAR,CLEAR,NO CONTROLS,NO,DRY,NOT AT INTERSECTION,"TWO-WAY, NOT DIVIDED",NO,NO,,NON INTERSECTION,,,,,,,NORTHBOUND,,,,,,,,NONE,,,PAN,MA,TRUCK TRAILER,,,,TRAVELING STRAIGHT AHEAD,2005,,4300,INTL,1,,COLLISION WITH PARKED MOTOR VEHICLE,,,,,,,,,,,,,,,,,,,UNKNOWN,UNKNOWN,,,,,,,,,PAN,MA,PASSENGER CAR,,,,PARKED,2014,COLLISION WITH MOTOR VEHICLE IN TRAFFIC,ATS,CADI,0,,COLLISION WITH MOTOR VEHICLE IN TRAFFIC,COLLISION WITH MOTOR VEHICLE IN TRAFFIC,COLLISION WITH MOTOR VEHICLE IN TRAFFIC,COLLISION WITH MOTOR VEHICLE IN TRAFFIC,LEFT REAR,LEFT SIDE,RIGHT FRONT,,SOUTHBOUND,,,,,,,,,,,UNKNOWN,UNKNOWN,,,,,,UNKNOWN,,,OPERATOR/DRIVER,NO INJURY,MASSACHUSETTS,,,,,,,,,MALE,"FRONT SEAT - LEFT SIDE, OR MOTORCYLE DRIVER",UNKNOWN,NOT TRAPPED,Y,WITNESS,,,,,,,,,,,MALE,,,,
3/12/15 20:58,Thursday,PASSENGER CAR,,820,SOMERVILLE AVE,,,"820 SOMERVILLE AVE
Cambridge, MA
(42.38810089100008, -71.11836649999998)",,,ANGLE,OUTSIDE ROADWAY,COLLISION WITH PARKED MOTOR VEHICLE,DAYLIGHT,CLEAR,,NO CONTROLS,,DRY,NOT AT INTERSECTION,UNKNOWN,NO,NO,20,NON INTERSECTION,,,,,,,,,,,,820 SOMERVILLE AVE. PARKING LOT,,,NONE,,,PAN,MA,PASSENGER CAR,,,Y,PARKED,2003,COLLISION WITH PARKED MOTOR VEHICLE,CAMRY,TOYOTA,0,,COLLISION WITH PARKED MOTOR VEHICLE,,,,LEFT REAR,,,,,,,,,,,,,,,NO IMPROPER DRIVING,,,,,,,NOT DISTRACTED,,,,,,,,,,,,,,,,,,,,,,,,,,,,,,,,,,,,,,,,,,,,,UNINVOLVED OWNER,,MASSACHUSETTS,"D, CLASS D VEHICLES",,,,,,,,MALE,,,,Y,,,,,,,,,,,,,,,,
4/17/15 23:26,Friday,PASSENGER CAR,,,MASSACHUSETTS AVE.,ALBANY ST.,,"MASSACHUSETTS AVE. &amp; ALBANY ST.
Cambridge, MA
(42.36679362800004, -71.10600609899996)",1,,ANGLE,ROADWAY,COLLISION WITH PEDALCYCLE,DARK - LIGHTED ROADWAY,CLEAR,CLEAR,TRAFFIC CONTROL SIGNAL,YES,DRY,FOUR WAY INTERSECTION,"TWO-WAY, NOT DIVIDED",NO,NO,30,INTERSECTION,MASSACHUSETTS AVE.,NORTHBOUND,ALBANY ST.,WESTBOUND,,,,,,,,,,,NONE,,,PAN,MA,PASSENGER CAR,,,,TURNING LEFT,2012,COLLISION WITH PEDALCYCLE,TUSCON,HYUNDAI,1,,COLLISION WITH PEDALCYCLE,,,,RIGHT FRONT,RIGHT SIDE,RIGHT REAR,,NORTHBOUND,,,,,,,,,,,NO IMPROPER DRIVING,,,,,,,NOT DISTRACTED,,,,,,,,,,,,,,,,,,,,,,,,,,,,,,,,,,,,,,,,,,,,,OPERATOR/DRIVER,NO INJURY,MASSACHUSETTS,"D, CLASS D VEHICLES",,,,,,,,FEMALE,"FRONT SEAT - LEFT SIDE, OR MOTORCYLE DRIVER",UNKNOWN,NOT TRAPPED,Y,NON-MOTORIST,NON FATAL INJURY - POSSIBLE,,,,,CYCLIST,"WALKING, RUNNING OR CYCLING",CYCLIST,HELMET,,MALE,,,,