Date Time,Day of Week,Object 1,Object 2,Street Number,Street Name,Cross Street,Near Street,Location,May involve cyclist,May Involve Pedestrian,Manner of Collision,First Harmful Event Location,First Harmful Event,Ambient Light,Weather Condition 1,Weather Condition 2,Traffic Control Device Type,Traffic Control Device Functionality,Road Surface Condition,Roadway Junction Type,Trafficway Description,School Bus Related,Work Zone,Speed Limit,Street or Intersection,Intersection Name 1,Intersection Direction 1,Intersection Name 2,Intersection Direction 2,Intersection Name 3,Intersection Direction 3,Street Direction,Nearest Intersection Distance,Nearest Intersection Direction,Landmark Distance,Landmark Direction,Landmark,Mile Marker Direction,Non Public Area,Road Contributing,Damaged Property Type,Description of Damaged Property,V1 Registration Type,v1 State Code,V1 Configuration,V1 Emergency Response,V1 Moped,V1 Hit and Run,V1 Action Prior to Crash,V1 Model Year,V1 Most Harmful Event,V1 Model,V1 Make,V1 Occupant Count,V1 Underride Override,V1 First Event,V1 Second Event,V1 Third Event,V1 Fourth Event,V1 Most Damaged Area,V1 Second Damaged Area,V1 Third Damaged Area,V1 Towed,V1 Travel Direction,V1 Interstate,V1 Cargo Body Type,V1 Gross Weight,V1 Haz Placard,V1 Haz Release,V1 Trailer Reg Type,V1 Trailer Reg Plate,V1 Trailer Reg State,V1 Trailer Reg Year,V1 Trailer Len,V1 Driver Contribution,V1 Driver Contribution 2,V1 Is Truck,V1 Has Trailer,V1 Is Bus,V1 Is Hazmat,V1 Reg Year,V1 Driver Distracted,V1 Bus Use,V1 Tow Use,V2 Registration Type,V2 State Code,V2 Configuration,V2 Emergency Response,V2 Moped,V2 Hit and Run,V2 Action Prior to Crash,V2 Model Year,V2 Most Harmful Event,V2 Model,V2 Make,V2 Occupant Count,V2 Underride Override,V2 First Event,V2 Second Event,V2 Third Event,V2 Fourth Event,V2 Most Damaged Area,V2 Second Damaged Area,V2 Third Damaged Area,V2 Towed,V2 Travel Direction,V2 Interstate,V2 Cargo Body Type,V2 Gross Weight,V2 Haz Placard,V2 Haz Release,V2 Trailer Reg Type,V2 Trailer Reg Plate,V2 Trailer Reg State,V2 Trailer Reg Year,V2 Trailer Len,V2 Driver Contribution,V2 Driver Contribution 2,V2 Is Truck,V2 Has Trailer,V2 Is Bus,V2 Is Hazmat,V2 Reg Year,V2 Driver Distracted,V2 Bus Use,V2 Tow Use,P1 Role,P1 Injury,P1 Drivers Lic State,P1 Drivers Lic Class 1,P1 Drivers Lic Class 2,P1 Drivers Lic Restrict,P1 Non Motorist Desc,P1 Non Motorist Action,P1 Non Motorist Location,P1 Safety Equipment,P1 Age,P1 Sex,P1 Seat Position,P1 Safety System,P1 Trapped,P1 Veh Owner,P2 Role,P2 Injury,P2 Drivers Lic State,P2 Drivers Lic Class 1,P2 Drivers Lic Class 2,P2 Drivers Lic Restrict,P2 Non Motorist Desc,P2 Non Motorist Action,P2 Non Motorist Location,P2 Safety Equipment,P2 Age,P2 Sex,P2 Seat Position,P2 Safety System,P2 Trapped,P2 Veh Owner
4/17/15 16:53,Friday,PASSENGER CAR,,147,THIRD STREET,,,"147 THIRD STREET
Cambridge, MA
(42.36873947400005, -71.08041212299997)",,,UNKNOWN,ROADSIDE,,DARK - LIGHTED ROADWAY,UNKNOWN,,NO CONTROLS,,UNKNOWN,NOT AT INTERSECTION,"TWO-WAY, DIVIDED, UNPROTECTED MEDIAN",NO,NO,,NON INTERSECTION,,,,,,,SOUTHBOUND,,,,,,,,,,,PAN,MA,PASSENGER CAR,,,Y,PARKED,2000,COLLISION WITH PARKED MOTOR VEHICLE,CAMRY,TOYOTA,0,,COLLISION WITH PARKED MOTOR VEHICLE,COLLISION WITH MOTOR VEHICLE IN TRAFFIC,,,LEFT REAR,,,,,,,,,,,,,,,NO IMPROPER DRIVING,,,,,,,,,,,,,,,Y,ENTERING TRAFFIC LANE,,COLLISION WITH PARKED MOTOR VEHICLE,,,2,,COLLISION WITH PARKED MOTOR VEHICLE,COLLISION WITH PARKED MOTOR VEHICLE,COLLISION WITH MOTOR VEHICLE IN TRAFFIC,,UNKNOWN,,,,SOUTHBOUND,,,,,,,,,,,UNKNOWN,,,,,,,,,,OPERATOR/DRIVER,,MASSACHUSETTS,,,,,,,,,FEMALE,,,,Y,,,,,,,,,,,,,,,,
11/23/15 19:00,Monday,PASSENGER CAR,,123,SECOND ST,,CHARLES ST,"123 SECOND ST
Cambridge, MA
(42.36770852300003, -71.07935609499998)",,,UNKNOWN,UNKNOWN,,UNKNOWN,UNKNOWN,,NO CONTROLS,,UNKNOWN,,"TWO-WAY, NOT DIVIDED",,,,NON INTERSECTION,,,,,,,WESTBOUND,,,,,,,,UNKNOWN,,,PAN,MA,PASSENGER CAR,,,Y,PARKED,2010,,PRIUS,TOYOTA,,,COLLISION WITH MOTOR VEHICLE IN TRAFFIC,,,,LEFT SIDE,,,,,,,,,,,,,,,,,,,,,,,,,,,,,,,,,,,,,,,,,,,,,,,,,,,,,,,,,,,,,,,,,,,UNINVOLVED OWNER,,,,,,,,,,,FEMALE,,,,Y,,,,,,,,,,,,,,,,
7/21/15 12:30,Tuesday,PASSENGER CAR,PASSENGER CAR,4,DUNSTABLE RD,,,"4 DUNSTABLE RD
Cambridge, MA
(42.38025199700007, -71.13414783499996)",,,UNKNOWN,ROADWAY,COLLISION WITH MOTOR VEHICLE IN TRAFFIC,DAYLIGHT,UNKNOWN,,NO CONTROLS,,UNKNOWN,NOT AT INTERSECTION,"TWO-WAY, NOT DIVIDED",NO,NO,,NON INTERSECTION,,,,,,,,,,,,APPLETON ST,,,,,,PAN,MA,PASSENGER CAR,,,,PARKED,2005,COLLISION WITH MOTOR VEHICLE IN TRAFFIC,GRAND,PONT,0,,COLLISION WITH MOTOR VEHICLE IN TRAFFIC,,,,CENTER FRONT,,,,,,,,,,,,,,,,,,,,,,,,,PAN,MA,PASSENGER CAR,,,,BACKING,2007,COLLISION WITH PARKED MOTOR VEHICLE,CAMRY,TOYT,1,,COLLISION WITH PARKED MOTOR VEHICLE,,,,REAR CENTER,,,,,,,,,,,,,,,,,,,,,,,,,UNINVOLVED OWNER,,,,,,,,,,,MALE,,,,,OPERATOR/DRIVER,NO INJURY,MASSACHUSETTS,,,,,,,,,FEMALE,"FRONT SEAT - LEFT SIDE, OR MOTORCYLE DRIVER",UNKNOWN,NOT TRAPPED,Y
2/23/15 18:41,Monday,PASSENGER CAR,LIGHT TRUCK,16,GARDEN ST.,,,"16 GARDEN ST.
Cambridge, MA
(42.37734865200008, -71.12292491099998)",,,REAR-END,ROADWAY,,DARK - LIGHTED ROADWAY,CLEAR,,NO CONTROLS,,WET,NOT AT INTERSECTION,"TWO-WAY, NOT DIVIDED",,,30,NON INTERSECTION,,,,,,,WESTBOUND,,,,,,,,UNKNOWN,,,PAN,MA,PASSENGER CAR,,,,SLOWING OR STOPPED IN TRAFFIC,2002,,COROLLA,TOYOTA,2,,COLLISION WITH MOTOR VEHICLE IN TRAFFIC,COLLISION WITH MOTOR VEHICLE IN TRAFFIC,,,REAR CENTER,LEFT REAR,,,,,,,,,,,,,,NO IMPROPER DRIVING,,,,,,,,,NO,PAN,MA,LIGHT TRUCK,,,,TRAVELING STRAIGHT AHEAD,2008,COLLISION WITH MOTOR VEHICLE IN TRAFFIC,CRV,HONDA,1,,COLLISION WITH MOTOR VEHICLE IN TRAFFIC,,,,RIGHT FRONT,CENTER FRONT,LEFT FRONT,,,,,,,,,,,,,UNKNOWN,,,,,,,,,NO,OPERATOR/DRIVER,NO INJURY,MASSACHUSETTS,"D, CLASS D VEHICLES",,,,,,,,MALE,"FRONT SEAT - LEFT SIDE, OR MOTORCYLE DRIVER",UNKNOWN,,Y,OCCUPANT/PASSENGER,NO INJURY,,,,,,,,,,FEMALE,FRONT SEAT - RIGHT SIDE,UNKNOWN,NOT TRAPPED,
1/10/15 9:35,Saturday,SINGLE UNIT TRUCK (2 AXLES - 6 TIRES),,,MASS AVE,COTTAGE PK DRIVE,,"MASS AVE &amp; COTTAGE PK DRIVE
Cambridge, MA
(42.36679362800004, -71.10600609899996)",,,HEAD ON,OUTSIDE ROADWAY,COLLISION WITH LIGHT POLE OR OTHER POST/SUPPORT,DAYLIGHT,CLEAR,CLEAR,NO CONTROLS,,DRY,T-INTERSECTION,"TWO-WAY, DIVIDED, POSITIVE MEDIAN BARRIER",NO,NO,,INTERSECTION,MASS AVE,SOUTHBOUND,COTTAGE PK DRIVE,WESTBOUND,,,,,,,,,,,NONE,STATE,MBTA BUS SHELTER,RPN,MA,SINGLE UNIT TRUCK (2 AXLES - 6 TIRES),,,,TRAVELING STRAIGHT AHEAD,5,,450,FORD,1,,OTHER NON-COLLISION,,,,,,,,,,,,,,,,,,,OTHER IMPROPER ACTION,,,,,,,,,NO,,,,,,,,,,,,,,,,,,,,,,,,,,,,,,,,,,,,,,,,,,,OPERATOR/DRIVER,,MASSACHUSETTS,,,,,,,,,MALE,"FRONT SEAT - LEFT SIDE, OR MOTORCYLE DRIVER",,,,WITNESS,,,,,,,,,,,MALE,,,,
2/12/15 8:00,Thursday,LIGHT TRUCK,SINGLE UNIT TRUCK (2 AXLES - 6 TIRES),,CONCORD AVE,GARDEN ST,,"CONCORD AVE &amp; GARDEN ST
Cambridge, MA
(42.36679362800004, -71.10600609899996)",,,"SIDESWIPE, SAME DIRECTION",ROADWAY,COLLISION WITH MOTOR VEHICLE IN TRAFFIC,DAYLIGHT,CLOUDY,,TRAFFIC CONTROL SIGNAL,YES,SNOW,Y-INTERSECTION,"TWO-WAY, NOT DIVIDED",NO,NO,,INTERSECTION,CONCORD AVE,,GARDEN ST,,,,,,,,,,,,,,,CON,MA,LIGHT TRUCK,,,,SLOWING OR STOPPED IN TRAFFIC,2003,COLLISION WITH MOTOR VEHICLE IN TRAFFIC,PILOT,HONDA,5,,COLLISION WITH MOTOR VEHICLE IN TRAFFIC,,,,LEFT REAR,LEFT SIDE,,,WESTBOUND,,,,,,,,,,,UNKNOWN,,,,,,,,,,PAN,MA,SINGLE UNIT TRUCK (2 AXLES - 6 TIRES),,,,TURNING LEFT,2009,COLLISION WITH MOTOR VEHICLE IN TRAFFIC,CONVEN,PTRB,1,,COLLISION WITH MOTOR VEHICLE IN TRAFFIC,,,,NONE,,,,WESTBOUND,,OTHER,"MORE THAN 26,000 POUNDS",,,,,,,,UNKNOWN,,Y,,,,,,,,OPERATOR/DRIVER,UNKNOWN,MASSACHUSETTS,"D, CLASS D VEHICLES",,,,,,,,FEMALE,"FRONT SEAT - LEFT SIDE, OR MOTORCYLE DRIVER",UNKNOWN,NOT TRAPPED,Y,OCCUPANT/PASSENGER,UNKNOWN,,,,,,,,,,MALE,SECOND SEAT - LEFT SIDE OR MOTORCYLCE PASSENGER,UNKNOWN,NOT TRAPPED,
5/2/15 10:14,Saturday,PASSENGER CAR,PASSENGER CAR,2409,MASS AVE,,,"2409 MASS AVE
Cambridge, MA
(42.39755201400004, -71.13035985099998)",,,"SIDESWIPE, SAME DIRECTION",ROADWAY,COLLISION WITH MOTOR VEHICLE IN TRAFFIC,DAYLIGHT,CLEAR,CLEAR,NO CONTROLS,,DRY,NOT AT INTERSECTION,"TWO-WAY, DIVIDED, POSITIVE MEDIAN BARRIER",NO,NO,35,NON INTERSECTION,,,,,,,EASTBOUND,,,,,,,,NONE,,,PAN,MA,PASSENGER CAR,,,,TRAVELING STRAIGHT AHEAD,2002,COLLISION WITH MOTOR VEHICLE IN TRAFFIC,CAMRY,TOY,1,,COLLISION WITH MOTOR VEHICLE IN TRAFFIC,COLLISION WITH MOTOR VEHICLE IN TRAFFIC,COLLISION WITH MOTOR VEHICLE IN TRAFFIC,COLLISION WITH MOTOR VEHICLE IN TRAFFIC,RIGHT SIDE,RIGHT FRONT,,,EASTBOUND,,,,,,,,,,,UNKNOWN,UNKNOWN,,,,,,UNKNOWN,,,PAN,MA,PASSENGER CAR,,,,TRAVELING STRAIGHT AHEAD,2015,COLLISION WITH MOTOR VEHICLE IN TRAFFIC,,HYUN,2,,COLLISION WITH MOTOR VEHICLE IN TRAFFIC,COLLISION WITH MOTOR VEHICLE IN TRAFFIC,COLLISION WITH MOTOR VEHICLE IN TRAFFIC,COLLISION WITH MOTOR VEHICLE IN TRAFFIC,RIGHT SIDE,,,,EASTBOUND,,,,,,,,,,,UNKNOWN,UNKNOWN,,,,,,UNKNOWN,,,OPERATOR/DRIVER,,,,,,,,,,,,,,,Y,OPERATOR/DRIVER,,,,,,,,,,,,,,,Y
5/11/15 9:30,Monday,LIGHT TRUCK,PASSENGER CAR,220,ALEWIFE BROOK PKWY,,,"220 ALEWIFE BROOK PKWY
Cambridge, MA
(42.389318683000056, -71.14273548799997)",,,ANGLE,OUTSIDE ROADWAY,COLLISION WITH MOTOR VEHICLE IN TRAFFIC,DAYLIGHT,CLEAR,CLOUDY,NO CONTROLS,,DRY,NOT AT INTERSECTION,"TWO-WAY, NOT DIVIDED",NO,NO,,NON INTERSECTION,,,,,,,,,,,,STARBUCKS PARKING LOT,,,,,,PAN,MA,LIGHT TRUCK,,,,PARKED,2013,COLLISION WITH MOTOR VEHICLE IN TRAFFIC,VENZA,TOY,0,,COLLISION WITH MOTOR VEHICLE IN TRAFFIC,,,,REAR CENTER,,,,,,,,,,,,,,,,,,,,,,,,,PAN,TX,PASSENGER CAR,,,Y,BACKING,2007,COLLISION WITH PARKED MOTOR VEHICLE,4DR,ACURA,1,,COLLISION WITH PARKED MOTOR VEHICLE,,,,UNKNOWN,,,,,,,,,,,,,,,OTHER IMPROPER ACTION,,,,,,,,,,UNINVOLVED OWNER,,MAINE,,,,,,,,,FEMALE,,,,Y,UNINVOLVED OWNER,,,,,,,,,,,FEMALE,,,,Y
3/16/15 7:35,Monday,LIGHT TRUCK,PASSENGER CAR,,BROADWAY,AMES ST,,"BROADWAY &amp; AMES ST
Cambridge, MA
(42.36679362800004, -71.10600609899996)",,,"SIDESWIPE, SAME DIRECTION",ROADWAY,COLLISION WITH MOTOR VEHICLE IN TRAFFIC,DAYLIGHT,CLEAR,,TRAFFIC CONTROL SIGNAL,YES,DRY,T-INTERSECTION,"TWO-WAY, DIVIDED, POSITIVE MEDIAN BARRIER",NO,NO,,INTERSECTION,BROADWAY,NORTHBOUND,AMES ST,NORTHBOUND,,,,,,,,,,,NONE,,,PAN,MA,LIGHT TRUCK,,,,TRAVELING STRAIGHT AHEAD,2003,COLLISION WITH MOTOR VEHICLE IN TRAFFIC,4RUNNER,TOYOTA,2,,COLLISION WITH MOTOR VEHICLE IN TRAFFIC,,,,LEFT FRONT,,,Y,NORTHBOUND,,,,,,,,,,,NO IMPROPER DRIVING,,,,,,,,,YES VEHICLE OR TRAILER DISABLED,PAN,MA,PASSENGER CAR,,,,CHANGING LANES,1996,COLLISION WITH MOTOR VEHICLE IN TRAFFIC,ACCORD,HONDA,1,,COLLISION WITH MOTOR VEHICLE IN TRAFFIC,,,,CENTER FRONT,RIGHT FRONT,,,NORTHBOUND,,,,,,,,,,,FAILURE TO KEEP IN PROPER LANE OR RUNNING OFF ROAD,,,,,,,,,,OPERATOR/DRIVER,NO INJURY,MASSACHUSETTS,"D, CLASS D VEHICLES",,,,,,,,FEMALE,,UNKNOWN,,Y,OPERATOR/DRIVER,NO INJURY,MASSACHUSETTS,"D, CLASS D VEHICLES",,,,,,,,MALE,,UNKNOWN,NOT TRAPPED,Y
4/14/15 19:18,Tuesday,PASSENGER CAR,,11,WALDEN SQ RD,,,"11 WALDEN SQ RD
Cambridge, MA
(42.38770923200008, -71.12701831199996)",,,"SIDESWIPE, SAME DIRECTION",UNKNOWN,,UNKNOWN,UNKNOWN,,,NO,DRY,UNKNOWN,UNKNOWN,NO,NO,,NON INTERSECTION,,,,,,,,,,,,,,,UNKNOWN,,,PAN,MA,PASSENGER CAR,,,Y,PARKED,2014,COLLISION WITH PARKED MOTOR VEHICLE,ROGUE,NISSAN,,,COLLISION WITH PARKED MOTOR VEHICLE,,,,LEFT SIDE,,,,UNKNOWN,,,,,,,,,,,NO IMPROPER DRIVING,,,,,,,NOT DISTRACTED,,,,,,,,,,,,,,,,,,,,,,,,,,,,,,,,,,,,,,,,,,,,,UNINVOLVED OWNER,,MASSACHUSETTS,"D, CLASS D VEHICLES",,,,,,,42,FEMALE,,,,Y,,,,,,,,,,,,,,,,
4/18/15 23:00,Saturday,PASSENGER CAR,,,STATE STREET,,MASSACHUSETTS AVENUE,"STATE STREET
Cambridge, MA
(42.36256700200005, -71.09720178499998)",,,UNKNOWN,ROADSIDE,COLLISION WITH PARKED MOTOR VEHICLE,DARK - LIGHTED ROADWAY,CLOUDY,,NO CONTROLS,,DRY,NOT AT INTERSECTION,"ONE-WAY, NOT DIVIDED",NO,NO,,NON INTERSECTION,,,,,,,EASTBOUND,40,EASTBOUND,,,,,,NONE,,,PAN,MA,PASSENGER CAR,,,,PARKED,2010,COLLISION WITH PARKED MOTOR VEHICLE,528XI,BMW,0,,COLLISION WITH PARKED MOTOR VEHICLE,COLLISION WITH MOTOR VEHICLE IN TRAFFIC,,,CENTER FRONT,,,,,,,,,,,,,,,NO IMPROPER DRIVING,,,,,,,,,,,,,,,Y,BACKING,,COLLISION WITH PARKED MOTOR VEHICLE,,,1,,COLLISION WITH PARKED MOTOR VEHICLE,COLLISION WITH MOTOR VEHICLE IN TRAFFIC,,,,,,,WESTBOUND,,,,,,,,,,,UNKNOWN,,,,,,,,,,OPERATOR/DRIVER,,MASSACHUSETTS,,,,,,,,,MALE,,,,Y,,,,,,,,,,,,,,,,
5/16/15 1:24,Saturday,LIGHT TRUCK,,250,FRESHPOND PARKWAY,,,"250 FRESHPOND PARKWAY
Cambridge, MA
(42.38344694500006, -71.14243387499994)",,,"SIDESWIPE, OPPOSITE DIRECTION",ROADSIDE,OTHER,DARK - ROADWAY NOT LIGHTED,CLEAR,CLEAR,NO CONTROLS,,DRY,NOT AT INTERSECTION,,NO,NO,,NON INTERSECTION,,,,,,,EASTBOUND,,,,,,,,NONE,MUNICIPAL,BARRELL,PAR,MA,LIGHT TRUCK,,,,BACKING,2015,UNKNOWN FIXED OBJECT,EXPLORER,FORD,2,,COLLISION WITH OTHER MOVABLE OBJECT,,,,LEFT REAR,,,,UNKNOWN,,,,,,,,,,,NO IMPROPER DRIVING,,,,,,,NOT DISTRACTED,,,,,,,,,,,,,,,,,,,,,,,,,,,,,,,,,,,,,,,,,,,,,OPERATOR/DRIVER,,MASSACHUSETTS,"D, CLASS D VEHICLES",,,,,,,,MALE,"FRONT SEAT - LEFT SIDE, OR MOTORCYLE DRIVER",SHOULDER AND LAP BELT USED,NOT TRAPPED,,UNINVOLVED OWNER,,,,,,,,,,,,,,,Y
1/27/15 12:00,Tuesday,LIGHT TRUCK,PASSENGER CAR,171,HOLWORTHY ST,,,"171 HOLWORTHY ST
Cambridge, MA
(42.37919485700007, -71.15131731299994)",,,"SIDESWIPE, SAME DIRECTION",ROADWAY,COLLISION WITH PARKED MOTOR VEHICLE,DAYLIGHT,SNOW,"BLOWING, SAND, SNOW",NO CONTROLS,,SNOW,NOT AT INTERSECTION,"ONE-WAY, NOT DIVIDED",NO,NO,,NON INTERSECTION,,,,,,,,,,,,,,,,,,MVN,MA,LIGHT TRUCK,,,,BACKING,,COLLISION WITH PARKED MOTOR VEHICLE,F350,FORD,1,,COLLISION WITH PARKED MOTOR VEHICLE,,,,NONE,,,,NORTHBOUND,,,,,,,,,,,NO IMPROPER DRIVING,,,,,,,,,,PAN,MA,PASSENGER CAR,,,,PARKED,2006,COLLISION WITH MOTOR VEHICLE IN TRAFFIC,TSX,ACURA,0,,COLLISION WITH MOTOR VEHICLE IN TRAFFIC,,,,RIGHT SIDE,,,,,,,,,,,,,,,,,,,,,,,,,OPERATOR/DRIVER,NO INJURY,MASSACHUSETTS,"B, CLASS B VEHICLES","M, CLASS M VEHICLES",,,,,,,MALE,"FRONT SEAT - LEFT SIDE, OR MOTORCYLE DRIVER",UNKNOWN,NOT TRAPPED,,UNINVOLVED OWNER,,,,,,,,,,,UNKNOWN,,,,Y
1/6/15 10:45,Tuesday,LIGHT TRUCK,LIGHT TRUCK,,MT AUBURN ST,,BANKS ST,"MT AUBURN ST
Cambridge, MA
(42.37477654200006, -71.13163441299997)",,,"SIDESWIPE, SAME DIRECTION",ROADWAY,COLLISION WITH PARKED MOTOR VEHICLE,DAYLIGHT,CLOUDY,,NO CONTROLS,,DRY,T-INTERSECTION,"ONE-WAY, NOT DIVIDED",NO,YES,,NON INTERSECTION,,,,,,,,,,,,,,,,,,CON,MA,LIGHT TRUCK,,,,PARKED,2010,COLLISION WITH MOTOR VEHICLE IN TRAFFIC,EXPRESS,CHEV,,,COLLISION WITH MOTOR VEHICLE IN TRAFFIC,,,,LEFT SIDE,,,,,,OTHER,"10,001 - 26000 POUNDS",,,,,,,,,,Y,,,,,,,,PAN,MA,LIGHT TRUCK,,,Y,TRAVELING STRAIGHT AHEAD,,COLLISION WITH PARKED MOTOR VEHICLE,4RUNNER,TOYOTA,,,COLLISION WITH PARKED MOTOR VEHICLE,,,,RIGHT SIDE,,,,,,,,,,,,,,,OTHER IMPROPER ACTION,,,,,,,,,,UNINVOLVED OWNER,,,,,,,,,,,UNKNOWN,,,,Y,UNINVOLVED OWNER,,,,,,,,,,,MALE,,,,Y
5/7/15 12:45,Thursday,LIGHT TRUCK,LIGHT TRUCK,,DEWOLFE ST,MILL ST,,"DEWOLFE ST &amp; MILL ST
Cambridge, MA
(42.36679362800004, -71.10600609899996)",,,ANGLE,ROADWAY,COLLISION WITH MOTOR VEHICLE IN TRAFFIC,DAYLIGHT,CLEAR,,STOP SIGNS,YES,DRY,UNKNOWN,"ONE-WAY, NOT DIVIDED",NO,NO,,INTERSECTION,DEWOLFE ST,,MILL ST,,,,,,,,,,,,,,,CON,MA,LIGHT TRUCK,,,,OTHER,2012,COLLISION WITH MOTOR VEHICLE IN TRAFFIC,SILVER,CHEV,3,,COLLISION WITH MOTOR VEHICLE IN TRAFFIC,,,,UNKNOWN,,,,EASTBOUND,,,,,,TRL,889700,MASSACHUSETTS,,OTHER,,,,Y,,,,,,,TAN,MA,LIGHT TRUCK,,,,SLOWING OR STOPPED IN TRAFFIC,2010,COLLISION WITH MOTOR VEHICLE IN TRAFFIC,RAV4,TOYT,2,,COLLISION WITH MOTOR VEHICLE IN TRAFFIC,,,,RIGHT FRONT,CENTER FRONT,,,SOUTHBOUND,,,,,,,,,,,,,,,,,,,,,OPERATOR/DRIVER,NO INJURY,MASSACHUSETTS,"D, CLASS D VEHICLES",,,,,,,,MALE,"FRONT SEAT - LEFT SIDE, OR MOTORCYLE DRIVER",UNKNOWN,NOT TRAPPED,,UNINVOLVED OWNER,,,,,,,,,,,UNKNOWN,,,,Y
2/10/15 13:21,Tuesday,PASSENGER CAR,,141,RINDGE AV,,,"141 RINDGE AV
Cambridge, MA
(42.393296650000025, -71.13023397299997)",,,"SIDESWIPE, SAME DIRECTION",SHOULDER - TRAVEL LANE,COLLISION WITH PARKED MOTOR VEHICLE,UNKNOWN,UNKNOWN,,NO CONTROLS,,SLUSH,,"TWO-WAY, DIVIDED, UNPROTECTED MEDIAN",NO,NO,,NON INTERSECTION,,,,,,,WESTBOUND,,,,,,,,UNKNOWN,,,,PA,PASSENGER CAR,,,,PARKED,2012,COLLISION WITH MOTOR VEHICLE IN TRAFFIC,JETTA,VOLKSWAGEN,0,,COLLISION WITH MOTOR VEHICLE IN TRAFFIC,,,,LEFT SIDE,,,,,,,,,,,,,,,NO IMPROPER DRIVING,,,,,,,,,NO,,,,,,Y,TRAVELING STRAIGHT AHEAD,,UNKNOWN,UNKNOWN,UNKNOWN,,,COLLISION WITH PARKED MOTOR VEHICLE,,,,UNKNOWN,,,,WESTBOUND,,,,,,,,,,,UNKNOWN,,,,,,,UNKNOWN,,NO,UNINVOLVED OWNER,,,,,,,,,,,,,,,Y,WITNESS,,,,,,,,,,,MALE,,,,
2/3/15 10:30,Tuesday,SINGLE UNIT TRUCK (2 AXLES - 6 TIRES),PASSENGER CAR,,BRATTLE SY,FAYERWEATHER ST,,"BRATTLE SY &amp; FAYERWEATHER ST
Cambridge, MA
(42.36679362800004, -71.10600609899996)",,,ANGLE,ROADWAY,COLLISION WITH MOTOR VEHICLE IN TRAFFIC,DAYLIGHT,CLEAR,CLOUDY,TRAFFIC CONTROL SIGNAL,YES,SNOW,,"TWO-WAY, NOT DIVIDED",NO,NO,,INTERSECTION,BRATTLE SY,,FAYERWEATHER ST,,,,,,,,,,,,,,,CON,MA,SINGLE UNIT TRUCK (2 AXLES - 6 TIRES),,,,TURNING RIGHT,2011,COLLISION WITH MOTOR VEHICLE IN TRAFFIC,SILV,CHEV,1,,COLLISION WITH MOTOR VEHICLE IN TRAFFIC,,,,RIGHT SIDE,,,Y,WESTBOUND,UNKNOWN,OTHER,"10,001 - 26000 POUNDS",,,,,,,,,,Y,,,,,,,NO,PAN,MA,PASSENGER CAR,,,,TRAVELING STRAIGHT AHEAD,2008,COLLISION WITH MOTOR VEHICLE IN TRAFFIC,ACCORD,HONDA,1,,,,,,LEFT SIDE,LEFT FRONT,,Y,WESTBOUND,,,,,,,,,,,,,,,,,,,,YES VEHICLE OR TRAILER DISABLED,OPERATOR/DRIVER,NO INJURY,MASSACHUSETTS,"D, CLASS D VEHICLES",,,,,,,,MALE,"FRONT SEAT - LEFT SIDE, OR MOTORCYLE DRIVER",UNKNOWN,NOT TRAPPED,,UNINVOLVED OWNER,,,,,,,,,,,UNKNOWN,,,,Y
7/8/15 10:45,Wednesday,BUS SEATS MORE THAN 15 PEOPLE,LIGHT TRUCK,,BROADWAY,,PORTLAND,"BROADWAY
Cambridge, MA
(42.37379119600007, -71.11232017699996)",,,"SIDESWIPE, SAME DIRECTION",ROADWAY,COLLISION WITH MOTOR VEHICLE IN TRAFFIC,DAYLIGHT,CLOUDY,,TRAFFIC CONTROL SIGNAL,YES,DRY,NOT AT INTERSECTION,"TWO-WAY, NOT DIVIDED",NO,NO,,NON INTERSECTION,,,,,,,,,,,,,,,,,,BUN,MA,BUS SEATS MORE THAN 15 PEOPLE,,,,TRAVELING STRAIGHT AHEAD,2001,COLLISION WITH PARKED MOTOR VEHICLE,BUS,GILLI,1,,COLLISION WITH MOTOR VEHICLE IN TRAFFIC,,,,RIGHT FRONT,,,,WESTBOUND,,,,,,,,,,,UNKNOWN,,,,Y,,,,TRANSIT/COMMUTER,,PAN,MA,LIGHT TRUCK,,,,PARKED,2012,COLLISION WITH MOTOR VEHICLE IN TRAFFIC,MDX,ACURA,0,,COLLISION WITH MOTOR VEHICLE IN TRAFFIC,,,,LEFT SIDE,CENTER FRONT,,,,,,,,,,,,,,,,,,,,,,,,WITNESS,,MASSACHUSETTS,,,,,,,,,FEMALE,,,,,OPERATOR/DRIVER,NO INJURY,MASSACHUSETTS,,,,,,,,,MALE,"FRONT SEAT - LEFT SIDE, OR MOTORCYLE DRIVER",UNKNOWN,NOT TRAPPED,
7/26/15 16:47,Sunday,PASSENGER CAR,LIGHT TRUCK,,CAMBRIDGE ST,THIRD ST,,"CAMBRIDGE ST &amp; THIRD ST
Cambridge, MA
(42.36679362800004, -71.10600609899996)",,,ANGLE,ROADWAY,COLLISION WITH MOTOR VEHICLE IN TRAFFIC,DAYLIGHT,CLEAR,,TRAFFIC CONTROL SIGNAL,YES,DRY,FOUR WAY INTERSECTION,"TWO-WAY, NOT DIVIDED",NO,NO,35,INTERSECTION,CAMBRIDGE ST,WESTBOUND,THIRD ST,SOUTHBOUND,,,,,,,,,,,NONE,,,PAN,VT,PASSENGER CAR,,,,TURNING LEFT,2015,COLLISION WITH MOTOR VEHICLE IN TRAFFIC,ALTIMA,NISSAN,2,,COLLISION WITH MOTOR VEHICLE IN TRAFFIC,,,,RIGHT FRONT,CENTER FRONT,RIGHT SIDE,Y,NORTHBOUND,,,,,,,,,,,NO IMPROPER DRIVING,,,,,,,UNKNOWN,,YES VEHICLE OR TRAILER DISABLED,PAN,CT,LIGHT TRUCK,,,,TRAVELING STRAIGHT AHEAD,2015,COLLISION WITH MOTOR VEHICLE IN TRAFFIC,ESCAPE,FORD,1,,COLLISION WITH MOTOR VEHICLE IN TRAFFIC,,,,RIGHT FRONT,CENTER FRONT,LEFT FRONT,Y,WESTBOUND,,,,,,,,,,,"DISREGARDED TRAFFIC SIGNS, SIGNALS, ROAD MARKINGS",,,,,,,,,YES VEHICLE OR TRAILER DISABLED,OPERATOR/DRIVER,NO INJURY,,,,,,,,,,FEMALE,"FRONT SEAT - LEFT SIDE, OR MOTORCYLE DRIVER",UNKNOWN,NOT TRAPPED,,OCCUPANT/PASSENGER,NO INJURY,,,,,,,,,,MALE,SECOND SEAT - LEFT SIDE OR MOTORCYLCE PASSENGER,UNKNOWN,NOT TRAPPED,