Date Time,Day of Week,Object 1,Object 2,Street Number,Street Name,Cross Street,Near Street,Location,May involve cyclist,May Involve Pedestrian,Manner of Collision,First Harmful Event Location,First Harmful Event,Ambient Light,Weather Condition 1,Weather Condition 2,Traffic Control Device Type,Traffic Control Device Functionality,Road Surface Condition,Roadway Junction Type,Trafficway Description,School Bus Related,Work Zone,Speed Limit,Street or Intersection,Intersection Name 1,Intersection Direction 1,Intersection Name 2,Intersection Direction 2,Intersection Name 3,Intersection Direction 3,Street Direction,Nearest Intersection Distance,Nearest Intersection Direction,Landmark Distance,Landmark Direction,Landmark,Mile Marker Direction,Non Public Area,Road Contributing,Damaged Property Type,Description of Damaged Property,V1 Registration Type,v1 State Code,V1 Configuration,V1 Emergency Response,V1 Moped,V1 Hit and Run,V1 Action Prior to Crash,V1 Model Year,V1 Most Harmful Event,V1 Model,V1 Make,V1 Occupant Count,V1 Underride Override,V1 First Event,V1 Second Event,V1 Third Event,V1 Fourth Event,V1 Most Damaged Area,V1 Second Damaged Area,V1 Third Damaged Area,V1 Towed,V1 Travel Direction,V1 Interstate,V1 Cargo Body Type,V1 Gross Weight,V1 Haz Placard,V1 Haz Release,V1 Trailer Reg Type,V1 Trailer Reg Plate,V1 Trailer Reg State,V1 Trailer Reg Year,V1 Trailer Len,V1 Driver Contribution,V1 Driver Contribution 2,V1 Is Truck,V1 Has Trailer,V1 Is Bus,V1 Is Hazmat,V1 Reg Year,V1 Driver Distracted,V1 Bus Use,V1 Tow Use,V2 Registration Type,V2 State Code,V2 Configuration,V2 Emergency Response,V2 Moped,V2 Hit and Run,V2 Action Prior to Crash,V2 Model Year,V2 Most Harmful Event,V2 Model,V2 Make,V2 Occupant Count,V2 Underride Override,V2 First Event,V2 Second Event,V2 Third Event,V2 Fourth Event,V2 Most Damaged Area,V2 Second Damaged Area,V2 Third Damaged Area,V2 Towed,V2 Travel Direction,V2 Interstate,V2 Cargo Body Type,V2 Gross Weight,V2 Haz Placard,V2 Haz Release,V2 Trailer Reg Type,V2 Trailer Reg Plate,V2 Trailer Reg State,V2 Trailer Reg Year,V2 Trailer Len,V2 Driver Contribution,V2 Driver Contribution 2,V2 Is Truck,V2 Has Trailer,V2 Is Bus,V2 Is Hazmat,V2 Reg Year,V2 Driver Distracted,V2 Bus Use,V2 Tow Use,P1 Role,P1 Injury,P1 Drivers Lic State,P1 Drivers Lic Class 1,P1 Drivers Lic Class 2,P1 Drivers Lic Restrict,P1 Non Motorist Desc,P1 Non Motorist Action,P1 Non Motorist Location,P1 Safety Equipment,P1 Age,P1 Sex,P1 Seat Position,P1 Safety System,P1 Trapped,P1 Veh Owner,P2 Role,P2 Injury,P2 Drivers Lic State,P2 Drivers Lic Class 1,P2 Drivers Lic Class 2,P2 Drivers Lic Restrict,P2 Non Motorist Desc,P2 Non Motorist Action,P2 Non Motorist Location,P2 Safety Equipment,P2 Age,P2 Sex,P2 Seat Position,P2 Safety System,P2 Trapped,P2 Veh Owner
2/16/15 17:51,Monday,PASSENGER CAR,LIGHT TRUCK,,WILLOW,,WINDSOR STREET,"WILLOW
Cambridge, MA
(42.37223833100006, -71.09202024399997)",,,"SIDESWIPE, SAME DIRECTION",ROADWAY,COLLISION WITH MOTOR VEHICLE IN TRAFFIC,DAYLIGHT,CLEAR,,NO CONTROLS,,SNOW,NOT AT INTERSECTION,"ONE-WAY, NOT DIVIDED",NO,NO,,NON INTERSECTION,,,,,,,WESTBOUND,20,EASTBOUND,,,,,,,,,PAN,MA,PASSENGER CAR,,,,SLOWING OR STOPPED IN TRAFFIC,1999,COLLISION WITH MOTOR VEHICLE IN TRAFFIC,COROLLA,TOYOTA,0,,COLLISION WITH MOTOR VEHICLE IN TRAFFIC,COLLISION WITH MOTOR VEHICLE IN TRAFFIC,,,RIGHT FRONT,,,,WESTBOUND,,,,,,,,,,,NO IMPROPER DRIVING,,,,,,,,,,PAN,MA,LIGHT TRUCK,,,Y,OVERTAKING / PASSING,2000,COLLISION WITH MOTOR VEHICLE IN TRAFFIC,ODYSSEY,HONDA,1,,COLLISION WITH MOTOR VEHICLE IN TRAFFIC,COLLISION WITH MOTOR VEHICLE IN TRAFFIC,,,UNKNOWN,,,,WESTBOUND,,,,,,,,,,,,,,,,,,,,,OPERATOR/DRIVER,NO INJURY,MASSACHUSETTS,,,,,,,,,MALE,OTHER,,,Y,OPERATOR/DRIVER,,MASSACHUSETTS,,,,,,,,,MALE,"FRONT SEAT - LEFT SIDE, OR MOTORCYLE DRIVER",,,Y
3/20/15 10:37,Friday,LIGHT TRUCK,PASSENGER CAR,80,JFK STREET,,ELIOT STREET,"80 JFK STREET
Cambridge, MA
(42.37049340600004, -71.12182554799995)",,,ANGLE,ROADWAY,,DAYLIGHT,CLEAR,,NO CONTROLS,,DRY,NOT AT INTERSECTION,"TWO-WAY, DIVIDED, UNPROTECTED MEDIAN",NO,NO,,NON INTERSECTION,,,,,,,EASTBOUND,100FT,EASTBOUND,,,,,,NONE,,,CON,MA,LIGHT TRUCK,,,,TRAVELING STRAIGHT AHEAD,2008,COLLISION WITH MOTOR VEHICLE IN TRAFFIC,VAN,GMC,1,,COLLISION WITH MOTOR VEHICLE IN TRAFFIC,,,,RIGHT SIDE,,,,EASTBOUND,,,,,,,,,,,MADE AN IMPROPER TURN,,,,,,,UNKNOWN,,NO,PAN,MA,PASSENGER CAR,,,,TRAVELING STRAIGHT AHEAD,2014,COLLISION WITH MOTOR VEHICLE IN TRAFFIC,COUPE,MERZ,1,,COLLISION WITH MOTOR VEHICLE IN TRAFFIC,,,,LEFT FRONT,,,,EASTBOUND,,,,,,,,,,,UNKNOWN,,,,,,,UNKNOWN,,NO,OPERATOR/DRIVER,NO INJURY,MASSACHUSETTS,"D, CLASS D VEHICLES",,,,,,,,MALE,"FRONT SEAT - LEFT SIDE, OR MOTORCYLE DRIVER",,NOT TRAPPED,Y,OPERATOR/DRIVER,NO INJURY,MASSACHUSETTS,"D, CLASS D VEHICLES",,,,,,,,MALE,"FRONT SEAT - LEFT SIDE, OR MOTORCYLE DRIVER",UNKNOWN,NOT TRAPPED,Y
4/13/15 9:35,Monday,PASSENGER CAR,,274,CONCORD AVE.,,,"274 CONCORD AVE.
Cambridge, MA
(42.38349334600008, -71.13339256899997)",,,ANGLE,SHOULDER - PAVED,COLLISION WITH MOTOR VEHICLE IN TRAFFIC,DAYLIGHT,CLEAR,CLOUDY,NO CONTROLS,,DRY,NOT AT INTERSECTION,"TWO-WAY, NOT DIVIDED",NO,NO,,NON INTERSECTION,,,,,,,,,,,,,,,,MUNICIPAL,,PAN,MA,PASSENGER CAR,,,Y,OTHER,2015,COLLISION WITH LIGHT POLE OR OTHER POST/SUPPORT,RX450H,LEXS,1,,COLLISION WITH LIGHT POLE OR OTHER POST/SUPPORT,,,,UNKNOWN,,,,UNKNOWN,,,,,,,,,,,OTHER IMPROPER ACTION,,,,,,,,,,,,,,,,,,,,,,,,,,,,,,,,,,,,,,,,,,,,,,,,,,,,UNINVOLVED OWNER,,MASSACHUSETTS,,,,,,,,,MALE,,,,Y,,,,,,,,,,,,,,,,
5/7/15 11:52,Thursday,PASSENGER CAR,PASSENGER CAR,,CAMBRIDGE ST,,QUINCY ST,"CAMBRIDGE ST
Cambridge, MA
(42.375468641000055, -71.11429857799999)",,,"SIDESWIPE, SAME DIRECTION",ROADWAY,COLLISION WITH MOTOR VEHICLE IN TRAFFIC,DAYLIGHT,CLEAR,CLEAR,NO CONTROLS,,DRY,NOT AT INTERSECTION,"ONE-WAY, NOT DIVIDED",NO,NO,30,NON INTERSECTION,,,,,,,WESTBOUND,,WESTBOUND,,,,,,UNKNOWN,,,PAN,MA,PASSENGER CAR,,,,TRAVELING STRAIGHT AHEAD,2008,COLLISION WITH MOTOR VEHICLE IN TRAFFIC,CAMRY,TOYOTA,2,,COLLISION WITH MOTOR VEHICLE IN TRAFFIC,COLLISION WITH MOTOR VEHICLE IN TRAFFIC,COLLISION WITH MOTOR VEHICLE IN TRAFFIC,COLLISION WITH MOTOR VEHICLE IN TRAFFIC,LEFT SIDE,LEFT REAR,,,WESTBOUND,,,,,,,,,,,UNKNOWN,UNKNOWN,,,,,,UNKNOWN,,,PAN,MA,PASSENGER CAR,,,,TRAVELING STRAIGHT AHEAD,2012,COLLISION WITH MOTOR VEHICLE IN TRAFFIC,328IS,BMW,1,,COLLISION WITH MOTOR VEHICLE IN TRAFFIC,COLLISION WITH MOTOR VEHICLE IN TRAFFIC,COLLISION WITH MOTOR VEHICLE IN TRAFFIC,COLLISION WITH MOTOR VEHICLE IN TRAFFIC,RIGHT FRONT,RIGHT SIDE,RIGHT REAR,,WESTBOUND,,,,,,,,,,,UNKNOWN,UNKNOWN,,,,,,UNKNOWN,,,OPERATOR/DRIVER,,MASSACHUSETTS,,,,,,,,,FEMALE,,,,,OCCUPANT/PASSENGER,,,,,,,,,,,FEMALE,,,,
5/6/15 16:02,Wednesday,PASSENGER CAR,,21,JEFFERSON ST,,,"21 JEFFERSON ST
Cambridge, MA
(42.37305715700006, -71.08904750799996)",,,"SIDESWIPE, SAME DIRECTION",ROADSIDE,COLLISION WITH PARKED MOTOR VEHICLE,DAYLIGHT,CLEAR,CLEAR,NO CONTROLS,NO,DRY,NOT AT INTERSECTION,"ONE-WAY, NOT DIVIDED",NO,NO,,NON INTERSECTION,,,,,,,EASTBOUND,,,,,,,,NONE,,,PAN,MA,PASSENGER CAR,,,Y,PARKED,2013,COLLISION WITH PARKED MOTOR VEHICLE,DURANGO,DODGE,,,COLLISION WITH PARKED MOTOR VEHICLE,COLLISION WITH PARKED MOTOR VEHICLE,,,RIGHT SIDE,,,,,,,,,,,,,,,,,,,,,,,,,,,,,,,,,,,,,,,,,,,,,,,,,,,,,,,,,,,,,,,,,,,UNINVOLVED OWNER,,MASSACHUSETTS,"D, CLASS D VEHICLES",,NONE,,,,,29,FEMALE,,,,Y,,,,,,,,,,,,,,,,
1/26/15 12:44,Monday,SINGLE UNIT TRUCK (2 AXLES - 6 TIRES),,,BINNEY ST,,,"BINNEY ST
Cambridge, MA
(42.36528847400007, -71.07897875399993)",,,SINGLE VEHICLE CRASH,ROADWAY,,DAYLIGHT,CLOUDY,,NO CONTROLS,,DRY,NOT AT INTERSECTION,"TWO-WAY, NOT DIVIDED",NO,NO,,NON INTERSECTION,,,,,,,WESTBOUND,,,,,,,,,MUNICIPAL,LIGHT POLE,CON,MA,SINGLE UNIT TRUCK (2 AXLES - 6 TIRES),,,,BACKING,7,COLLISION WITH LIGHT POLE OR OTHER POST/SUPPORT,400SER,INTL,1,,COLLISION WITH LIGHT POLE OR OTHER POST/SUPPORT,,,,RIGHT REAR,,,,WESTBOUND,,,,,,,,,,,UNKNOWN,,Y,,,,,UNKNOWN,,NO,,,,,,,,,,,,,,,,,,,,,,,,,,,,,,,,,,,,,,,,,,,OPERATOR/DRIVER,,MASSACHUSETTS,"A, CLASS A VEHICLES",,,,,,,,MALE,,,,,UNINVOLVED OWNER,,,,,,,,,,,,,,,Y
1/1/15 22:52,Thursday,PASSENGER CAR,OTHER,,CAMBRIDGE ST,SIXTH ST,,"CAMBRIDGE ST &amp; SIXTH ST
Cambridge, MA
(42.36679362800004, -71.10600609899996)",,,REAR-END,,,DARK - LIGHTED ROADWAY,CLEAR,CLEAR,,YES,DRY,FOUR WAY INTERSECTION,"TWO-WAY, DIVIDED, UNPROTECTED MEDIAN",NO,NO,,INTERSECTION,CAMBRIDGE ST,,SIXTH ST,,,,,,,,,,,,,,,PAN,MA,PASSENGER CAR,,,,TRAVELING STRAIGHT AHEAD,2001,,CIVIC,HONDA,1,,COLLISION WITH MOTOR VEHICLE IN TRAFFIC,,,,RIGHT REAR,,,,,,,,,,,,,,,NO IMPROPER DRIVING,,,,,,,UNKNOWN,,,RPN,MA,OTHER,,,,TRAVELING STRAIGHT AHEAD,2009,,F450,FORD,1,,COLLISION WITH MOTOR VEHICLE IN TRAFFIC,,,,LEFT FRONT,,,,,,,,,,,,,,,UNKNOWN,UNKNOWN,,,,,,UNKNOWN,,,OPERATOR/DRIVER,,MASSACHUSETTS,"D, CLASS D VEHICLES",,,,,,,,FEMALE,"FRONT SEAT - LEFT SIDE, OR MOTORCYLE DRIVER",,,Y,OPERATOR/DRIVER,,MASSACHUSETTS,"D, CLASS D VEHICLES",,,,,,,,MALE,"FRONT SEAT - LEFT SIDE, OR MOTORCYLE DRIVER",,,
3/16/15 20:36,Monday,PASSENGER CAR,LIGHT TRUCK,,INMAN STREET,BROADWAY STREET,,"INMAN STREET &amp; BROADWAY STREET
Cambridge, MA
(42.36679362800004, -71.10600609899996)",,,,,,DAWN,CLEAR,,,YES,ICE,FOUR WAY INTERSECTION,"ONE-WAY, NOT DIVIDED",NO,NO,30,INTERSECTION,INMAN STREET,SOUTHBOUND,BROADWAY STREET,,,,,,,,,,,,,MUNICIPAL,"METERS INM 0059, INM 0057, INM 0055",PAN,MA,PASSENGER CAR,,,,TRAVELING STRAIGHT AHEAD,2000,COLLISION WITH PARKED MOTOR VEHICLE,ALTIMA,NISSIAN,1,,COLLISION WITH PARKED MOTOR VEHICLE,,,,RIGHT FRONT,,,Y,SOUTHBOUND,,,,,,,,,,,FATIGUED/ASLEEP,,,,,,,OTHER ACTIVITY,,YES VEHICLE OR TRAILER DISABLED,MVN,MA,LIGHT TRUCK,,,,PARKED,2003,COLLISION WITH MOTOR VEHICLE IN TRAFFIC,S-TRUCK,CHEVY,0,,COLLISION WITH MOTOR VEHICLE IN TRAFFIC,,,,RIGHT REAR,LEFT REAR,LEFT SIDE,Y,SOUTHBOUND,,,,,,,,,,,NO IMPROPER DRIVING,NO IMPROPER DRIVING,,,,,,NOT DISTRACTED,,YES OTHER REASON NOT DISABLED,OPERATOR/DRIVER,,MASSACHUSETTS,,,,,,,,,MALE,,,,Y,UNINVOLVED OWNER,,,,,,,,,,,,,,,Y
2/7/15 11:03,Saturday,SINGLE UNIT TRUCK (2 AXLES - 6 TIRES),PASSENGER CAR,100,FAWCETT STREET,,SMITH PLACE,"100 FAWCETT STREET
Cambridge, MA
(42.39252981900006, -71.14614812199994)",,,"SIDESWIPE, OPPOSITE DIRECTION",ROADWAY,,DAYLIGHT,CLOUDY,,,,WET,NOT AT INTERSECTION,,NO,NO,,NON INTERSECTION,,,,,,,NORTHBOUND,,WESTBOUND,,NORTHBOUND,CAMBRIDGE FIRE DEPARTMENT VEHICLE GARAGE,,,TRAFFIC CONGESTION RELATED,,,MVN,MA,SINGLE UNIT TRUCK (2 AXLES - 6 TIRES),,,,SLOWING OR STOPPED IN TRAFFIC,2010,COLLISION WITH MOTOR VEHICLE IN TRAFFIC,DRWSUP/TRUCK,FORD,1,,COLLISION WITH MOTOR VEHICLE IN TRAFFIC,,,,NONE,,,,WESTBOUND,,,,,,,,,,,NO IMPROPER DRIVING,NO IMPROPER DRIVING,,,,,,NOT DISTRACTED,,NO,PAN,MA,PASSENGER CAR,,,,SLOWING OR STOPPED IN TRAFFIC,2006,COLLISION WITH MOTOR VEHICLE IN TRAFFIC,STATION WAGON,SUBARU,1,,CROSS MEDIAN/CENTERLINE,COLLISION WITH MOTOR VEHICLE IN TRAFFIC,,,LEFT SIDE,,,,WESTBOUND,,,,,,,,,,,"DISREGARDED TRAFFIC SIGNS, SIGNALS, ROAD MARKINGS",WRONG SIDE OR WRONG WAY,,,,,,NOT DISTRACTED,,NO,OPERATOR/DRIVER,NO INJURY,MASSACHUSETTS,"D, CLASS D VEHICLES",,,,,,,,MALE,"FRONT SEAT - LEFT SIDE, OR MOTORCYLE DRIVER",UNKNOWN,NOT TRAPPED,,OPERATOR/DRIVER,NO INJURY,MASSACHUSETTS,"D, CLASS D VEHICLES",,,,,,,,FEMALE,"FRONT SEAT - LEFT SIDE, OR MOTORCYLE DRIVER",UNKNOWN,NOT TRAPPED,Y
6/4/15 20:00,Thursday,PASSENGER CAR,,,MASSACHUSETTS AVE,,BEECH STREET.,"MASSACHUSETTS AVE
Cambridge, MA
(42.393434712000044, -71.12577890299997)",,,ANGLE,ROADWAY,,DAYLIGHT,CLEAR,,TRAFFIC CONTROL SIGNAL,YES,DRY,NOT AT INTERSECTION,"TWO-WAY, DIVIDED, POSITIVE MEDIAN BARRIER",NO,NO,,NON INTERSECTION,,,,,,,NORTHBOUND,,EASTBOUND,,,,,,NONE,,,PAN,MA,PASSENGER CAR,,,,TURNING RIGHT,1994,OTHER,COROLLA,TOYOTA,1,,OTHER,,,,,,,,EASTBOUND,,,,,,,,,,,MADE AN IMPROPER TURN,,,,,,,UNKNOWN,,,,,,,,,,,,,,,,,,,,,,,,,,,,,,,,,,,,,,,,,,,,,OPERATOR/DRIVER,,,,,,,,,,,UNKNOWN,,,,,NON-MOTORIST,,MASSACHUSETTS,,,,,,,,,MALE,,,,
7/9/15 10:15,Thursday,PASSENGER CAR,BUS SEATS MORE THAN 15 PEOPLE,,MASS AVE,VASSAR ST,,"MASS AVE &amp; VASSAR ST
Cambridge, MA
(42.36679362800004, -71.10600609899996)",,,ANGLE,ROADWAY,COLLISION WITH MOTOR VEHICLE IN TRAFFIC,DAYLIGHT,CLOUDY,,TRAFFIC CONTROL SIGNAL,YES,DRY,FOUR WAY INTERSECTION,"TWO-WAY, NOT DIVIDED",NO,NO,,INTERSECTION,MASS AVE,,VASSAR ST,,,,,,,,,,,,,,,PAN,MA,PASSENGER CAR,,,,TURNING RIGHT,2004,COLLISION WITH PARKED MOTOR VEHICLE,ES,LEXS,1,,COLLISION WITH MOTOR VEHICLE IN TRAFFIC,,,,LEFT FRONT,,,,WESTBOUND,,,,,,,,,,,,,,,,,,,,,BUN,MA,BUS SEATS MORE THAN 15 PEOPLE,,,,TURNING LEFT,2009,COLLISION WITH MOTOR VEHICLE IN TRAFFIC,EZRIDE,ELDOR,,,COLLISION WITH MOTOR VEHICLE IN TRAFFIC,,,,RIGHT REAR,,,,EASTBOUND,UNKNOWN,BUS SEATS MORE THAN 15 PEOPLE,,,,,,,,,,,,,Y,,,,TRANSIT/COMMUTER,,OPERATOR/DRIVER,NO INJURY,MASSACHUSETTS,,,,,,,,,FEMALE,"FRONT SEAT - LEFT SIDE, OR MOTORCYLE DRIVER",UNKNOWN,NOT TRAPPED,Y,OPERATOR/DRIVER,NO INJURY,MASSACHUSETTS,,,,,,,,,MALE,"FRONT SEAT - LEFT SIDE, OR MOTORCYLE DRIVER",UNKNOWN,NOT TRAPPED,
3/7/15 14:07,Saturday,PASSENGER CAR,OTHER,57,CEDAR ST,,,"57 CEDAR ST
Cambridge, MA
(42.39451812900006, -71.13086802299995)",,,"SIDESWIPE, SAME DIRECTION",SHOULDER - PAVED,COLLISION WITH PARKED MOTOR VEHICLE,UNKNOWN,UNKNOWN,,NO CONTROLS,,DRY,NOT AT INTERSECTION,"TWO-WAY, DIVIDED, UNPROTECTED MEDIAN",NO,NO,,NON INTERSECTION,,,,,,,WESTBOUND,,,,,,,,NONE,,,PAN,MA,PASSENGER CAR,,,Y,PARKED,2010,UNKNOWN,AVALON,TOYOTA,0,,COLLISION WITH MOTOR VEHICLE IN TRAFFIC,,,,LEFT FRONT,CENTER FRONT,RIGHT FRONT,Y,WESTBOUND,,,,,,,,,,,NO IMPROPER DRIVING,,,,,,,NOT DISTRACTED,,YES VEHICLE OR TRAILER DISABLED,UNK,,OTHER,,,,UNKNOWN,,UNKNOWN,UNKNOWN,UNKNOWN,,,COLLISION WITH PARKED MOTOR VEHICLE,,,,UNKNOWN,,,,WESTBOUND,,,,,,,,,,,"OPERATING VEHICLE IN ERRATIC, RECKLESS, CARELESS,",FAILURE TO KEEP IN PROPER LANE OR RUNNING OFF ROAD,,,,,,UNKNOWN,,UNKNOWN,UNINVOLVED OWNER,,MASSACHUSETTS,,,,,,,,,MALE,,,,Y,OPERATOR/DRIVER,,,,,,,,,,,UNKNOWN,,,,
1/19/15 11:52,Monday,PASSENGER CAR,PASSENGER CAR,77,MASSACHUSETTS AVE,,,"77 MASSACHUSETTS AVE
Cambridge, MA
(42.358964652000054, -71.09347506199998)",,,REAR-END,ROADWAY,COLLISION WITH MOTOR VEHICLE IN TRAFFIC,DAYLIGHT,CLEAR,,,YES,DRY,NOT AT INTERSECTION,"TWO-WAY, NOT DIVIDED",NO,NO,30,NON INTERSECTION,,,,,,,EASTBOUND,,,,,,,,NONE,,,PASS,TN,PASSENGER CAR,,,,SLOWING OR STOPPED IN TRAFFIC,2013,COLLISION WITH MOTOR VEHICLE IN TRAFFIC,VERSA,NISSAN,1,,COLLISION WITH MOTOR VEHICLE IN TRAFFIC,,,,RIGHT REAR,REAR CENTER,LEFT REAR,,EASTBOUND,,,,,,,,,,,NO IMPROPER DRIVING,,,,,,,NOT DISTRACTED,,,PAN,MA,PASSENGER CAR,,,,TRAVELING STRAIGHT AHEAD,2001,COLLISION WITH MOTOR VEHICLE IN TRAFFIC,CORROLLA,TOYOTA,2,,COLLISION WITH MOTOR VEHICLE IN TRAFFIC,,,,RIGHT FRONT,CENTER FRONT,LEFT FRONT,,EASTBOUND,,,,,,,,,,,DISTRACTED,,,,,,,OTHER ACTIVITY ELECTRONIC DEVICE,,,OPERATOR/DRIVER,NO INJURY,NEW JERSEY,,,,,,,,,FEMALE,"FRONT SEAT - LEFT SIDE, OR MOTORCYLE DRIVER",UNKNOWN,NOT TRAPPED,,UNINVOLVED OWNER,,,,,,,,,,,,,,,Y
5/9/15 14:50,Saturday,PASSENGER CAR,,1137,MASS AVE,,REMINGTON ST,"1137 MASS AVE
Cambridge, MA
(42.37107225300008, -71.11416126299997)",1,,SINGLE VEHICLE CRASH,ROADWAY,COLLISION WITH PEDALCYCLE,DAYLIGHT,CLEAR,,NO CONTROLS,,DRY,NOT AT INTERSECTION,"ONE-WAY, NOT DIVIDED",NO,NO,,NON INTERSECTION,,,,,,,NORTHBOUND,,,,,,,,NONE,,,PAN,MA,PASSENGER CAR,,,,PARKED,2011,COLLISION WITH PEDALCYCLE,SONATA,HYUNDAI,2,,COLLISION WITH PEDALCYCLE,,,,,,,,NORTHBOUND,,,,,,,,,,,OTHER IMPROPER ACTION,,,,,,,,,,,,,,,,,,,,,,,,,,,,,,,,,,,,,,,,,,,,,,,,,,,,OPERATOR/DRIVER,NO INJURY,MASSACHUSETTS,"D, CLASS D VEHICLES",,,,,,,,MALE,,UNKNOWN,NOT TRAPPED,,UNINVOLVED OWNER,NO INJURY,,,,,,,,,,FEMALE,,,,Y
2/21/15 12:00,Saturday,PASSENGER CAR,,,PINE ST,,EATON ST,"PINE ST
Cambridge, MA
(42.36539531100004, -71.09784007099995)",,,UNKNOWN,ROADWAY,COLLISION WITH PARKED MOTOR VEHICLE,UNKNOWN,UNKNOWN,,NO CONTROLS,,UNKNOWN,NOT AT INTERSECTION,"ONE-WAY, NOT DIVIDED",NO,NO,,NON INTERSECTION,,,,,,,,,,,,,,,,,,PAN,MA,PASSENGER CAR,,,,PARKED,2015,COLLISION WITH MOTOR VEHICLE IN TRAFFIC,COROL,TOY,0,,COLLISION WITH MOTOR VEHICLE IN TRAFFIC,,,,LEFT FRONT,LEFT SIDE,,,,,,,,,,,,,,,,,,,,,,,,PAN,MA,,,,Y,,,,,,,,,,,,,,,,,,,,,,,,,,,,,,,,,,,,,UNINVOLVED OWNER,,MASSACHUSETTS,,,,,,,,,MALE,,,,Y,,,,,,,,,,,,,,,,
3/18/15 18:09,Wednesday,PASSENGER CAR,,,CUSHING ST.,,BELMONT ST.,"CUSHING ST.
Cambridge, MA
(42.377447853000035, -71.15195482899998)",,,"SIDESWIPE, SAME DIRECTION",ROADWAY,COLLISION WITH PARKED MOTOR VEHICLE,DAYLIGHT,CLEAR,,STOP SIGNS,,DRY,,,YES,,25,NON INTERSECTION,CUSHING ST.,,BELMONT ST.,,,,SOUTHBOUND,20 FT.,,,,,,,,,,PAN,MA,PASSENGER CAR,,,Y,PARKED,2009,COLLISION WITH MOTOR VEHICLE IN TRAFFIC,ACCORD,HONDA,0,,COLLISION WITH MOTOR VEHICLE IN TRAFFIC,,,,LEFT REAR,LEFT SIDE,RIGHT FRONT,,,,,,,,,,,,,NO IMPROPER DRIVING,,,,Y,,,,SCHOOL,,,,,,,,,,,,,,,,,,,,,,,,,,,,,,,,,,,,,,,,,,,,UNINVOLVED OWNER,,MASSACHUSETTS,"D, CLASS D VEHICLES",,,,,,,25,FEMALE,,,,Y,,,,,,,,,,,,,,,,
5/4/15 21:08,Monday,LIGHT TRUCK,,,EXETER PK,MASS AVE,,"EXETER PK &amp; MASS AVE
Cambridge, MA
(42.36679362800004, -71.10600609899996)",,,"SIDESWIPE, SAME DIRECTION",ROADWAY,COLLISION WITH PARKED MOTOR VEHICLE,DAYLIGHT,CLEAR,,TRAFFIC CONTROL SIGNAL,YES,DRY,T-INTERSECTION,"TWO-WAY, NOT DIVIDED",NO,NO,20,INTERSECTION,EXETER PK,,MASS AVE,,,,,,,,,,,,NONE,,,PAN,MA,LIGHT TRUCK,,,Y,PARKED,2013,COLLISION WITH PARKED MOTOR VEHICLE,ROGUE,NISSAN,0,,COLLISION WITH PARKED MOTOR VEHICLE,,,,LEFT FRONT,LEFT SIDE,,,,,,,,,,,,,,NO IMPROPER DRIVING,,,,,,,,,,,,,,,,,,,,,,,,,,,,,,,,,,,,,,,,,,,,,,,,,,,,UNINVOLVED OWNER,,MASSACHUSETTS,"D, CLASS D VEHICLES",,NONE,,,,,,FEMALE,,,,Y,,,,,,,,,,,,,,,,
3/2/15 12:00,Monday,PASSENGER CAR,,20,HOLMES STREET,,,"20 HOLMES STREET
Cambridge, MA
(42.37757243500005, -71.14996762399994)",,,,UNKNOWN,OTHER,UNKNOWN,,,,,,,,NO,NO,,NON INTERSECTION,,,,,,,,,,,,,,,,,,PAN,MA,PASSENGER CAR,,,Y,PARKED,2013,,RAV 4,TOYOTA,,,OTHER,,,,REAR CENTER,,,,,,,,,,,,,,,NO IMPROPER DRIVING,,,,,,,,,,,,,,,,,,,,,,,,,,,,,,,,,,,,,,,,,,,,,,,,,,,,UNINVOLVED OWNER,,,,,,,,,,,FEMALE,,,,Y,,,,,,,,,,,,,,,,
2/23/15 7:10,Monday,PASSENGER CAR,PASSENGER CAR,,VASSAR STREET,,,"VASSAR STREET
Cambridge, MA
(42.35817665800005, -71.09881902899997)",,,"SIDESWIPE, SAME DIRECTION",ROADWAY,COLLISION WITH PARKED MOTOR VEHICLE,DAYLIGHT,CLEAR,,NO CONTROLS,,SNOW,,"TWO-WAY, NOT DIVIDED",NO,NO,,NON INTERSECTION,,,,,,,WESTBOUND,,,,,,,,ROAD SURFACE CONDITION,,,PAN,MA,PASSENGER CAR,,,,PARKED,2008,,CAMRY,TOYOTA,0,,COLLISION WITH PARKED MOTOR VEHICLE,,,,LEFT FRONT,LEFT SIDE,LEFT REAR,,,,,,,,,,,,,NO IMPROPER DRIVING,,,,,,,,,,PAN,MA,PASSENGER CAR,,,,TRAVELING STRAIGHT AHEAD,2003,COLLISION WITH PARKED MOTOR VEHICLE,MONTERO,MITS,1,,COLLISION WITH PARKED MOTOR VEHICLE,,,,RIGHT FRONT,RIGHT SIDE,RIGHT REAR,,WESTBOUND,,,,,,,,,,,UNKNOWN,,,,,,,,,,UNINVOLVED OWNER,,MASSACHUSETTS,"D, CLASS D VEHICLES",,,,,,,,MALE,,,,Y,OPERATOR/DRIVER,NO INJURY,MASSACHUSETTS,"D, CLASS D VEHICLES",,,,,,,,MALE,,,,Y