Date Time,Day of Week,Object 1,Object 2,Street Number,Street Name,Cross Street,Near Street,Location,May involve cyclist,May Involve Pedestrian,Manner of Collision,First Harmful Event Location,First Harmful Event,Ambient Light,Weather Condition 1,Weather Condition 2,Traffic Control Device Type,Traffic Control Device Functionality,Road Surface Condition,Roadway Junction Type,Trafficway Description,School Bus Related,Work Zone,Speed Limit,Street or Intersection,Intersection Name 1,Intersection Direction 1,Intersection Name 2,Intersection Direction 2,Intersection Name 3,Intersection Direction 3,Street Direction,Nearest Intersection Distance,Nearest Intersection Direction,Landmark Distance,Landmark Direction,Landmark,Mile Marker Direction,Non Public Area,Road Contributing,Damaged Property Type,Description of Damaged Property,V1 Registration Type,v1 State Code,V1 Configuration,V1 Emergency Response,V1 Moped,V1 Hit and Run,V1 Action Prior to Crash,V1 Model Year,V1 Most Harmful Event,V1 Model,V1 Make,V1 Occupant Count,V1 Underride Override,V1 First Event,V1 Second Event,V1 Third Event,V1 Fourth Event,V1 Most Damaged Area,V1 Second Damaged Area,V1 Third Damaged Area,V1 Towed,V1 Travel Direction,V1 Interstate,V1 Cargo Body Type,V1 Gross Weight,V1 Haz Placard,V1 Haz Release,V1 Trailer Reg Type,V1 Trailer Reg Plate,V1 Trailer Reg State,V1 Trailer Reg Year,V1 Trailer Len,V1 Driver Contribution,V1 Driver Contribution 2,V1 Is Truck,V1 Has Trailer,V1 Is Bus,V1 Is Hazmat,V1 Reg Year,V1 Driver Distracted,V1 Bus Use,V1 Tow Use,V2 Registration Type,V2 State Code,V2 Configuration,V2 Emergency Response,V2 Moped,V2 Hit and Run,V2 Action Prior to Crash,V2 Model Year,V2 Most Harmful Event,V2 Model,V2 Make,V2 Occupant Count,V2 Underride Override,V2 First Event,V2 Second Event,V2 Third Event,V2 Fourth Event,V2 Most Damaged Area,V2 Second Damaged Area,V2 Third Damaged Area,V2 Towed,V2 Travel Direction,V2 Interstate,V2 Cargo Body Type,V2 Gross Weight,V2 Haz Placard,V2 Haz Release,V2 Trailer Reg Type,V2 Trailer Reg Plate,V2 Trailer Reg State,V2 Trailer Reg Year,V2 Trailer Len,V2 Driver Contribution,V2 Driver Contribution 2,V2 Is Truck,V2 Has Trailer,V2 Is Bus,V2 Is Hazmat,V2 Reg Year,V2 Driver Distracted,V2 Bus Use,V2 Tow Use,P1 Role,P1 Injury,P1 Drivers Lic State,P1 Drivers Lic Class 1,P1 Drivers Lic Class 2,P1 Drivers Lic Restrict,P1 Non Motorist Desc,P1 Non Motorist Action,P1 Non Motorist Location,P1 Safety Equipment,P1 Age,P1 Sex,P1 Seat Position,P1 Safety System,P1 Trapped,P1 Veh Owner,P2 Role,P2 Injury,P2 Drivers Lic State,P2 Drivers Lic Class 1,P2 Drivers Lic Class 2,P2 Drivers Lic Restrict,P2 Non Motorist Desc,P2 Non Motorist Action,P2 Non Motorist Location,P2 Safety Equipment,P2 Age,P2 Sex,P2 Seat Position,P2 Safety System,P2 Trapped,P2 Veh Owner
6/6/15 9:40,Saturday,,PASSENGER CAR,41,BAY STATE  ROAD,,BIRCH STREET,"41 BAY STATE ROAD
Cambridge, MA
(42.38744683600004, -71.13905473199998)",,,REAR-END,ROADSIDE,COLLISION WITH PARKED MOTOR VEHICLE,DAYLIGHT,CLEAR,,NO CONTROLS,,DRY,NOT AT INTERSECTION,"TWO-WAY, NOT DIVIDED",NO,NO,,NON INTERSECTION,,,,,,,WESTBOUND,,EASTBOUND,,WESTBOUND,SOZIO'S REFRIDGERATOR AND REPAIRS,,,,,,CON,MA,,,,,TRAVELING STRAIGHT AHEAD,2014,COLLISION WITH PARKED MOTOR VEHICLE,UTILITY,JEEP,1,,COLLISION WITH PARKED MOTOR VEHICLE,,,,LEFT FRONT,,,,WESTBOUND,,,,,,,,,,,INATTENTION,,,,,,,UNKNOWN,,NO,PAN,MA,PASSENGER CAR,,,,PARKED,2013,COLLISION WITH MOTOR VEHICLE IN TRAFFIC,SEDAN,SUBARU,0,,COLLISION WITH MOTOR VEHICLE IN TRAFFIC,,,,REAR CENTER,TOP AND WINDOWS,CENTER FRONT,,,,,,,,,,,,,NO IMPROPER DRIVING,,,,,,,NOT DISTRACTED,,YES VEHICLE OR TRAILER DISABLED,OPERATOR/DRIVER,NO INJURY,MASSACHUSETTS,"D, CLASS D VEHICLES",,CORRECTIVE LENSES,,,,,,MALE,"FRONT SEAT - LEFT SIDE, OR MOTORCYLE DRIVER",UNKNOWN,NOT TRAPPED,Y,OPERATOR/DRIVER,,MASSACHUSETTS,"D, CLASS D VEHICLES",,,,,,,,FEMALE,,,,Y
6/28/15 17:45,Sunday,PASSENGER CAR,LIGHT TRUCK,,GORE ST,SEVENTH ST,,"GORE ST &amp; SEVENTH ST
Cambridge, MA
(42.36679362800004, -71.10600609899996)",,,ANGLE,ROADWAY,COLLISION WITH MOTOR VEHICLE IN TRAFFIC,DAYLIGHT,RAIN,CLOUDY,STOP SIGNS,YES,WET,T-INTERSECTION,"TWO-WAY, NOT DIVIDED",NO,NO,30,INTERSECTION,GORE ST,EASTBOUND,SEVENTH ST,NORTHBOUND,,,,,,,,,,,NONE,,,PAN,MA,PASSENGER CAR,,,,TRAVELING STRAIGHT AHEAD,2007,COLLISION WITH MOTOR VEHICLE IN TRAFFIC,CIVIC,HONDA,1,,COLLISION WITH MOTOR VEHICLE IN TRAFFIC,,,,CENTER FRONT,RIGHT FRONT,LEFT FRONT,,NORTHBOUND,,,,,,,,,,,UNKNOWN,,,,,,,UNKNOWN,,NO,PAR,MA,LIGHT TRUCK,,,,TRAVELING STRAIGHT AHEAD,2008,COLLISION WITH MOTOR VEHICLE IN TRAFFIC,COMMANDER,JEEP,1,,COLLISION WITH MOTOR VEHICLE IN TRAFFIC,,,,RIGHT SIDE,,,,EASTBOUND,,,,,,,,,,,UNKNOWN,,,,,,,UNKNOWN,,NO,OPERATOR/DRIVER,NO INJURY,MASSACHUSETTS,,,,,,,,,MALE,"FRONT SEAT - LEFT SIDE, OR MOTORCYLE DRIVER",UNKNOWN,NOT TRAPPED,Y,OPERATOR/DRIVER,NO INJURY,MASSACHUSETTS,,,,,,,,,MALE,"FRONT SEAT - LEFT SIDE, OR MOTORCYLE DRIVER",UNKNOWN,NOT TRAPPED,
3/9/15 0:30,Monday,PASSENGER CAR,,,PARKING LOT BEHIND 30 YORK ST,,,"PARKING LOT BEHIND 30 YORK ST
Cambridge, MA
(42.36976660200003, -71.09267246199994)",,,ANGLE,UNKNOWN,COLLISION WITH PARKED MOTOR VEHICLE,DARK - UNKNOWN ROADWAY LIGHTING,CLEAR,,,NO,UNKNOWN,DRIVEWAY,UNKNOWN,NO,NO,,NON INTERSECTION,,,,,,,,,,,,,,,UNKNOWN,,,PAN,MA,PASSENGER CAR,,,Y,UNKNOWN,1998,COLLISION WITH PARKED MOTOR VEHICLE,GS300,LEXUS,0,,COLLISION WITH PARKED MOTOR VEHICLE,,,,RIGHT FRONT,,,,UNKNOWN,,,,,,,,,,,UNKNOWN,,,,,,,UNKNOWN,,NO,,,,,,,,,,,,,,,,,,,,,,,,,,,,,,,,,,,,,,,,,,,UNINVOLVED OWNER,,MASSACHUSETTS,"D, CLASS D VEHICLES",,,,,,,,FEMALE,,,,Y,,,,,,,,,,,,,,,,
3/24/15 10:58,Tuesday,LIGHT TRUCK,,,BROADWAY,PROSTPECT STREET,,"BROADWAY &amp; PROSTPECT STREET
Cambridge, MA
(42.36679362800004, -71.10600609899996)",,1,HEAD ON,ROADWAY,COLLISION WITH PEDESTRIAN,DAYLIGHT,CLEAR,,TRAFFIC CONTROL SIGNAL,YES,DRY,FOUR WAY INTERSECTION,"TWO-WAY, DIVIDED, UNPROTECTED MEDIAN",NO,NO,,INTERSECTION,BROADWAY,,PROSTPECT STREET,,,,,,,,,,,,NONE,,,CON,MA,LIGHT TRUCK,,,,TURNING LEFT,2006,COLLISION WITH PEDESTRIAN,ECOVAN,FORD,1,,COLLISION WITH PEDESTRIAN,,,,NONE,NONE,NONE,,NORTHBOUND,,,,,,,,,,,UNKNOWN,,,,,,,UNKNOWN,,,,,,,,,,,,,,,,,,,,,,,,,,,,,,,,,,,,,,,,,,,,,OPERATOR/DRIVER,,MASSACHUSETTS,"D, CLASS D VEHICLES",,,,,,,,MALE,"FRONT SEAT - LEFT SIDE, OR MOTORCYLE DRIVER",UNKNOWN,NOT TRAPPED,Y,NON-MOTORIST,NON FATAL INJURY - POSSIBLE,,,,,PEDESTRIAN,ENTERING OR CROSSING SPECIFIED LOCATION,PEDESTRIAN,NONE USED,,FEMALE,,,,
1/5/15 18:24,Monday,PASSENGER CAR,PASSENGER CAR,,FIFTH STREET,ROGERS  STREET,,"FIFTH STREET &amp; ROGERS STREET
Cambridge, MA
(42.36679362800004, -71.10600609899996)",,,,,COLLISION WITH MOTOR VEHICLE IN TRAFFIC,DUSK,CLEAR,,STOP SIGNS,YES,DRY,T-INTERSECTION,"TWO-WAY, NOT DIVIDED",NO,NO,,INTERSECTION,FIFTH STREET,SOUTHBOUND,ROGERS  STREET,EASTBOUND,,,,,,,,,,,NONE,,,PAN,MA,PASSENGER CAR,,,,TURNING RIGHT,2005,COLLISION WITH MOTOR VEHICLE IN TRAFFIC,MARQUIS,MERCURY,1,,COLLISION WITH MOTOR VEHICLE IN TRAFFIC,COLLISION WITH MOTOR VEHICLE IN TRAFFIC,,,LEFT FRONT,,,,EASTBOUND,,,,,,,,,,,NO IMPROPER DRIVING,,,,,,,UNKNOWN,,,PAN,MA,PASSENGER CAR,,,,TURNING LEFT,2012,COLLISION WITH MOTOR VEHICLE IN TRAFFIC,IMPREZA,SUBARU,1,,COLLISION WITH MOTOR VEHICLE IN TRAFFIC,COLLISION WITH MOTOR VEHICLE IN TRAFFIC,,,LEFT SIDE,,,,NORTHBOUND,,,,,,,,,,,FAILED TO YIELD THE RIGHT OF WAY,,,,,,,UNKNOWN,,,OPERATOR/DRIVER,,MASSACHUSETTS,,,,,,,,,MALE,,,,,OPERATOR/DRIVER,,MASSACHUSETTS,"D, CLASS D VEHICLES",,,,,,,,FEMALE,,,,
7/28/15 9:30,Tuesday,LIGHT TRUCK,,144,WESTERN AVE,,,"144 WESTERN AVE
Cambridge, MA
(42.36488210300007, -71.10872754499997)",,,UNKNOWN,ROADWAY,COLLISION WITH PARKED MOTOR VEHICLE,UNKNOWN,UNKNOWN,,NO CONTROLS,,UNKNOWN,NOT AT INTERSECTION,"ONE-WAY, NOT DIVIDED",NO,NO,,NON INTERSECTION,,,,,,,,,,,,,,,,,,PAN,MA,LIGHT TRUCK,,,,PARKED,2003,COLLISION WITH MOTOR VEHICLE IN TRAFFIC,CARAVA,G,0,,COLLISION WITH MOTOR VEHICLE IN TRAFFIC,,,,RIGHT FRONT,RIGHT SIDE,,,,,,,,,,,,,,,,,,,,,,,,PAN,MA,,,,Y,,,,,,,,,,,,,,,,,,,,,,,,,,,,,,,,,,,,,UNINVOLVED OWNER,,MASSACHUSETTS,,,,,,,,,MALE,,,,Y,,,,,,,,,,,,,,,,
4/20/15 10:30,Monday,PASSENGER CAR,,,MAGAZINE ST,ALLSTON ST,,"MAGAZINE ST &amp; ALLSTON ST
Cambridge, MA
(42.36679362800004, -71.10600609899996)",,,UNKNOWN,UNKNOWN,,UNKNOWN,UNKNOWN,,,NO,UNKNOWN,T-INTERSECTION,"TWO-WAY, DIVIDED, UNPROTECTED MEDIAN",,,,INTERSECTION,MAGAZINE ST,WESTBOUND,ALLSTON ST,,,,,,,,,,,,UNKNOWN,,,PAN,MA,PASSENGER CAR,,,Y,PARKED,2007,,CAMRY,TOYOTA,,,UNKNOWN,,,,REAR CENTER,,,,,,,,,,,,,,,,,,,,,,,,,,,,,,,,,,,,,,,,,,,,,,,,,,,,,,,,,,,,,,,,,,,UNINVOLVED OWNER,,,,,,,,,,,MALE,,,,Y,,,,,,,,,,,,,,,,
6/16/15 20:00,Tuesday,PASSENGER CAR,LIGHT TRUCK,275,PUTNAM AVENUE,,RIVER STREET,"275 PUTNAM AVENUE
Cambridge, MA
(42.362504415000046, -71.11361695899996)",,,REAR-END,ROADWAY,COLLISION WITH PARKED MOTOR VEHICLE,DARK - LIGHTED ROADWAY,UNKNOWN,UNKNOWN,NO CONTROLS,,UNKNOWN,,,NO,NO,10,NON INTERSECTION,,,,,,,EASTBOUND,20,EASTBOUND,,,,,,NONE,,,PAN,MA,PASSENGER CAR,,,,PARKED,2008,,ALTIMA,NISSAN,0,,,,,,CENTER FRONT,,,,,,,,,,,,,,,,,,,,,,,,NO,CON,MA,LIGHT TRUCK,,,Y,BACKING,2004,COLLISION WITH PARKED MOTOR VEHICLE,SILVER PU,CHEVY,1,,COLLISION WITH PARKED MOTOR VEHICLE,,,,REAR CENTER,,,,WESTBOUND,,,,,,,,,,,"OPERATING VEHICLE IN ERRATIC, RECKLESS, CARELESS,",,,,,,,,,NO,UNINVOLVED OWNER,,MASSACHUSETTS,"D, CLASS D VEHICLES",,UNKNOWN,,,,,,MALE,,,,Y,OPERATOR/DRIVER,NO INJURY,MASSACHUSETTS,,,,,,,,,MALE,"FRONT SEAT - LEFT SIDE, OR MOTORCYLE DRIVER",UNKNOWN,NOT TRAPPED,Y
4/3/15 11:50,Friday,PASSENGER CAR,PASSENGER CAR,777,CONCORD AVE,,BLANCHARD RD,"777 CONCORD AVE
Cambridge, MA
(42.390717324000036, -71.15513793199995)",,,REAR-END,ROADWAY,COLLISION WITH MOTOR VEHICLE IN TRAFFIC,DAYLIGHT,CLOUDY,CLEAR,NO CONTROLS,,DRY,NOT AT INTERSECTION,"TWO-WAY, DIVIDED, UNPROTECTED MEDIAN",NO,NO,,NON INTERSECTION,,,,,,,WESTBOUND,,WESTBOUND,200FT,WESTBOUND,SANCTA MARIA ASSISTED LIVING,,,NONE,,,PAN,MA,PASSENGER CAR,,,,SLOWING OR STOPPED IN TRAFFIC,2013,COLLISION WITH MOTOR VEHICLE IN TRAFFIC,COUPE,CADILLAC,1,,COLLISION WITH MOTOR VEHICLE IN TRAFFIC,COLLISION WITH MOTOR VEHICLE IN TRAFFIC,,,REAR CENTER,,,,WESTBOUND,,,,,,,,,,,NO IMPROPER DRIVING,,,,,,,NOT DISTRACTED,,NO,PAN,MA,PASSENGER CAR,,,,SLOWING OR STOPPED IN TRAFFIC,2001,COLLISION WITH MOTOR VEHICLE IN TRAFFIC,4DR,HYUNDAI,1,,COLLISION WITH MOTOR VEHICLE IN TRAFFIC,,,,CENTER FRONT,REAR CENTER,,Y,WESTBOUND,,,,,,,,,,,NO IMPROPER DRIVING,,,,,,,NOT DISTRACTED,,YES VEHICLE OR TRAILER DISABLED,OPERATOR/DRIVER,NO INJURY,MASSACHUSETTS,"D, CLASS D VEHICLES",,,,,,,,MALE,"FRONT SEAT - LEFT SIDE, OR MOTORCYLE DRIVER",UNKNOWN,NOT TRAPPED,Y,OPERATOR/DRIVER,NO INJURY,MASSACHUSETTS,"D, CLASS D VEHICLES",,,,,,,,MALE,"FRONT SEAT - LEFT SIDE, OR MOTORCYLE DRIVER",UNKNOWN,NOT TRAPPED,Y
1/31/15 17:41,Saturday,PASSENGER CAR,,140,CHARLES ST,,,"140 CHARLES ST
Cambridge, MA
(42.36776813800003, -71.08207182599995)",,,UNKNOWN,UNKNOWN,UNKNOWN,UNKNOWN,UNKNOWN,UNKNOWN,UNKNOWN,NO,UNKNOWN,UNKNOWN,UNKNOWN,NO,NO,,NON INTERSECTION,,,,,,,,,,,,,,,UNKNOWN,,,PAN,MA,PASSENGER CAR,,,Y,PARKED,1988,UNKNOWN,THUNDERBIRD,FORD,0,,UNKNOWN,UNKNOWN,UNKNOWN,UNKNOWN,LEFT FRONT,LEFT SIDE,LEFT REAR,,UNKNOWN,,,,,,,,,,,UNKNOWN,UNKNOWN,,,,,,UNKNOWN,,,,,,,,,,,,,,,,,,,,,,,,,,,,,,,,,,,,,,,,,,,,,UNINVOLVED OWNER,,MASSACHUSETTS,,,,,,,,,MALE,,,,Y,,,,,,,,,,,,,,,,
2/18/15 19:31,Wednesday,PASSENGER CAR,PASSENGER CAR,,ALEWIFE BROOK PARKWAY,,,"ALEWIFE BROOK PARKWAY
Cambridge, MA
(42.38999511900005, -71.14219305399996)",,,REAR TO REAR,OUTSIDE ROADWAY,COLLISION WITH PARKED MOTOR VEHICLE,DAYLIGHT,CLOUDY,,NO CONTROLS,,SNOW,NOT AT INTERSECTION,,NO,NO,25,NON INTERSECTION,,,,,,,,,,,,FRESH POND MALL,,,NONE,,,PAN,MA,PASSENGER CAR,,,Y,PARKED,2014,COLLISION WITH PARKED MOTOR VEHICLE,FORESTER,SUBARU,0,,COLLISION WITH PARKED MOTOR VEHICLE,,,,LEFT REAR,,,,,,,,,,,,,,,,,,,,,,,,,PAN,MA,PASSENGER CAR,,,,BACKING,2009,COLLISION WITH PARKED MOTOR VEHICLE,CAMRY,TOYOTA,1,,COLLISION WITH PARKED MOTOR VEHICLE,,,,,,,,,,,,,,,,,,,UNKNOWN,,,,,,,UNKNOWN,,,UNINVOLVED OWNER,,MASSACHUSETTS,"D, CLASS D VEHICLES",,,,,,,,MALE,,,,Y,OPERATOR/DRIVER,UNKNOWN,MASSACHUSETTS,"D, CLASS D VEHICLES",,,,,,,,FEMALE,"FRONT SEAT - LEFT SIDE, OR MOTORCYLE DRIVER",UNKNOWN,NOT TRAPPED,Y
4/10/15 12:40,Friday,PASSENGER CAR,PASSENGER CAR,,MT. AUBURN ST,MT. AUBURN ST,,"MT. AUBURN ST &amp; MT. AUBURN ST
Cambridge, MA
(42.36679362800004, -71.10600609899996)",,,ANGLE,ROADWAY,COLLISION WITH MOTOR VEHICLE IN TRAFFIC,DAYLIGHT,CLOUDY,RAIN,NO CONTROLS,,WET,T-INTERSECTION,"TWO-WAY, NOT DIVIDED",NO,NO,,INTERSECTION,MT. AUBURN ST,NORTHBOUND,MT. AUBURN ST,SOUTHBOUND,,,,,,,,,,,NONE,,,PAN,MA,PASSENGER CAR,,,,TURNING LEFT,2007,COLLISION WITH MOTOR VEHICLE IN TRAFFIC,ES350,LEXIS,1,,COLLISION WITH MOTOR VEHICLE IN TRAFFIC,,,,RIGHT FRONT,,,,EASTBOUND,,,,,,,,,,,INATTENTION,FAILED TO YIELD THE RIGHT OF WAY,,,,,,UNKNOWN,,,PAN,MA,PASSENGER CAR,,,,TRAVELING STRAIGHT AHEAD,2010,COLLISION WITH MOTOR VEHICLE IN TRAFFIC,IMPREZA,SUBURA,3,,COLLISION WITH MOTOR VEHICLE IN TRAFFIC,COLLISION WITH MOTOR VEHICLE IN TRAFFIC,,,LEFT FRONT,,,,NORTHBOUND,,,,,,,,,,,NO IMPROPER DRIVING,,,,,,,,,,OPERATOR/DRIVER,NO INJURY,MASSACHUSETTS,"D, CLASS D VEHICLES",,,,,,,,FEMALE,"FRONT SEAT - LEFT SIDE, OR MOTORCYLE DRIVER",SHOULDER AND LAP BELT USED,NOT TRAPPED,Y,OPERATOR/DRIVER,NO INJURY,MASSACHUSETTS,"D, CLASS D VEHICLES",,NONE,,,,,,MALE,"FRONT SEAT - LEFT SIDE, OR MOTORCYLE DRIVER",SHOULDER AND LAP BELT USED,NOT TRAPPED,Y
3/20/15 18:17,Friday,PASSENGER CAR,,,MAIN STREET,,WINDSOR STREET,"MAIN STREET
Cambridge, MA
(42.363082675000044, -71.09493289999995)",,,"SIDESWIPE, SAME DIRECTION",ROADSIDE,,DAYLIGHT,UNKNOWN,,NO CONTROLS,,UNKNOWN,NOT AT INTERSECTION,"TWO-WAY, NOT DIVIDED",NO,NO,,NON INTERSECTION,,,,,,,,,,,,,,,NONE,,,PAN,MA,PASSENGER CAR,,,,PARKED,2013,,YARIS,TOYOTA,0,,COLLISION WITH MOTOR VEHICLE IN TRAFFIC,,,,RIGHT REAR,,,,,,,,,,,,,,,,,,,,,,,,,UNKNOWN,,,,,Y,TRAVELING STRAIGHT AHEAD,,COLLISION WITH PARKED MOTOR VEHICLE,UNKNOWN,UNKNOWN,1,,COLLISION WITH PARKED MOTOR VEHICLE,,,,,,,,UNKNOWN,,,,,,,,,,,UNKNOWN,,,,,,,UNKNOWN,,,UNINVOLVED OWNER,,MASSACHUSETTS,,,,,,,,,FEMALE,,,,Y,OPERATOR/DRIVER,,,,,,,,,,,MALE,,,,
7/10/15 12:43,Friday,PASSENGER CAR,PASSENGER CAR,,HAMPSHIRE STREET,BRISTOL STREET,,"HAMPSHIRE STREET &amp; BRISTOL STREET
Cambridge, MA
(42.36679362800004, -71.10600609899996)",,,HEAD ON,,,DAYLIGHT,CLEAR,,STOP SIGNS,YES,DRY,FOUR WAY INTERSECTION,"TWO-WAY, NOT DIVIDED",NO,NO,30,INTERSECTION,HAMPSHIRE STREET,WESTBOUND,BRISTOL STREET,NORTHBOUND,,,,,,,,,,,NONE,,,PAN,CT,PASSENGER CAR,,,,TRAVELING STRAIGHT AHEAD,2005,,ACCORD,HONDA,1,,COLLISION WITH MOTOR VEHICLE IN TRAFFIC,,,,LEFT FRONT,CENTER FRONT,,,WESTBOUND,,,,,,,,,,,,,,,,,,,,NO,PAN,NY,PASSENGER CAR,,,,TRAVELING STRAIGHT AHEAD,2013,,,SUBARU,1,,COLLISION WITH MOTOR VEHICLE IN TRAFFIC,,,,RIGHT FRONT,CENTER FRONT,,,NORTHBOUND,,,,,,,,,,,,,,,,,,,,,OPERATOR/DRIVER,,CONNECTICUT,"D, CLASS D VEHICLES",,,,,,,,FEMALE,"FRONT SEAT - LEFT SIDE, OR MOTORCYLE DRIVER",SHOULDER AND LAP BELT USED,,Y,OPERATOR/DRIVER,,NEW YORK,"D, CLASS D VEHICLES",,,,,,,,FEMALE,"FRONT SEAT - LEFT SIDE, OR MOTORCYLE DRIVER",SHOULDER AND LAP BELT USED,,Y
2/20/15 8:43,Friday,PASSENGER CAR,PASSENGER CAR,,OXFORD ST,,EVERETT ST,"OXFORD ST
Cambridge, MA
(42.37991027100003, -71.11648664399996)",,,REAR-END,ROADWAY,,DAYLIGHT,CLEAR,,NO CONTROLS,,WET,NOT AT INTERSECTION,"TWO-WAY, NOT DIVIDED",NO,NO,,NON INTERSECTION,,,,,,,EASTBOUND,,NORTHBOUND,,,,,,NONE,,,PAN,MA,PASSENGER CAR,,,,BACKING,2012,COLLISION WITH MOTOR VEHICLE IN TRAFFIC,YUKON,GMC,1,,COLLISION WITH MOTOR VEHICLE IN TRAFFIC,COLLISION WITH MOTOR VEHICLE IN TRAFFIC,,,LEFT REAR,,,,EASTBOUND,,,,,,,,,,,INATTENTION,"DISREGARDED TRAFFIC SIGNS, SIGNALS, ROAD MARKINGS",,,,,,,,,PAN,NY,PASSENGER CAR,,,,TRAVELING STRAIGHT AHEAD,2015,COLLISION WITH MOTOR VEHICLE IN TRAFFIC,CHEROKEE,JEEP,1,,COLLISION WITH MOTOR VEHICLE IN TRAFFIC,,,,LEFT FRONT,,,,EASTBOUND,,,,,,,,,,,FOLLOWED TO CLOSELY,,,,,,,,,,OPERATOR/DRIVER,NO INJURY,MASSACHUSETTS,"D, CLASS D VEHICLES",,,,,,,,MALE,"FRONT SEAT - LEFT SIDE, OR MOTORCYLE DRIVER",SHOULDER AND LAP BELT USED,NOT TRAPPED,Y,OPERATOR/DRIVER,NO INJURY,NEW YORK,"D, CLASS D VEHICLES",,,,,,,,MALE,"FRONT SEAT - LEFT SIDE, OR MOTORCYLE DRIVER",SHOULDER AND LAP BELT USED,NOT TRAPPED,
7/7/15 12:00,Tuesday,LIGHT TRUCK,PASSENGER CAR,387,HURON AVE,,,"387 HURON AVE
Cambridge, MA
(42.38106670500008, -71.13952560799999)",,,ANGLE,ROADWAY,COLLISION WITH MOTOR VEHICLE IN TRAFFIC,DAYLIGHT,CLOUDY,,NO CONTROLS,,DRY,NOT AT INTERSECTION,"TWO-WAY, NOT DIVIDED",NO,YES,,NON INTERSECTION,,,,,,,,,,,,,,,,,,PAN,MA,LIGHT TRUCK,,,,MAKING U-TURN,2005,COLLISION WITH MOTOR VEHICLE IN TRAFFIC,COLORA,CHEV,1,,COLLISION WITH MOTOR VEHICLE IN TRAFFIC,,,,LEFT FRONT,,,,,,,,,,,,,,,FAILED TO YIELD THE RIGHT OF WAY,,,,,,,,,,PAN,MA,PASSENGER CAR,,,,TRAVELING STRAIGHT AHEAD,2015,COLLISION WITH MOTOR VEHICLE IN TRAFFIC,GLA250,MERZ,1,,COLLISION WITH MOTOR VEHICLE IN TRAFFIC,,,,LEFT SIDE,,,,,,,,,,,,,,,NO IMPROPER DRIVING,,,,,,,,,,OPERATOR/DRIVER,NO INJURY,MASSACHUSETTS,"D, CLASS D VEHICLES",,,,,,,,MALE,"FRONT SEAT - LEFT SIDE, OR MOTORCYLE DRIVER",UNKNOWN,NOT TRAPPED,Y,OPERATOR/DRIVER,NO INJURY,MASSACHUSETTS,,,,,,,,,MALE,"FRONT SEAT - LEFT SIDE, OR MOTORCYLE DRIVER",UNKNOWN,NOT TRAPPED,Y
5/18/15 11:12,Monday,PASSENGER CAR,PASSENGER CAR,186,CAMBRIDGE BROOK PWKY,,,"186 CAMBRIDGE BROOK PWKY
Cambridge, MA
(42.394812356000045, -71.14592657499998)",,,UNKNOWN,UNKNOWN,,UNKNOWN,UNKNOWN,UNKNOWN,NO CONTROLS,,UNKNOWN,NOT AT INTERSECTION,UNKNOWN,,,,NON INTERSECTION,,,,,,,,,,,,TJ MAXX,,,,,,PAN,MA,PASSENGER CAR,,,,PARKED,2010,,RAV4,TOYOTA,0,,OTHER,OTHER,,,LEFT REAR,,,,UNKNOWN,,,,,,,,,,,NO IMPROPER DRIVING,NO IMPROPER DRIVING,,,,,,NOT DISTRACTED,,,EUC396,NY,PASSENGER CAR,,,,UNKNOWN,,,TAURUS,FORD,,,OTHER,OTHER,,,UNKNOWN,UNKNOWN,UNKNOWN,,,,,,,,,,,,,UNKNOWN,UNKNOWN,,,,,,,,,OPERATOR/DRIVER,NO INJURY,MASSACHUSETTS,,,,,,,,,FEMALE,OTHER,,,Y,WITNESS,,,,,,,,,,,FEMALE,,,,
6/2/15 7:00,Tuesday,PASSENGER CAR,PASSENGER CAR,16,GARDEN ST,,WATERHOUSE ST.,"16 GARDEN ST
Cambridge, MA
(42.37734865200008, -71.12292491099998)",,,REAR-END,,,DAYLIGHT,RAIN,,NO CONTROLS,,WET,,"TWO-WAY, DIVIDED, UNPROTECTED MEDIAN",NO,NO,,NON INTERSECTION,,,,,,,EASTBOUND,,,,,SHERATON HOTEL,,,NONE,,,PAN,MA,PASSENGER CAR,,,,TRAVELING STRAIGHT AHEAD,1993,,COROLLA,TOYOTA,1,,COLLISION WITH MOTOR VEHICLE IN TRAFFIC,,,,CENTER FRONT,,,,EASTBOUND,,,,,,,,,,,UNKNOWN,,,,,,,UNKNOWN,,,PAN,MA,PASSENGER CAR,,,,SLOWING OR STOPPED IN TRAFFIC,2014,,ELANTRA,HYUNDAI,1,,,,,,REAR CENTER,,,,,,,,,,,,,,,UNKNOWN,,,,,,,UNKNOWN,,,OPERATOR/DRIVER,,MASSACHUSETTS,,,,,,,,,MALE,,,,Y,OPERATOR/DRIVER,,MASSACHUSETTS,"D, CLASS D VEHICLES",,,,,,,,MALE,,,,Y