Date Time,Day of Week,Object 1,Object 2,Street Number,Street Name,Cross Street,Near Street,Location,May involve cyclist,May Involve Pedestrian,Manner of Collision,First Harmful Event Location,First Harmful Event,Ambient Light,Weather Condition 1,Weather Condition 2,Traffic Control Device Type,Traffic Control Device Functionality,Road Surface Condition,Roadway Junction Type,Trafficway Description,School Bus Related,Work Zone,Speed Limit,Street or Intersection,Intersection Name 1,Intersection Direction 1,Intersection Name 2,Intersection Direction 2,Intersection Name 3,Intersection Direction 3,Street Direction,Nearest Intersection Distance,Nearest Intersection Direction,Landmark Distance,Landmark Direction,Landmark,Mile Marker Direction,Non Public Area,Road Contributing,Damaged Property Type,Description of Damaged Property,V1 Registration Type,v1 State Code,V1 Configuration,V1 Emergency Response,V1 Moped,V1 Hit and Run,V1 Action Prior to Crash,V1 Model Year,V1 Most Harmful Event,V1 Model,V1 Make,V1 Occupant Count,V1 Underride Override,V1 First Event,V1 Second Event,V1 Third Event,V1 Fourth Event,V1 Most Damaged Area,V1 Second Damaged Area,V1 Third Damaged Area,V1 Towed,V1 Travel Direction,V1 Interstate,V1 Cargo Body Type,V1 Gross Weight,V1 Haz Placard,V1 Haz Release,V1 Trailer Reg Type,V1 Trailer Reg Plate,V1 Trailer Reg State,V1 Trailer Reg Year,V1 Trailer Len,V1 Driver Contribution,V1 Driver Contribution 2,V1 Is Truck,V1 Has Trailer,V1 Is Bus,V1 Is Hazmat,V1 Reg Year,V1 Driver Distracted,V1 Bus Use,V1 Tow Use,V2 Registration Type,V2 State Code,V2 Configuration,V2 Emergency Response,V2 Moped,V2 Hit and Run,V2 Action Prior to Crash,V2 Model Year,V2 Most Harmful Event,V2 Model,V2 Make,V2 Occupant Count,V2 Underride Override,V2 First Event,V2 Second Event,V2 Third Event,V2 Fourth Event,V2 Most Damaged Area,V2 Second Damaged Area,V2 Third Damaged Area,V2 Towed,V2 Travel Direction,V2 Interstate,V2 Cargo Body Type,V2 Gross Weight,V2 Haz Placard,V2 Haz Release,V2 Trailer Reg Type,V2 Trailer Reg Plate,V2 Trailer Reg State,V2 Trailer Reg Year,V2 Trailer Len,V2 Driver Contribution,V2 Driver Contribution 2,V2 Is Truck,V2 Has Trailer,V2 Is Bus,V2 Is Hazmat,V2 Reg Year,V2 Driver Distracted,V2 Bus Use,V2 Tow Use,P1 Role,P1 Injury,P1 Drivers Lic State,P1 Drivers Lic Class 1,P1 Drivers Lic Class 2,P1 Drivers Lic Restrict,P1 Non Motorist Desc,P1 Non Motorist Action,P1 Non Motorist Location,P1 Safety Equipment,P1 Age,P1 Sex,P1 Seat Position,P1 Safety System,P1 Trapped,P1 Veh Owner,P2 Role,P2 Injury,P2 Drivers Lic State,P2 Drivers Lic Class 1,P2 Drivers Lic Class 2,P2 Drivers Lic Restrict,P2 Non Motorist Desc,P2 Non Motorist Action,P2 Non Motorist Location,P2 Safety Equipment,P2 Age,P2 Sex,P2 Seat Position,P2 Safety System,P2 Trapped,P2 Veh Owner
2/11/15 13:46,Wednesday,,PASSENGER CAR,,,RINDGE AVE,,"RINDGE AVE
Cambridge, MA
(42.39348742000004, -71.13264254699999)",,,ANGLE,ROADWAY,COLLISION WITH MOTOR VEHICLE IN TRAFFIC,DAYLIGHT,CLEAR,CLEAR,FLASHING TRAFIC CONTROL SIGNAL,YES,WET,T-INTERSECTION,"TWO-WAY, NOT DIVIDED",NO,NO,30,INTERSECTION,,,RINDGE AVE,EASTBOUND,SHERMAN ST,SOUTHBOUND,,,,,,,,,UNKNOWN,,,PAN,MA,,,,,TRAVELING STRAIGHT AHEAD,2005,COLLISION WITH MOTOR VEHICLE IN TRAFFIC,CAV,CHEV,1,,COLLISION WITH MOTOR VEHICLE IN TRAFFIC,COLLISION WITH MOTOR VEHICLE IN TRAFFIC,COLLISION WITH MOTOR VEHICLE IN TRAFFIC,COLLISION WITH MOTOR VEHICLE IN TRAFFIC,CENTER FRONT,LEFT FRONT,RIGHT FRONT,Y,WESTBOUND,,,,,,,,,,,UNKNOWN,UNKNOWN,,,,,,UNKNOWN,,YES VEHICLE OR TRAILER DISABLED,PAN,MA,PASSENGER CAR,,,,TRAVELING STRAIGHT AHEAD,1991,COLLISION WITH MOTOR VEHICLE IN TRAFFIC,AVA,TOY,2,,COLLISION WITH MOTOR VEHICLE IN TRAFFIC,COLLISION WITH MOTOR VEHICLE IN TRAFFIC,COLLISION WITH MOTOR VEHICLE IN TRAFFIC,COLLISION WITH MOTOR VEHICLE IN TRAFFIC,CENTER FRONT,RIGHT SIDE,,Y,EASTBOUND,,,,,,,,,,,UNKNOWN,UNKNOWN,,,,,,UNKNOWN,,YES VEHICLE OR TRAILER DISABLED,OPERATOR/DRIVER,,MASSACHUSETTS,,,,,,,,,FEMALE,,,,Y,OPERATOR/DRIVER,,,,,,,,,,,,,,,Y
6/30/15 8:00,Tuesday,SINGLE UNIT TRUCK (2 AXLES - 6 TIRES),,,SECOND ST,BINNEY ST,,"SECOND ST &amp; BINNEY ST
Cambridge, MA
(42.36679362800004, -71.10600609899996)",,,SINGLE VEHICLE CRASH,ROADWAY,COLLISION WITH UTILITY POLE,DAYLIGHT,CLEAR,,TRAFFIC CONTROL SIGNAL,YES,DRY,T-INTERSECTION,"ONE-WAY, NOT DIVIDED",NO,YES,,INTERSECTION,SECOND ST,,BINNEY ST,,,,,,,,,,,,WORK ZONE,MUNICIPAL,TRAFFIC SIGNAL ASSEMBLY,CON,MA,SINGLE UNIT TRUCK (2 AXLES - 6 TIRES),,,,TRAVELING STRAIGHT AHEAD,2008,,VHD,VOLVO,1,,COLLISION WITH UTILITY POLE,,,,,,,,,,,,,,,,,,,UNKNOWN,,,,,,,,,,,,,,,,,,,,,,,,,,,,,,,,,,,,,,,,,,,,,,,,,,,,OPERATOR/DRIVER,NO INJURY,MASSACHUSETTS,"A, CLASS A VEHICLES",,,,,,,,MALE,,UNKNOWN,,,UNINVOLVED OWNER,,,,,,,,,,,,,,,Y
2/24/15 16:51,Tuesday,PASSENGER CAR,,4,WATSON STREET,,,"4 WATSON STREET
Cambridge, MA
(42.36175381100003, -71.10379500599998)",,,UNKNOWN,ROADSIDE,,DAYLIGHT,CLEAR,,NO CONTROLS,,UNKNOWN,NOT AT INTERSECTION,"ONE-WAY, NOT DIVIDED",NO,NO,,NON INTERSECTION,,,,,,,,,,,,,,,NONE,,,PAN,MA,PASSENGER CAR,,,,PARKED,2004,COLLISION WITH MOTOR VEHICLE IN TRAFFIC,CIVIC,HONDA,0,,COLLISION WITH MOTOR VEHICLE IN TRAFFIC,,,,LEFT SIDE,,,,,,,,,,,,,,,,,,,,,,,,,UNKNOWN,,,,,Y,,,,UNKNOWN,UNKNOWN,1,,,,,,,,,,,,,,,,,,,,,,,,,,,,,,,UNINVOLVED OWNER,,MASSACHUSETTS,,,,,,,,,FEMALE,,,,,OPERATOR/DRIVER,,,,,,,,,,,UNKNOWN,,,,
1/21/15 17:33,Wednesday,PASSENGER CAR,LIGHT TRUCK,,CONCORD AVE,FAWCETT STREET,,"CONCORD AVE &amp; FAWCETT STREET
Cambridge, MA
(42.36679362800004, -71.10600609899996)",,,,,COLLISION WITH MOTOR VEHICLE IN TRAFFIC,DAYLIGHT,CLEAR,,NO CONTROLS,,DRY,T-INTERSECTION,"TWO-WAY, NOT DIVIDED",NO,NO,,INTERSECTION,CONCORD AVE,WESTBOUND,FAWCETT STREET,SOUTHBOUND,,,,,,,,,,,NONE,,,PAN,MA,PASSENGER CAR,,,,TRAVELING STRAIGHT AHEAD,2008,COLLISION WITH MOTOR VEHICLE IN TRAFFIC,S60,VOLVO,1,,COLLISION WITH MOTOR VEHICLE IN TRAFFIC,,,,LEFT FRONT,,,,WESTBOUND,,,,,,,,,,,OTHER IMPROPER ACTION,,,,,,,UNKNOWN,,,3443672,NH,LIGHT TRUCK,,,,TURNING LEFT,,COLLISION WITH MOTOR VEHICLE IN TRAFFIC,TACOMA,TOYOTA,1,,COLLISION WITH MOTOR VEHICLE IN TRAFFIC,,,,LEFT SIDE,,,,SOUTHBOUND,,,,,,,,,,,NO IMPROPER DRIVING,,,,,,,UNKNOWN,,YES VEHICLE OR TRAILER DISABLED,OPERATOR/DRIVER,,MASSACHUSETTS,"D, CLASS D VEHICLES",,,,,,,,FEMALE,,,,Y,OPERATOR/DRIVER,,MASSACHUSETTS,,,,,,,,,MALE,,,,
1/27/15 19:43,Tuesday,PASSENGER CAR,,364,RINDGE AVE,,,"364 RINDGE AVE
Cambridge, MA
(42.39387242400005, -71.13857336699994)",,,"SIDESWIPE, OPPOSITE DIRECTION",UNKNOWN,COLLISION WITH PARKED MOTOR VEHICLE,DARK - LIGHTED ROADWAY,SNOW,"BLOWING, SAND, SNOW",,,SNOW,,,,,,NON INTERSECTION,,,,,,,,,,,,,,,,,,PAN,MA,PASSENGER CAR,,,Y,PARKED,2007,,RAV 4,TOY,0,,,,,,RIGHT FRONT,RIGHT SIDE,,,,,,,,,,,,,,,,,,,,,,,NO,,,,,,,,,,,,,,,,,,,,,,,,,,,,,,,,,,,,,,,,,,,UNINVOLVED OWNER,,MASSACHUSETTS,,,,,,,,,MALE,,,,Y,,,,,,,,,,,,,,,,
5/13/15 15:44,Wednesday,BUS SEATS MORE THAN 15 PEOPLE,PASSENGER CAR,,WADSWORTH STREET,,,"WADSWORTH STREET
Cambridge, MA
(42.36108173300005, -71.08438566699994)",,,"SIDESWIPE, SAME DIRECTION",ROADWAY,COLLISION WITH MOTOR VEHICLE IN TRAFFIC,DAYLIGHT,CLEAR,CLEAR,NO CONTROLS,NO,DRY,NOT AT INTERSECTION,"TWO-WAY, DIVIDED, UNPROTECTED MEDIAN",YES,NO,,NON INTERSECTION,,,,,,,SOUTHBOUND,,,,,,,,TRAFFIC CONGESTION RELATED,,,,MA,BUS SEATS MORE THAN 15 PEOPLE,,,,TRAVELING STRAIGHT AHEAD,2012,COLLISION WITH MOTOR VEHICLE IN TRAFFIC,,ELDOR,1,,COLLISION WITH MOTOR VEHICLE IN TRAFFIC,,,,LEFT SIDE,,,,SOUTHBOUND,NO,BUS SEATS MORE THAN 15 PEOPLE,,,,,,,,,NO IMPROPER DRIVING,NO IMPROPER DRIVING,,,Y,,2014,NOT DISTRACTED,SHUTTLE,,PAN,MA,PASSENGER CAR,,,,TURNING LEFT,2007,COLLISION WITH MOTOR VEHICLE IN TRAFFIC,IS250,LEXUS,1,,COLLISION WITH MOTOR VEHICLE IN TRAFFIC,COLLISION WITH MOTOR VEHICLE IN TRAFFIC,,,RIGHT FRONT,RIGHT SIDE,,,SOUTHBOUND,,,,,,,,,,,NO IMPROPER DRIVING,,,,,,,NOT DISTRACTED,,,OPERATOR/DRIVER,NO INJURY,MASSACHUSETTS,,,,,,,,,MALE,"FRONT SEAT - LEFT SIDE, OR MOTORCYLE DRIVER",,,,OPERATOR/DRIVER,NO INJURY,MASSACHUSETTS,"D, CLASS D VEHICLES",,,,,,,,FEMALE,"FRONT SEAT - LEFT SIDE, OR MOTORCYLE DRIVER",,,Y
5/20/15 8:10,Wednesday,SINGLE UNIT TRUCK (2 AXLES - 6 TIRES),LIGHT TRUCK,,INMAN PLACE,INMAN STREET,,"INMAN PLACE &amp; INMAN STREET
Cambridge, MA
(42.36679362800004, -71.10600609899996)",,,"SIDESWIPE, SAME DIRECTION",ROADWAY,COLLISION WITH PARKED MOTOR VEHICLE,DAYLIGHT,CLEAR,CLEAR,NO CONTROLS,,DRY,T-INTERSECTION,"ONE-WAY, NOT DIVIDED",NO,NO,,INTERSECTION,INMAN PLACE,,INMAN STREET,,,,,,,,,,,,NONE,,,MVN,MA,SINGLE UNIT TRUCK (2 AXLES - 6 TIRES),,,,TRAVELING STRAIGHT AHEAD,2012,COLLISION WITH PARKED MOTOR VEHICLE,TRASH,FRHT,2,,COLLISION WITH PARKED MOTOR VEHICLE,,,,,,,,,,,,,,,,,,,NO IMPROPER DRIVING,,,,,,,,,,PAN,MA,LIGHT TRUCK,,,,PARKED,2014,COLLISION WITH MOTOR VEHICLE IN TRAFFIC,CRV,HONDA,1,,COLLISION WITH MOTOR VEHICLE IN TRAFFIC,,,,LEFT REAR,,,,,,,,,,,,,,,NO IMPROPER DRIVING,,,,,,,NOT DISTRACTED,,,OPERATOR/DRIVER,,MASSACHUSETTS,"B, CLASS B VEHICLES",,,,,,,,MALE,"FRONT SEAT - LEFT SIDE, OR MOTORCYLE DRIVER",UNKNOWN,NOT TRAPPED,,OPERATOR/DRIVER,,MASSACHUSETTS,"D, CLASS D VEHICLES",,,,,,,,FEMALE,"FRONT SEAT - LEFT SIDE, OR MOTORCYLE DRIVER",UNKNOWN,NOT TRAPPED,
6/27/15 15:19,Saturday,PASSENGER CAR,PASSENGER CAR,,HARVARD ST.,HANCOCK ST.,,"HARVARD ST. &amp; HANCOCK ST.
Cambridge, MA
(42.36679362800004, -71.10600609899996)",,,ANGLE,ROADWAY,COLLISION WITH MOTOR VEHICLE IN TRAFFIC,DAYLIGHT,CLEAR,,STOP SIGNS,YES,DRY,FOUR WAY INTERSECTION,"TWO-WAY, NOT DIVIDED",NO,NO,30,INTERSECTION,HARVARD ST.,EASTBOUND,HANCOCK ST.,NORTHBOUND,,,,,,,,,,,UNKNOWN,,,PAN,MA,PASSENGER CAR,,,,TRAVELING STRAIGHT AHEAD,2012,COLLISION WITH TREE,CIVIC,HONDA,1,,COLLISION WITH MOTOR VEHICLE IN TRAFFIC,COLLISION WITH CURB,COLLISION WITH TREE,,CENTER FRONT,RIGHT SIDE,,Y,EASTBOUND,,,,,,,,,,,UNKNOWN,,,,,,,UNKNOWN,,YES VEHICLE OR TRAILER DISABLED,PAN,MA,PASSENGER CAR,,,,TRAVELING STRAIGHT AHEAD,2009,COLLISION WITH MOTOR VEHICLE IN TRAFFIC,YARIS,TOYOTA,1,,COLLISION WITH MOTOR VEHICLE IN TRAFFIC,,,,CENTER FRONT,,,,NORTHBOUND,,,,,,,,,,,UNKNOWN,,,,,,,UNKNOWN,,,OPERATOR/DRIVER,NO INJURY,MASSACHUSETTS,,,,,,,,,MALE,"FRONT SEAT - LEFT SIDE, OR MOTORCYLE DRIVER",UNKNOWN,NOT TRAPPED,,UNINVOLVED OWNER,,MASSACHUSETTS,,,,,,,,,FEMALE,,,,Y
7/21/15 12:27,Tuesday,PASSENGER CAR,PASSENGER CAR,,KIRKLAND STREET,IRVING STREET,,"KIRKLAND STREET &amp; IRVING STREET
Cambridge, MA
(42.36679362800004, -71.10600609899996)",,,ANGLE,,,DAYLIGHT,CLEAR,,STOP SIGNS,YES,DRY,FOUR WAY INTERSECTION,"TWO-WAY, DIVIDED, UNPROTECTED MEDIAN",,NO,,INTERSECTION,KIRKLAND STREET,EASTBOUND,IRVING STREET,SOUTHBOUND,,,,,,,,,,,NONE,OTHER,FENCE,PAN,NY,PASSENGER CAR,,,,TRAVELING STRAIGHT AHEAD,2013,,,KIA,2,,COLLISION WITH MOTOR VEHICLE IN TRAFFIC,,,,CENTER FRONT,,,Y,,,,,,,,,,,,,,,,,,,,,YES VEHICLE OR TRAILER DISABLED,PAN,NY,PASSENGER CAR,,,,TRAVELING STRAIGHT AHEAD,2005,,MUSTANG,FORD,1,,COLLISION WITH MOTOR VEHICLE IN TRAFFIC,COLLISION WITH CURB,COLLISION WITH HIGHWAY TRAFFIC SIGN POST,COLLISION WITH FENCE,CENTER FRONT,RIGHT FRONT,,Y,,,,,,,,,,,,,,,,,,,,,YES VEHICLE OR TRAILER DISABLED,OPERATOR/DRIVER,,NEW YORK,,,,,,,,,FEMALE,,,,Y,OCCUPANT/PASSENGER,NON FATAL INJURY - NON INCAPACITATING,,,,,,,,,,FEMALE,FRONT SEAT - RIGHT SIDE,UNKNOWN,NOT TRAPPED,
6/3/15 20:31,Wednesday,LIGHT TRUCK,LIGHT TRUCK,,GORHAM STREET,,HAMMOND STREET,"GORHAM STREET
Cambridge, MA
(42.38113978900003, -71.11472749199999)",,,,,,DAYLIGHT,CLEAR,,NO CONTROLS,,DRY,NOT AT INTERSECTION,"TWO-WAY, NOT DIVIDED",NO,NO,,NON INTERSECTION,,,,,,,NORTHBOUND,,EASTBOUND,,,,,,,,,PAN,MA,LIGHT TRUCK,,,,PARKED,2013,COLLISION WITH MOTOR VEHICLE IN TRAFFIC,X5,BMW,0,,COLLISION WITH MOTOR VEHICLE IN TRAFFIC,,,,LEFT SIDE,LEFT FRONT,,,,,,,,,,,,,,,,,,,,,,,,UNKNOWN,,LIGHT TRUCK,,,Y,UNKNOWN,0,,TRUCK,UNKNOWN,,,COLLISION WITH PARKED MOTOR VEHICLE,,,,,,,,NORTHBOUND,,,,,,,,,,,UNKNOWN,,,,,,,UNKNOWN,,,UNINVOLVED OWNER,,MASSACHUSETTS,"D, CLASS D VEHICLES",,,,,,,,MALE,,,,,OPERATOR/DRIVER,,,,,,,,,,,FEMALE,,,,
4/8/15 16:19,Wednesday,PASSENGER CAR,,,BROADWAY STREET,CAMBRIDGE STREET,,"BROADWAY STREET &amp; CAMBRIDGE STREET
Cambridge, MA
(42.36679362800004, -71.10600609899996)",,,ANGLE,ROADSIDE,,DARK - LIGHTED ROADWAY,CLOUDY,,NO CONTROLS,,DRY,Y-INTERSECTION,,NO,NO,,INTERSECTION,BROADWAY STREET,SOUTHBOUND,CAMBRIDGE STREET,EASTBOUND,,,,,,,,,,,NONE,MUNICIPAL,CONCRETE WALL / POST,PAN,MA,PASSENGER CAR,,,,TURNING RIGHT,2012,,GOLF,VOLK,1,,RAN OFF ROAD RIGHT,"OTHER FIXED OBJECT (WALL, BUILDING, TUNNEL)",,,LEFT FRONT,,,,SOUTHBOUND,,,,,,,,,,,OVER CORRECTING / OVER STEERING,EXCEEDED AUTH SPEED LIMIT,,,,,,UNKNOWN,,YES VEHICLE OR TRAILER DISABLED,,,,,,,,,,,,,,,,,,,,,,,,,,,,,,,,,,,,,,,,,,,OPERATOR/DRIVER,,MASSACHUSETTS,"D, CLASS D VEHICLES",,,,,,,,MALE,,,,,UNINVOLVED OWNER,,,,,,,,,,,,,,,Y
5/18/15 11:09,Monday,PASSENGER CAR,LIGHT TRUCK,,750 MEMORIAL DRIVE (PRKG LOT),,,"750 MEMORIAL DRIVE (PRKG LOT)
Cambridge, MA
(42.35815930500007, -71.11539556299994)",,,"SIDESWIPE, OPPOSITE DIRECTION",OUTSIDE ROADWAY,COLLISION WITH PARKED MOTOR VEHICLE,DAYLIGHT,UNKNOWN,UNKNOWN,NO CONTROLS,NO,DRY,NOT AT INTERSECTION,,NO,NO,0,NON INTERSECTION,,,,,,,,,,,,"PARKING LOT OF 750 MEMORIAL DRIVE, CAMBRIDGE",,,NONE,,,PAN,MA,PASSENGER CAR,,,,UNKNOWN,,COLLISION WITH PARKED MOTOR VEHICLE,UNKNOWN,UNKNOWN,1,,COLLISION WITH PARKED MOTOR VEHICLE,,,,UNKNOWN,,,,UNKNOWN,,,,,,,,,,,UNKNOWN,UNKNOWN,,,,,,UNKNOWN,,NO,PAN,MA,LIGHT TRUCK,,,Y,UNKNOWN,2014,,,LAND ROVER,0,,COLLISION WITH PARKED MOTOR VEHICLE,,,,RIGHT REAR,REAR CENTER,,,,,,,,,,,,,,,,,,,,,,,NO,OPERATOR/DRIVER,,MASSACHUSETTS,UNKNOWN,UNKNOWN,UNKNOWN,,,,,,FEMALE,,,,,WITNESS,,MASSACHUSETTS,,,,,,,,,MALE,,,,
7/1/15 15:27,Wednesday,PASSENGER CAR,LIGHT TRUCK,,YORK ST,HAMLIN ST,,"YORK ST &amp; HAMLIN ST
Cambridge, MA
(42.36679362800004, -71.10600609899996)",,,REAR-END,ROADWAY,,DAYLIGHT,CLEAR,,NO CONTROLS,,DRY,T-INTERSECTION,"ONE-WAY, NOT DIVIDED",NO,NO,,INTERSECTION,YORK ST,,HAMLIN ST,,,,,,,,,,,,NONE,,,PAN,MA,PASSENGER CAR,,,,BACKING,2012,,E350,MERZ,1,,COLLISION WITH MOTOR VEHICLE IN TRAFFIC,,,,RIGHT REAR,,,,,,,,,,,,,,,OTHER IMPROPER ACTION,,,,,,,,,,CON,MA,LIGHT TRUCK,,,,SLOWING OR STOPPED IN TRAFFIC,2003,,E. VAN,FORD,2,,,,,,LEFT FRONT,,,Y,,,,,,,,,,,,NO IMPROPER DRIVING,,,,,,,,,YES OTHER REASON NOT DISABLED,OPERATOR/DRIVER,,MASSACHUSETTS,"D, CLASS D VEHICLES",,,,,,,,MALE,"FRONT SEAT - LEFT SIDE, OR MOTORCYLE DRIVER",UNKNOWN,NOT TRAPPED,Y,OPERATOR/DRIVER,,,,,,,,,,,MALE,"FRONT SEAT - LEFT SIDE, OR MOTORCYLE DRIVER",UNKNOWN,NOT TRAPPED,Y
7/20/15 20:58,Monday,LIGHT TRUCK,PASSENGER CAR,888,MASS AVE,,,"888 MASS AVE
Cambridge, MA
(42.36793347100007, -71.10795362999994)",,,ANGLE,ROADWAY,,DAYLIGHT,CLEAR,,NO CONTROLS,,DRY,,,,,35,NON INTERSECTION,,,,,,,SOUTHBOUND,,,,,,,,NONE,,,CON,ME,LIGHT TRUCK,,,,ENTERING TRAFFIC LANE,2003,,RAM,DODGE,2,,,,,,NONE,,,,,,,,,,,,,,,,,,,,,,,,,PAN,MA,PASSENGER CAR,,,,PARKED,2010,,ALTIMA,NISSAN,1,,,,,,LEFT REAR,LEFT SIDE,,,,,,,,,,,,,,,,,,,,,,,,OPERATOR/DRIVER,,MAINE,,,,,,,,,MALE,"FRONT SEAT - LEFT SIDE, OR MOTORCYLE DRIVER",,,,UNINVOLVED OWNER,,,,,,,,,,,,,,,Y
1/11/15 16:29,Sunday,BUS SEATS MORE THAN 15 PEOPLE,PASSENGER CAR,100,CAMBRIDGESIDE PL,,,"100 CAMBRIDGESIDE PL
Cambridge, MA
(42.36702668500004, -71.07601567499995)",,,"SIDESWIPE, SAME DIRECTION",ROADSIDE,COLLISION WITH PARKED MOTOR VEHICLE,DUSK,CLOUDY,CLOUDY,NO CONTROLS,,DRY,NOT AT INTERSECTION,"TWO-WAY, DIVIDED, POSITIVE MEDIAN BARRIER",NO,NO,,NON INTERSECTION,,,,,,,EASTBOUND,,,,,,,,UNKNOWN,,,BUN,MA,BUS SEATS MORE THAN 15 PEOPLE,,,,TRAVELING STRAIGHT AHEAD,9,,TROLLY,FRHT,1,,COLLISION WITH PARKED MOTOR VEHICLE,,,,RIGHT REAR,,,,EASTBOUND,,,,,,,,,,,UNKNOWN,UNKNOWN,,,Y,,,UNKNOWN,CHARTER/TOUR,NO,PAN,MA,PASSENGER CAR,,,,PARKED,2004,,JETTA,VOLK,1,,COLLISION WITH MOTOR VEHICLE IN TRAFFIC,,,,LEFT FRONT,LEFT SIDE,,,EASTBOUND,,,,,,,,,,,UNKNOWN,UNKNOWN,,,,,,UNKNOWN,,NO,OPERATOR/DRIVER,,MASSACHUSETTS,,,,,,,,,MALE,,,,,UNINVOLVED OWNER,,MASSACHUSETTS,,,,,,,,,FEMALE,,,,
5/24/15 2:12,Sunday,PASSENGER CAR,,640,CONCORD AVE,,,"640 CONCORD AVE
Cambridge, MA
(42.38960190800003, -71.14818552299994)",,,UNKNOWN,OUTSIDE ROADWAY,COLLISION WITH PARKED MOTOR VEHICLE,DAYLIGHT,CLEAR,,NO CONTROLS,,DRY,NOT AT INTERSECTION,"TWO-WAY, NOT DIVIDED",NO,NO,,NON INTERSECTION,,,,,,,,,,,,,,,NONE,,,PAN,MA,PASSENGER CAR,,,Y,PARKED,2011,COLLISION WITH PARKED MOTOR VEHICLE,E350,MERCEDES,0,,COLLISION WITH PARKED MOTOR VEHICLE,,,,LEFT SIDE,,,,UNKNOWN,,,,,,,,,,,NO IMPROPER DRIVING,,,,,,,NOT DISTRACTED,,,,,,,,,,,,,,,,,,,,,,,,,,,,,,,,,,,,,,,,,,,,,OPERATOR/DRIVER,NO INJURY,MASSACHUSETTS,"D, CLASS D VEHICLES",,,,,,,,FEMALE,OTHER,UNKNOWN,NOT TRAPPED,Y,,,,,,,,,,,,,,,,
1/13/15 10:00,Tuesday,PASSENGER CAR,,,SIDNEY ST,,MASS AVE-GREEEN ST,"SIDNEY ST
Cambridge, MA
(42.35896029400004, -71.10414634499995)",,,REAR-END,ROADWAY,COLLISION WITH MOTOR VEHICLE IN TRAFFIC,DAYLIGHT,CLEAR,,NO CONTROLS,,DRY,NOT AT INTERSECTION,"TWO-WAY, NOT DIVIDED",NO,NO,,NON INTERSECTION,,,,,,,,,,,,,,,,,,PAN,MA,PASSENGER CAR,,,,TRAVELING STRAIGHT AHEAD,1997,COLLISION WITH MOTOR VEHICLE IN TRAFFIC,ES300,LEXS,2,,COLLISION WITH MOTOR VEHICLE IN TRAFFIC,,,,REAR CENTER,,,,SOUTHBOUND,,,,,,,,,,,NO IMPROPER DRIVING,,,,,,,,,,PAN,MA,,,,Y,,,,,,,,,,,,,,,,,,,,,,,,,,,,,,,,,,,,,OPERATOR/DRIVER,NON FATAL INJURY - POSSIBLE,MASSACHUSETTS,,,,,,,,,FEMALE,"FRONT SEAT - LEFT SIDE, OR MOTORCYLE DRIVER",UNKNOWN,NOT TRAPPED,Y,OCCUPANT/PASSENGER,NON FATAL INJURY - POSSIBLE,,,,,,,,,,MALE,SECOND SEAT - MIDDLE,CHILD SAFETY SEAT USED,NOT TRAPPED,
2/23/15 8:58,Monday,PASSENGER CAR,LIGHT TRUCK,32,ALBANY STREET,,MAIN STREET,"32 ALBANY STREET
Cambridge, MA
(42.36187386100005, -71.09361756599998)",,,"SIDESWIPE, SAME DIRECTION",ROADWAY,,DAYLIGHT,CLOUDY,,NO CONTROLS,,WET,NOT AT INTERSECTION,"TWO-WAY, NOT DIVIDED",NO,NO,30,NON INTERSECTION,,,,,,,,,,,,M.I.T. PARKING GARAGE,,,OBSTRUCTION IN ROADWAY,,,PAN,MA,PASSENGER CAR,,,,TRAVELING STRAIGHT AHEAD,2008,COLLISION WITH PARKED MOTOR VEHICLE,AVALON,TOYOTA,1,,COLLISION WITH PARKED MOTOR VEHICLE,,,,RIGHT SIDE,RIGHT REAR,,,EASTBOUND,,,,,,,,,,,OVER CORRECTING / OVER STEERING,,,,,,,NOT DISTRACTED,,,PAN,MA,LIGHT TRUCK,,,,PARKED,2014,COLLISION WITH MOTOR VEHICLE IN TRAFFIC,SILVERADO,CHEVY,0,,COLLISION WITH MOTOR VEHICLE IN TRAFFIC,,,,LEFT SIDE,LEFT FRONT,,,,,,,,,,,,,,,,,,,,,,,,OPERATOR/DRIVER,NO INJURY,MASSACHUSETTS,"D, CLASS D VEHICLES",,,,,,,,FEMALE,"FRONT SEAT - LEFT SIDE, OR MOTORCYLE DRIVER",SHOULDER AND LAP BELT USED,NOT TRAPPED,Y,UNINVOLVED OWNER,,MASSACHUSETTS,"D, CLASS D VEHICLES",,,,,,,,MALE,,,,Y
5/19/15 0:00,Tuesday,,,,GARDEN ST,IVY ST,,"GARDEN ST &amp; IVY ST
Cambridge, MA
(42.36679362800004, -71.10600609899996)",,,,,,,,,,,,,,,,30,INTERSECTION,GARDEN ST,,IVY ST,,,,,,,,,,,,,MUNICIPAL,STREET SIGN,,,,,,Y,,,,,,,,,,,,,,,,,,,,,,,,,,,,,,,,,,,,,,,,,,,,,,,,,,,,,,,,,,,,,,,,,,,,,,,,,,,,,,,,,,,,,,,,,,,,,,,,,,,,,,,,,,,,,,
1/15/15 15:05,Thursday,PASSENGER CAR,PASSENGER CAR,,CONCORD AVE,GRISWALD STREET,,"CONCORD AVE &amp; GRISWALD STREET
Cambridge, MA
(42.36679362800004, -71.10600609899996)",,,,,,DARK - LIGHTED ROADWAY,SNOW,CLOUDY,TRAFFIC CONTROL SIGNAL,YES,ICE,FIVE-POINT OR MORE,"TWO-WAY, NOT DIVIDED",,,30,INTERSECTION,CONCORD AVE,WESTBOUND,GRISWALD STREET,,,,,,,,,,,,,,,PAN,MA,PASSENGER CAR,,,,TRAVELING STRAIGHT AHEAD,2013,,528XI,BMW,2,,COLLISION WITH MOTOR VEHICLE IN TRAFFIC,,,,REAR CENTER,,,,WESTBOUND,,,,,,,,,,,NO IMPROPER DRIVING,,,,,,,,,,PAN,MA,PASSENGER CAR,,,,TRAVELING STRAIGHT AHEAD,2013,,ALT,NISSAN,1,,COLLISION WITH MOTOR VEHICLE IN TRAFFIC,,,,CENTER FRONT,,,Y,WESTBOUND,,,,,,,,,,,INATTENTION,OTHER IMPROPER ACTION,,,,,,UNKNOWN,,YES OTHER REASON NOT DISABLED,OPERATOR/DRIVER,,MASSACHUSETTS,,,,,,,,,MALE,"FRONT SEAT - LEFT SIDE, OR MOTORCYLE DRIVER",SHOULDER AND LAP BELT USED,,Y,OPERATOR/DRIVER,NO INJURY,MASSACHUSETTS,,"D, CLASS D VEHICLES",,,,,,,MALE,"FRONT SEAT - LEFT SIDE, OR MOTORCYLE DRIVER",SHOULDER AND LAP BELT USED,,Y