Date Time,Day of Week,Object 1,Object 2,Street Number,Street Name,Cross Street,Near Street,Location,May involve cyclist,May Involve Pedestrian,Manner of Collision,First Harmful Event Location,First Harmful Event,Ambient Light,Weather Condition 1,Weather Condition 2,Traffic Control Device Type,Traffic Control Device Functionality,Road Surface Condition,Roadway Junction Type,Trafficway Description,School Bus Related,Work Zone,Speed Limit,Street or Intersection,Intersection Name 1,Intersection Direction 1,Intersection Name 2,Intersection Direction 2,Intersection Name 3,Intersection Direction 3,Street Direction,Nearest Intersection Distance,Nearest Intersection Direction,Landmark Distance,Landmark Direction,Landmark,Mile Marker Direction,Non Public Area,Road Contributing,Damaged Property Type,Description of Damaged Property,V1 Registration Type,v1 State Code,V1 Configuration,V1 Emergency Response,V1 Moped,V1 Hit and Run,V1 Action Prior to Crash,V1 Model Year,V1 Most Harmful Event,V1 Model,V1 Make,V1 Occupant Count,V1 Underride Override,V1 First Event,V1 Second Event,V1 Third Event,V1 Fourth Event,V1 Most Damaged Area,V1 Second Damaged Area,V1 Third Damaged Area,V1 Towed,V1 Travel Direction,V1 Interstate,V1 Cargo Body Type,V1 Gross Weight,V1 Haz Placard,V1 Haz Release,V1 Trailer Reg Type,V1 Trailer Reg Plate,V1 Trailer Reg State,V1 Trailer Reg Year,V1 Trailer Len,V1 Driver Contribution,V1 Driver Contribution 2,V1 Is Truck,V1 Has Trailer,V1 Is Bus,V1 Is Hazmat,V1 Reg Year,V1 Driver Distracted,V1 Bus Use,V1 Tow Use,V2 Registration Type,V2 State Code,V2 Configuration,V2 Emergency Response,V2 Moped,V2 Hit and Run,V2 Action Prior to Crash,V2 Model Year,V2 Most Harmful Event,V2 Model,V2 Make,V2 Occupant Count,V2 Underride Override,V2 First Event,V2 Second Event,V2 Third Event,V2 Fourth Event,V2 Most Damaged Area,V2 Second Damaged Area,V2 Third Damaged Area,V2 Towed,V2 Travel Direction,V2 Interstate,V2 Cargo Body Type,V2 Gross Weight,V2 Haz Placard,V2 Haz Release,V2 Trailer Reg Type,V2 Trailer Reg Plate,V2 Trailer Reg State,V2 Trailer Reg Year,V2 Trailer Len,V2 Driver Contribution,V2 Driver Contribution 2,V2 Is Truck,V2 Has Trailer,V2 Is Bus,V2 Is Hazmat,V2 Reg Year,V2 Driver Distracted,V2 Bus Use,V2 Tow Use,P1 Role,P1 Injury,P1 Drivers Lic State,P1 Drivers Lic Class 1,P1 Drivers Lic Class 2,P1 Drivers Lic Restrict,P1 Non Motorist Desc,P1 Non Motorist Action,P1 Non Motorist Location,P1 Safety Equipment,P1 Age,P1 Sex,P1 Seat Position,P1 Safety System,P1 Trapped,P1 Veh Owner,P2 Role,P2 Injury,P2 Drivers Lic State,P2 Drivers Lic Class 1,P2 Drivers Lic Class 2,P2 Drivers Lic Restrict,P2 Non Motorist Desc,P2 Non Motorist Action,P2 Non Motorist Location,P2 Safety Equipment,P2 Age,P2 Sex,P2 Seat Position,P2 Safety System,P2 Trapped,P2 Veh Owner
6/23/15 21:28,Tuesday,PASSENGER CAR,,,MASSACHUSETS AVENUE AND NORFOLK STREET,,,"Cambridge, MA
(42.36679362800004, -71.10600609899996)",1,1,,,,,,,,,,,,,,,INTERSECTION,MASSACHUSETS AVENUE AND NORFOLK STREET,EASTBOUND,,,,,,,,,,,,,,,,PAN,MA,PASSENGER CAR,,,,TURNING LEFT,2015,,SIENNA,TOYOTA,1,,COLLISION WITH PEDESTRIAN,,,,NONE,,,,EASTBOUND,,,,,,,,,,,UNKNOWN,UNKNOWN,,,,,,UNKNOWN,,NO,,,,,,,,,,,,,,,,,,,,,,,,,,,,,,,,,,,,,,,,,,,OPERATOR/DRIVER,NO INJURY,MASSACHUSETTS,"D, CLASS D VEHICLES",,,,,,,43,MALE,UNKNOWN,UNKNOWN,NOT TRAPPED,Y,NON-MOTORIST,NON FATAL INJURY - POSSIBLE,,,,,PEDESTRIAN,"WALKING, RUNNING OR CYCLING",PEDESTRIAN,NONE USED,,FEMALE,,,,
3/18/15 9:15,Wednesday,PASSENGER CAR,LIGHT TRUCK,,BINNEY ST,THIRD ST,,"BINNEY ST &amp; THIRD ST
Cambridge, MA
(42.36679362800004, -71.10600609899996)",,,"SIDESWIPE, SAME DIRECTION",ROADWAY,COLLISION WITH MOTOR VEHICLE IN TRAFFIC,DAYLIGHT,CLEAR,CLOUDY,TRAFFIC CONTROL SIGNAL,YES,DRY,FOUR WAY INTERSECTION,"TWO-WAY, NOT DIVIDED",NO,YES,,INTERSECTION,BINNEY ST,WESTBOUND,THIRD ST,SOUTHBOUND,,,,,,,,,,,,,,PAN,MA,PASSENGER CAR,,,,CHANGING LANES,2010,COLLISION WITH MOTOR VEHICLE IN TRAFFIC,COROL,TOY,1,,COLLISION WITH MOTOR VEHICLE IN TRAFFIC,,,,LEFT FRONT,,,Y,WESTBOUND,,,,,,,,,,,FAILED TO YIELD THE RIGHT OF WAY,,,,,,,,,YES VEHICLE OR TRAILER DISABLED,PAN,MA,LIGHT TRUCK,,,,SLOWING OR STOPPED IN TRAFFIC,2012,COLLISION WITH MOTOR VEHICLE IN TRAFFIC,HIGHL,TOY,1,,COLLISION WITH MOTOR VEHICLE IN TRAFFIC,,,,RIGHT SIDE,,,,WESTBOUND,,,,,,,,,,,,,,,,,,MANUALLY OPERATING AN ELECTRONIC DEVICE,,,OPERATOR/DRIVER,NO INJURY,MASSACHUSETTS,,,,,,,,,FEMALE,"FRONT SEAT - LEFT SIDE, OR MOTORCYLE DRIVER",UNKNOWN,NOT TRAPPED,Y,OPERATOR/DRIVER,NO INJURY,MASSACHUSETTS,,,,,,,,,FEMALE,"FRONT SEAT - LEFT SIDE, OR MOTORCYLE DRIVER",UNKNOWN,NOT TRAPPED,
4/20/15 1:17,Monday,PASSENGER CAR,,,MASS AVE,ALBANY,,"MASS AVE &amp; ALBANY
Cambridge, MA
(42.36679362800004, -71.10600609899996)",,,REAR-END,ROADWAY,COLLISION WITH MOTOR VEHICLE IN TRAFFIC,DARK - LIGHTED ROADWAY,CLEAR,CLEAR,TRAFFIC CONTROL SIGNAL,YES,DRY,T-INTERSECTION,"TWO-WAY, DIVIDED, UNPROTECTED MEDIAN",NO,NO,,INTERSECTION,MASS AVE,WESTBOUND,ALBANY,NORTHBOUND,,,,,,,,,,,UNKNOWN,,,PAN,MA,PASSENGER CAR,,,Y,SLOWING OR STOPPED IN TRAFFIC,2011,COLLISION WITH MOTOR VEHICLE IN TRAFFIC,80,VOLV,3,,COLLISION WITH MOTOR VEHICLE IN TRAFFIC,,,,RIGHT REAR,REAR CENTER,LEFT REAR,,WESTBOUND,,,,,,,,,,,UNKNOWN,,,,,,,UNKNOWN,,,PAN,MA,,,,,TRAVELING STRAIGHT AHEAD,,COLLISION WITH MOTOR VEHICLE IN TRAFFIC,,,1,,COLLISION WITH MOTOR VEHICLE IN TRAFFIC,COLLISION WITH MOTOR VEHICLE IN TRAFFIC,,,UNKNOWN,,,,WESTBOUND,,,,,,,,,,,UNKNOWN,,,,,,,UNKNOWN,,,OPERATOR/DRIVER,NO INJURY,MASSACHUSETTS,"D, CLASS D VEHICLES",,,,,,,,MALE,"FRONT SEAT - LEFT SIDE, OR MOTORCYLE DRIVER",SHOULDER BELT USED ONLY,NOT TRAPPED,Y,,,,,,,,,,,,,,,,
1/28/15 17:56,Wednesday,PASSENGER CAR,PASSENGER CAR,95,TROWBRIDGE,,KIRKLAND,"95 TROWBRIDGE
Cambridge, MA
(42.37248132000008, -71.11195147899997)",,,REAR-END,ROADWAY,,DAYLIGHT,UNKNOWN,,,,WET,,,,,,NON INTERSECTION,,,,,,,NORTHBOUND,,NORTHBOUND,,,,NORTHBOUND,,,,,PAN,MA,PASSENGER CAR,,,Y,TRAVELING STRAIGHT AHEAD,2011,,ALTIMA,NISSAN,1,,,,,,RIGHT REAR,REAR CENTER,,,,,,,,,,,,,,,,,,,,,,,,PAN,MA,PASSENGER CAR,,,,OTHER,2009,,X3,BMW,1,,COLLISION WITH PARKED MOTOR VEHICLE,,,,UNKNOWN,,,,,,,,,,,,,,,,,,,,,,,,,OPERATOR/DRIVER,NO INJURY,MASSACHUSETTS,,,,,,,,,MALE,"FRONT SEAT - LEFT SIDE, OR MOTORCYLE DRIVER",UNKNOWN,,Y,OPERATOR/DRIVER,UNKNOWN,MASSACHUSETTS,,,,,,,,,MALE,,,,Y
6/8/15 18:32,Monday,LIGHT TRUCK,PASSENGER CAR,6,CONCORD LANE,,,"6 CONCORD LANE
Cambridge, MA
(42.388031934000026, -71.14244526999994)",,,"SIDESWIPE, SAME DIRECTION",,OTHER,DAYLIGHT,CLEAR,,,,,,,NO,NO,,NON INTERSECTION,,,,,,,,,,,,MA MAGOOS RESTAURANT,,,,,,PAN,MA,LIGHT TRUCK,,,,PARKED,2001,,MDX,ACURA,2,,,,,,LEFT SIDE,,,,,,,,,,,,,,,NO IMPROPER DRIVING,,,,,,,,,,PAN,MA,PASSENGER CAR,,,,TRAVELING STRAIGHT AHEAD,2014,,AVALLON,TOYOTA,1,,COLLISION WITH PARKED MOTOR VEHICLE,,,,,,,,SOUTHBOUND,,,,,,,,,,,UNKNOWN,,,,,,,UNKNOWN,,,OPERATOR/DRIVER,,MASSACHUSETTS,,,,,,,,,MALE,,,,,OPERATOR/DRIVER,,,,,,,,,,,MALE,,,,
6/17/15 15:25,Wednesday,PASSENGER CAR,LIGHT TRUCK,301,BINNEY ST,,,"301 BINNEY ST
Cambridge, MA
(42.366543705000026, -71.08803343499994)",,,UNKNOWN,OUTSIDE ROADWAY,COLLISION WITH MOTOR VEHICLE IN TRAFFIC,DAYLIGHT,CLEAR,,NO CONTROLS,,DRY,NOT AT INTERSECTION,"ONE-WAY, NOT DIVIDED",NO,NO,,NON INTERSECTION,,,,,,,,,,,,UNDERGROUND GARAGE,,,,,,PASS,NH,PASSENGER CAR,,,,SLOWING OR STOPPED IN TRAFFIC,2011,COLLISION WITH MOTOR VEHICLE IN TRAFFIC,3SER,BMW,1,,COLLISION WITH MOTOR VEHICLE IN TRAFFIC,,,,RIGHT FRONT,,,,NORTHBOUND,,,,,,,,,,,,,,,,,,,,,PAN,MA,LIGHT TRUCK,,,,BACKING,2005,,CRV,HOND,1,,COLLISION WITH MOTOR VEHICLE IN TRAFFIC,,,,REAR CENTER,,,,SOUTHBOUND,,,,,,,,,,,UNKNOWN,,,,,,,,,,OPERATOR/DRIVER,NO INJURY,NEW HAMPSHIRE,,,,,,,,,MALE,"FRONT SEAT - LEFT SIDE, OR MOTORCYLE DRIVER",UNKNOWN,NOT TRAPPED,Y,OPERATOR/DRIVER,NO INJURY,MASSACHUSETTS,,,,,,,,,MALE,"FRONT SEAT - LEFT SIDE, OR MOTORCYLE DRIVER",UNKNOWN,NOT TRAPPED,
2/14/15 8:57,Saturday,PASSENGER CAR,,113,RICHDALE,,,"113 RICHDALE
Cambridge, MA
(42.389000929000076, -71.12522888999996)",,,UNKNOWN,SHOULDER - TRAVEL LANE,COLLISION WITH PARKED MOTOR VEHICLE,UNKNOWN,CLEAR,,NO CONTROLS,NO,SLUSH,NOT AT INTERSECTION,"TWO-WAY, NOT DIVIDED",NO,NO,,NON INTERSECTION,,,,,,,NORTHBOUND,,,,,,,,UNKNOWN,,,PAN,MA,PASSENGER CAR,,,,PARKED,2013,COLLISION WITH MOTOR VEHICLE IN TRAFFIC,CIVIC,HONDA,0,,COLLISION WITH MOTOR VEHICLE IN TRAFFIC,,,,LEFT SIDE,,,,NORTHBOUND,,,,,,,,,,,NO IMPROPER DRIVING,,,,,,,,,,,,,,,Y,UNKNOWN,,UNKNOWN,UNKNOWN,UNKNOWN,,,COLLISION WITH PARKED MOTOR VEHICLE,,,,UNKNOWN,,,,UNKNOWN,,,,,,,,,,,"OPERATING VEHICLE IN ERRATIC, RECKLESS, CARELESS,",OVER CORRECTING / OVER STEERING,,,,,,UNKNOWN,,NO,UNINVOLVED OWNER,,,,,,,,,,,FEMALE,,,,Y,UNINVOLVED OWNER,,,,,,,,,,,UNKNOWN,,,,Y
5/8/15 7:32,Friday,PASSENGER CAR,,125,HAMPSHIRE ST,,COLUMBIA ST,"125 HAMPSHIRE ST
Cambridge, MA
(42.37026337300006, -71.09655121399999)",,,"SIDESWIPE, SAME DIRECTION",ROADWAY,COLLISION WITH PARKED MOTOR VEHICLE,DARK - LIGHTED ROADWAY,CLEAR,CLEAR,NO CONTROLS,,DRY,,"TWO-WAY, DIVIDED, UNPROTECTED MEDIAN",NO,NO,25,NON INTERSECTION,,,,,,,WESTBOUND,,EASTBOUND,,,,,,NONE,,,PAN,MA,PASSENGER CAR,,,Y,PARKED,2012,,CAMRY,TOYOTA,0,,,,,,LEFT SIDE,,,,WESTBOUND,,,,,,,,,,,NO IMPROPER DRIVING,NO IMPROPER DRIVING,,,,,,,,,,,,,,,,,,,,,,,,,,,,,,,,,,,,,,,,,,,,,,,,,,,UNINVOLVED OWNER,,MASSACHUSETTS,,,,,,,,,FEMALE,,,,Y,,,,,,,,,,,,,,,,
6/18/15 10:30,Thursday,BUS SEATS MORE THAN 15 PEOPLE,LIGHT TRUCK,,BROADWAY,,AMES,"BROADWAY
Cambridge, MA
(42.37379119600007, -71.11232017699996)",,,ANGLE,ROADWAY,COLLISION WITH MOTOR VEHICLE IN TRAFFIC,DAYLIGHT,CLOUDY,,TRAFFIC CONTROL SIGNAL,YES,DRY,NOT AT INTERSECTION,"TWO-WAY, DIVIDED, POSITIVE MEDIAN BARRIER",NO,NO,,NON INTERSECTION,,,,,,,,,,,,,,,,,,BUN,MA,BUS SEATS MORE THAN 15 PEOPLE,,,,SLOWING OR STOPPED IN TRAFFIC,2009,COLLISION WITH MOTOR VEHICLE IN TRAFFIC,EZRID,ELDOR,2,,COLLISION WITH MOTOR VEHICLE IN TRAFFIC,,,,LEFT REAR,,,,EASTBOUND,,,,,,,,,,,NO IMPROPER DRIVING,,,,Y,,,,UNKNOWN,,TAN,MA,LIGHT TRUCK,,,,CHANGING LANES,2013,COLLISION WITH MOTOR VEHICLE IN TRAFFIC,SIENNA,TOYT,1,,COLLISION WITH MOTOR VEHICLE IN TRAFFIC,,,,RIGHT REAR,,,,EASTBOUND,,,,,,,,,,,UNKNOWN,,,,,,,,,,OPERATOR/DRIVER,NO INJURY,MASSACHUSETTS,,,,,,,,,MALE,"FRONT SEAT - LEFT SIDE, OR MOTORCYLE DRIVER",UNKNOWN,NOT TRAPPED,,UNINVOLVED OWNER,,,,,,,,,,,UNKNOWN,,,,Y
4/18/15 4:03,Saturday,PASSENGER CAR,PASSENGER CAR,6,ELLSWORTH AVE.,,BROADWAY,"6 ELLSWORTH AVE.
Cambridge, MA
(42.372579288000054, -71.10753636899994)",,,"SIDESWIPE, SAME DIRECTION",OUTSIDE ROADWAY,COLLISION WITH PARKED MOTOR VEHICLE,DARK - LIGHTED ROADWAY,CLEAR,CLEAR,NO CONTROLS,,DRY,NOT AT INTERSECTION,"ONE-WAY, NOT DIVIDED",,,25,NON INTERSECTION,,,,,,,SOUTHBOUND,,SOUTHBOUND,,,,,,NONE,OTHER,4 DR TOYOTA COROLLA MV,OMNIBUS PVT RENTAL,NY,PASSENGER CAR,,,,TRAVELING STRAIGHT AHEAD,2015,COLLISION WITH PARKED MOTOR VEHICLE,COROLLA,TOYOTA,1,,COLLISION WITH PARKED MOTOR VEHICLE,COLLISION WITH PARKED MOTOR VEHICLE,COLLISION WITH PARKED MOTOR VEHICLE,,RIGHT FRONT,RIGHT SIDE,RIGHT REAR,Y,SOUTHBOUND,,,,,,,,,,,FAILURE TO KEEP IN PROPER LANE OR RUNNING OFF ROAD,OTHER IMPROPER ACTION,,,,,,NOT DISTRACTED,,YES OTHER REASON NOT DISABLED,PAN,MA,PASSENGER CAR,,,,PARKED,2001,,CAMRY,TOYOTA,0,,,,,,LEFT SIDE,LEFT FRONT,,,,,,,,,,,,,,,,,,,,,,,,OPERATOR/DRIVER,NO INJURY,MASSACHUSETTS,,,,,,,,,FEMALE,"FRONT SEAT - LEFT SIDE, OR MOTORCYLE DRIVER",,NOT TRAPPED,,UNINVOLVED OWNER,,,,,,,,,,,,,,,Y
3/10/15 15:47,Tuesday,PASSENGER CAR,PASSENGER CAR,330,MT. AUBURN STREET,,FRESHPOND PARKWAY,"330 MT. AUBURN STREET
Cambridge, MA
(42.374891707000074, -71.13406275099999)",,,ANGLE,,,DAYLIGHT,CLEAR,,,NO,DRY,NOT AT INTERSECTION,,NO,NO,,NON INTERSECTION,,,,,,,WESTBOUND,,WESTBOUND,,WESTBOUND,MT. AUBURN HOSPITAL,,,,,,PAN,MA,PASSENGER CAR,,,Y,PARKED,2008,,UTILITY,NISSAN,0,,,,,,LEFT FRONT,,,,,,,,,,,,,,,NO IMPROPER DRIVING,,,,,,,,,NO,,MA,PASSENGER CAR,,,,BACKING,,,,,1,,COLLISION WITH PARKED MOTOR VEHICLE,,,,UNKNOWN,,,,,,,,,,,,,,,INATTENTION,,,,,,,UNKNOWN,,NO,OPERATOR/DRIVER,,MASSACHUSETTS,"D, CLASS D VEHICLES",,,,,,,,FEMALE,,,,Y,,,,,,,,,,,,,,,,
6/10/15 15:17,Wednesday,SINGLE UNIT TRUCK (2 AXLES - 6 TIRES),PASSENGER CAR,132,AMORY ST,,,"132 AMORY ST
Cambridge, MA
(42.37193184200004, -71.10037542999999)",,,"SIDESWIPE, SAME DIRECTION",ROADWAY,COLLISION WITH PARKED MOTOR VEHICLE,DAYLIGHT,CLEAR,,NO CONTROLS,,DRY,NOT AT INTERSECTION,"ONE-WAY, NOT DIVIDED",NO,NO,25,NON INTERSECTION,,,,,,,,,,,,,,,NONE,,,CON,MA,SINGLE UNIT TRUCK (2 AXLES - 6 TIRES),,,Y,TRAVELING STRAIGHT AHEAD,2006,COLLISION WITH PARKED MOTOR VEHICLE,HIN,HINO,1,,COLLISION WITH PARKED MOTOR VEHICLE,,,,,,,,,,,,,,,,,,,UNKNOWN,UNKNOWN,Y,,,,,UNKNOWN,,,PAN,MA,PASSENGER CAR,,,Y,PARKED,2014,COLLISION WITH MOTOR VEHICLE IN TRAFFIC,EQUINOX,CHEVROLET,0,,COLLISION WITH MOTOR VEHICLE IN TRAFFIC,,,,RIGHT FRONT,,,,,,,,,,,,,,,,,,,,,,,,,UNINVOLVED OWNER,,,,,,,,,,,FEMALE,,,,Y,UNINVOLVED OWNER,,,,,,,,,,,,,,,Y
1/27/15 18:04,Tuesday,LIGHT TRUCK,LIGHT TRUCK,30,CHURCHILL AVE,,,"30 CHURCHILL AVE
Cambridge, MA
(42.40055550900007, -71.13231292299997)",,,UNKNOWN,OUTSIDE ROADWAY,,DAYLIGHT,SNOW,"BLOWING, SAND, SNOW",,,,,,,,,NON INTERSECTION,,,,,,,,,,,,,,,,,,PAN,MA,LIGHT TRUCK,,,,PARKED,2002,OTHER,SILVERADO,CHEVY,0,,OTHER,,,,RIGHT REAR,,,,,,,,,,,,,,,,,,,,,,,,,UNKNOWN,MA,LIGHT TRUCK,,,Y,UNKNOWN,,COLLISION WITH PARKED MOTOR VEHICLE,TRUCK,,1,,COLLISION WITH PARKED MOTOR VEHICLE,,,,,,,,UNKNOWN,,,,,,,,,,,UNKNOWN,,,,,,,UNKNOWN,,,UNINVOLVED OWNER,,MASSACHUSETTS,,,,,,,,,MALE,,,,,OPERATOR/DRIVER,,,,,,,,,,,MALE,,,,
1/5/15 21:53,Monday,PASSENGER CAR,,,WASHBURN AVENUE,MASS AVENUE,,"WASHBURN AVENUE &amp; MASS AVENUE
Cambridge, MA
(42.36679362800004, -71.10600609899996)",,1,HEAD ON,ROADWAY,COLLISION WITH PEDESTRIAN,DARK - LIGHTED ROADWAY,CLEAR,,NO CONTROLS,,DRY,T-INTERSECTION,"TWO-WAY, DIVIDED, POSITIVE MEDIAN BARRIER",NO,NO,35,INTERSECTION,WASHBURN AVENUE,WESTBOUND,MASS AVENUE,EASTBOUND,,,,,,,,,,,NONE,,,PAN,MA,PASSENGER CAR,,,,TRAVELING STRAIGHT AHEAD,2009,,COROLLA,TOYOTA,1,,COLLISION WITH PEDESTRIAN,,,,,RIGHT FRONT,TOP AND WINDOWS,Y,,,,,,,,,,,,,,,,,,,,,YES VEHICLE OR TRAILER DISABLED,,,,,,,,,,,,,,,,,,,,,,,,,,,,,,,,,,,,,,,,,,,OPERATOR/DRIVER,NO INJURY,MASSACHUSETTS,"D, CLASS D VEHICLES",,,,,,,,FEMALE,"FRONT SEAT - LEFT SIDE, OR MOTORCYLE DRIVER",SHOULDER AND LAP BELT USED,NOT TRAPPED,Y,NON-MOTORIST,NON FATAL INJURY - NON INCAPACITATING,,,,,PEDESTRIAN,ENTERING OR CROSSING SPECIFIED LOCATION,PEDESTRIAN,NONE USED,,MALE,,,,
6/28/15 13:06,Sunday,PASSENGER CAR,PASSENGER CAR,,HURON AVE,LAKEVIEW AVE,,"HURON AVE &amp; LAKEVIEW AVE
Cambridge, MA
(42.36679362800004, -71.10600609899996)",,,REAR-END,ROADWAY,COLLISION WITH MOTOR VEHICLE IN TRAFFIC,DAYLIGHT,RAIN,,TRAFFIC CONTROL SIGNAL,YES,WET,T-INTERSECTION,"TWO-WAY, NOT DIVIDED",NO,YES,30,INTERSECTION,HURON AVE,,LAKEVIEW AVE,,,,,,,,,,,,ROAD SURFACE CONDITION,,,PAN,MA,PASSENGER CAR,,,,SLOWING OR STOPPED IN TRAFFIC,2014,,PASSAT,VOLKS,1,,COLLISION WITH MOTOR VEHICLE IN TRAFFIC,,,,REAR CENTER,,,,,,,,,,,,,,,NO IMPROPER DRIVING,,,,,,,NOT DISTRACTED,,,PAN,MA,PASSENGER CAR,,,,TRAVELING STRAIGHT AHEAD,2009,COLLISION WITH MOTOR VEHICLE IN TRAFFIC,CAMRY,TOYOTA,2,,COLLISION WITH MOTOR VEHICLE IN TRAFFIC,,,,CENTER FRONT,,,,,,,,,,,,,,,INATTENTION,,,,,,,NOT DISTRACTED,,,OPERATOR/DRIVER,NON FATAL INJURY - NON INCAPACITATING,MASSACHUSETTS,"D, CLASS D VEHICLES",,,,,,,,FEMALE,"FRONT SEAT - LEFT SIDE, OR MOTORCYLE DRIVER",UNKNOWN,NOT TRAPPED,Y,OPERATOR/DRIVER,,MASSACHUSETTS,"D, CLASS D VEHICLES",,,,,,,,FEMALE,"FRONT SEAT - LEFT SIDE, OR MOTORCYLE DRIVER",UNKNOWN,NOT TRAPPED,
3/28/15 15:41,Saturday,LIGHT TRUCK,,,CAMBRIDGE STREET,,FIRST STREET,"CAMBRIDGE STREET
Cambridge, MA
(42.375468641000055, -71.11429857799999)",,,"SIDESWIPE, SAME DIRECTION",ROADWAY,COLLISION WITH MOTOR VEHICLE IN TRAFFIC,DAYLIGHT,SNOW,"SLEET, HAIL, FREEZING RAIN OR DRIZZLE",TRAFFIC CONTROL SIGNAL,YES,WET,T-INTERSECTION,"TWO-WAY, DIVIDED, UNPROTECTED MEDIAN",NO,NO,,NON INTERSECTION,,,,,,,EASTBOUND,,SOUTHBOUND,,,BRUEGGERS BAGEL,,,OTHER,,,PAN,MA,LIGHT TRUCK,,,Y,TRAVELING STRAIGHT AHEAD,2008,COLLISION WITH MOTOR VEHICLE IN TRAFFIC,HIGHLANDER,TOYYOTA,1,,COLLISION WITH PARKED MOTOR VEHICLE,,,,RIGHT FRONT,,,,EASTBOUND,,,,,,,,,,,NO IMPROPER DRIVING,,,,,,,NOT DISTRACTED,,NO,,,,,,,,,,,,,,,,,,,,,,,,,,,,,,,,,,,,,,,,,,,OPERATOR/DRIVER,NO INJURY,MASSACHUSETTS,"D, CLASS D VEHICLES",,NONE,,,,,,FEMALE,,,,Y,,,,,,,,,,,,,,,,
2/13/15 20:24,Friday,PASSENGER CAR,,,ELIOT ST,,JFK ST,"ELIOT ST
Cambridge, MA
(42.372134188000075, -71.12175771599993)",,,"SIDESWIPE, SAME DIRECTION",ROADWAY,COLLISION WITH MOTOR VEHICLE IN TRAFFIC,DAYLIGHT,CLEAR,,NO CONTROLS,,,NOT AT INTERSECTION,"TWO-WAY, DIVIDED, UNPROTECTED MEDIAN",NO,NO,,NON INTERSECTION,,,,,,,EASTBOUND,,,,,,,,UNKNOWN,,,PAN,MA,PASSENGER CAR,,,Y,TRAVELING STRAIGHT AHEAD,2005,COLLISION WITH MOTOR VEHICLE IN TRAFFIC,6,MAZDA,1,,COLLISION WITH MOTOR VEHICLE IN TRAFFIC,COLLISION WITH MOTOR VEHICLE IN TRAFFIC,,,LEFT SIDE,,,,EASTBOUND,,,,,,,,,,,NO IMPROPER DRIVING,,,,,,,,,,,,,,,,,,,,,,,,,,,,,,,,,,,,,,,,,,,,,,,,,,,,OPERATOR/DRIVER,NO INJURY,MASSACHUSETTS,,,,,,,,,FEMALE,"FRONT SEAT - LEFT SIDE, OR MOTORCYLE DRIVER",UNKNOWN,NOT TRAPPED,Y,,,,,,,,,,,,,,,,
1/31/15 15:19,Saturday,LIGHT TRUCK,PASSENGER CAR,,LOPEZ AVE,SPRING ST,,"LOPEZ AVE &amp; SPRING ST
Cambridge, MA
(42.36679362800004, -71.10600609899996)",,,REAR-END,UNKNOWN,UNKNOWN,DARK - LIGHTED ROADWAY,"BLOWING, SAND, SNOW",SNOW,NO CONTROLS,NO,SNOW,UNKNOWN,UNKNOWN,NO,NO,,INTERSECTION,LOPEZ AVE,,SPRING ST,,,,,,,,,,,,UNKNOWN,,,PAN,MA,LIGHT TRUCK,,,,UNKNOWN,1997,UNKNOWN,4RUNNER,TOYOTA,1,,UNKNOWN,UNKNOWN,UNKNOWN,UNKNOWN,REAR CENTER,,,,UNKNOWN,,,,,,,,,,,UNKNOWN,UNKNOWN,,,,,,UNKNOWN,,,PAN,MA,PASSENGER CAR,,,,PARKED,2010,UNKNOWN,ALTIMA,NISSAN,0,,UNKNOWN,UNKNOWN,UNKNOWN,UNKNOWN,CENTER FRONT,REAR CENTER,,,UNKNOWN,,,,,,,,,,,UNKNOWN,UNKNOWN,,,,,,UNKNOWN,,,OPERATOR/DRIVER,,MASSACHUSETTS,,,,,,,,,MALE,,,,Y,UNINVOLVED OWNER,,MASSACHUSETTS,,,,,,,,,FEMALE,,,,
3/12/15 9:14,Thursday,PASSENGER CAR,,,CONCORD AVE,BIRCH ST,,"CONCORD AVE &amp; BIRCH ST
Cambridge, MA
(42.36679362800004, -71.10600609899996)",,1,SINGLE VEHICLE CRASH,ROADWAY,COLLISION WITH PEDESTRIAN,DAYLIGHT,CLEAR,CLEAR,UNKNOWN,NO,DRY,T-INTERSECTION,"TWO-WAY, NOT DIVIDED",NO,NO,30,INTERSECTION,CONCORD AVE,EASTBOUND,BIRCH ST,NORTHBOUND,,,EASTBOUND,,,,,,,,UNKNOWN,,,PAN,MA,PASSENGER CAR,,,,TRAVELING STRAIGHT AHEAD,2009,COLLISION WITH PEDESTRIAN,CIVIC,HONDA,1,,COLLISION WITH PEDESTRIAN,COLLISION WITH PEDESTRIAN,COLLISION WITH PEDESTRIAN,COLLISION WITH PEDESTRIAN,LEFT SIDE,,,,EASTBOUND,,,,,,,,,,,GLARE,UNKNOWN,,,,,,UNKNOWN,,NO,,,,,,,,,,,,,,,,,,,,,,,,,,,,,,,,,,,,,,,,,,,OPERATOR/DRIVER,,MASSACHUSETTS,,,,,,,,,MALE,,,,Y,NON-MOTORIST,,,,,,,,,,,MALE,,,,
1/4/15 6:24,Sunday,PASSENGER CAR,,,MASS AVE,ALBANY,,"MASS AVE &amp; ALBANY
Cambridge, MA
(42.36679362800004, -71.10600609899996)",,,ANGLE,ROADWAY,COLLISION WITH MOTOR VEHICLE IN TRAFFIC,DARK - LIGHTED ROADWAY,RAIN,,TRAFFIC CONTROL SIGNAL,YES,WET,T-INTERSECTION,"TWO-WAY, DIVIDED, UNPROTECTED MEDIAN",NO,NO,,INTERSECTION,MASS AVE,EASTBOUND,ALBANY,NORTHBOUND,,,,,,,,,,,NONE,,,PAN,MA,PASSENGER CAR,,,,TURNING LEFT,2011,COLLISION WITH MOTOR VEHICLE IN TRAFFIC,CAM,TOYT,1,,COLLISION WITH MOTOR VEHICLE IN TRAFFIC,,,,RIGHT FRONT,,,,NORTHBOUND,,,,,,,,,,,UNKNOWN,,,,,,,,,,,,,,,,,,,,,,,,,,,,,,,,,,,,,,,,,,,,,,,,,,,,OPERATOR/DRIVER,NO INJURY,MASSACHUSETTS,,,,,,,,,MALE,"FRONT SEAT - LEFT SIDE, OR MOTORCYLE DRIVER",SHOULDER AND LAP BELT USED,NOT TRAPPED,Y,NON-MOTORIST,NO INJURY,MASSACHUSETTS,UNKNOWN,,,,,,,,MALE,,,,