Date Time,Day of Week,Object 1,Object 2,Street Number,Street Name,Cross Street,Near Street,Location,May involve cyclist,May Involve Pedestrian,Manner of Collision,First Harmful Event Location,First Harmful Event,Ambient Light,Weather Condition 1,Weather Condition 2,Traffic Control Device Type,Traffic Control Device Functionality,Road Surface Condition,Roadway Junction Type,Trafficway Description,School Bus Related,Work Zone,Speed Limit,Street or Intersection,Intersection Name 1,Intersection Direction 1,Intersection Name 2,Intersection Direction 2,Intersection Name 3,Intersection Direction 3,Street Direction,Nearest Intersection Distance,Nearest Intersection Direction,Landmark Distance,Landmark Direction,Landmark,Mile Marker Direction,Non Public Area,Road Contributing,Damaged Property Type,Description of Damaged Property,V1 Registration Type,v1 State Code,V1 Configuration,V1 Emergency Response,V1 Moped,V1 Hit and Run,V1 Action Prior to Crash,V1 Model Year,V1 Most Harmful Event,V1 Model,V1 Make,V1 Occupant Count,V1 Underride Override,V1 First Event,V1 Second Event,V1 Third Event,V1 Fourth Event,V1 Most Damaged Area,V1 Second Damaged Area,V1 Third Damaged Area,V1 Towed,V1 Travel Direction,V1 Interstate,V1 Cargo Body Type,V1 Gross Weight,V1 Haz Placard,V1 Haz Release,V1 Trailer Reg Type,V1 Trailer Reg Plate,V1 Trailer Reg State,V1 Trailer Reg Year,V1 Trailer Len,V1 Driver Contribution,V1 Driver Contribution 2,V1 Is Truck,V1 Has Trailer,V1 Is Bus,V1 Is Hazmat,V1 Reg Year,V1 Driver Distracted,V1 Bus Use,V1 Tow Use,V2 Registration Type,V2 State Code,V2 Configuration,V2 Emergency Response,V2 Moped,V2 Hit and Run,V2 Action Prior to Crash,V2 Model Year,V2 Most Harmful Event,V2 Model,V2 Make,V2 Occupant Count,V2 Underride Override,V2 First Event,V2 Second Event,V2 Third Event,V2 Fourth Event,V2 Most Damaged Area,V2 Second Damaged Area,V2 Third Damaged Area,V2 Towed,V2 Travel Direction,V2 Interstate,V2 Cargo Body Type,V2 Gross Weight,V2 Haz Placard,V2 Haz Release,V2 Trailer Reg Type,V2 Trailer Reg Plate,V2 Trailer Reg State,V2 Trailer Reg Year,V2 Trailer Len,V2 Driver Contribution,V2 Driver Contribution 2,V2 Is Truck,V2 Has Trailer,V2 Is Bus,V2 Is Hazmat,V2 Reg Year,V2 Driver Distracted,V2 Bus Use,V2 Tow Use,P1 Role,P1 Injury,P1 Drivers Lic State,P1 Drivers Lic Class 1,P1 Drivers Lic Class 2,P1 Drivers Lic Restrict,P1 Non Motorist Desc,P1 Non Motorist Action,P1 Non Motorist Location,P1 Safety Equipment,P1 Age,P1 Sex,P1 Seat Position,P1 Safety System,P1 Trapped,P1 Veh Owner,P2 Role,P2 Injury,P2 Drivers Lic State,P2 Drivers Lic Class 1,P2 Drivers Lic Class 2,P2 Drivers Lic Restrict,P2 Non Motorist Desc,P2 Non Motorist Action,P2 Non Motorist Location,P2 Safety Equipment,P2 Age,P2 Sex,P2 Seat Position,P2 Safety System,P2 Trapped,P2 Veh Owner
2/11/15 13:30,Wednesday,PASSENGER CAR,,66,HOMER ST,,,"66 HOMER ST
Cambridge, MA
(42.376169170000026, -71.14820566999998)",,,UNKNOWN,OUTSIDE ROADWAY,COLLISION WITH PARKED MOTOR VEHICLE,UNKNOWN,UNKNOWN,,NO CONTROLS,,SNOW,NOT AT INTERSECTION,"ONE-WAY, NOT DIVIDED",NO,NO,,NON INTERSECTION,,,,,,,,,,,,APARTMENT BUILDING LOT,,,,,,PAN,MA,PASSENGER CAR,,,,PARKED,2012,COLLISION WITH MOTOR VEHICLE IN TRAFFIC,COOPER,MNNI,0,,COLLISION WITH MOTOR VEHICLE IN TRAFFIC,,,,RIGHT SIDE,,,,,,,,,,,,,,,,,,,,,,,,,PAN,MA,,,,Y,,,,,,,,,,,,,,,,,,,,,,,,,,,,,,,,,,,,,UNINVOLVED OWNER,,,,,,,,,,,MALE,,,,Y,,,,,,,,,,,,,,,,
3/4/15 8:25,Wednesday,PASSENGER CAR,PASSENGER CAR,,BROADWAY,HANCOCK ST.,,"BROADWAY &amp; HANCOCK ST.
Cambridge, MA
(42.36679362800004, -71.10600609899996)",,,ANGLE,ROADWAY,COLLISION WITH MOTOR VEHICLE IN TRAFFIC,DAYLIGHT,CLOUDY,,NO CONTROLS,,WET,T-INTERSECTION,"TWO-WAY, NOT DIVIDED",NO,NO,,INTERSECTION,BROADWAY,,HANCOCK ST.,,,,,,,,,,,,,,,PAN,MA,PASSENGER CAR,,,,TURNING LEFT,2007,COLLISION WITH MOTOR VEHICLE IN TRAFFIC,MURANO,NISS,3,,COLLISION WITH MOTOR VEHICLE IN TRAFFIC,,,,RIGHT SIDE,,,,WESTBOUND,,,,,,,,,,,OTHER IMPROPER ACTION,,,,,,,,,NO,TAN,MA,PASSENGER CAR,,,,TRAVELING STRAIGHT AHEAD,2011,COLLISION WITH MOTOR VEHICLE IN TRAFFIC,CAMRY,TOY,2,,COLLISION WITH MOTOR VEHICLE IN TRAFFIC,,,,RIGHT REAR,REAR CENTER,LEFT REAR,,WESTBOUND,,,,,,,,,,,UNKNOWN,,,,,,,,,NO,OPERATOR/DRIVER,NO INJURY,MASSACHUSETTS,,,,,,,,,FEMALE,"FRONT SEAT - LEFT SIDE, OR MOTORCYLE DRIVER",UNKNOWN,NOT TRAPPED,,UNINVOLVED OWNER,,,,,,,,,,,FEMALE,,,,Y
3/4/15 22:13,Wednesday,PASSENGER CAR,,206,FRANKLIN STREET,,,"206 FRANKLIN STREET
Cambridge, MA
(42.363544071000035, -71.10362600399998)",,,"SIDESWIPE, SAME DIRECTION",ROADSIDE,,UNKNOWN,CLOUDY,,NO CONTROLS,,DRY,NOT AT INTERSECTION,"ONE-WAY, NOT DIVIDED",NO,NO,,NON INTERSECTION,,,,,,,SOUTHBOUND,,,,,CAMBRIDGE PUBLIC LIBRAIRY,,,NONE,,,PAN,MA,PASSENGER CAR,,,,PARKED,2009,COLLISION WITH MOTOR VEHICLE IN TRAFFIC,CAMRY,TOYOTA,0,,COLLISION WITH MOTOR VEHICLE IN TRAFFIC,,,,LEFT SIDE,,,,,,,,,,,,,,,NO IMPROPER DRIVING,,,,,,,,,,UNKNOWN,,,,,Y,TRAVELING STRAIGHT AHEAD,,COLLISION WITH PARKED MOTOR VEHICLE,UNKNOWN,UNKNOWN,1,,COLLISION WITH PARKED MOTOR VEHICLE,,,,,,,,SOUTHBOUND,,,,,,,,,,,,,,,,,,UNKNOWN,,,UNINVOLVED OWNER,,MASSACHUSETTS,,,,,,,,,MALE,,,,,OPERATOR/DRIVER,,,,,,,,,,,UNKNOWN,,,,
7/10/15 18:22,Friday,PASSENGER CAR,LIGHT TRUCK,115,PEARL ST,,,"115 PEARL ST
Cambridge, MA
(42.36196244100006, -71.10564121199997)",,,"SIDESWIPE, SAME DIRECTION",ROADWAY,COLLISION WITH PARKED MOTOR VEHICLE,DAYLIGHT,UNKNOWN,,NO CONTROLS,,UNKNOWN,NOT AT INTERSECTION,,,NO,,NON INTERSECTION,,,,,,,SOUTHBOUND,,,,,,,,NONE,,,PAN,MA,PASSENGER CAR,,,Y,PARKED,2013,COLLISION WITH MOTOR VEHICLE IN TRAFFIC,CRUZE,CHEVY,0,,COLLISION WITH MOTOR VEHICLE IN TRAFFIC,,,,LEFT FRONT,LEFT SIDE,LEFT REAR,,,,,,,,,,,,,NO IMPROPER DRIVING,,,,,,,,,,PAN,MA,LIGHT TRUCK,,,Y,TRAVELING STRAIGHT AHEAD,2001,COLLISION WITH PARKED MOTOR VEHICLE,SILVER,CHEVY,1,,COLLISION WITH PARKED MOTOR VEHICLE,,,,UNKNOWN,,,,SOUTHBOUND,,,,,,,,,,,"OPERATING VEHICLE IN ERRATIC, RECKLESS, CARELESS,",,,,,,,,,,UNINVOLVED OWNER,,MASSACHUSETTS,"D, CLASS D VEHICLES",,,,,,,,MALE,,,,,OPERATOR/DRIVER,,MASSACHUSETTS,,,,,,,,,MALE,,,,
4/17/15 23:40,Friday,PASSENGER CAR,,12,BOARDMAN STREET PARKING LOT,,,"12 BOARDMAN STREET PARKING LOT
Cambridge, MA
(42.36728543400005, -71.09654072399996)",,,UNKNOWN,ROADSIDE,COLLISION WITH PARKED MOTOR VEHICLE,DARK - LIGHTED ROADWAY,CLEAR,,NO CONTROLS,,DRY,NOT AT INTERSECTION,,,NO,,NON INTERSECTION,,,,,,,,,,,,,,,NONE,,,PAN,MA,PASSENGER CAR,,,Y,PARKED,2015,,CAMRY,TOYOTA,0,,COLLISION WITH PARKED MOTOR VEHICLE,,,,RIGHT FRONT,,,,,,,,,,,,,,,,,,,,,,,,,,,,,,,,,,,,,,,,,,,,,,,,,,,,,,,,,,,,,,,,,,,UNINVOLVED OWNER,,MASSACHUSETTS,"D, CLASS D VEHICLES",,,,,,,,MALE,,,,Y,,,,,,,,,,,,,,,,
4/21/15 21:54,Tuesday,PASSENGER CAR,,,MAGAZINE ST,COTTAGE ST,,"MAGAZINE ST &amp; COTTAGE ST
Cambridge, MA
(42.36679362800004, -71.10600609899996)",,,UNKNOWN,ROADWAY,,UNKNOWN,UNKNOWN,UNKNOWN,UNKNOWN,NO,UNKNOWN,T-INTERSECTION,"ONE-WAY, NOT DIVIDED",NO,NO,,INTERSECTION,MAGAZINE ST,SOUTHBOUND,COTTAGE ST,WESTBOUND,,,,,,,,,,OTHER PRIVATE WAY,,,,PAN,MA,PASSENGER CAR,,,Y,PARKED,2013,COLLISION WITH MOTOR VEHICLE IN TRAFFIC,FOCUS,FORD,0,,COLLISION WITH MOTOR VEHICLE IN TRAFFIC,COLLISION WITH MOTOR VEHICLE IN TRAFFIC,COLLISION WITH MOTOR VEHICLE IN TRAFFIC,COLLISION WITH MOTOR VEHICLE IN TRAFFIC,RIGHT FRONT,RIGHT REAR,,,WESTBOUND,,,,,,,,,,,UNKNOWN,UNKNOWN,,,,,,UNKNOWN,,,,,,,,Y,UNKNOWN,,COLLISION WITH PARKED MOTOR VEHICLE,,,,,COLLISION WITH PARKED MOTOR VEHICLE,,,,UNKNOWN,,,,UNKNOWN,,,,,,,,,,,UNKNOWN,,,,,,,UNKNOWN,,,OPERATOR/DRIVER,,MASSACHUSETTS,"D, CLASS D VEHICLES",,,,,,,,FEMALE,UNKNOWN,UNKNOWN,NOT TRAPPED,Y,,,,,,,,,,,,,,,,
1/25/15 14:15,Sunday,PASSENGER CAR,PASSENGER CAR,1334,CAMBRIDGE ST,,,"1334 CAMBRIDGE ST
Cambridge, MA
(42.373572323000076, -71.09983335699997)",,,"SIDESWIPE, SAME DIRECTION",,,DAYLIGHT,,,NO CONTROLS,,SLUSH,,,NO,NO,,NON INTERSECTION,,,,,,,,,,,,,,,,,,PAN,MA,PASSENGER CAR,,,Y,BACKING,2005,,LS430,LEXS,1,,,,,,RIGHT FRONT,,,,,,,,,,,,,,,,,,,,,,,,,PAN,MA,PASSENGER CAR,,,,PARKED,2009,,ALTIMA,NISSAN,0,,,,,,LEFT FRONT,LEFT SIDE,LEFT REAR,,,,,,,,,,,,,,,,,,,,,,,OPERATOR/DRIVER,,MASSACHUSETTS,"D, CLASS D VEHICLES",,,,,,,,MALE,,,,Y,WITNESS,,MASSACHUSETTS,,,,,,,,,MALE,,,,Y
6/26/15 12:15,Friday,LIGHT TRUCK,,375,CARDINAL MEDEIROS AVE,,,"375 CARDINAL MEDEIROS AVE
Cambridge, MA
(42.37075639300008, -71.08927012499998)",,,UNKNOWN,ROADWAY,COLLISION WITH PARKED MOTOR VEHICLE,DAYLIGHT,CLEAR,,NO CONTROLS,,DRY,NOT AT INTERSECTION,"TWO-WAY, DIVIDED, UNPROTECTED MEDIAN",,,,NON INTERSECTION,,,,,,,,,,,,,,,NONE,,,PAN,MA,LIGHT TRUCK,,,Y,PARKED,2001,COLLISION WITH MOTOR VEHICLE IN TRAFFIC,HIGHLANDER,TOYOTA,,,COLLISION WITH MOTOR VEHICLE IN TRAFFIC,,,,CENTER FRONT,,,,,,,,,,,,,,,NO IMPROPER DRIVING,,,,,,,,,,,,,,,,,,,,,,,,,,,,,,,,,,,,,,,,,,,,,,,,,,,,UNINVOLVED OWNER,,,,,,,,,,,FEMALE,,,,Y,WITNESS,,,,,,,,,,,FEMALE,,,,
10/2/15 14:30,Friday,PASSENGER CAR,,,AMORY ST.,,,"AMORY ST.
Cambridge, MA
(42.37128153500004, -71.10087546699998)",,,"SIDESWIPE, SAME DIRECTION",ROADWAY,COLLISION WITH PARKED MOTOR VEHICLE,DAYLIGHT,RAIN,,NO CONTROLS,,WET,NOT AT INTERSECTION,"ONE-WAY, NOT DIVIDED",NO,NO,30,NON INTERSECTION,,,,,,,NORTHBOUND,,,,,,,,NONE,,,PAN,MA,PASSENGER CAR,,,Y,PARKED,2011,,SORENTO,KIA,,,UNKNOWN FIXED OBJECT,,,,RIGHT REAR,,,,,,,,,,,,,,,,,,,,,,,,,,,,,,,,,,,,,,,,,,,,,,,,,,,,,,,,,,,,,,,,,,,UNINVOLVED OWNER,,MASSACHUSETTS,"D, CLASS D VEHICLES",,,,,,,,MALE,,,,Y,,,,,,,,,,,,,,,,
1/12/15 8:50,Monday,PASSENGER CAR,LIGHT TRUCK,,BINNEY ST,FIRST ST,,"BINNEY ST &amp; FIRST ST
Cambridge, MA
(42.36679362800004, -71.10600609899996)",,,ANGLE,ROADWAY,COLLISION WITH MOTOR VEHICLE IN TRAFFIC,DAYLIGHT,CLOUDY,RAIN,TRAFFIC CONTROL SIGNAL,YES,WET,FOUR WAY INTERSECTION,"TWO-WAY, NOT DIVIDED",NO,YES,,INTERSECTION,BINNEY ST,,FIRST ST,,,,,,,,,,,,,,,PAN,MA,PASSENGER CAR,,,,TRAVELING STRAIGHT AHEAD,2015,COLLISION WITH MOTOR VEHICLE IN TRAFFIC,235XI,BMW,1,,COLLISION WITH MOTOR VEHICLE IN TRAFFIC,,,,LEFT FRONT,,,Y,SOUTHBOUND,,,,,,,,,,,NO IMPROPER DRIVING,,,,,,,,,YES VEHICLE OR TRAILER DISABLED,CON,MA,LIGHT TRUCK,,,,TRAVELING STRAIGHT AHEAD,2009,COLLISION WITH MOTOR VEHICLE IN TRAFFIC,SIERRA,GMC,2,,COLLISION WITH MOTOR VEHICLE IN TRAFFIC,,,,RIGHT FRONT,,,Y,WESTBOUND,,,,,,,,,,,FAILED TO YIELD THE RIGHT OF WAY,INATTENTION,,,,,,,,YES VEHICLE OR TRAILER DISABLED,OPERATOR/DRIVER,NON FATAL INJURY - POSSIBLE,MASSACHUSETTS,,,,,,,,,MALE,"FRONT SEAT - LEFT SIDE, OR MOTORCYLE DRIVER",UNKNOWN,NOT TRAPPED,Y,OPERATOR/DRIVER,NO INJURY,MASSACHUSETTS,,,,,,,,,MALE,"FRONT SEAT - LEFT SIDE, OR MOTORCYLE DRIVER",UNKNOWN,NOT TRAPPED,
4/11/15 0:45,Saturday,PASSENGER CAR,,,GREEN STREET,PLEASANT STREET,,"GREEN STREET &amp; PLEASANT STREET
Cambridge, MA
(42.36679362800004, -71.10600609899996)",1,1,UNKNOWN,ROADWAY,COLLISION WITH PEDESTRIAN,DARK - UNKNOWN ROADWAY LIGHTING,UNKNOWN,,UNKNOWN,,UNKNOWN,FOUR WAY INTERSECTION,,,,,INTERSECTION,GREEN STREET,,PLEASANT STREET,,,,,,,,,,,,UNKNOWN,,,PAN,MA,PASSENGER CAR,,,,ENTERING TRAFFIC LANE,2002,COLLISION WITH PEDESTRIAN,ECHO,TOYOTA,,,COLLISION WITH PEDESTRIAN,,,,,,,,UNKNOWN,,,,,,,,,,,UNKNOWN,,,,,,,UNKNOWN,,,,,,,,,,,,,,,,,,,,,,,,,,,,,,,,,,,,,,,,,,,,,OPERATOR/DRIVER,,MASSACHUSETTS,"D, CLASS D VEHICLES",,,,,,,,MALE,"FRONT SEAT - LEFT SIDE, OR MOTORCYLE DRIVER",UNKNOWN,UNKNOWN,Y,NON-MOTORIST,NON FATAL INJURY - NON INCAPACITATING,,,,,PEDESTRIAN,"WALKING, RUNNING OR CYCLING",,,,FEMALE,,,,
6/17/15 17:29,Wednesday,PASSENGER CAR,PASSENGER CAR,191,WESTERN AVE,,JAY ST,"191 WESTERN AVE
Cambridge, MA
(42.36483664800005, -71.11005275699995)",,,ANGLE,ROADWAY,COLLISION WITH MOTOR VEHICLE IN TRAFFIC,DAYLIGHT,CLEAR,CLEAR,NO CONTROLS,,DRY,NOT AT INTERSECTION,"ONE-WAY, NOT DIVIDED",NO,NO,,NON INTERSECTION,,,,,,,WESTBOUND,,NORTHBOUND,,,,,,NONE,,,PAN,MA,PASSENGER CAR,,,,TRAVELING STRAIGHT AHEAD,2012,COLLISION WITH CURB,ES350,LEXUS,1,,COLLISION WITH MOTOR VEHICLE IN TRAFFIC,COLLISION WITH CURB,,,RIGHT FRONT,LEFT FRONT,,Y,WESTBOUND,,,,,,,,,,,NO IMPROPER DRIVING,NO IMPROPER DRIVING,,,,,,NOT DISTRACTED,,YES VEHICLE OR TRAILER DISABLED,PAN,MA,PASSENGER CAR,,,,CHANGING LANES,2014,COLLISION WITH MOTOR VEHICLE IN TRAFFIC,4RUNNER,TOYOTA,1,,COLLISION WITH MOTOR VEHICLE IN TRAFFIC,,,,,,,,WESTBOUND,,,,,,,,,,,FAILURE TO KEEP IN PROPER LANE OR RUNNING OFF ROAD,,,,,,,UNKNOWN,,,OPERATOR/DRIVER,NO INJURY,MASSACHUSETTS,,,,,,,,,FEMALE,"FRONT SEAT - LEFT SIDE, OR MOTORCYLE DRIVER",SHOULDER AND LAP BELT USED,NOT TRAPPED,Y,OPERATOR/DRIVER,NO INJURY,MASSACHUSETTS,,,,,,,,,MALE,"FRONT SEAT - LEFT SIDE, OR MOTORCYLE DRIVER",SHOULDER AND LAP BELT USED,NOT TRAPPED,Y
6/26/15 13:00,Friday,PASSENGER CAR,,200,MOUNT AUBURN ST,,,"200 MOUNT AUBURN ST
Cambridge, MA
(42.374590468000065, -71.12900687899997)",,,"SIDESWIPE, SAME DIRECTION",ROADWAY,COLLISION WITH PARKED MOTOR VEHICLE,DAYLIGHT,UNKNOWN,,UNKNOWN,,UNKNOWN,NOT AT INTERSECTION,"TWO-WAY, DIVIDED, UNPROTECTED MEDIAN",,,,NON INTERSECTION,,,,,,,,,,,,,,,UNKNOWN,,,PAN,MA,PASSENGER CAR,,,Y,PARKED,2011,COLLISION WITH PARKED MOTOR VEHICLE,AVALON,TOYOTA,,,COLLISION WITH MOTOR VEHICLE IN TRAFFIC,,,,LEFT FRONT,CENTER FRONT,,,,,,,,,,,,,,,,,,,,,,,,,,,,,,,,,,,,,,,,,,,,,,,,,,,,,,,,,,,,,,,,,,UNINVOLVED OWNER,,,,,,,,,,,FEMALE,,,,Y,,,,,,,,,,,,,,,,
1/9/15 17:22,Friday,PASSENGER CAR,,,CAMBRIDGE STREET,HIGHLAND AVE,,"CAMBRIDGE STREET &amp; HIGHLAND AVE
Cambridge, MA
(42.36679362800004, -71.10600609899996)",,1,SINGLE VEHICLE CRASH,ROADWAY,COLLISION WITH PEDESTRIAN,DARK - LIGHTED ROADWAY,CLEAR,CLEAR,TRAFFIC CONTROL SIGNAL,YES,WET,T-INTERSECTION,"TWO-WAY, NOT DIVIDED",NO,NO,35,INTERSECTION,CAMBRIDGE STREET,WESTBOUND,HIGHLAND AVE,SOUTHBOUND,,,,,,,,,,,NONE,,,PAR,MA,PASSENGER CAR,,,,TRAVELING STRAIGHT AHEAD,1998,,ALTIMA,NISSAN,1,,COLLISION WITH PEDESTRIAN,,,,NONE,NONE,NONE,,WESTBOUND,,,,,,,,,,,UNKNOWN,,,,,,,UNKNOWN,,,,,,,,,,,,,,,,,,,,,,,,,,,,,,,,,,,,,,,,,,,,,OPERATOR/DRIVER,,MASSACHUSETTS,"D, CLASS D VEHICLES",,CORRECTIVE LENSES,,,,,,MALE,,,,Y,WITNESS,,,,,,,,,,,MALE,,,,
6/23/15 12:08,Tuesday,PASSENGER CAR,UNKNOWN HEAVY TRUCK,,INMAN STREET,MASSACHUSETTS AVENUE,,"INMAN STREET &amp; MASSACHUSETTS AVENUE
Cambridge, MA
(42.36679362800004, -71.10600609899996)",,,REAR-END,ROADWAY,COLLISION WITH MOTOR VEHICLE IN TRAFFIC,DAYLIGHT,CLOUDY,OTHER,TRAFFIC CONTROL SIGNAL,YES,OTHER,T-INTERSECTION,"ONE-WAY, NOT DIVIDED",NO,NO,,INTERSECTION,INMAN STREET,WESTBOUND,MASSACHUSETTS AVENUE,NORTHBOUND,,,,,,,,,,,UNKNOWN,,,PAN,MA,PASSENGER CAR,,,,TURNING LEFT,1994,OTHER,MIATA,MAZDA,1,,COLLISION WITH MOTOR VEHICLE IN TRAFFIC,COLLISION WITH MOTOR VEHICLE IN TRAFFIC,OTHER,OTHER,LEFT REAR,LEFT SIDE,,,WESTBOUND,,,,,,,,,,,UNKNOWN,UNKNOWN,,,,,,NOT DISTRACTED,,NO,CON,MA,UNKNOWN HEAVY TRUCK,,,,SLOWING OR STOPPED IN TRAFFIC,2004,OTHER,TRACK,MACK,1,,COLLISION WITH MOTOR VEHICLE IN TRAFFIC,OTHER,OTHER,OTHER,OTHER,OTHER,,,,,,,,,,,,,,NO IMPROPER DRIVING,NO IMPROPER DRIVING,Y,,,,,NOT DISTRACTED,,NO,OPERATOR/DRIVER,NO INJURY,MASSACHUSETTS,,,,,,,,,FEMALE,"FRONT SEAT - LEFT SIDE, OR MOTORCYLE DRIVER",UNKNOWN,NOT TRAPPED,Y,OPERATOR/DRIVER,NO INJURY,NEW HAMPSHIRE,"B, CLASS B VEHICLES","B, CLASS B VEHICLES",NONE,,,,,,MALE,"FRONT SEAT - LEFT SIDE, OR MOTORCYLE DRIVER",UNKNOWN,,Y
5/19/15 15:23,Tuesday,LIGHT TRUCK,PASSENGER CAR,1432,MASS AVE,,CHURCH STREET,"1432 MASS AVE
Cambridge, MA
(42.373854865000055, -71.11891576599999)",,,REAR-END,ROADWAY,COLLISION WITH MOTOR VEHICLE IN TRAFFIC,DAYLIGHT,CLOUDY,RAIN,NO CONTROLS,,WET,NOT AT INTERSECTION,"TWO-WAY, DIVIDED, UNPROTECTED MEDIAN",NO,NO,,NON INTERSECTION,,,,,,,WESTBOUND,20FT,NORTHBOUND,,,,,,ROAD SURFACE CONDITION,,,PAN,MA,LIGHT TRUCK,,,,SLOWING OR STOPPED IN TRAFFIC,2013,COLLISION WITH MOTOR VEHICLE IN TRAFFIC,,LAND ROVER,1,,COLLISION WITH MOTOR VEHICLE IN TRAFFIC,,,,REAR CENTER,,,,WESTBOUND,,,,,,,,,,,NO IMPROPER DRIVING,,,,,,,NOT DISTRACTED,,NO,PAN,MA,PASSENGER CAR,,,,TRAVELING STRAIGHT AHEAD,2005,COLLISION WITH MOTOR VEHICLE IN TRAFFIC,HATCH,TOYOTA,1,,COLLISION WITH MOTOR VEHICLE IN TRAFFIC,,,,CENTER FRONT,LEFT FRONT,RIGHT FRONT,,WESTBOUND,,,,,,,,,,,UNKNOWN,INATTENTION,,,,,,UNKNOWN,,NO,OPERATOR/DRIVER,UNKNOWN,MASSACHUSETTS,"D, CLASS D VEHICLES",,,,,,,,MALE,"FRONT SEAT - LEFT SIDE, OR MOTORCYLE DRIVER",UNKNOWN,NOT TRAPPED,,UNINVOLVED OWNER,,,,,,,,,,,FEMALE,,,,Y
7/15/15 17:46,Wednesday,PASSENGER CAR,,215,HAMPSHIRE ST,,,"215 HAMPSHIRE ST
Cambridge, MA
(42.37331240900005, -71.10030073599995)",1,,ANGLE,ROADWAY,COLLISION WITH PEDALCYCLE,DUSK,CLOUDY,RAIN,NO CONTROLS,,WET,NOT AT INTERSECTION,"TWO-WAY, DIVIDED, UNPROTECTED MEDIAN",NO,NO,30,NON INTERSECTION,,,,,,,,,,,,,,,NONE,,,PAN,MA,PASSENGER CAR,,,,TURNING LEFT,2009,COLLISION WITH PEDALCYCLE,,NISSAN,1,,COLLISION WITH PEDALCYCLE,,,,RIGHT FRONT,CENTER FRONT,,,NORTHBOUND,,,,,,,,,,,UNKNOWN,,,,,,,NOT DISTRACTED,,NO,,,,,,,,,,,,,,,,,,,,,,,,,,,,,,,,,,,,,,,,,,,OPERATOR/DRIVER,NO INJURY,MASSACHUSETTS,"D, CLASS D VEHICLES",,CORRECTIVE LENSES,,,,,,FEMALE,"FRONT SEAT - LEFT SIDE, OR MOTORCYLE DRIVER",SHOULDER AND LAP BELT USED,NOT TRAPPED,Y,NON-MOTORIST,,MASSACHUSETTS,,,,CYCLIST,"WALKING, RUNNING OR CYCLING",CYCLIST,HELMET,,FEMALE,,,,
2/20/15 12:22,Friday,LIGHT TRUCK,PASSENGER CAR,66,OXFORD ST,,HAMMOND ST,"66 OXFORD ST
Cambridge, MA
(42.38117626500008, -71.11631400399995)",,,"SIDESWIPE, SAME DIRECTION",ROADWAY,COLLISION WITH PARKED MOTOR VEHICLE,DAYLIGHT,CLEAR,SNOW,NO CONTROLS,,WET,NOT AT INTERSECTION,"TWO-WAY, NOT DIVIDED",NO,NO,,NON INTERSECTION,,,,,,,NORTHBOUND,,EASTBOUND,,,,,,SHOULDERS,,,CON,MA,LIGHT TRUCK,,,,TRAVELING STRAIGHT AHEAD,2011,COLLISION WITH PARKED MOTOR VEHICLE,VAN,FORD,1,,COLLISION WITH PARKED MOTOR VEHICLE,,,,RIGHT REAR,,,,NORTHBOUND,,,,,,,,,,,INATTENTION,,,,,,,NOT DISTRACTED,,,PAN,MA,PASSENGER CAR,,,,PARKED,2014,COLLISION WITH PARKED MOTOR VEHICLE,CAMRY,TOYOTA,0,,COLLISION WITH PARKED MOTOR VEHICLE,,,,LEFT FRONT,,,,,,,,,,,,,,,,,,,,,,,,,UNINVOLVED OWNER,,,,,,,,,,,FEMALE,,,,Y,OPERATOR/DRIVER,NO INJURY,MASSACHUSETTS,"D, CLASS D VEHICLES",,,,,,,,MALE,"FRONT SEAT - LEFT SIDE, OR MOTORCYLE DRIVER",SHOULDER AND LAP BELT USED,NOT TRAPPED,
3/1/15 23:56,Sunday,PASSENGER CAR,SINGLE UNIT TRUCK (2 AXLES - 6 TIRES),65,ALLSTON,,,"65 ALLSTON
Cambridge, MA
(42.35924497900004, -71.10971704499997)",,,"SIDESWIPE, SAME DIRECTION",ROADWAY,COLLISION WITH PARKED MOTOR VEHICLE,DARK - LIGHTED ROADWAY,SNOW,,,,SNOW,NOT AT INTERSECTION,,,NO,,NON INTERSECTION,,,,,,,EASTBOUND,,,,,,,,ROAD SURFACE CONDITION,,,PAN,MA,PASSENGER CAR,,,,PARKED,2010,,FUSION,FORD,0,,COLLISION WITH MOTOR VEHICLE IN TRAFFIC,,,,RIGHT SIDE,,,,,,,,,,,,,,,NO IMPROPER DRIVING,,,,,,,NOT DISTRACTED,,,MVN,MA,SINGLE UNIT TRUCK (2 AXLES - 6 TIRES),,,,TRAVELING STRAIGHT AHEAD,2001,COLLISION WITH PARKED MOTOR VEHICLE,INTL,FORD,1,,COLLISION WITH PARKED MOTOR VEHICLE,,,,,,,,EASTBOUND,,,,,,,,,,,NO IMPROPER DRIVING,,,,,,,NOT DISTRACTED,,,OPERATOR/DRIVER,,MASSACHUSETTS,"D, CLASS D VEHICLES",,,,,,,,MALE,,,,Y,OPERATOR/DRIVER,NO INJURY,MASSACHUSETTS,"A, CLASS A VEHICLES",,NONE,,,,,,MALE,"FRONT SEAT - LEFT SIDE, OR MOTORCYLE DRIVER",UNKNOWN,NOT TRAPPED,