Date Time,Day of Week,Object 1,Object 2,Street Number,Street Name,Cross Street,Near Street,Location,May involve cyclist,May Involve Pedestrian,Manner of Collision,First Harmful Event Location,First Harmful Event,Ambient Light,Weather Condition 1,Weather Condition 2,Traffic Control Device Type,Traffic Control Device Functionality,Road Surface Condition,Roadway Junction Type,Trafficway Description,School Bus Related,Work Zone,Speed Limit,Street or Intersection,Intersection Name 1,Intersection Direction 1,Intersection Name 2,Intersection Direction 2,Intersection Name 3,Intersection Direction 3,Street Direction,Nearest Intersection Distance,Nearest Intersection Direction,Landmark Distance,Landmark Direction,Landmark,Mile Marker Direction,Non Public Area,Road Contributing,Damaged Property Type,Description of Damaged Property,V1 Registration Type,v1 State Code,V1 Configuration,V1 Emergency Response,V1 Moped,V1 Hit and Run,V1 Action Prior to Crash,V1 Model Year,V1 Most Harmful Event,V1 Model,V1 Make,V1 Occupant Count,V1 Underride Override,V1 First Event,V1 Second Event,V1 Third Event,V1 Fourth Event,V1 Most Damaged Area,V1 Second Damaged Area,V1 Third Damaged Area,V1 Towed,V1 Travel Direction,V1 Interstate,V1 Cargo Body Type,V1 Gross Weight,V1 Haz Placard,V1 Haz Release,V1 Trailer Reg Type,V1 Trailer Reg Plate,V1 Trailer Reg State,V1 Trailer Reg Year,V1 Trailer Len,V1 Driver Contribution,V1 Driver Contribution 2,V1 Is Truck,V1 Has Trailer,V1 Is Bus,V1 Is Hazmat,V1 Reg Year,V1 Driver Distracted,V1 Bus Use,V1 Tow Use,V2 Registration Type,V2 State Code,V2 Configuration,V2 Emergency Response,V2 Moped,V2 Hit and Run,V2 Action Prior to Crash,V2 Model Year,V2 Most Harmful Event,V2 Model,V2 Make,V2 Occupant Count,V2 Underride Override,V2 First Event,V2 Second Event,V2 Third Event,V2 Fourth Event,V2 Most Damaged Area,V2 Second Damaged Area,V2 Third Damaged Area,V2 Towed,V2 Travel Direction,V2 Interstate,V2 Cargo Body Type,V2 Gross Weight,V2 Haz Placard,V2 Haz Release,V2 Trailer Reg Type,V2 Trailer Reg Plate,V2 Trailer Reg State,V2 Trailer Reg Year,V2 Trailer Len,V2 Driver Contribution,V2 Driver Contribution 2,V2 Is Truck,V2 Has Trailer,V2 Is Bus,V2 Is Hazmat,V2 Reg Year,V2 Driver Distracted,V2 Bus Use,V2 Tow Use,P1 Role,P1 Injury,P1 Drivers Lic State,P1 Drivers Lic Class 1,P1 Drivers Lic Class 2,P1 Drivers Lic Restrict,P1 Non Motorist Desc,P1 Non Motorist Action,P1 Non Motorist Location,P1 Safety Equipment,P1 Age,P1 Sex,P1 Seat Position,P1 Safety System,P1 Trapped,P1 Veh Owner,P2 Role,P2 Injury,P2 Drivers Lic State,P2 Drivers Lic Class 1,P2 Drivers Lic Class 2,P2 Drivers Lic Restrict,P2 Non Motorist Desc,P2 Non Motorist Action,P2 Non Motorist Location,P2 Safety Equipment,P2 Age,P2 Sex,P2 Seat Position,P2 Safety System,P2 Trapped,P2 Veh Owner
5/16/15 16:34,Saturday,LIGHT TRUCK,OTHER,198,ALEWIFE BROOK PARKWAY,,,"198 ALEWIFE BROOK PARKWAY
Cambridge, MA
(42.390177118000054, -71.14199768199995)",,,"SIDESWIPE, SAME DIRECTION",UNKNOWN,COLLISION WITH PARKED MOTOR VEHICLE,DAYLIGHT,CLOUDY,,NO CONTROLS,NO,DRY,UNKNOWN,,NO,YES,,NON INTERSECTION,,,,,,,EASTBOUND,,,,,,,,NONE,,,PAN,MA,LIGHT TRUCK,,,Y,PARKED,2013,,CRV,HONDA,0,,COLLISION WITH PARKED MOTOR VEHICLE,,,,LEFT FRONT,CENTER FRONT,,,EASTBOUND,,,,,,,,,,,NO IMPROPER DRIVING,,,,,,,NOT DISTRACTED,,,UNKNOWN,,OTHER,,,Y,TURNING RIGHT,,COLLISION WITH PARKED MOTOR VEHICLE,UNKNOWN,UNKNOWN,1,,COLLISION WITH PARKED MOTOR VEHICLE,,,,RIGHT SIDE,,,,EASTBOUND,,,,,,,,,,,"OPERATING VEHICLE IN ERRATIC, RECKLESS, CARELESS,",FAILURE TO KEEP IN PROPER LANE OR RUNNING OFF ROAD,,,,,,UNKNOWN,,,UNINVOLVED OWNER,,MASSACHUSETTS,"D, CLASS D VEHICLES",,,,,,,,FEMALE,,,,Y,OPERATOR/DRIVER,UNKNOWN,,,,,,,,,,UNKNOWN,UNKNOWN,UNKNOWN,UNKNOWN,
5/2/15 21:14,Saturday,PASSENGER CAR,PASSENGER CAR,31,PLYMOUTH STREET,,,"31 PLYMOUTH STREET
Cambridge, MA
(42.36884608400004, -71.09200213599996)",,,REAR-END,ROADSIDE,COLLISION WITH MOTOR VEHICLE IN TRAFFIC,DUSK,CLEAR,,NO CONTROLS,,DRY,NOT AT INTERSECTION,"ONE-WAY, NOT DIVIDED",NO,NO,30,NON INTERSECTION,,,,,,,,,,,,,,,NONE,,,PAN,MA,PASSENGER CAR,,,,TRAVELING STRAIGHT AHEAD,2008,COLLISION WITH PARKED MOTOR VEHICLE,ACCORD,HONDA,1,,COLLISION WITH PARKED MOTOR VEHICLE,,,,RIGHT REAR,RIGHT FRONT,UNDERCARRIAGE,,WESTBOUND,,,,,,,,,,,NO IMPROPER DRIVING,,,,,,,NOT DISTRACTED,,,PAN,MA,PASSENGER CAR,,,,PARKED,2007,,CAMRY,TOYOTA,0,,,,,,LEFT FRONT,LEFT SIDE,LEFT REAR,,,,,,,,,,,,,,,,,,,,,,,OPERATOR/DRIVER,NON FATAL INJURY - NON INCAPACITATING,MASSACHUSETTS,"D, CLASS D VEHICLES",,,,,,,,FEMALE,"FRONT SEAT - LEFT SIDE, OR MOTORCYLE DRIVER",SHOULDER AND LAP BELT USED,NOT TRAPPED,Y,UNINVOLVED OWNER,,MASSACHUSETTS,"D, CLASS D VEHICLES",,,,,,,,MALE,,,,Y
3/17/15 11:34,Tuesday,LIGHT TRUCK,PASSENGER CAR,,COPPERWAITHE,BANKS ST,,"COPPERWAITHE &amp; BANKS ST
Cambridge, MA
(42.36679362800004, -71.10600609899996)",,,ANGLE,ROADWAY,COLLISION WITH MOTOR VEHICLE IN TRAFFIC,DAYLIGHT,RAIN,CLOUDY,NO CONTROLS,NO,WET,FOUR WAY INTERSECTION,"ONE-WAY, NOT DIVIDED",NO,NO,30,INTERSECTION,COPPERWAITHE,EASTBOUND,BANKS ST,NORTHBOUND,,,,,,,,,,,TRAFFIC CONTROL DEVICE,,,CON,MA,LIGHT TRUCK,,,,TRAVELING STRAIGHT AHEAD,2011,COLLISION WITH MOTOR VEHICLE IN TRAFFIC,VAN,FRHT SPRINT,1,,COLLISION WITH MOTOR VEHICLE IN TRAFFIC,,,,RIGHT FRONT,,,,EASTBOUND,,VAN,"LESS THAN OR EQUAL TO 10,000 POUNDS",,,,,,,,NO IMPROPER DRIVING,,Y,,,,,NOT DISTRACTED,,NO,PAN,MA,PASSENGER CAR,,,,TRAVELING STRAIGHT AHEAD,2013,COLLISION WITH MOTOR VEHICLE IN TRAFFIC,OUTBACK,SUBARU,1,,COLLISION WITH MOTOR VEHICLE IN TRAFFIC,,,,LEFT FRONT,,,,NORTHBOUND,,,,,,,,,,,NO IMPROPER DRIVING,,,,,,,NOT DISTRACTED,,NO,OPERATOR/DRIVER,NO INJURY,MASSACHUSETTS,,,,,,,,,MALE,"FRONT SEAT - LEFT SIDE, OR MOTORCYLE DRIVER",SHOULDER AND LAP BELT USED,NOT TRAPPED,Y,OPERATOR/DRIVER,NO INJURY,MASSACHUSETTS,,,,,,,,,FEMALE,"FRONT SEAT - LEFT SIDE, OR MOTORCYLE DRIVER",SHOULDER AND LAP BELT USED,NOT TRAPPED,Y
3/21/15 19:25,Saturday,PASSENGER CAR,,364,BROADWAY,,,"364 BROADWAY
Cambridge, MA
(42.37060370800003, -71.10434164099996)",,,,,,UNKNOWN,UNKNOWN,,NO CONTROLS,,UNKNOWN,NOT AT INTERSECTION,"TWO-WAY, NOT DIVIDED",,,,NON INTERSECTION,,,,,,,,,,,,,,,,,,PAN,PA,PASSENGER CAR,,,Y,PARKED,2010,,CIVIC,HONDA,0,,UNKNOWN,,,,LEFT SIDE,,,,,,,,,,,,,,,,,,,,,,,,,,,,,,,,,,,,,,,,,,,,,,,,,,,,,,,,,,,,,,,,,,,UNINVOLVED OWNER,,PENNSYLVANIA,,,,,,,,,FEMALE,,,,Y,,,,,,,,,,,,,,,,
3/31/15 12:45,Tuesday,LIGHT TRUCK,LIGHT TRUCK,100,CAMBRIDGESIDE PLACE,,,"100 CAMBRIDGESIDE PLACE
Cambridge, MA
(42.36702668500004, -71.07601567499995)",,,"SIDESWIPE, OPPOSITE DIRECTION",,COLLISION WITH PARKED MOTOR VEHICLE,OTHER,UNKNOWN,,NO CONTROLS,NO,DRY,NOT AT INTERSECTION,,NO,NO,,NON INTERSECTION,,,,,,,,,,,,,,,,,,PAN,MA,LIGHT TRUCK,,,Y,PARKED,2014,,MDX,ACURA,0,,COLLISION WITH OTHER MOVABLE OBJECT,,,,RIGHT FRONT,RIGHT SIDE,,,,,,,,,,,,,,NO IMPROPER DRIVING,,,,,,,NOT DISTRACTED,,,PAN,MA,LIGHT TRUCK,,,Y,TURNING RIGHT,,COLLISION WITH PARKED MOTOR VEHICLE,CRV,HONDA,1,,COLLISION WITH PARKED MOTOR VEHICLE,,,,RIGHT FRONT,,,,,,,,,,,,,,,OVER CORRECTING / OVER STEERING,,,,,,,UNKNOWN,,,,,,,,,,,,,,,,,,,,,,,,,,,,,,,,,,
4/14/15 18:53,Tuesday,PASSENGER CAR,SINGLE UNIT TRUCK (2 AXLES - 6 TIRES),1,WALKER STREET,,GARDEN STREET,"1 WALKER STREET
Cambridge, MA
(42.379683216000046, -71.12449138799997)",,,REAR-END,ROADSIDE,,UNKNOWN,UNKNOWN,,NO CONTROLS,,DRY,NOT AT INTERSECTION,"ONE-WAY, NOT DIVIDED",,,,NON INTERSECTION,,,,,,,EASTBOUND,,,,,,,,NONE,,,PAN,MA,PASSENGER CAR,,,,PARKED,2005,OTHER,COROLLA,TOYOTA,0,,OTHER,,,,LEFT REAR,,,,,,,,,,,,,,,NO IMPROPER DRIVING,,,,,,,,,,UNKNOWN,,SINGLE UNIT TRUCK (2 AXLES - 6 TIRES),,,Y,TRAVELING STRAIGHT AHEAD,,COLLISION WITH PARKED MOTOR VEHICLE,TRUCK,UNKNOWN,1,,COLLISION WITH PARKED MOTOR VEHICLE,,,,,,,,,,,,,,,,,,,UNKNOWN,,,,,,,UNKNOWN,,,UNINVOLVED OWNER,,MASSACHUSETTS,"D, CLASS D VEHICLES",,,,,,,,MALE,,,,,,,,,,,,,,,,,,,,
1/21/15 13:54,Wednesday,LIGHT TRUCK,PASSENGER CAR,,BROADWAY,CRAWFORD,,"BROADWAY &amp; CRAWFORD
Cambridge, MA
(42.36679362800004, -71.10600609899996)",,,REAR-END,ROADWAY,COLLISION WITH MOTOR VEHICLE IN TRAFFIC,DAYLIGHT,CLEAR,,NO CONTROLS,,DRY,T-INTERSECTION,,NO,NO,,INTERSECTION,BROADWAY,SOUTHBOUND,CRAWFORD,,,,,,,,,,,,NONE,,,PAN,MA,LIGHT TRUCK,,,,SLOWING OR STOPPED IN TRAFFIC,2012,COLLISION WITH MOTOR VEHICLE IN TRAFFIC,VAN,CHEVY,1,,COLLISION WITH OTHER MOVABLE OBJECT,COLLISION WITH MOTOR VEHICLE IN TRAFFIC,,,REAR CENTER,,,,SOUTHBOUND,,,,,,,,,,,NO IMPROPER DRIVING,,,,,,,UNKNOWN,,,PAN,MA,PASSENGER CAR,,,,SLOWING OR STOPPED IN TRAFFIC,2009,COLLISION WITH MOTOR VEHICLE IN TRAFFIC,SEDAN,TOYOTA,2,,COLLISION WITH MOTOR VEHICLE IN TRAFFIC,,,,CENTER FRONT,LEFT REAR,,,SOUTHBOUND,,,,,,,,,,,UNKNOWN,,,,,,,UNKNOWN,,,OPERATOR/DRIVER,UNKNOWN,MASSACHUSETTS,"D, CLASS D VEHICLES",,CORRECTIVE LENSES,,,,,,MALE,"FRONT SEAT - LEFT SIDE, OR MOTORCYLE DRIVER",SHOULDER AND LAP BELT USED,NOT TRAPPED,Y,OCCUPANT/PASSENGER,UNKNOWN,,,,,,,,,,MALE,SECOND SEAT - LEFT SIDE OR MOTORCYLCE PASSENGER,CHILD SAFETY SEAT USED,NOT TRAPPED,
7/20/15 18:02,Monday,PASSENGER CAR,PASSENGER CAR,,HAMPSHIRE ST,,UNION ST,"HAMPSHIRE ST
Cambridge, MA
(42.369424372000026, -71.09557241999994)",,,REAR-END,ROADWAY,COLLISION WITH MOTOR VEHICLE IN TRAFFIC,DAYLIGHT,CLEAR,,NO CONTROLS,YES,DRY,NOT AT INTERSECTION,"TWO-WAY, NOT DIVIDED",NO,NO,30,NON INTERSECTION,,EASTBOUND,,,,,EASTBOUND,,SOUTHBOUND,,,,EASTBOUND,,NONE,,,PAN,MA,PASSENGER CAR,,,,TRAVELING STRAIGHT AHEAD,2014,COLLISION WITH MOTOR VEHICLE IN TRAFFIC,IS250,LEXUS,1,,COLLISION WITH MOTOR VEHICLE IN TRAFFIC,,,,REAR CENTER,,,,EASTBOUND,,,,,,,,,,,NO IMPROPER DRIVING,,,,,,,UNKNOWN,,,PAN,NY,PASSENGER CAR,,,,TRAVELING STRAIGHT AHEAD,2014,COLLISION WITH MOTOR VEHICLE IN TRAFFIC,SONIC,CHEVY,1,,COLLISION WITH MOTOR VEHICLE IN TRAFFIC,COLLISION WITH MOTOR VEHICLE IN TRAFFIC,,,CENTER FRONT,REAR CENTER,,,EASTBOUND,,,,,,,,,,,NO IMPROPER DRIVING,,,,,,,UNKNOWN,,,OPERATOR/DRIVER,NO INJURY,CALIFORNIA,"D, CLASS D VEHICLES",,NONE,,,,,,MALE,"FRONT SEAT - LEFT SIDE, OR MOTORCYLE DRIVER",SHOULDER AND LAP BELT USED,NOT TRAPPED,,OPERATOR/DRIVER,,MASSACHUSETTS,"D, CLASS D VEHICLES",,,,,,,,FEMALE,,,,
2/24/15 1:29,Tuesday,OTHER,SINGLE UNIT TRUCK (2 AXLES - 6 TIRES),270,RIVER ST,,FAIRMONT ST,"270 RIVER ST
Cambridge, MA
(42.36254536700005, -71.11268072499996)",,,"SIDESWIPE, SAME DIRECTION",UNKNOWN,COLLISION WITH MOTOR VEHICLE IN TRAFFIC,DAYLIGHT,CLEAR,CLEAR,NO CONTROLS,NO,DRY,NOT AT INTERSECTION,"ONE-WAY, NOT DIVIDED",NO,NO,,NON INTERSECTION,,,,,,,NORTHBOUND,,,,,,,,NONE,,,CON,MA,OTHER,,,Y,TRAVELING STRAIGHT AHEAD,2005,COLLISION WITH MOTOR VEHICLE IN TRAFFIC,NRR,ISU,1,,COLLISION WITH MOTOR VEHICLE IN TRAFFIC,COLLISION WITH MOTOR VEHICLE IN TRAFFIC,,,RIGHT REAR,,,,NORTHBOUND,,,,,,,,,,,UNKNOWN,UNKNOWN,,,,,,UNKNOWN,,,CON,MA,SINGLE UNIT TRUCK (2 AXLES - 6 TIRES),,,Y,UNKNOWN,2000,COLLISION WITH MOTOR VEHICLE IN TRAFFIC,CONVEN,PTRB,,,COLLISION WITH MOTOR VEHICLE IN TRAFFIC,,,,,,,,NORTHBOUND,,,,,,,,,,,UNKNOWN,UNKNOWN,,,,,,UNKNOWN,,,,,,,,,,,,,,,,,,,,,,,,,,,,,,,,,,
7/9/15 15:02,Thursday,PASSENGER CAR,,,WINDSOR STREET,STATE STREET,,"WINDSOR STREET &amp; STATE STREET
Cambridge, MA
(42.36679362800004, -71.10600609899996)",,,SINGLE VEHICLE CRASH,ROADWAY,COLLISION WITH LIGHT POLE OR OTHER POST/SUPPORT,DAYLIGHT,CLEAR,CLEAR,NO CONTROLS,NO,OTHER,T-INTERSECTION,"TWO-WAY, NOT DIVIDED",NO,YES,,INTERSECTION,WINDSOR STREET,NORTHBOUND,STATE STREET,EASTBOUND,,,,,,,,,,,ROAD SURFACE CONDITION,,,PAN,MA,PASSENGER CAR,,,,TRAVELING STRAIGHT AHEAD,2007,COLLISION WITH LIGHT POLE OR OTHER POST/SUPPORT,S40,VOLVO,1,,COLLISION WITH LIGHT POLE OR OTHER POST/SUPPORT,,,,UNDERCARRIAGE,,,Y,NORTHBOUND,,,,,,,,,,,NO IMPROPER DRIVING,,,,,,,NOT DISTRACTED,,,,,,,,,,,,,,,,,,,,,,,,,,,,,,,,,,,,,,,,,,,,,OPERATOR/DRIVER,NO INJURY,MASSACHUSETTS,,,,,,,,,FEMALE,"FRONT SEAT - LEFT SIDE, OR MOTORCYLE DRIVER",SHOULDER AND LAP BELT USED,NOT TRAPPED,Y,,,,,,,,,,,,,,,,
3/18/15 13:30,Wednesday,PASSENGER CAR,,364,RINDGE AVE,,,"364 RINDGE AVE
Cambridge, MA
(42.39387242400005, -71.13857336699994)",,,,,,,,,,,,,,,,,NON INTERSECTION,,,,,,,,,,,,,,,,,,LVN,MA,PASSENGER CAR,,,,PARKED,2008,,MKZ,LINC,0,,COLLISION WITH MOTOR VEHICLE IN TRAFFIC,,,,RIGHT SIDE,,,,,,,,,,,,,,,,,,,,,,,,,PAN,MA,,,,Y,,,,,,,,,,,,,,,,,,,,,,,,,,,,,,,,,,,,,UNINVOLVED OWNER,,,,,,,,,,,MALE,,,,Y,,,,,,,,,,,,,,,,
6/10/15 14:30,Wednesday,PASSENGER CAR,PASSENGER CAR,,MT AUBURN ST,,BRATTLE ST,"MT AUBURN ST
Cambridge, MA
(42.37477654200006, -71.13163441299997)",,,ANGLE,ROADWAY,COLLISION WITH MOTOR VEHICLE IN TRAFFIC,DAYLIGHT,CLOUDY,,NO CONTROLS,,DRY,NOT AT INTERSECTION,"TWO-WAY, NOT DIVIDED",NO,NO,,NON INTERSECTION,,,,,,,,,,,,,,,,,,PAR,MA,PASSENGER CAR,,,,CHANGING LANES,2003,,CAMRY,TOYT,1,,COLLISION WITH MOTOR VEHICLE IN TRAFFIC,,,,RIGHT SIDE,,,,EASTBOUND,,,,,,,,,,,,,,,,,,,,,PAN,MA,PASSENGER CAR,,,Y,TRAVELING STRAIGHT AHEAD,2005,COLLISION WITH MOTOR VEHICLE IN TRAFFIC,ALTIMA,NISS,,,COLLISION WITH MOTOR VEHICLE IN TRAFFIC,,,,UNKNOWN,,,,EASTBOUND,,,,,,,,,,,UNKNOWN,,,,,,,,,,OPERATOR/DRIVER,NO INJURY,MASSACHUSETTS,"D, CLASS D VEHICLES",,,,,,,,FEMALE,"FRONT SEAT - LEFT SIDE, OR MOTORCYLE DRIVER",UNKNOWN,NOT TRAPPED,Y,UNINVOLVED OWNER,,MASSACHUSETTS,,,,,,,,,MALE,,,,Y
6/24/15 10:30,Wednesday,MOTORCYCLE,PASSENGER CAR,205,WALDEN ST,,,"205 WALDEN ST
Cambridge, MA
(42.38671604700005, -71.12958010899996)",,,REAR TO REAR,OUTSIDE ROADWAY,COLLISION WITH MOTOR VEHICLE IN TRAFFIC,DAYLIGHT,CLEAR,,NO CONTROLS,,DRY,NOT AT INTERSECTION,"TWO-WAY, NOT DIVIDED",NO,NO,,NON INTERSECTION,,,,,,,,,,,,REAR PARKING LOT,,,,,,MCN,MA,MOTORCYCLE,,,,PARKED,2010,COLLISION WITH MOTOR VEHICLE IN TRAFFIC,THRO900,TRUIMPH,0,,COLLISION WITH MOTOR VEHICLE IN TRAFFIC,,,,LEFT FRONT,LEFT SIDE,LEFT REAR,,,,,,,,,,,,,,,,,,,,,,NO,PAVL,VA,PASSENGER CAR,,,,BACKING,2003,COLLISION WITH PARKED MOTOR VEHICLE,FORES,SUBA,1,,COLLISION WITH PARKED MOTOR VEHICLE,,,,NONE,,,,NORTHBOUND,,,,,,,,,,,,,,,,,,,,NO,UNINVOLVED OWNER,,MASSACHUSETTS,,,,,,,,,MALE,,,,Y,OPERATOR/DRIVER,NO INJURY,MASSACHUSETTS,,,,,,,,,MALE,"FRONT SEAT - LEFT SIDE, OR MOTORCYLE DRIVER",UNKNOWN,NOT TRAPPED,
2/26/15 21:10,Thursday,PASSENGER CAR,PASSENGER CAR,71,CHERRY STREET,,,"71 CHERRY STREET
Cambridge, MA
(42.36458256100008, -71.09731230799997)",,,"SIDESWIPE, SAME DIRECTION",UNKNOWN,COLLISION WITH PARKED MOTOR VEHICLE,DAYLIGHT,CLEAR,CLEAR,NO CONTROLS,NO,DRY,NOT AT INTERSECTION,UNKNOWN,NO,NO,30,NON INTERSECTION,,,,,,,,,,,,,,,NONE,,,PAN,MA,PASSENGER CAR,,,,PARKED,2010,COLLISION WITH PARKED MOTOR VEHICLE,SOUL,KIA,0,,COLLISION WITH MOTOR VEHICLE IN TRAFFIC,,,,RIGHT SIDE,,,,UNKNOWN,,,,,,,,,,,NO IMPROPER DRIVING,NO IMPROPER DRIVING,,,,,,NOT DISTRACTED,,NO,PAN,MA,PASSENGER CAR,,,Y,UNKNOWN,2004,COLLISION WITH PARKED MOTOR VEHICLE,ACCORD,HONDA,1,,COLLISION WITH PARKED MOTOR VEHICLE,,,,UNKNOWN,,,,UNKNOWN,,,,,,,,,,,UNKNOWN,UNKNOWN,,,,,,UNKNOWN,,NO,UNINVOLVED OWNER,,,,,,,,,,,FEMALE,,,,Y,WITNESS,,,,,,,,,,,MALE,,,,
5/20/15 19:08,Wednesday,PASSENGER CAR,PASSENGER CAR,7,VINEYARD STREET,,,"7 VINEYARD STREET
Cambridge, MA
(42.37882654900005, -71.15261921399997)",,,REAR TO REAR,ROADWAY,COLLISION WITH PARKED MOTOR VEHICLE,DAYLIGHT,CLEAR,CLEAR,NO CONTROLS,NO,DRY,,,NO,NO,,NON INTERSECTION,,,,,,,,,,,,,,,UNKNOWN,,,PAN,MA,PASSENGER CAR,,,,PARKED,2010,,COROLLA,TOTOTA,1,,,,,,LEFT REAR,,,,,,,,,,,,,,,,,,,,,,,,NO,PAN,MA,PASSENGER CAR,,,Y,BACKING,2009,,,TOYOTA,1,,,,,,UNKNOWN,UNKNOWN,UNKNOWN,,,,,,,,,,,,,,,,,,,,,,NO,OPERATOR/DRIVER,,MASSACHUSETTS,"D, CLASS D VEHICLES",,,,,,,65,MALE,,,,Y,OPERATOR/DRIVER,,MASSACHUSETTS,"D, CLASS D VEHICLES",,,,,,,64,MALE,,,,Y
2/12/15 14:00,Thursday,TRUCK TRAILER,PASSENGER CAR,,MASS AVE,WESTERN AVE,,"MASS AVE &amp; WESTERN AVE
Cambridge, MA
(42.36679362800004, -71.10600609899996)",,,,,,,,,,,,,,,,,INTERSECTION,MASS AVE,NORTHBOUND,WESTERN AVE,EASTBOUND,,,,,,,,,,,,,,APP,NY,TRUCK TRAILER,,,,TURNING RIGHT,2010,COLLISION WITH MOTOR VEHICLE IN TRAFFIC,TRUCK,KENWOOD,1,,COLLISION WITH MOTOR VEHICLE IN TRAFFIC,COLLISION WITH MOTOR VEHICLE IN TRAFFIC,,,RIGHT SIDE,,,,,,,,,,,,,,,DISTRACTED,,Y,,,,,,,,PAN,MA,PASSENGER CAR,,,,TURNING RIGHT,2007,COLLISION WITH MOTOR VEHICLE IN TRAFFIC,SEDAN,LEXUS,1,,COLLISION WITH MOTOR VEHICLE IN TRAFFIC,COLLISION WITH MOTOR VEHICLE IN TRAFFIC,,,LEFT FRONT,,,,EASTBOUND,,,,,,,,,,,NO IMPROPER DRIVING,,,,,,,,,,OPERATOR/DRIVER,NO INJURY,NEW YORK,"A, CLASS A VEHICLES",,,,,,,,MALE,"FRONT SEAT - LEFT SIDE, OR MOTORCYLE DRIVER",SHOULDER AND LAP BELT USED,NOT TRAPPED,,OPERATOR/DRIVER,NO INJURY,MASSACHUSETTS,"D, CLASS D VEHICLES",,,,,,,,MALE,"FRONT SEAT - LEFT SIDE, OR MOTORCYLE DRIVER",SHOULDER AND LAP BELT USED,NOT TRAPPED,Y
2/18/15 19:42,Wednesday,PASSENGER CAR,PASSENGER CAR,,HARVARD ST,HANCOCK ST.,,"HARVARD ST &amp; HANCOCK ST.
Cambridge, MA
(42.36679362800004, -71.10600609899996)",,,ANGLE,ROADWAY,COLLISION WITH MOTOR VEHICLE IN TRAFFIC,DARK - LIGHTED ROADWAY,CLEAR,,STOP SIGNS,YES,SLUSH,FOUR WAY INTERSECTION,"TWO-WAY, NOT DIVIDED",NO,NO,30,INTERSECTION,HARVARD ST,WESTBOUND,HANCOCK ST.,NORTHBOUND,,,,,,,,,,,ROAD SURFACE CONDITION,,,PAN,MA,PASSENGER CAR,,,,TRAVELING STRAIGHT AHEAD,2014,COLLISION WITH MOTOR VEHICLE IN TRAFFIC,CT200H,LEXUS,1,,COLLISION WITH MOTOR VEHICLE IN TRAFFIC,,,,CENTER FRONT,,,,WESTBOUND,,,,,,,,,,,NO IMPROPER DRIVING,,,,,,,UNKNOWN,,,PAN,MA,PASSENGER CAR,,,,TRAVELING STRAIGHT AHEAD,2011,COLLISION WITH MOTOR VEHICLE IN TRAFFIC,FIT,HONDA,2,,COLLISION WITH MOTOR VEHICLE IN TRAFFIC,,,,RIGHT SIDE,,,,NORTHBOUND,,,,,,,,,,,NO IMPROPER DRIVING,,,,,,,UNKNOWN,,,OPERATOR/DRIVER,NO INJURY,NEW YORK,,,,,,,,,MALE,"FRONT SEAT - LEFT SIDE, OR MOTORCYLE DRIVER",UNKNOWN,NOT TRAPPED,Y,OPERATOR/DRIVER,NO INJURY,MASSACHUSETTS,"D, CLASS D VEHICLES",,,,,,,,FEMALE,"FRONT SEAT - LEFT SIDE, OR MOTORCYLE DRIVER",UNKNOWN,NOT TRAPPED,Y
4/10/15 7:50,Friday,LIGHT TRUCK,LIGHT TRUCK,,JFK ST,,SOUTH ST,"JFK ST
Cambridge, MA
(42.371702010000035, -71.12086404399997)",,,UNKNOWN,ROADWAY,COLLISION WITH PARKED MOTOR VEHICLE,DAYLIGHT,RAIN,CLOUDY,NO CONTROLS,,WET,NOT AT INTERSECTION,"ONE-WAY, NOT DIVIDED",NO,NO,,NON INTERSECTION,,,,,,,,,,,,,,,,,,CON,MA,LIGHT TRUCK,,,,BACKING,2007,COLLISION WITH PARKED MOTOR VEHICLE,ECOVAN,FORD,2,,COLLISION WITH PARKED MOTOR VEHICLE,,,,REAR CENTER,,,,SOUTHBOUND,,,,,,,,,,,,,,,,,,,,,MVN,MA,LIGHT TRUCK,,,,PARKED,2002,,,INTERNATIONAL,0,,COLLISION WITH MOTOR VEHICLE IN TRAFFIC,,,,NONE,,,,,,,,,,,,,,,,,,,,,,,,,OPERATOR/DRIVER,NO INJURY,MASSACHUSETTS,,,,,,,,,MALE,"FRONT SEAT - LEFT SIDE, OR MOTORCYLE DRIVER",UNKNOWN,NOT TRAPPED,,UNINVOLVED OWNER,,,,,,,,,,,UNKNOWN,,,,Y
2/3/15 9:50,Tuesday,LIGHT TRUCK,LIGHT TRUCK,,MAIN ST,,PORTLAND,"MAIN ST
Cambridge, MA
(42.363082675000044, -71.09493289999995)",,,"SIDESWIPE, SAME DIRECTION",ROADWAY,COLLISION WITH MOTOR VEHICLE IN TRAFFIC,DAYLIGHT,CLEAR,,NO CONTROLS,,SNOW,NOT AT INTERSECTION,"TWO-WAY, DIVIDED, UNPROTECTED MEDIAN",NO,NO,,NON INTERSECTION,,,,,,,,,,,,,,,NONE,,,PAN,MA,LIGHT TRUCK,,,,TRAVELING STRAIGHT AHEAD,2013,COLLISION WITH MOTOR VEHICLE IN TRAFFIC,X5,BMW,1,,COLLISION WITH MOTOR VEHICLE IN TRAFFIC,,,,LEFT FRONT,,,,EASTBOUND,,,,,,,,,,,NO IMPROPER DRIVING,,,,,,,,,,PAN,MA,LIGHT TRUCK,,,,ENTERING TRAFFIC LANE,2009,COLLISION WITH MOTOR VEHICLE IN TRAFFIC,RAV 4,TOYOTA,1,,COLLISION WITH MOTOR VEHICLE IN TRAFFIC,,,,RIGHT FRONT,,,,EASTBOUND,,,,,,,,,,,INATTENTION,,,,,,,,,,OPERATOR/DRIVER,,MASSACHUSETTS,,,,,,,,,FEMALE,"FRONT SEAT - LEFT SIDE, OR MOTORCYLE DRIVER",SHOULDER AND LAP BELT USED,NOT TRAPPED,,OPERATOR/DRIVER,,MASSACHUSETTS,,,,,,,,,MALE,,,,