Date Time,Day of Week,Object 1,Object 2,Street Number,Street Name,Cross Street,Near Street,Location,May involve cyclist,May Involve Pedestrian,Manner of Collision,First Harmful Event Location,First Harmful Event,Ambient Light,Weather Condition 1,Weather Condition 2,Traffic Control Device Type,Traffic Control Device Functionality,Road Surface Condition,Roadway Junction Type,Trafficway Description,School Bus Related,Work Zone,Speed Limit,Street or Intersection,Intersection Name 1,Intersection Direction 1,Intersection Name 2,Intersection Direction 2,Intersection Name 3,Intersection Direction 3,Street Direction,Nearest Intersection Distance,Nearest Intersection Direction,Landmark Distance,Landmark Direction,Landmark,Mile Marker Direction,Non Public Area,Road Contributing,Damaged Property Type,Description of Damaged Property,V1 Registration Type,v1 State Code,V1 Configuration,V1 Emergency Response,V1 Moped,V1 Hit and Run,V1 Action Prior to Crash,V1 Model Year,V1 Most Harmful Event,V1 Model,V1 Make,V1 Occupant Count,V1 Underride Override,V1 First Event,V1 Second Event,V1 Third Event,V1 Fourth Event,V1 Most Damaged Area,V1 Second Damaged Area,V1 Third Damaged Area,V1 Towed,V1 Travel Direction,V1 Interstate,V1 Cargo Body Type,V1 Gross Weight,V1 Haz Placard,V1 Haz Release,V1 Trailer Reg Type,V1 Trailer Reg Plate,V1 Trailer Reg State,V1 Trailer Reg Year,V1 Trailer Len,V1 Driver Contribution,V1 Driver Contribution 2,V1 Is Truck,V1 Has Trailer,V1 Is Bus,V1 Is Hazmat,V1 Reg Year,V1 Driver Distracted,V1 Bus Use,V1 Tow Use,V2 Registration Type,V2 State Code,V2 Configuration,V2 Emergency Response,V2 Moped,V2 Hit and Run,V2 Action Prior to Crash,V2 Model Year,V2 Most Harmful Event,V2 Model,V2 Make,V2 Occupant Count,V2 Underride Override,V2 First Event,V2 Second Event,V2 Third Event,V2 Fourth Event,V2 Most Damaged Area,V2 Second Damaged Area,V2 Third Damaged Area,V2 Towed,V2 Travel Direction,V2 Interstate,V2 Cargo Body Type,V2 Gross Weight,V2 Haz Placard,V2 Haz Release,V2 Trailer Reg Type,V2 Trailer Reg Plate,V2 Trailer Reg State,V2 Trailer Reg Year,V2 Trailer Len,V2 Driver Contribution,V2 Driver Contribution 2,V2 Is Truck,V2 Has Trailer,V2 Is Bus,V2 Is Hazmat,V2 Reg Year,V2 Driver Distracted,V2 Bus Use,V2 Tow Use,P1 Role,P1 Injury,P1 Drivers Lic State,P1 Drivers Lic Class 1,P1 Drivers Lic Class 2,P1 Drivers Lic Restrict,P1 Non Motorist Desc,P1 Non Motorist Action,P1 Non Motorist Location,P1 Safety Equipment,P1 Age,P1 Sex,P1 Seat Position,P1 Safety System,P1 Trapped,P1 Veh Owner,P2 Role,P2 Injury,P2 Drivers Lic State,P2 Drivers Lic Class 1,P2 Drivers Lic Class 2,P2 Drivers Lic Restrict,P2 Non Motorist Desc,P2 Non Motorist Action,P2 Non Motorist Location,P2 Safety Equipment,P2 Age,P2 Sex,P2 Seat Position,P2 Safety System,P2 Trapped,P2 Veh Owner
4/11/15 12:47,Saturday,PASSENGER CAR,,24,COOLIDGE AVE,,,"24 COOLIDGE AVE
Cambridge, MA
(42.37327627700006, -71.13988342699997)",,,"SIDESWIPE, OPPOSITE DIRECTION",ROADWAY,COLLISION WITH PARKED MOTOR VEHICLE,UNKNOWN,UNKNOWN,UNKNOWN,NO CONTROLS,NO,UNKNOWN,NOT AT INTERSECTION,"TWO-WAY, NOT DIVIDED",NO,NO,30,NON INTERSECTION,,,,,,,SOUTHBOUND,,,,,,,,NONE,,,PAN,MA,PASSENGER CAR,,,Y,PARKED,2011,COLLISION WITH PARKED MOTOR VEHICLE,TIGUE,VW,0,,COLLISION WITH PARKED MOTOR VEHICLE,COLLISION WITH PARKED MOTOR VEHICLE,COLLISION WITH PARKED MOTOR VEHICLE,COLLISION WITH PARKED MOTOR VEHICLE,LEFT SIDE,LEFT REAR,,,SOUTHBOUND,,,,,,,,,,,UNKNOWN,UNKNOWN,,,,,,UNKNOWN,,,,,,,,,,,,,,,,,,,,,,,,,,,,,,,,,,,,,,,,,,,,,UNINVOLVED OWNER,,,,,,,,,,,MALE,,,,Y,,,,,,,,,,,,,,,,
3/12/15 17:59,Thursday,PASSENGER CAR,,,ROOSVELT TOWERS,,WILLOW STREET,"ROOSVELT TOWERS
Cambridge, MA
(42.373688075000075, -71.09219752599995)",,,UNKNOWN,UNKNOWN,,DARK - LIGHTED ROADWAY,SNOW,,,NO,,,,NO,NO,5,NON INTERSECTION,,,,,,,NORTHBOUND,,,,,,NORTHBOUND,,,,,PAN,MA,PASSENGER CAR,,,Y,PARKED,2013,,HIGHLANDER,TOYT,0,,UNKNOWN,,,,RIGHT FRONT,RIGHT SIDE,,,,,,,,,,,,,,UNKNOWN,,,,,,,,,NO,,,,,,,,,,,,,,,,,,,,,,,,,,,,,,,,,,,,,,,,,,,UNINVOLVED OWNER,,,,,,,,,,,MALE,,,,Y,,,,,,,,,,,,,,,,
2/13/15 19:17,Friday,PASSENGER CAR,,,HIGHLAND AVE,,BROADWAY STREET,"HIGHLAND AVE
Cambridge, MA
(42.37292780200005, -71.10576745799995)",,,,ROADSIDE,,UNKNOWN,CLOUDY,,NO CONTROLS,,SNOW,NOT AT INTERSECTION,"ONE-WAY, NOT DIVIDED",NO,NO,,NON INTERSECTION,,,,,,,EASTBOUND,,NORTHBOUND,,,,,,NONE,,,PAN,MA,PASSENGER CAR,,,,PARKED,2001,COLLISION WITH MOTOR VEHICLE IN TRAFFIC,TT,AUDI,0,,COLLISION WITH PARKED MOTOR VEHICLE,,,,CENTER FRONT,,,,,,,,,,,,,,,NO IMPROPER DRIVING,,,,,,,,,,UNKNOWN,,,,,,BACKING,,COLLISION WITH PARKED MOTOR VEHICLE,UNKNOWN,UNKNOWN,1,,COLLISION WITH PARKED MOTOR VEHICLE,,,,,,,,WESTBOUND,,,,,,,,,,,UNKNOWN,,,,,,,UNKNOWN,,,UNINVOLVED OWNER,,MASSACHUSETTS,,,,,,,,,FEMALE,,,,,OPERATOR/DRIVER,,,,,,,,,,,UNKNOWN,,,,
1/20/15 14:40,Tuesday,PASSENGER CAR,LIGHT TRUCK,,,,AUDREY ST,"301 VASSAR ST
Cambridge, MA
(42.355475081000066, -71.10438360099994)",,,UNKNOWN,ROADWAY,OTHER,DAYLIGHT,CLEAR,,NO CONTROLS,,DRY,NOT AT INTERSECTION,"TWO-WAY, NOT DIVIDED",NO,NO,,,,,,,,,,,,,,,,,,,,PAN,MA,PASSENGER CAR,,,,TRAVELING STRAIGHT AHEAD,2010,OTHER,JETTA,VOLK,3,,OTHER,,,,LEFT FRONT,OTHER,,,SOUTHBOUND,,,,,,,,,,,NO IMPROPER DRIVING,,,,,,,,,,CON,MA,LIGHT TRUCK,,,,TURNING RIGHT,2008,CARGO/EQUIPMENT LOSS OR SHIFT,NJ8J,HINO,1,,CARGO/EQUIPMENT LOSS OR SHIFT,,,,NONE,,,,NORTHBOUND,,FLATBED,"10,001 - 26000 POUNDS",,,TRN,E1987,MASSACHUSETTS,2005,OTHER,OTHER IMPROPER ACTION,,Y,Y,,,,,,,OPERATOR/DRIVER,NO INJURY,MASSACHUSETTS,"D, CLASS D VEHICLES",,,,,,,,MALE,"FRONT SEAT - LEFT SIDE, OR MOTORCYLE DRIVER",SHOULDER AND LAP BELT USED,NOT TRAPPED,Y,OCCUPANT/PASSENGER,NO INJURY,,,,,,,,,,FEMALE,SECOND SEAT - RIGHT SIDE,SHOULDER AND LAP BELT USED,NOT TRAPPED,
3/17/15 16:13,Tuesday,LIGHT TRUCK,,,AVON STREET,SHEPARD STREET,,"AVON STREET &amp; SHEPARD STREET
Cambridge, MA
(42.36679362800004, -71.10600609899996)",,,"SIDESWIPE, SAME DIRECTION",ROADWAY,COLLISION WITH PARKED MOTOR VEHICLE,UNKNOWN,CLOUDY,,,NO,WET,T-INTERSECTION,"ONE-WAY, NOT DIVIDED",NO,NO,30,INTERSECTION,AVON STREET,SOUTHBOUND,SHEPARD STREET,WESTBOUND,,,,,,,,,,,NONE,,,PAN,MA,LIGHT TRUCK,,,,PARKED,2005,COLLISION WITH PARKED MOTOR VEHICLE,SORENT,KIA,0,,COLLISION WITH PARKED MOTOR VEHICLE,,,,LEFT FRONT,,,,,,,,,,,,,,,NO IMPROPER DRIVING,,,,,,,NOT DISTRACTED,,NO,,,,,,Y,,,,,,1,,,,,,,,,,,,,,,,,,,,,,,,,,,,,,,UNINVOLVED OWNER,,MASSACHUSETTS,"D, CLASS D VEHICLES",,CORRECTIVE LENSES,,,,,,FEMALE,,,,Y,,,,,,,,,,,,,,,,
4/14/15 9:19,Tuesday,,,,BELMONT ST,NORMAN ST,,"BELMONT ST &amp; NORMAN ST
Cambridge, MA
(42.36679362800004, -71.10600609899996)",,1,UNKNOWN,ROADWAY,COLLISION WITH PEDESTRIAN,DAYLIGHT,CLEAR,CLEAR,FLASHING TRAFIC CONTROL SIGNAL,YES,DRY,T-INTERSECTION,"TWO-WAY, NOT DIVIDED",NO,NO,30,INTERSECTION,BELMONT ST,EASTBOUND,NORMAN ST,SOUTHBOUND,,,,,,,,,,,UNKNOWN,,,,,,,,,,,,,,,,,,,,,,,,,,,,,,,,,,,,,,,,,,,,,,,,,,,,,,,,,,,,,,,,,,,,,,,,,,,,,,,,,,,,,,,NON-MOTORIST,,,,,,,,,,,FEMALE,,,,,NON-MOTORIST,,,,,,,,,,,FEMALE,,,,
2/23/15 22:24,Monday,PASSENGER CAR,,19,FOREST STREET,,OXFORD STREET,"19 FOREST STREET
Cambridge, MA
(42.38525679800006, -71.11681867999994)",,,"SIDESWIPE, SAME DIRECTION",ROADWAY,COLLISION WITH PARKED MOTOR VEHICLE,DARK - LIGHTED ROADWAY,SNOW,SNOW,STOP SIGNS,NO,SNOW,NOT AT INTERSECTION,"ONE-WAY, NOT DIVIDED",NO,NO,,NON INTERSECTION,,,,,,,EASTBOUND,,SOUTHBOUND,,,,,,UNKNOWN,OTHER,DRIVER'S SIDE VIEW MIRROR DAMAGED,PAN,MA,PASSENGER CAR,,,Y,PARKED,2011,OTHER,IMPREZ,SUBARU,0,,OTHER,OTHER,,OTHER,OTHER,OTHER,OTHER,,EASTBOUND,,,,,,,,,,,NO IMPROPER DRIVING,NO IMPROPER DRIVING,,,,,,NOT DISTRACTED,,,,,,,,,,,,,,,,,,,,,,,,,,,,,,,,,,,,,,,,,,,,,OPERATOR/DRIVER,NO INJURY,MASSACHUSETTS,,,,,,,,,FEMALE,OTHER,UNKNOWN,NOT TRAPPED,Y,,,,,,,,,,,,,,,,
2/20/15 19:45,Friday,PASSENGER CAR,,1304,MASS AVENUE,,,"1304 MASS AVENUE
Cambridge, MA
(42.37293244500006, -71.11737813599996)",,,REAR-END,ROADSIDE,COLLISION WITH MOTOR VEHICLE IN TRAFFIC,DARK - LIGHTED ROADWAY,CLEAR,CLEAR,NO CONTROLS,,DRY,NOT AT INTERSECTION,"ONE-WAY, NOT DIVIDED",NO,NO,30,NON INTERSECTION,,,,,,,WESTBOUND,,,,,,,,NONE,,,PAN,MA,PASSENGER CAR,,,Y,PARKED,2006,COLLISION WITH MOTOR VEHICLE IN TRAFFIC,CIVIC,HONDA,1,,COLLISION WITH MOTOR VEHICLE IN TRAFFIC,,,,CENTER FRONT,,,,,,,,,,,,,,,NO IMPROPER DRIVING,,,,,,,NOT DISTRACTED,,,UNKNOWN,,,,,Y,,,,,,,,,,,,,,,,,,,,,,,,,,,,,,,,,,,,,OPERATOR/DRIVER,NO INJURY,MASSACHUSETTS,,,,,,,,,FEMALE,"FRONT SEAT - LEFT SIDE, OR MOTORCYLE DRIVER",SHOULDER AND LAP BELT USED,NOT TRAPPED,Y,OPERATOR/DRIVER,,,,,,,,,,,,,,,Y
5/6/15 19:14,Wednesday,PASSENGER CAR,,121,FIRST STREET (PARKING GARAGE),,,"121 FIRST STREET (PARKING GARAGE)
Cambridge, MA
(42.367027851000046, -71.07781642499998)",,,UNKNOWN,,,DAYLIGHT,CLEAR,,,,,,,NO,NO,,NON INTERSECTION,,,,,,,,,,,,,,,,,,PAN,MA,PASSENGER CAR,,,,PARKED,2014,,SCION,TOYOTA,0,,OTHER,,,,LEFT SIDE,RIGHT SIDE,,,,,,,,,,,,,,,,,,,,,,,,UNKNOWN,,,,,Y,UNKNOWN,,COLLISION WITH PARKED MOTOR VEHICLE,UNKNOWN,UNKNOWN,1,,COLLISION WITH PARKED MOTOR VEHICLE,,,,,,,,,,,,,,,,,,,UNKNOWN,,,,,,,UNKNOWN,,,UNINVOLVED OWNER,,MASSACHUSETTS,,,,,,,,,FEMALE,,,,,OPERATOR/DRIVER,,,,,,,,,,,UNKNOWN,,,,
1/8/15 21:43,Thursday,PASSENGER CAR,LIGHT TRUCK,,MT. AUBURN STREET,,JFK STREET,"MT. AUBURN STREET
Cambridge, MA
(42.37477654200006, -71.13163441299997)",,,REAR-END,ROADSIDE,,DARK - LIGHTED ROADWAY,CLEAR,,UNKNOWN,,DRY,NOT AT INTERSECTION,"ONE-WAY, NOT DIVIDED",,,,NON INTERSECTION,,,,,,,SOUTHBOUND,,EASTBOUND,,,,,,NONE,,,PAN,MA,PASSENGER CAR,,,,PARKED,2014,OTHER,E63AMG,MERCEDES,1,,OTHER,,,,REAR CENTER,,,,,,,,,,,,,,,NO IMPROPER DRIVING,,,,,,,,,,PAN,AZ,LIGHT TRUCK,,,,TRAVELING STRAIGHT AHEAD,2011,COLLISION WITH PARKED MOTOR VEHICLE,TG33,GMC,1,,COLLISION WITH PARKED MOTOR VEHICLE,,,,,,,,SOUTHBOUND,,,,,,,,,,,FAILURE TO KEEP IN PROPER LANE OR RUNNING OFF ROAD,,,,,,,UNKNOWN,,,OPERATOR/DRIVER,,MASSACHUSETTS,"D, CLASS D VEHICLES",,,,,,,,MALE,,,,,OPERATOR/DRIVER,,,,,,,,,,,MALE,,,,
2/26/15 11:09,Thursday,LIGHT TRUCK,LIGHT TRUCK,,HURON AV,APPLETON ST,,"HURON AV &amp; APPLETON ST
Cambridge, MA
(42.36679362800004, -71.10600609899996)",,,ANGLE,ROADWAY,COLLISION WITH MOTOR VEHICLE IN TRAFFIC,DAYLIGHT,CLOUDY,,STOP SIGNS,YES,DRY,T-INTERSECTION,"TWO-WAY, DIVIDED, UNPROTECTED MEDIAN",NO,NO,,INTERSECTION,HURON AV,EASTBOUND,APPLETON ST,EASTBOUND,,,,,,,,,,,NONE,,,PAN,MA,LIGHT TRUCK,,,,TRAVELING STRAIGHT AHEAD,2001,COLLISION WITH MOTOR VEHICLE IN TRAFFIC,CRV,HONDA,1,,COLLISION WITH MOTOR VEHICLE IN TRAFFIC,,,,RIGHT SIDE,,,,EASTBOUND,,,,,,,,,,,NO IMPROPER DRIVING,,,,,,,NOT DISTRACTED,,NO,PAN,MA,LIGHT TRUCK,,,,TRAVELING STRAIGHT AHEAD,2015,COLLISION WITH MOTOR VEHICLE IN TRAFFIC,ODYSSEY,HONDA,1,,COLLISION WITH MOTOR VEHICLE IN TRAFFIC,,,,CENTER FRONT,,,,NORTHBOUND,,,,,,,,,,,FAILED TO YIELD THE RIGHT OF WAY,INATTENTION,,,,,,NOT DISTRACTED,,NO,UNINVOLVED OWNER,,,,,,,,,,,MALE,,,,Y,OPERATOR/DRIVER,NO INJURY,MASSACHUSETTS,,,,,,,,,FEMALE,"FRONT SEAT - LEFT SIDE, OR MOTORCYLE DRIVER",SHOULDER AND LAP BELT USED,NOT TRAPPED,
4/14/15 10:00,Tuesday,PASSENGER CAR,,,HAMPSHIRE ST,TREMONT ST,,"HAMPSHIRE ST &amp; TREMONT ST
Cambridge, MA
(42.36679362800004, -71.10600609899996)",,1,"SIDESWIPE, SAME DIRECTION",ROADWAY,COLLISION WITH PEDESTRIAN,DAYLIGHT,UNKNOWN,,STOP SIGNS,YES,UNKNOWN,FOUR WAY INTERSECTION,"TWO-WAY, NOT DIVIDED",NO,NO,,INTERSECTION,HAMPSHIRE ST,,TREMONT ST,,,,,,,,,,,,UNKNOWN,,,UNKNOWN,,PASSENGER CAR,,,Y,TURNING RIGHT,,,UNKNOWN,UNKNOWN,1,,COLLISION WITH PEDESTRIAN,,,,UNKNOWN,,,,,,,,,,,,,,,UNKNOWN,,,,,,,UNKNOWN,,,,,,,,,,,,,,,,,,,,,,,,,,,,,,,,,,,,,,,,,,,,,NON-MOTORIST,NO INJURY,,,,,PEDESTRIAN,ENTERING OR CROSSING SPECIFIED LOCATION,,NONE USED,18,MALE,,,,,,,,,,,,,,,,,,,,
2/25/15 14:20,Wednesday,PASSENGER CAR,,,VANDINE ST. AT BERKSHIRE ST.,,,"VANDINE ST. AT BERKSHIRE ST.
Cambridge, MA
(42.36917433800005, -71.09151997799995)",,,"SIDESWIPE, SAME DIRECTION",ROADWAY,COLLISION WITH PARKED MOTOR VEHICLE,UNKNOWN,SNOW,,NO CONTROLS,,SNOW,UNKNOWN,UNKNOWN,NO,NO,,NON INTERSECTION,,,,,,,,,,,,,,,UNKNOWN,,,PAN,MA,PASSENGER CAR,,,Y,PARKED,2002,,CARAVAN,DODGE,0,,UNKNOWN,,,,LEFT REAR,LEFT SIDE,LEFT FRONT,,UNKNOWN,,,,,,,,,,,NO IMPROPER DRIVING,,,,,,,UNKNOWN,,,,,,,,,,,,,,,,,,,,,,,,,,,,,,,,,,,,,,,,,,,,,UNINVOLVED OWNER,,MASSACHUSETTS,"D, CLASS D VEHICLES",,,,,,,,MALE,,,,Y,,,,,,,,,,,,,,,,
2/21/15 21:41,Saturday,PASSENGER CAR,,32,WATER ST,,,"32 WATER ST
Cambridge, MA
(42.37257563500003, -71.07798213599995)",,,SINGLE VEHICLE CRASH,ROADWAY,COLLISION WITH UNKNOWN FIXED OBJECT,DARK - LIGHTED ROADWAY,SNOW,,NO CONTROLS,NO,SNOW,T-INTERSECTION,"TWO-WAY, NOT DIVIDED",NO,NO,,NON INTERSECTION,,,,,,,SOUTHBOUND,,,,,,,,OTHER,,,MVN,MA,PASSENGER CAR,,,,TRAVELING STRAIGHT AHEAD,2013,COLLISION WITH FENCE,EXPLOR,FORD,1,,COLLISION WITH FENCE,,,,RIGHT FRONT,RIGHT SIDE,,,SOUTHBOUND,,,,,,,,,,,NO IMPROPER DRIVING,,,,,,,NOT DISTRACTED,,,,,,,,,,,,,,,,,,,,,,,,,,,,,,,,,,,,,,,,,,,,,OPERATOR/DRIVER,NO INJURY,MASSACHUSETTS,"D, CLASS D VEHICLES","M, CLASS M VEHICLES",,,,,,,MALE,"FRONT SEAT - LEFT SIDE, OR MOTORCYLE DRIVER",SHOULDER AND LAP BELT USED,NOT TRAPPED,,UNINVOLVED OWNER,,,,,,,,,,,UNKNOWN,,,,Y
1/22/15 17:06,Thursday,PASSENGER CAR,,,PARKING LOT ( FRESH POND MALL),,,"PARKING LOT ( FRESH POND MALL)
Cambridge, MA
(42.36679362800004, -71.10600609899996)",,,,,COLLISION WITH MOTOR VEHICLE IN TRAFFIC,DAYLIGHT,CLEAR,,NO CONTROLS,,DRY,NOT AT INTERSECTION,,NO,NO,,NON INTERSECTION,,,,,,,,,,,,,,,NONE,,,372MJ2,MA,PASSENGER CAR,,,,PARKED,2010,COLLISION WITH MOTOR VEHICLE IN TRAFFIC,JETTA,VOLK,0,,COLLISION WITH MOTOR VEHICLE IN TRAFFIC,,,,CENTER FRONT,LEFT FRONT,RIGHT FRONT,,,,,,,,,,,,,NO IMPROPER DRIVING,,,,,,,,,,UNKNOWN,,,,,Y,UNKNOWN,,COLLISION WITH PARKED MOTOR VEHICLE,UNKNOWN,UNKNOWN,1,,COLLISION WITH PARKED MOTOR VEHICLE,,,,,,,,UNKNOWN,,,,,,,,,,,UNKNOWN,,,,,,,UNKNOWN,,,OPERATOR/DRIVER,,MASSACHUSETTS,"D, CLASS D VEHICLES",,,,,,,,MALE,,,,,OPERATOR/DRIVER,,,,,,,,,,,,,,,
5/16/15 17:50,Saturday,PASSENGER CAR,,101,THIRD ST,,,"101 THIRD ST
Cambridge, MA
(42.369777345000045, -71.08015565099998)",,,REAR-END,ROADWAY,,DAYLIGHT,CLOUDY,,NO CONTROLS,,DRY,NOT AT INTERSECTION,"TWO-WAY, DIVIDED, UNPROTECTED MEDIAN",NO,NO,30,NON INTERSECTION,,,,,,,NORTHBOUND,,,,,,,,NONE,,,PAN,MA,PASSENGER CAR,,,,PARKED,2014,COLLISION WITH MOTOR VEHICLE IN TRAFFIC,ACCORD,HONDA,0,,COLLISION WITH MOTOR VEHICLE IN TRAFFIC,,,,LEFT REAR,,,,,,,,,,,,,,,NO IMPROPER DRIVING,,,,,,,,,NO,UNKNOWN,,,,,Y,OTHER,,COLLISION WITH PARKED MOTOR VEHICLE,UNKNOWN,UNKNOWN,,,COLLISION WITH PARKED MOTOR VEHICLE,,,,RIGHT FRONT,,,,NORTHBOUND,,,,,,,,,,,"OPERATING VEHICLE IN ERRATIC, RECKLESS, CARELESS,",,,,,,,,,NO,UNINVOLVED OWNER,,MASSACHUSETTS,"D, CLASS D VEHICLES",,CORRECTIVE LENSES,,,,,,MALE,,,,Y,OPERATOR/DRIVER,UNKNOWN,,UNKNOWN,,,,,,,,UNKNOWN,"FRONT SEAT - LEFT SIDE, OR MOTORCYLE DRIVER",UNKNOWN,NOT TRAPPED,
6/18/15 13:00,Thursday,PASSENGER CAR,PASSENGER CAR,,WHITE ST,,,"WHITE ST
Cambridge, MA
(42.38909349700003, -71.11800052999996)",,,ANGLE,OUTSIDE ROADWAY,COLLISION WITH MOTOR VEHICLE IN TRAFFIC,DAYLIGHT,CLOUDY,,NO CONTROLS,,DRY,NOT AT INTERSECTION,"TWO-WAY, NOT DIVIDED",NO,NO,,NON INTERSECTION,,,,,,,,,,,,PORTER SQ PARKING LOT,,,,,,PAN,MA,PASSENGER CAR,,,,TRAVELING STRAIGHT AHEAD,2008,COLLISION WITH MOTOR VEHICLE IN TRAFFIC,328XI,BMW,1,,COLLISION WITH MOTOR VEHICLE IN TRAFFIC,,,,LEFT SIDE,,,,SOUTHBOUND,,,,,,,,,,,NO IMPROPER DRIVING,,,,,,,,,,PAN,MA,PASSENGER CAR,,,,BACKING,2007,COLLISION WITH MOTOR VEHICLE IN TRAFFIC,CAMRY,TOYT,1,,COLLISION WITH MOTOR VEHICLE IN TRAFFIC,,,,REAR CENTER,,,,WESTBOUND,,,,,,,,,,,FAILED TO YIELD THE RIGHT OF WAY,,,,,,,,,,OPERATOR/DRIVER,NO INJURY,MASSACHUSETTS,,,,,,,,,FEMALE,"FRONT SEAT - LEFT SIDE, OR MOTORCYLE DRIVER",UNKNOWN,NOT TRAPPED,Y,OPERATOR/DRIVER,NO INJURY,MASSACHUSETTS,,,,,,,,,FEMALE,"FRONT SEAT - LEFT SIDE, OR MOTORCYLE DRIVER",UNKNOWN,,Y
6/28/15 21:40,Sunday,PASSENGER CAR,,170,ALEWIFE BROOK PARKWAY,,,"170 ALEWIFE BROOK PARKWAY
Cambridge, MA
(42.390254586000026, -71.14193429899996)",,,UNKNOWN,,,DAYLIGHT,RAIN,RAIN,NO CONTROLS,NO,WET,,,,,10,NON INTERSECTION,,,,,,,,,,,,,,,,,,PAN,MA,PASSENGER CAR,,,Y,PARKED,2012,,COOPER,MINNI,0,,COLLISION WITH PARKED MOTOR VEHICLE,,,,REAR CENTER,,,,UNKNOWN,,,,,,,,,,,UNKNOWN,,,,,,,,,,,,,,,,,,,,,,,,,,,,,,,,,,,,,,,,,,,,,,,,,,,,UNINVOLVED OWNER,,,"D, CLASS D VEHICLES",,,,,,,,FEMALE,,,,Y,,,,,,,,,,,,,,,,
1/30/15 21:35,Friday,PASSENGER CAR,PASSENGER CAR,,HAWTHORN,MT. AUBURN,,"HAWTHORN &amp; MT. AUBURN
Cambridge, MA
(42.36679362800004, -71.10600609899996)",,,ANGLE,UNKNOWN,COLLISION WITH MOTOR VEHICLE IN TRAFFIC,DARK - LIGHTED ROADWAY,SNOW,,,,WET,FOUR WAY INTERSECTION,"TWO-WAY, NOT DIVIDED",NO,NO,,INTERSECTION,HAWTHORN,NORTHBOUND,MT. AUBURN,WESTBOUND,,,,,,,,,,,TRAFFIC CONTROL DEVICE,,,PAN,MA,PASSENGER CAR,,,,TURNING LEFT,2008,COLLISION WITH MOTOR VEHICLE IN TRAFFIC,CIVIC,HONDA,1,,COLLISION WITH MOTOR VEHICLE IN TRAFFIC,,,,CENTER FRONT,UNDERCARRIAGE,,Y,WESTBOUND,,,,,,,,,,,FAILED TO YIELD THE RIGHT OF WAY,,,,,,,UNKNOWN,,YES VEHICLE OR TRAILER DISABLED,TAN,MA,PASSENGER CAR,,,,TRAVELING STRAIGHT AHEAD,2014,,CAM,TOY,1,,COLLISION WITH MOTOR VEHICLE IN TRAFFIC,,,,LEFT SIDE,,,,,,,,,,,,,,,NO IMPROPER DRIVING,,,,,,,NOT DISTRACTED,,,OPERATOR/DRIVER,,MASSACHUSETTS,"D, CLASS D VEHICLES",,,,,,,37,MALE,,,,,UNINVOLVED OWNER,,MASSACHUSETTS,"D, CLASS D VEHICLES",,,,,,,39,MALE,,,,Y
2/3/15 20:09,Tuesday,PASSENGER CAR,LIGHT TRUCK,41,SHEA RD,,,"41 SHEA RD
Cambridge, MA
(42.397103283000035, -71.12745883699995)",,,UNKNOWN,ROADSIDE,,DAYLIGHT,SNOW,,NO CONTROLS,,SNOW,NOT AT INTERSECTION,"ONE-WAY, NOT DIVIDED",NO,NO,,NON INTERSECTION,,,,,,,EASTBOUND,,,,,,,,NONE,,,PAN,MA,PASSENGER CAR,,,,PARKED,2006,COLLISION WITH MOTOR VEHICLE IN TRAFFIC,M35,INFINITI,0,,COLLISION WITH MOTOR VEHICLE IN TRAFFIC,,,,RIGHT REAR,,,,,,,,,,,,,,,NO IMPROPER DRIVING,,,,,,,,,,UNKNOWN,MA,LIGHT TRUCK,,,Y,TRAVELING STRAIGHT AHEAD,,COLLISION WITH PARKED MOTOR VEHICLE,FLAT BED TRUCK,UNKNOWN,1,,COLLISION WITH PARKED MOTOR VEHICLE,,,,,,,,EASTBOUND,,,,,,,,,,,UNKNOWN,,Y,,,,,UNKNOWN,,,UNINVOLVED OWNER,,MASSACHUSETTS,"D, CLASS D VEHICLES",,,,,,,,MALE,,,,,OPERATOR/DRIVER,,,,,,,,,,,MALE,,,,
1/16/15 19:45,Friday,PASSENGER CAR,,,FRANKLIN,SIDNEY,,"FRANKLIN &amp; SIDNEY
Cambridge, MA
(42.36679362800004, -71.10600609899996)",,,"SIDESWIPE, SAME DIRECTION",ROADWAY,COLLISION WITH MOTOR VEHICLE IN TRAFFIC,DARK - LIGHTED ROADWAY,CLEAR,,STOP SIGNS,YES,DRY,T-INTERSECTION,"ONE-WAY, NOT DIVIDED",NO,NO,,INTERSECTION,FRANKLIN,EASTBOUND,SIDNEY,NORTHBOUND,,,,,,,,,,,UNKNOWN,,,PAN,MA,PASSENGER CAR,,,Y,SLOWING OR STOPPED IN TRAFFIC,2013,COLLISION WITH MOTOR VEHICLE IN TRAFFIC,TACOMA,TOYT,1,,COLLISION WITH MOTOR VEHICLE IN TRAFFIC,,,,LEFT REAR,,,,,,,,,,,,,,,NO IMPROPER DRIVING,,,,,,,,,,,,,,,,,,,,,,,,,,,,,,,,,,,,,,,,,,,,,,,,,,,,OPERATOR/DRIVER,NO INJURY,MASSACHUSETTS,"D, CLASS D VEHICLES",,,,,,,,MALE,"FRONT SEAT - LEFT SIDE, OR MOTORCYLE DRIVER",SHOULDER AND LAP BELT USED,NOT TRAPPED,,UNINVOLVED OWNER,,,,,,,,,,,,,,,Y
5/13/15 20:16,Wednesday,LIGHT TRUCK,,,MASSACHUSETTS AVE,,PLYMPTON STREET,"MASSACHUSETTS AVE
Cambridge, MA
(42.393434712000044, -71.12577890299997)",,,,,,,,,,,,,,,,,NON INTERSECTION,,,,,,,NORTHBOUND,,EASTBOUND,,,,,,,,,PAN,NH,LIGHT TRUCK,,,,PARKED,2001,OTHER,CRV,HONDA,1,,OTHER,,,,,,,,,,,,,,,,,,,INATTENTION,,,,,,,,,,,,,,,,,,,,,,,,,,,,,,,,,,,,,,,,,,,,,,,,,,,,OPERATOR/DRIVER,,NEW HAMPSHIRE,,,,,,,,,FEMALE,,,,Y,NON-MOTORIST,,,,,,,,,,,FEMALE,,,,