Date Time,Day of Week,Object 1,Object 2,Street Number,Street Name,Cross Street,Near Street,Location,May involve cyclist,May Involve Pedestrian,Manner of Collision,First Harmful Event Location,First Harmful Event,Ambient Light,Weather Condition 1,Weather Condition 2,Traffic Control Device Type,Traffic Control Device Functionality,Road Surface Condition,Roadway Junction Type,Trafficway Description,School Bus Related,Work Zone,Speed Limit,Street or Intersection,Intersection Name 1,Intersection Direction 1,Intersection Name 2,Intersection Direction 2,Intersection Name 3,Intersection Direction 3,Street Direction,Nearest Intersection Distance,Nearest Intersection Direction,Landmark Distance,Landmark Direction,Landmark,Mile Marker Direction,Non Public Area,Road Contributing,Damaged Property Type,Description of Damaged Property,V1 Registration Type,v1 State Code,V1 Configuration,V1 Emergency Response,V1 Moped,V1 Hit and Run,V1 Action Prior to Crash,V1 Model Year,V1 Most Harmful Event,V1 Model,V1 Make,V1 Occupant Count,V1 Underride Override,V1 First Event,V1 Second Event,V1 Third Event,V1 Fourth Event,V1 Most Damaged Area,V1 Second Damaged Area,V1 Third Damaged Area,V1 Towed,V1 Travel Direction,V1 Interstate,V1 Cargo Body Type,V1 Gross Weight,V1 Haz Placard,V1 Haz Release,V1 Trailer Reg Type,V1 Trailer Reg Plate,V1 Trailer Reg State,V1 Trailer Reg Year,V1 Trailer Len,V1 Driver Contribution,V1 Driver Contribution 2,V1 Is Truck,V1 Has Trailer,V1 Is Bus,V1 Is Hazmat,V1 Reg Year,V1 Driver Distracted,V1 Bus Use,V1 Tow Use,V2 Registration Type,V2 State Code,V2 Configuration,V2 Emergency Response,V2 Moped,V2 Hit and Run,V2 Action Prior to Crash,V2 Model Year,V2 Most Harmful Event,V2 Model,V2 Make,V2 Occupant Count,V2 Underride Override,V2 First Event,V2 Second Event,V2 Third Event,V2 Fourth Event,V2 Most Damaged Area,V2 Second Damaged Area,V2 Third Damaged Area,V2 Towed,V2 Travel Direction,V2 Interstate,V2 Cargo Body Type,V2 Gross Weight,V2 Haz Placard,V2 Haz Release,V2 Trailer Reg Type,V2 Trailer Reg Plate,V2 Trailer Reg State,V2 Trailer Reg Year,V2 Trailer Len,V2 Driver Contribution,V2 Driver Contribution 2,V2 Is Truck,V2 Has Trailer,V2 Is Bus,V2 Is Hazmat,V2 Reg Year,V2 Driver Distracted,V2 Bus Use,V2 Tow Use,P1 Role,P1 Injury,P1 Drivers Lic State,P1 Drivers Lic Class 1,P1 Drivers Lic Class 2,P1 Drivers Lic Restrict,P1 Non Motorist Desc,P1 Non Motorist Action,P1 Non Motorist Location,P1 Safety Equipment,P1 Age,P1 Sex,P1 Seat Position,P1 Safety System,P1 Trapped,P1 Veh Owner,P2 Role,P2 Injury,P2 Drivers Lic State,P2 Drivers Lic Class 1,P2 Drivers Lic Class 2,P2 Drivers Lic Restrict,P2 Non Motorist Desc,P2 Non Motorist Action,P2 Non Motorist Location,P2 Safety Equipment,P2 Age,P2 Sex,P2 Seat Position,P2 Safety System,P2 Trapped,P2 Veh Owner
2/3/16 21:46,Wednesday,PASSENGER CAR,,25,RICHARD AVE,,,"25 RICHARD AVE
Cambridge, MA
(42.40027003800003, -71.13358604799998)",,,UNKNOWN,,,UNKNOWN,CLEAR,,NO CONTROLS,,DRY,NOT AT INTERSECTION,"TWO-WAY, NOT DIVIDED",NO,NO,,NON INTERSECTION,,,,,,,WESTBOUND,,,,,,,,,,,PAN,MA,PASSENGER CAR,,,,PARKED,2012,,PRIUS,TOYOTA,0,,COLLISION WITH MOTOR VEHICLE IN TRAFFIC,,,,LEFT SIDE,,,,,,,,,,,,,,,,,,,,,,,,,UNKNOWN,,,,,Y,UNKNOWN,,,UNKNOWN,UNKNOWN,1,,COLLISION WITH PARKED MOTOR VEHICLE,,,,,,,,UNKNOWN,,,,,,,,,,,,,,,,,,UNKNOWN,,,OPERATOR/DRIVER,,MASSACHUSETTS,,,,,,,,,FEMALE,,,,,UNINVOLVED OWNER,,,,,,,,,,,MALE,,,,
2/13/15 16:00,Friday,PASSENGER CAR,PASSENGER CAR,,RIVERSIDE DR,MEMORIAL DR,,"RIVERSIDE DR &amp; MEMORIAL DR
Cambridge, MA
(42.36679362800004, -71.10600609899996)",,,REAR-END,ROADWAY,COLLISION WITH MOTOR VEHICLE IN TRAFFIC,DAYLIGHT,CLEAR,,STOP SIGNS,YES,DRY,T-INTERSECTION,UNKNOWN,NO,NO,,INTERSECTION,RIVERSIDE DR,SOUTHBOUND,MEMORIAL DR,,,,,,,,,,,,UNKNOWN,,,PAN,MA,PASSENGER CAR,,,Y,TURNING LEFT,2014,COLLISION WITH MOTOR VEHICLE IN TRAFFIC,A4,AUDI,2,,COLLISION WITH MOTOR VEHICLE IN TRAFFIC,,,,REAR CENTER,,,,SOUTHBOUND,,,,,,,,,,,NO IMPROPER DRIVING,,,,,,,UNKNOWN,,,PAN,MA,PASSENGER CAR,,,,TRAVELING STRAIGHT AHEAD,2001,COLLISION WITH MOTOR VEHICLE IN TRAFFIC,OPTIMA,KIA,1,,COLLISION WITH MOTOR VEHICLE IN TRAFFIC,,,,,,,,SOUTHBOUND,,,,,,,,,,,UNKNOWN,,,,,,,UNKNOWN,,,OPERATOR/DRIVER,NO INJURY,MASSACHUSETTS,"D, CLASS D VEHICLES",,,,,,,,MALE,"FRONT SEAT - LEFT SIDE, OR MOTORCYLE DRIVER",UNKNOWN,NOT TRAPPED,Y,OPERATOR/DRIVER,UNKNOWN,MASSACHUSETTS,,,,,,,,,FEMALE,"FRONT SEAT - LEFT SIDE, OR MOTORCYLE DRIVER",UNKNOWN,NOT TRAPPED,Y
6/21/15 22:27,Sunday,LIGHT TRUCK,,,PROSPECT ST,BISHOP ALLEN DR,,"PROSPECT ST &amp; BISHOP ALLEN DR
Cambridge, MA
(42.36679362800004, -71.10600609899996)",1,,HEAD ON,ROADWAY,COLLISION WITH PEDALCYCLE,DARK - LIGHTED ROADWAY,RAIN,,TRAFFIC CONTROL SIGNAL,YES,WET,T-INTERSECTION,"TWO-WAY, DIVIDED, UNPROTECTED MEDIAN",NO,NO,,INTERSECTION,PROSPECT ST,,BISHOP ALLEN DR,,,,,,,,,,,,,,,PAN,MA,LIGHT TRUCK,,,,TURNING LEFT,2007,,RDX,ACURA,2,,COLLISION WITH PEDALCYCLE,,,,,,,,,,,,,,,,,,,NO IMPROPER DRIVING,,,,,,,,,,,,,,,,,,,,,,,,,,,,,,,,,,,,,,,,,,,,,,,,,,,,OPERATOR/DRIVER,,MASSACHUSETTS,,,,,,,,,MALE,,,,Y,NON-MOTORIST,NON FATAL INJURY - NON INCAPACITATING,,,,,CYCLIST,ENTERING OR CROSSING SPECIFIED LOCATION,,HELMET,,MALE,,,,
2/12/15 11:00,Thursday,LIGHT TRUCK,,8,DOUGLAS ST,,MASS AVE,"8 DOUGLAS ST
Cambridge, MA
(42.36432730900003, -71.10068885899994)",,,"SIDESWIPE, SAME DIRECTION",ROADWAY,COLLISION WITH MOTOR VEHICLE IN TRAFFIC,DAYLIGHT,CLOUDY,,NO CONTROLS,,SNOW,NOT AT INTERSECTION,"ONE-WAY, NOT DIVIDED",NO,NO,,NON INTERSECTION,,,,,,,,,,,,,,,,,,PAN,MA,LIGHT TRUCK,,,,PARKED,2003,COLLISION WITH MOTOR VEHICLE IN TRAFFIC,LGTCON,FORD,0,,COLLISION WITH MOTOR VEHICLE IN TRAFFIC,,,,LEFT REAR,,,,,,,,,,,,,,,,,,,,,,,,,PAN,MA,,,,Y,,,,,,,,,,,,,,,,,,,,,,,,,,,,,,,,,,,,,UNINVOLVED OWNER,,,,,,,,,,,UNKNOWN,,,,Y,,,,,,,,,,,,,,,,
7/23/15 19:02,Thursday,PASSENGER CAR,,,CAMBRIDGE ST,WINDSOR ST,,"CAMBRIDGE ST &amp; WINDSOR ST
Cambridge, MA
(42.36679362800004, -71.10600609899996)",1,,UNKNOWN,ROADWAY,COLLISION WITH PEDALCYCLE,DAYLIGHT,CLEAR,CLEAR,NO CONTROLS,NO,DRY,FOUR WAY INTERSECTION,"TWO-WAY, NOT DIVIDED",NO,NO,,INTERSECTION,CAMBRIDGE ST,EASTBOUND,WINDSOR ST,SOUTHBOUND,,,,,,,,,,,NONE,,,UNKNOWN,,PASSENGER CAR,,,Y,TRAVELING STRAIGHT AHEAD,,COLLISION WITH PEDALCYCLE,SUV,HONDA,1,,COLLISION WITH PEDALCYCLE,UNKNOWN,UNKNOWN,UNKNOWN,,,,,SOUTHBOUND,,,,,,,,,,,UNKNOWN,UNKNOWN,,,,,,UNKNOWN,,NO,,,,,,,,,,,,,,,,,,,,,,,,,,,,,,,,,,,,,,,,,,,NON-MOTORIST,UNKNOWN,,,,,CYCLIST,"WALKING, RUNNING OR CYCLING",CYCLIST,HELMET,45,FEMALE,,,,,,,,,,,,,,,,,,,,
1/27/15 7:16,Tuesday,SINGLE UNIT TRUCK (2 AXLES - 6 TIRES),SINGLE UNIT TRUCK (2 AXLES - 6 TIRES),,BINNEY ST,FULKERSON ST,,"BINNEY ST &amp; FULKERSON ST
Cambridge, MA
(42.36679362800004, -71.10600609899996)",,,REAR-END,ROADWAY,COLLISION WITH MOTOR VEHICLE IN TRAFFIC,DAWN,SNOW,"BLOWING, SAND, SNOW",TRAFFIC CONTROL SIGNAL,YES,ICE,T-INTERSECTION,"TWO-WAY, DIVIDED, POSITIVE MEDIAN BARRIER",NO,NO,,INTERSECTION,BINNEY ST,,FULKERSON ST,,,,,,,,,,,,ROAD SURFACE CONDITION,,,MVN,MA,SINGLE UNIT TRUCK (2 AXLES - 6 TIRES),,,,SLOWING OR STOPPED IN TRAFFIC,1988,COLLISION WITH MOTOR VEHICLE IN TRAFFIC,SERIES,INTL,1,,COLLISION WITH MOTOR VEHICLE IN TRAFFIC,,,,REAR CENTER,,,,UNKNOWN,,,,,,,,,,,NO IMPROPER DRIVING,,,,,,,NOT DISTRACTED,,,CON,MA,SINGLE UNIT TRUCK (2 AXLES - 6 TIRES),,,,SLOWING OR STOPPED IN TRAFFIC,2013,COLLISION WITH MOTOR VEHICLE IN TRAFFIC,K370,KEN,1,,COLLISION WITH MOTOR VEHICLE IN TRAFFIC,,,,CENTER FRONT,LEFT FRONT,,,,,,,,,,,,,,DRIVING TOO FAST FOR CONDITIONS,,,,,,,UNKNOWN,,,OPERATOR/DRIVER,NO INJURY,MASSACHUSETTS,"A, CLASS A VEHICLES",,NONE,,,,,,MALE,"FRONT SEAT - LEFT SIDE, OR MOTORCYLE DRIVER",UNKNOWN,NOT TRAPPED,,OPERATOR/DRIVER,NO INJURY,MASSACHUSETTS,"B, CLASS B VEHICLES",,NONE,,,,,,MALE,"FRONT SEAT - LEFT SIDE, OR MOTORCYLE DRIVER",UNKNOWN,NOT TRAPPED,
6/10/15 8:30,Wednesday,PASSENGER CAR,,,MT AUBURN,HOLYOKE ST,,"MT AUBURN &amp; HOLYOKE ST
Cambridge, MA
(42.36679362800004, -71.10600609899996)",1,1,ANGLE,ROADWAY,COLLISION WITH PEDESTRIAN,DAYLIGHT,CLEAR,CLOUDY,NO CONTROLS,,DRY,FOUR WAY INTERSECTION,"ONE-WAY, NOT DIVIDED",NO,YES,,INTERSECTION,MT AUBURN,,HOLYOKE ST,,,,,,,,,,,,,,,PASS,RI,PASSENGER CAR,,,,TURNING RIGHT,2015,,,CHRYSLER,1,,COLLISION WITH PEDALCYCLE,,,,UNKNOWN,,,,EASTBOUND,,,,,,,,,,,FAILED TO YIELD THE RIGHT OF WAY,,,,,,,,,,,,,,,,,,,,,,,,,,,,,,,,,,,,,,,,,,,,,,,,,,,,OPERATOR/DRIVER,NO INJURY,MASSACHUSETTS,,,,,,,,,FEMALE,"FRONT SEAT - LEFT SIDE, OR MOTORCYLE DRIVER",UNKNOWN,NOT TRAPPED,,UNINVOLVED OWNER,,,,,,,,,,,UNKNOWN,,,,Y
3/13/15 23:14,Friday,PASSENGER CAR,PASSENGER CAR,47,BISHOP ALLEN DR,,DOUGLAS STREET,"47 BISHOP ALLEN DR
Cambridge, MA
(42.36456499700006, -71.10011718399994)",,,"SIDESWIPE, OPPOSITE DIRECTION",ROADWAY,,DARK - LIGHTED ROADWAY,CLEAR,,NO CONTROLS,,DRY,NOT AT INTERSECTION,"TWO-WAY, NOT DIVIDED",NO,NO,,NON INTERSECTION,,,,,,,NORTHBOUND,,EASTBOUND,,,,,,,,,PAN,FL,PASSENGER CAR,,,,TRAVELING STRAIGHT AHEAD,2010,COLLISION WITH MOTOR VEHICLE IN TRAFFIC,SEDAN,CADILLAC,1,,COLLISION WITH MOTOR VEHICLE IN TRAFFIC,,,,LEFT SIDE,,,,NORTHBOUND,,,,,,,,,,,NO IMPROPER DRIVING,,,,,,,NOT DISTRACTED,,,UNKNOWN,,PASSENGER CAR,,,Y,TURNING RIGHT,,COLLISION WITH MOTOR VEHICLE IN TRAFFIC,SEDAN,UNKNOWN,,,COLLISION WITH MOTOR VEHICLE IN TRAFFIC,,,,,,,,SOUTHBOUND,,,,,,,,,,,UNKNOWN,,,,,,,UNKNOWN,,,OPERATOR/DRIVER,,MASSACHUSETTS,"D, CLASS D VEHICLES",,,,,,,,MALE,,,,Y,OPERATOR/DRIVER,,,,,,,,,,,MALE,,,,
1/16/15 18:34,Friday,PASSENGER CAR,,,BROADWAY STREET,,WARE STREET,"BROADWAY STREET
Cambridge, MA
(42.37379119600007, -71.11232017699996)",,,UNKNOWN,ROADSIDE,,DAYLIGHT,CLEAR,,NO CONTROLS,,DRY,NOT AT INTERSECTION,"TWO-WAY, NOT DIVIDED",NO,NO,,NON INTERSECTION,,,,,,,SOUTHBOUND,,WESTBOUND,,,CRLS,,,NONE,,,PAN,MA,PASSENGER CAR,,,,PARKED,2012,OTHER,TSX,ACURA,0,,OTHER,,,,LEFT FRONT,,,,,,,,,,,,,,,NO IMPROPER DRIVING,,,,,,,,,,UNKNOWN,,,,,,UNKNOWN,,COLLISION WITH PARKED MOTOR VEHICLE,UNKNOWN,UNKNOWN,1,,COLLISION WITH PARKED MOTOR VEHICLE,,,,,,,,SOUTHBOUND,,,,,,,,,,,UNKNOWN,,,,,,,UNKNOWN,,,OPERATOR/DRIVER,,MASSACHUSETTS,"D, CLASS D VEHICLES",,,,,,,,FEMALE,,,,Y,OPERATOR/DRIVER,,,,,,,,,,,,,,,
7/21/15 8:57,Tuesday,LIGHT TRUCK,,,MASS AVE,GARDEN ST,,"MASS AVE &amp; GARDEN ST
Cambridge, MA
(42.36679362800004, -71.10600609899996)",1,1,ANGLE,ROADWAY,COLLISION WITH PEDALCYCLE,DAYLIGHT,CLOUDY,,TRAFFIC CONTROL SIGNAL,YES,DRY,UNKNOWN,"TWO-WAY, NOT DIVIDED",NO,NO,,INTERSECTION,MASS AVE,,GARDEN ST,,,,,,,,,,,,,,,CON,MA,LIGHT TRUCK,,,,TURNING RIGHT,2007,COLLISION WITH PEDALCYCLE,EDGE,FORD,1,,COLLISION WITH PEDALCYCLE,,,,RIGHT SIDE,,,,EASTBOUND,,,,,,,,,,,UNKNOWN,,,,,,,,,,,,,,,,,,,,,,,,,,,,,,,,,,,,,,,,,,,,,,,,,,,,OPERATOR/DRIVER,NO INJURY,MASSACHUSETTS,"D, CLASS D VEHICLES",,,,,,,,MALE,"FRONT SEAT - LEFT SIDE, OR MOTORCYLE DRIVER",UNKNOWN,NOT TRAPPED,Y,NON-MOTORIST,NON FATAL INJURY - INCAPACITATING,,,,,CYCLIST,"WALKING, RUNNING OR CYCLING",PEDESTRIAN,HELMET,,FEMALE,,,,
3/20/15 23:02,Friday,PASSENGER CAR,PASSENGER CAR,,CAMBRIDGE STREET,CARDINAL MEDEIROS,,"CAMBRIDGE STREET &amp; CARDINAL MEDEIROS
Cambridge, MA
(42.36679362800004, -71.10600609899996)",,,,,COLLISION WITH MOTOR VEHICLE IN TRAFFIC,DARK - LIGHTED ROADWAY,SNOW,,STOP SIGNS,,WET,T-INTERSECTION,"TWO-WAY, NOT DIVIDED",NO,NO,,INTERSECTION,CAMBRIDGE STREET,EASTBOUND,CARDINAL MEDEIROS,NORTHBOUND,,,,,,,,,,,NONE,,,PAN,MA,PASSENGER CAR,,,,TRAVELING STRAIGHT AHEAD,2014,COLLISION WITH MOTOR VEHICLE IN TRAFFIC,CHARGER,DODGE,1,,COLLISION WITH MOTOR VEHICLE IN TRAFFIC,,,,LEFT FRONT,,,,EASTBOUND,,,,,,,,,,,NO IMPROPER DRIVING,,,,,,,NOT DISTRACTED,,,PAN,MA,PASSENGER CAR,,,,TRAVELING STRAIGHT AHEAD,2012,COLLISION WITH MOTOR VEHICLE IN TRAFFIC,CIVIC,HONDA,1,,COLLISION WITH MOTOR VEHICLE IN TRAFFIC,,,,LEFT REAR,,,,NORTHBOUND,,,,,,,,,,,FAILED TO YIELD THE RIGHT OF WAY,,,,,,,UNKNOWN,,YES VEHICLE OR TRAILER DISABLED,OPERATOR/DRIVER,,MASSACHUSETTS,,,,,,,,,FEMALE,,,,Y,OPERATOR/DRIVER,,MASSACHUSETTS,,,,,,,,,MALE,,,,Y
3/3/15 17:07,Tuesday,PASSENGER CAR,,955,MASSACHUSETTS AVE,,BAY STREET,"955 MASSACHUSETTS AVE
Cambridge, MA
(42.36892534000003, -71.11000030799994)",,1,ANGLE,ROADWAY,,DAYLIGHT,CLOUDY,,NO CONTROLS,,DRY,NOT AT INTERSECTION,"TWO-WAY, NOT DIVIDED",NO,NO,,NON INTERSECTION,,,,,,,SOUTHBOUND,,,,,CAMBRIDGE COLLEGE,,,NONE,,,CON,MA,PASSENGER CAR,,,,TURNING LEFT,2008,COLLISION WITH PEDESTRIAN,PRIUS,TOYOTA,1,,COLLISION WITH PEDESTRIAN,,,,,,,,SOUTHBOUND,,,,,,,,,,,UNKNOWN,,,,,,,UNKNOWN,,,,,,,,,,,,,,,,,,,,,,,,,,,,,,,,,,,,,,,,,,,,,OPERATOR/DRIVER,,MASSACHUSETTS,,,,,,,,,FEMALE,,,,Y,NON-MOTORIST,,,,,,,,,,,FEMALE,,,,
3/11/15 0:59,Wednesday,PASSENGER CAR,PASSENGER CAR,,MT AURURN ST,ABERDEEN AVE,,"MT AURURN ST &amp; ABERDEEN AVE
Cambridge, MA
(42.36679362800004, -71.10600609899996)",,,UNKNOWN,UNKNOWN,UNKNOWN,DARK - LIGHTED ROADWAY,RAIN,,TRAFFIC CONTROL SIGNAL,YES,WET,T-INTERSECTION,"TWO-WAY, NOT DIVIDED",NO,YES,,INTERSECTION,MT AURURN ST,EASTBOUND,ABERDEEN AVE,WESTBOUND,,,,,,,,,,,NONE,,,PAN,MA,PASSENGER CAR,,,,TURNING LEFT,2006,UNKNOWN,SUV,HONDA,1,,COLLISION WITH MOTOR VEHICLE IN TRAFFIC,COLLISION WITH MOTOR VEHICLE IN TRAFFIC,,,CENTER FRONT,LEFT FRONT,RIGHT FRONT,Y,EASTBOUND,,,,,,,,,,,UNKNOWN,UNKNOWN,,,,,,NOT DISTRACTED,,YES VEHICLE OR TRAILER DISABLED,PAN,MA,PASSENGER CAR,,,,TRAVELING STRAIGHT AHEAD,2008,UNKNOWN,ACCORD,HONDA,1,,COLLISION WITH MOTOR VEHICLE IN TRAFFIC,COLLISION WITH MOTOR VEHICLE IN TRAFFIC,,,CENTER FRONT,LEFT FRONT,,,WESTBOUND,,,,,,,,,,,UNKNOWN,UNKNOWN,,,,,,NOT DISTRACTED,,NO,OPERATOR/DRIVER,NO INJURY,MASSACHUSETTS,"D, CLASS D VEHICLES",,,,,,,,MALE,"FRONT SEAT - LEFT SIDE, OR MOTORCYLE DRIVER",SHOULDER AND LAP BELT USED,NOT TRAPPED,Y,OPERATOR/DRIVER,NO INJURY,MASSACHUSETTS,"D, CLASS D VEHICLES",,,,,,,,FEMALE,"FRONT SEAT - LEFT SIDE, OR MOTORCYLE DRIVER",SHOULDER AND LAP BELT USED,NOT TRAPPED,Y
6/9/15 6:55,Tuesday,PASSENGER CAR,PASSENGER CAR,,RINDGE AVE,SARGENT,,"RINDGE AVE &amp; SARGENT
Cambridge, MA
(42.36679362800004, -71.10600609899996)",,,ANGLE,,,DAYLIGHT,CLOUDY,,,,DRY,FOUR WAY INTERSECTION,"TWO-WAY, NOT DIVIDED",NO,NO,,INTERSECTION,RINDGE AVE,NORTHBOUND,SARGENT,EASTBOUND,,,,,,,,,,,,,,TAN,MA,PASSENGER CAR,,,,TRAVELING STRAIGHT AHEAD,2012,,CAMRY,TOYOTA,1,,COLLISION WITH MOTOR VEHICLE IN TRAFFIC,,,,CENTER FRONT,,,,,,,,,,,,,,,UNKNOWN,,,,,,,UNKNOWN,,,PAN,MA,PASSENGER CAR,,,,TRAVELING STRAIGHT AHEAD,2001,,MAXIMA,NISSAN,1,,COLLISION WITH MOTOR VEHICLE IN TRAFFIC,,,,RIGHT REAR,,,,,,,,,,,,,,,UNKNOWN,,,,,,,UNKNOWN,,,OPERATOR/DRIVER,,MASSACHUSETTS,,,,,,,,,MALE,,,,,OPERATOR/DRIVER,,MASSACHUSETTS,,,,,,,,,FEMALE,,,,Y
4/1/15 18:11,Wednesday,PASSENGER CAR,LIGHT TRUCK,700,HURON AVE,,,"700 HURON AVE
Cambridge, MA
(42.38093616500004, -71.15425911999995)",,,REAR-END,ROADSIDE,COLLISION WITH PARKED MOTOR VEHICLE,DAYLIGHT,CLEAR,,NO CONTROLS,,DRY,NOT AT INTERSECTION,"TWO-WAY, NOT DIVIDED",NO,NO,,NON INTERSECTION,,,,,,,WESTBOUND,,,,,GOLF COURSE,,,NONE,,,PAN,MA,PASSENGER CAR,,,,TRAVELING STRAIGHT AHEAD,2008,COLLISION WITH PARKED MOTOR VEHICLE,ACCORD,HONDA,1,,COLLISION WITH PARKED MOTOR VEHICLE,,,,RIGHT FRONT,,OTHER,,WESTBOUND,,,,,,,,,,,INATTENTION,,,,,,,EXTERNAL DISTRACTION,,YES VEHICLE OR TRAILER DISABLED,PAN,MA,LIGHT TRUCK,,,,PARKED,2003,COLLISION WITH MOTOR VEHICLE IN TRAFFIC,ESCAPE,FORD,1,,COLLISION WITH MOTOR VEHICLE IN TRAFFIC,,,,CENTER FRONT,REAR CENTER,OTHER,,,,,,,,,,,,,,,,,,,,,,YES VEHICLE OR TRAILER DISABLED,OPERATOR/DRIVER,,MASSACHUSETTS,,,,,,,,,MALE,,,,,UNINVOLVED OWNER,,MASSACHUSETTS,,,,,,,,,MALE,,,,
2/19/15 19:12,Thursday,,,,RIVER ST,MASS AVE,,"RIVER ST &amp; MASS AVE
Cambridge, MA
(42.36679362800004, -71.10600609899996)",,,"SIDESWIPE, SAME DIRECTION",ROADWAY,COLLISION WITH MOTOR VEHICLE IN TRAFFIC,DARK - LIGHTED ROADWAY,CLEAR,,TRAFFIC CONTROL SIGNAL,YES,SNOW,T-INTERSECTION,"TWO-WAY, DIVIDED, UNPROTECTED MEDIAN",NO,NO,,INTERSECTION,RIVER ST,NORTHBOUND,MASS AVE,EASTBOUND,,,,,,,,,,,UNKNOWN,,,PAN,MA,,,,Y,TRAVELING STRAIGHT AHEAD,2014,COLLISION WITH MOTOR VEHICLE IN TRAFFIC,MALIBU,CHEV,1,,COLLISION WITH MOTOR VEHICLE IN TRAFFIC,,,,RIGHT FRONT,CENTER FRONT,,,NORTHBOUND,,,,,,,,,,,UNKNOWN,,,,,,,,,,,,,,,,,,,,,,,,,,,,,,,,,,,,,,,,,,,,,,,,,,,,OPERATOR/DRIVER,NO INJURY,MASSACHUSETTS,"D, CLASS D VEHICLES",,,,,,,,FEMALE,"FRONT SEAT - LEFT SIDE, OR MOTORCYLE DRIVER",SHOULDER AND LAP BELT USED,NOT TRAPPED,,UNINVOLVED OWNER,,,,,,,,,,,,,,,Y
2/20/15 20:55,Friday,PASSENGER CAR,,,RIVERSIDE ROAD,MEMORIAL DRIVE,,"RIVERSIDE ROAD &amp; MEMORIAL DRIVE
Cambridge, MA
(42.36679362800004, -71.10600609899996)",,,UNKNOWN,UNKNOWN,COLLISION WITH PARKED MOTOR VEHICLE,DARK - LIGHTED ROADWAY,CLEAR,,NO CONTROLS,,ICE,NOT AT INTERSECTION,UNKNOWN,NO,NO,,INTERSECTION,RIVERSIDE ROAD,SOUTHBOUND,MEMORIAL DRIVE,EASTBOUND,,,,,,,,,,OFF-STREET PARKING LOT,NONE,,,PAN,MA,PASSENGER CAR,,,Y,PARKED,2007,,CIVIC,HONDA,0,,UNKNOWN,,,,LEFT REAR,REAR CENTER,,,,,,,,,,,,,,,,,,,,,,,NO,,,,,,Y,,,,,,,,,,,,,,,,,,,,,,,,,,,,,,,,,,,,,UNINVOLVED OWNER,,,"D, CLASS D VEHICLES",,,,,,,,FEMALE,,,,Y,OPERATOR/DRIVER,,,,,,,,,,,,,,,Y
2/16/15 9:30,Monday,PASSENGER CAR,,6,ELLSWORTH AVE,,,"6 ELLSWORTH AVE
Cambridge, MA
(42.372579288000054, -71.10753636899994)",,,"SIDESWIPE, SAME DIRECTION",ROADWAY,COLLISION WITH PARKED MOTOR VEHICLE,UNKNOWN,UNKNOWN,,NO CONTROLS,,SNOW,NOT AT INTERSECTION,"ONE-WAY, NOT DIVIDED",NO,NO,,NON INTERSECTION,,,,,,,,,,,,,,,,,,PAN,MA,PASSENGER CAR,,,,PARKED,2006,COLLISION WITH MOTOR VEHICLE IN TRAFFIC,325XI,BMW,0,,COLLISION WITH MOTOR VEHICLE IN TRAFFIC,,,,RIGHT REAR,RIGHT SIDE,RIGHT FRONT,,,,,,,,,,,,,,,,,,,,,,,PAN,MA,,,,Y,,,,,,,,,,,,,,,,,,,,,,,,,,,,,,,,,,,,,UNINVOLVED OWNER,,,,,,,,,,,UNKNOWN,,,,Y,,,,,,,,,,,,,,,,
3/10/15 21:45,Tuesday,PASSENGER CAR,PASSENGER CAR,2451,MASS AVE,,,"2451 MASS AVE
Cambridge, MA
(42.39797277100007, -71.13083189199995)",,,REAR-END,ROADWAY,COLLISION WITH MOTOR VEHICLE IN TRAFFIC,DARK - LIGHTED ROADWAY,RAIN,RAIN,NO CONTROLS,,WET,NOT AT INTERSECTION,"TWO-WAY, DIVIDED, POSITIVE MEDIAN BARRIER",NO,NO,,NON INTERSECTION,,,,,,,NORTHBOUND,,,,,,,,NONE,,,PAN,MA,PASSENGER CAR,,,Y,TRAVELING STRAIGHT AHEAD,2008,COLLISION WITH MOTOR VEHICLE IN TRAFFIC,CAMARY,TOYT,1,,COLLISION WITH MOTOR VEHICLE IN TRAFFIC,COLLISION WITH MOTOR VEHICLE IN TRAFFIC,,,REAR CENTER,,,,NORTHBOUND,,,,,,,,,,,NO IMPROPER DRIVING,UNKNOWN,,,,,,UNKNOWN,,,PAN,MA,PASSENGER CAR,,,Y,UNKNOWN,,,UNK,UNK,1,,COLLISION WITH MOTOR VEHICLE IN TRAFFIC,,,,CENTER FRONT,,,,,,,,,,,,,,,NO IMPROPER DRIVING,OTHER IMPROPER ACTION,,,,,,,,,OPERATOR/DRIVER,,MASSACHUSETTS,,,,,,,,,MALE,,,,Y,,,,,,,,,,,,,,,,
2/5/15 17:25,Thursday,LIGHT TRUCK,BUS SEATS MORE THAN 15 PEOPLE,,BROADWAY STREET.,,NORFOLK STREET.,"BROADWAY STREET.
Cambridge, MA
(42.37379119600007, -71.11232017699996)",,,"SIDESWIPE, SAME DIRECTION",ROADWAY,,DAYLIGHT,CLOUDY,,NO CONTROLS,,WET,NOT AT INTERSECTION,"TWO-WAY, NOT DIVIDED",YES,NO,,NON INTERSECTION,,,,,,,NORTHBOUND,,,,,,,,TRAFFIC CONGESTION RELATED,,,MP,MA,LIGHT TRUCK,Y,,,OVERTAKING / PASSING,2011,COLLISION WITH MOTOR VEHICLE IN TRAFFIC,EXPLORER,FORD,1,,COLLISION WITH MOTOR VEHICLE IN TRAFFIC,,,,RIGHT SIDE,,,,NORTHBOUND,,,,,,,,,,,UNKNOWN,,,,,,,UNKNOWN,,,BU19687,MA,BUS SEATS MORE THAN 15 PEOPLE,,,,SLOWING OR STOPPED IN TRAFFIC,2011,COLLISION WITH MOTOR VEHICLE IN TRAFFIC,SOFLINER,THOMAS,2,,COLLISION WITH MOTOR VEHICLE IN TRAFFIC,,,,LEFT REAR,,,,NORTHBOUND,,,,,,,,,,,NO IMPROPER DRIVING,,,,,,,UNKNOWN,,,OPERATOR/DRIVER,,MASSACHUSETTS,,,,,,,,,MALE,,,,,OPERATOR/DRIVER,,MASSACHUSETTS,"D, CLASS D VEHICLES",,,,,,,,FEMALE,,,,