Date Time,Day of Week,Object 1,Object 2,Street Number,Street Name,Cross Street,Near Street,Location,May involve cyclist,May Involve Pedestrian,Manner of Collision,First Harmful Event Location,First Harmful Event,Ambient Light,Weather Condition 1,Weather Condition 2,Traffic Control Device Type,Traffic Control Device Functionality,Road Surface Condition,Roadway Junction Type,Trafficway Description,School Bus Related,Work Zone,Speed Limit,Street or Intersection,Intersection Name 1,Intersection Direction 1,Intersection Name 2,Intersection Direction 2,Intersection Name 3,Intersection Direction 3,Street Direction,Nearest Intersection Distance,Nearest Intersection Direction,Landmark Distance,Landmark Direction,Landmark,Mile Marker Direction,Non Public Area,Road Contributing,Damaged Property Type,Description of Damaged Property,V1 Registration Type,v1 State Code,V1 Configuration,V1 Emergency Response,V1 Moped,V1 Hit and Run,V1 Action Prior to Crash,V1 Model Year,V1 Most Harmful Event,V1 Model,V1 Make,V1 Occupant Count,V1 Underride Override,V1 First Event,V1 Second Event,V1 Third Event,V1 Fourth Event,V1 Most Damaged Area,V1 Second Damaged Area,V1 Third Damaged Area,V1 Towed,V1 Travel Direction,V1 Interstate,V1 Cargo Body Type,V1 Gross Weight,V1 Haz Placard,V1 Haz Release,V1 Trailer Reg Type,V1 Trailer Reg Plate,V1 Trailer Reg State,V1 Trailer Reg Year,V1 Trailer Len,V1 Driver Contribution,V1 Driver Contribution 2,V1 Is Truck,V1 Has Trailer,V1 Is Bus,V1 Is Hazmat,V1 Reg Year,V1 Driver Distracted,V1 Bus Use,V1 Tow Use,V2 Registration Type,V2 State Code,V2 Configuration,V2 Emergency Response,V2 Moped,V2 Hit and Run,V2 Action Prior to Crash,V2 Model Year,V2 Most Harmful Event,V2 Model,V2 Make,V2 Occupant Count,V2 Underride Override,V2 First Event,V2 Second Event,V2 Third Event,V2 Fourth Event,V2 Most Damaged Area,V2 Second Damaged Area,V2 Third Damaged Area,V2 Towed,V2 Travel Direction,V2 Interstate,V2 Cargo Body Type,V2 Gross Weight,V2 Haz Placard,V2 Haz Release,V2 Trailer Reg Type,V2 Trailer Reg Plate,V2 Trailer Reg State,V2 Trailer Reg Year,V2 Trailer Len,V2 Driver Contribution,V2 Driver Contribution 2,V2 Is Truck,V2 Has Trailer,V2 Is Bus,V2 Is Hazmat,V2 Reg Year,V2 Driver Distracted,V2 Bus Use,V2 Tow Use,P1 Role,P1 Injury,P1 Drivers Lic State,P1 Drivers Lic Class 1,P1 Drivers Lic Class 2,P1 Drivers Lic Restrict,P1 Non Motorist Desc,P1 Non Motorist Action,P1 Non Motorist Location,P1 Safety Equipment,P1 Age,P1 Sex,P1 Seat Position,P1 Safety System,P1 Trapped,P1 Veh Owner,P2 Role,P2 Injury,P2 Drivers Lic State,P2 Drivers Lic Class 1,P2 Drivers Lic Class 2,P2 Drivers Lic Restrict,P2 Non Motorist Desc,P2 Non Motorist Action,P2 Non Motorist Location,P2 Safety Equipment,P2 Age,P2 Sex,P2 Seat Position,P2 Safety System,P2 Trapped,P2 Veh Owner
8/15/15 20:45,Saturday,PASSENGER CAR,OTHER,,FIRST STREET,,SPRING ST,"FIRST STREET
Cambridge, MA
(42.36435012000004, -71.07841878999994)",,,ANGLE,ROADWAY,COLLISION WITH MOPED,DARK - LIGHTED ROADWAY,CLOUDY,,NO CONTROLS,,DRY,NOT AT INTERSECTION,"TWO-WAY, DIVIDED, UNPROTECTED MEDIAN",NO,NO,25,NON INTERSECTION,,,,,,,SOUTHBOUND,,,,,,,,NONE,,,PAN,MA,PASSENGER CAR,,,,TURNING LEFT,2009,COLLISION WITH MOPED,MAXIMA,NISSAN,2,,COLLISION WITH MOPED,,,,CENTER FRONT,LEFT FRONT,,,SOUTHBOUND,,,,,,,,,,,NO IMPROPER DRIVING,,,,,,,NOT DISTRACTED,,,,MA,OTHER,,Y,,TRAVELING STRAIGHT AHEAD,,COLLISION WITH MOTOR VEHICLE IN TRAFFIC,SCOOTER,UNKNOWN,1,,COLLISION WITH MOTOR VEHICLE IN TRAFFIC,,,,LEFT SIDE,RIGHT SIDE,CENTER FRONT,,NORTHBOUND,,,,,,,,,,,NO IMPROPER DRIVING,,,,,,,NOT DISTRACTED,,,OPERATOR/DRIVER,NO INJURY,FLORIDA,,,,,,,,,MALE,"FRONT SEAT - LEFT SIDE, OR MOTORCYLE DRIVER",SHOULDER AND LAP BELT USED,NOT TRAPPED,Y,OCCUPANT/PASSENGER,NO INJURY,,,,,,,,,,MALE,FRONT SEAT - RIGHT SIDE,SHOULDER AND LAP BELT USED,NOT TRAPPED,
3/3/16 9:30,Thursday,PASSENGER CAR,LIGHT TRUCK,,VASSAR ST,,MAIN ST,"VASSAR ST
Cambridge, MA
(42.35817665800005, -71.09881902899997)",,,ANGLE,ROADWAY,COLLISION WITH MOTOR VEHICLE IN TRAFFIC,DAYLIGHT,CLEAR,,NO CONTROLS,,DRY,NOT AT INTERSECTION,"TWO-WAY, NOT DIVIDED",NO,NO,,NON INTERSECTION,,,,,,,,,,,,,,,,,,PAN,MA,PASSENGER CAR,,,,TRAVELING STRAIGHT AHEAD,2003,COLLISION WITH MOTOR VEHICLE IN TRAFFIC,ES300,LEXS,1,,COLLISION WITH MOTOR VEHICLE IN TRAFFIC,,,,RIGHT SIDE,,,,NORTHBOUND,,,,,,,,,,,,,,,,,,,,,CON,MA,LIGHT TRUCK,,,,TURNING RIGHT,2013,COLLISION WITH MOTOR VEHICLE IN TRAFFIC,SAVANA,GMC,2,,COLLISION WITH MOTOR VEHICLE IN TRAFFIC,,,,LEFT REAR,,,,NORTHBOUND,,,,,,,,,,,,,,,,,,,,,OPERATOR/DRIVER,NO INJURY,MASSACHUSETTS,"D, CLASS D VEHICLES",,,,,,,,MALE,"FRONT SEAT - LEFT SIDE, OR MOTORCYLE DRIVER",UNKNOWN,NOT TRAPPED,Y,OPERATOR/DRIVER,NO INJURY,MASSACHUSETTS,"D, CLASS D VEHICLES",,,,,,,,MALE,"FRONT SEAT - LEFT SIDE, OR MOTORCYLE DRIVER",UNKNOWN,NOT TRAPPED,
12/19/15 20:48,Saturday,PASSENGER CAR,,,BINNEY STREET,GALILEO WAY,,"BINNEY STREET &amp; GALILEO WAY
Cambridge, MA
(42.36679362800004, -71.10600609899996)",,,SINGLE VEHICLE CRASH,MEDIAN,COLLISION WITH MEDIAN BARRIER,DARK - LIGHTED ROADWAY,CLEAR,,NO CONTROLS,NO,DRY,FOUR WAY INTERSECTION,"TWO-WAY, DIVIDED, POSITIVE MEDIAN BARRIER",NO,NO,30,INTERSECTION,BINNEY STREET,,GALILEO WAY,EASTBOUND,,,,,,,,,,,TRAFFIC CONTROL DEVICE,,,PAN,MA,PASSENGER CAR,,,,TURNING LEFT,2012,,YARIS,TOY,1,,COLLISION WITH MEDIAN BARRIER,,,,RIGHT FRONT,CENTER FRONT,,Y,EASTBOUND,,,,,,,,,,,NO IMPROPER DRIVING,NO IMPROPER DRIVING,,,,,,NOT DISTRACTED,,,,,,,,,,,,,,,,,,,,,,,,,,,,,,,,,,,,,,,,,,,,,OPERATOR/DRIVER,NO INJURY,MASSACHUSETTS,"D, CLASS D VEHICLES",,,,,,,,MALE,"FRONT SEAT - LEFT SIDE, OR MOTORCYLE DRIVER",SHOULDER AND LAP BELT USED,NOT TRAPPED,Y,,,,,,,,,,,,,,,,
2/5/16 10:49,Friday,PASSENGER CAR,LIGHT TRUCK,,BROOKLINE ST,PUTNAM AVE,,"BROOKLINE ST &amp; PUTNAM AVE
Cambridge, MA
(42.36679362800004, -71.10600609899996)",,,ANGLE,ROADWAY,COLLISION WITH MOTOR VEHICLE IN TRAFFIC,DAYLIGHT,SNOW,CLOUDY,STOP SIGNS,YES,SNOW,FOUR WAY INTERSECTION,"TWO-WAY, NOT DIVIDED",NO,NO,25,INTERSECTION,BROOKLINE ST,NORTHBOUND,PUTNAM AVE,SOUTHBOUND,,,,,,,,,,,NONE,,,PAN,MA,PASSENGER CAR,,,,TRAVELING STRAIGHT AHEAD,2015,COLLISION WITH MOTOR VEHICLE IN TRAFFIC,ELANTRA,HYUNDAI,1,,COLLISION WITH MOTOR VEHICLE IN TRAFFIC,,,,RIGHT FRONT,CENTER FRONT,LEFT FRONT,,SOUTHBOUND,,,,,,,,,,,UNKNOWN,,,,,,,UNKNOWN,,,PAN,MA,LIGHT TRUCK,,,,TRAVELING STRAIGHT AHEAD,2005,COLLISION WITH MOTOR VEHICLE IN TRAFFIC,CARAVAN,DODGE,1,,COLLISION WITH MOTOR VEHICLE IN TRAFFIC,,,,LEFT FRONT,,,,NORTHBOUND,,,,,,,,,,,UNKNOWN,,,,,,,UNKNOWN,,,OPERATOR/DRIVER,NO INJURY,MASSACHUSETTS,"D, CLASS D VEHICLES",,,,,,,,FEMALE,"FRONT SEAT - LEFT SIDE, OR MOTORCYLE DRIVER",SHOULDER AND LAP BELT USED,NOT TRAPPED,Y,OPERATOR/DRIVER,,MASSACHUSETTS,"D, CLASS D VEHICLES",,,,,,,,FEMALE,"FRONT SEAT - LEFT SIDE, OR MOTORCYLE DRIVER",SHOULDER AND LAP BELT USED,NOT TRAPPED,
8/12/15 10:28,Wednesday,LIGHT TRUCK,,,PEARL ST,VALENTINE ST,,"PEARL ST &amp; VALENTINE ST
Cambridge, MA
(42.36679362800004, -71.10600609899996)",1,,"SIDESWIPE, OPPOSITE DIRECTION",ROADWAY,COLLISION WITH MOTOR VEHICLE IN TRAFFIC,DAYLIGHT,CLEAR,,NO CONTROLS,,DRY,T-INTERSECTION,"ONE-WAY, NOT DIVIDED",NO,NO,,INTERSECTION,PEARL ST,SOUTHBOUND,VALENTINE ST,WESTBOUND,,,,,,,,,,,NONE,,,PAN,MA,LIGHT TRUCK,,,,TRAVELING STRAIGHT AHEAD,2015,COLLISION WITH PEDALCYCLE,RAV4,TOYOTA,1,,COLLISION WITH PEDALCYCLE,,,,LEFT FRONT,LEFT SIDE,,,SOUTHBOUND,,,,,,,,,,,NO IMPROPER DRIVING,,,,,,,NOT DISTRACTED,,,,,,,,,,,,,,,,,,,,,,,,,,,,,,,,,,,,,,,,,,,,,OPERATOR/DRIVER,NO INJURY,MASSACHUSETTS,"D, CLASS D VEHICLES",,NONE,,,,,,FEMALE,"FRONT SEAT - LEFT SIDE, OR MOTORCYLE DRIVER",UNKNOWN,NOT TRAPPED,Y,NON-MOTORIST,NON FATAL INJURY - NON INCAPACITATING,,,,,CYCLIST,"WALKING, RUNNING OR CYCLING",CYCLIST,NONE USED,,MALE,,,,
2/12/16 13:08,Friday,PASSENGER CAR,,,RIVER STREET,BLACKSTONE STREET,,"RIVER STREET &amp; BLACKSTONE STREET
Cambridge, MA
(42.36679362800004, -71.10600609899996)",,,UNKNOWN,ROADWAY,OTHER,DAYLIGHT,CLEAR,CLEAR,YIELD SIGNS,,DRY,FOUR WAY INTERSECTION,"ONE-WAY, NOT DIVIDED",,NO,,INTERSECTION,RIVER STREET,NORTHBOUND,BLACKSTONE STREET,EASTBOUND,,,,,,,,,,,,,,PAN,CT,PASSENGER CAR,,,,TRAVELING STRAIGHT AHEAD,2016,,SONATA,HYUNDAI,1,,UNKNOWN,UNKNOWN,,,NONE,NONE,NONE,,NORTHBOUND,,,,,,,,,,,NO IMPROPER DRIVING,NO IMPROPER DRIVING,,,,,,UNKNOWN,,,,,,,,,,,,,,,,,,,,,,,,,,,,,,,,,,,,,,,,,,,,,OPERATOR/DRIVER,,CONNECTICUT,"D, CLASS D VEHICLES",,,,,,,,MALE,"FRONT SEAT - LEFT SIDE, OR MOTORCYLE DRIVER",,,Y,NON-MOTORIST,,MASSACHUSETTS,,,,,,,,,MALE,,,,
3/16/16 18:29,Wednesday,LIGHT TRUCK,PASSENGER CAR,610,MAIN STREET,,PORTLAND STREET,"610 MAIN STREET
Cambridge, MA
(42.36292167600004, -71.09315251799995)",,,ANGLE,ROADWAY,COLLISION WITH MOTOR VEHICLE IN TRAFFIC,DAYLIGHT,CLEAR,,TRAFFIC CONTROL SIGNAL,YES,DRY,NOT AT INTERSECTION,"TWO-WAY, NOT DIVIDED",NO,NO,,NON INTERSECTION,,,,,,,EASTBOUND,,NORTHBOUND,,,,,,NONE,,,PAN,MA,LIGHT TRUCK,,,,SLOWING OR STOPPED IN TRAFFIC,2015,,PATRIOT,JEEP,1,,COLLISION WITH MOTOR VEHICLE IN TRAFFIC,,,,LEFT SIDE,,,,EASTBOUND,,,,,,,,,,,NO IMPROPER DRIVING,,,,,,,NOT DISTRACTED,,,PAN,MA,PASSENGER CAR,,,,TURNING LEFT,2011,,COROLLA,TOYOTA,1,,COLLISION WITH MOTOR VEHICLE IN TRAFFIC,,,,LEFT FRONT,,,,WESTBOUND,,,,,,,,,,,FAILURE TO KEEP IN PROPER LANE OR RUNNING OFF ROAD,,,,,,,,,,OPERATOR/DRIVER,,MASSACHUSETTS,"D, CLASS D VEHICLES",,,,,,,,FEMALE,,,,,UNINVOLVED OWNER,,,,,,,,,,,UNKNOWN,,,,
8/22/15 9:44,Saturday,PASSENGER CAR,PASSENGER CAR,395,COLUMBIA STREET,,,"395 COLUMBIA STREET
Cambridge, MA
(42.37281472600006, -71.09461059999995)",,,"SIDESWIPE, SAME DIRECTION",ROADWAY,COLLISION WITH PARKED MOTOR VEHICLE,DARK - LIGHTED ROADWAY,CLEAR,CLEAR,NO CONTROLS,,UNKNOWN,NOT AT INTERSECTION,"TWO-WAY, DIVIDED, UNPROTECTED MEDIAN",NO,NO,,NON INTERSECTION,,,,,,,NORTHBOUND,,,,,,,,NONE,,,PAN,MA,PASSENGER CAR,,,Y,PARKED,2012,COLLISION WITH MOTOR VEHICLE IN TRAFFIC,A4,AUDI,0,,COLLISION WITH MOTOR VEHICLE IN TRAFFIC,,,,LEFT SIDE,,,,NORTHBOUND,,,,,,,,,,,NO IMPROPER DRIVING,,,,,,,,,,PAN,MA,PASSENGER CAR,,,Y,PARKED,2008,COLLISION WITH MOTOR VEHICLE IN TRAFFIC,FX,INFINITI,0,,COLLISION WITH MOTOR VEHICLE IN TRAFFIC,,,,REAR CENTER,,,,NORTHBOUND,,,,,,,,,,,NO IMPROPER DRIVING,,,,,,,,,,UNINVOLVED OWNER,,MASSACHUSETTS,"D, CLASS D VEHICLES",,,,,,,38,MALE,,,,Y,UNINVOLVED OWNER,,MASSACHUSETTS,"D, CLASS D VEHICLES",,,,,,,27,MALE,,,,Y
8/20/15 18:26,Thursday,PASSENGER CAR,,844,MASS AVE,,,"844 MASS AVE
Cambridge, MA
(42.367314572000055, -71.10690581599994)",1,,"SIDESWIPE, SAME DIRECTION",ROADWAY,,DAYLIGHT,CLEAR,,NO CONTROLS,NO,DRY,NOT AT INTERSECTION,"TWO-WAY, DIVIDED, UNPROTECTED MEDIAN",NO,NO,,NON INTERSECTION,,,,,,,EASTBOUND,,,,,,,,,,,PAN,MA,PASSENGER CAR,,,,PARKED,2014,COLLISION WITH OTHER MOVABLE OBJECT,ACCORD,HONDA,1,,COLLISION WITH OTHER MOVABLE OBJECT,,,,,,,,EASTBOUND,,,,,,,,,,,UNKNOWN,,,,,,,UNKNOWN,,,,,,,,,,,,,,,,,,,,,,,,,,,,,,,,,,,,,,,,,,,,,OPERATOR/DRIVER,,MASSACHUSETTS,"D, CLASS D VEHICLES",,,,,,,,MALE,"FRONT SEAT - LEFT SIDE, OR MOTORCYLE DRIVER",UNKNOWN,NOT TRAPPED,Y,NON-MOTORIST,,,,,,CYCLIST,"WALKING, RUNNING OR CYCLING",CYCLIST,NONE USED,,FEMALE,,,,
10/29/15 17:51,Thursday,PASSENGER CAR,TRACTOR / SEMI-TRIALER,,HURLEY ST,,,"HURLEY ST
Cambridge, MA
(42.36843983700004, -71.08166759599999)",,,REAR-END,ROADWAY,COLLISION WITH MOTOR VEHICLE IN TRAFFIC,DAWN,RAIN,CLOUDY,NO CONTROLS,,WET,NOT AT INTERSECTION,"TWO-WAY, NOT DIVIDED",NO,NO,25,NON INTERSECTION,,,,,,,EASTBOUND,,,,,,,,NONE,,,PAS,MA,PASSENGER CAR,,,,TRAVELING STRAIGHT AHEAD,2003,COLLISION WITH MOTOR VEHICLE IN TRAFFIC,RAV4,TOYOTA,1,,COLLISION WITH MOTOR VEHICLE IN TRAFFIC,,,,CENTER FRONT,,,Y,EASTBOUND,,,,,,,,,,,UNKNOWN,,,,,,,UNKNOWN,,YES VEHICLE OR TRAILER DISABLED,APN,MA,TRACTOR / SEMI-TRIALER,,,,BACKING,2007,COLLISION WITH MOTOR VEHICLE IN TRAFFIC,CL733,MACK,1,,COLLISION WITH MOTOR VEHICLE IN TRAFFIC,,,,LEFT REAR,,,,WESTBOUND,,,,,,,,,,,UNKNOWN,,Y,,,,,UNKNOWN,,,OPERATOR/DRIVER,NO INJURY,MASSACHUSETTS,"D, CLASS D VEHICLES",,NONE,,,,,,FEMALE,"FRONT SEAT - LEFT SIDE, OR MOTORCYLE DRIVER",UNKNOWN,NOT TRAPPED,Y,OPERATOR/DRIVER,NO INJURY,MASSACHUSETTS,"A, CLASS A VEHICLES",,NONE,,,,,,MALE,"FRONT SEAT - LEFT SIDE, OR MOTORCYLE DRIVER",UNKNOWN,NOT TRAPPED,
3/29/16 2:29,Tuesday,,LIGHT TRUCK,,GARDEN ST,MASON ST,,"GARDEN ST &amp; MASON ST
Cambridge, MA
(42.36679362800004, -71.10600609899996)",,,"SIDESWIPE, SAME DIRECTION",ROADWAY,,DARK - LIGHTED ROADWAY,CLEAR,,,YES,DRY,T-INTERSECTION,,,,30,INTERSECTION,GARDEN ST,SOUTHBOUND,MASON ST,WESTBOUND,,,,,,,,,,,,,,PAN,MA,,,,Y,TRAVELING STRAIGHT AHEAD,2006,,ALTIMA,NISSAN,2,,COLLISION WITH PARKED MOTOR VEHICLE,OTHER NON-COLLISION,OTHER,,RIGHT FRONT,,,Y,,,,,,,,,,,,OTHER IMPROPER ACTION,FATIGUED/ASLEEP,,,,,,,,YES VEHICLE OR TRAILER DISABLED,PAN,NY,LIGHT TRUCK,,,,PARKED,2006,,PICKUP,DODGE,0,,COLLISION WITH MOTOR VEHICLE IN TRAFFIC,,,,,,,,,,,,,,,,,,,NO IMPROPER DRIVING,,,,,,,,,,OPERATOR/DRIVER,,MASSACHUSETTS,"D, CLASS D VEHICLES",,,,,,,,MALE,FRONT SEAT - RIGHT SIDE,,,,UNINVOLVED OWNER,,NEW YORK,"D, CLASS D VEHICLES",,,,,,,,MALE,,,,
1/4/16 18:25,Monday,BUS SEATS MORE THAN 15 PEOPLE,LIGHT TRUCK,100,CAMBRIDGESIDE PLACE,,,"100 CAMBRIDGESIDE PLACE
Cambridge, MA
(42.36702668500004, -71.07601567499995)",,,"SIDESWIPE, SAME DIRECTION",,,DARK - LIGHTED ROADWAY,CLOUDY,,NO CONTROLS,,DRY,NOT AT INTERSECTION,"TWO-WAY, DIVIDED, POSITIVE MEDIAN BARRIER",NO,NO,,NON INTERSECTION,,,,,,,,,,,,,,,NONE,,,BUN,MA,BUS SEATS MORE THAN 15 PEOPLE,,,,TURNING RIGHT,2013,COLLISION WITH PARKED MOTOR VEHICLE,STAR,IC,1,,COLLISION WITH PARKED MOTOR VEHICLE,,,,RIGHT FRONT,,,,EASTBOUND,,,,,,,,,,,UNKNOWN,UNKNOWN,,,,,,UNKNOWN,,,TAN,MA,LIGHT TRUCK,,,,PARKED,2006,COLLISION WITH MOTOR VEHICLE IN TRAFFIC,SIENNA,TOYOTA,1,,COLLISION WITH MOTOR VEHICLE IN TRAFFIC,,,,LEFT REAR,,,,,,,,,,,,,,,NO IMPROPER DRIVING,,,,,,,,,,OPERATOR/DRIVER,,MASSACHUSETTS,"B, CLASS B VEHICLES",,,,,,,,MALE,,,,,OPERATOR/DRIVER,,MASSACHUSETTS,"B, CLASS B VEHICLES",,,,,,,,MALE,,,,
8/16/15 20:43,Sunday,PASSENGER CAR,LIGHT TRUCK,105,GORE STREET,,,"105 GORE STREET
Cambridge, MA
(42.37212706100007, -71.08264639699996)",,,ANGLE,ROADWAY,COLLISION WITH PARKED MOTOR VEHICLE,DARK - LIGHTED ROADWAY,CLEAR,,NO CONTROLS,,DRY,NOT AT INTERSECTION,"TWO-WAY, NOT DIVIDED",NO,NO,,NON INTERSECTION,,,,,,,,,,,,,,,,,,PAN,MA,PASSENGER CAR,,,,PARKED,2012,COLLISION WITH MOTOR VEHICLE IN TRAFFIC,PRIUS,TOYOTA,0,,COLLISION WITH MOTOR VEHICLE IN TRAFFIC,,,,LEFT REAR,,,,,,,,,,,,,,,NO IMPROPER DRIVING,,,,,,,,,,CON,MA,LIGHT TRUCK,,,Y,BACKING,2003,COLLISION WITH PARKED MOTOR VEHICLE,RAMVAN,DODGE,,,COLLISION WITH PARKED MOTOR VEHICLE,,,,RIGHT FRONT,,,,,,,,,,,,,,,UNKNOWN,,,,,,,,,,WITNESS,,,,,,,,,,,MALE,,,,,UNINVOLVED OWNER,,,,,,,,,,,FEMALE,,,,Y
8/2/15 13:36,Sunday,PASSENGER CAR,,49,ROSELAND STREET,,,"49 ROSELAND STREET
Cambridge, MA
(42.38674635000007, -71.11733850799999)",,,UNKNOWN,,,UNKNOWN,UNKNOWN,,UNKNOWN,,UNKNOWN,NOT AT INTERSECTION,"ONE-WAY, NOT DIVIDED",NO,NO,,NON INTERSECTION,,,,,,,,,,,,,,,,,,PAN,MA,PASSENGER CAR,,,Y,PARKED,2007,,CIVIC,HONDA,0,,UNKNOWN,,,,LEFT FRONT,,,,,,,,,,,,,,,,,,,,,,,,,,,,,,,,,,,,,,,,,,,,,,,,,,,,,,,,,,,,,,,,,,,UNINVOLVED OWNER,,,,,,,,,,,FEMALE,,,,Y,,,,,,,,,,,,,,,,
2/12/16 15:15,Friday,PASSENGER CAR,PASSENGER CAR,35,WHITE ST,,,"35 WHITE ST
Cambridge, MA
(42.38907464600004, -71.11810077199993)",,,REAR TO REAR,OUTSIDE ROADWAY,COLLISION WITH PARKED MOTOR VEHICLE,DAYLIGHT,CLEAR,CLOUDY,NO CONTROLS,NO,DRY,NOT AT INTERSECTION,UNKNOWN,NO,NO,25,NON INTERSECTION,,,,,,,,,,,,,,,NONE,,,PAN,MA,PASSENGER CAR,,,,BACKING,2009,COLLISION WITH PARKED MOTOR VEHICLE,6,MAZDA,1,,COLLISION WITH PARKED MOTOR VEHICLE,COLLISION WITH PARKED MOTOR VEHICLE,COLLISION WITH PARKED MOTOR VEHICLE,,LEFT REAR,REAR CENTER,RIGHT REAR,,EASTBOUND,,,,,,,,,,,DISTRACTED,OTHER IMPROPER ACTION,,,,,,OTHER ACTIVITY,,,PAN,MA,PASSENGER CAR,,,,PARKED,2014,COLLISION WITH PARKED MOTOR VEHICLE,ROUGE,NISSAN,0,,COLLISION WITH PARKED MOTOR VEHICLE,,,,LEFT REAR,,,,WESTBOUND,,,,,,,,,,,NO IMPROPER DRIVING,NO IMPROPER DRIVING,,,,,,NOT DISTRACTED,,,OPERATOR/DRIVER,NO INJURY,MASSACHUSETTS,UNKNOWN,,,,,,,,FEMALE,"FRONT SEAT - LEFT SIDE, OR MOTORCYLE DRIVER",UNKNOWN,NOT TRAPPED,Y,OPERATOR/DRIVER,NO INJURY,MASSACHUSETTS,,,,,,,,,MALE,,,,
3/21/16 7:30,Monday,,,727,MASS. AVE.,,TEMPLE ST,"727 MASS. AVE.
Cambridge, MA
(42.366104748000055, -71.10483582799998)",,,"SIDESWIPE, SAME DIRECTION",ROADWAY,,DAYLIGHT,SNOW,RAIN,NO CONTROLS,,SLUSH,NOT AT INTERSECTION,"TWO-WAY, DIVIDED, UNPROTECTED MEDIAN",NO,NO,0,NON INTERSECTION,,,,,,,WESTBOUND,50',WESTBOUND,,,,,,NONE,,,CON,MA,,,,Y,PARKED,2015,,PROMAS VAN,RAM,0,,,,,,LEFT SIDE,LEFT FRONT,,,WESTBOUND,,,,,,,,,,,NO IMPROPER DRIVING,NO IMPROPER DRIVING,,,,,,NOT DISTRACTED,,,,,,,,,,,,,,,,,,,,,,,,,,,,,,,,,,,,,,,,,,,,,UNINVOLVED OWNER,,,,,,,,,,,MALE,,,,Y,OPERATOR/DRIVER,,MASSACHUSETTS,"D, CLASS D VEHICLES",,,,,,,36,MALE,,,,
9/29/15 20:11,Tuesday,,PASSENGER CAR,36,CLIFTON STREET,,,"36 CLIFTON STREET
Cambridge, MA
(42.394638179000026, -71.13630756899994)",,,ANGLE,ROADSIDE,,DAYLIGHT,CLOUDY,,NO CONTROLS,,DRY,NOT AT INTERSECTION,"ONE-WAY, NOT DIVIDED",NO,NO,,NON INTERSECTION,,,,,,,SOUTHBOUND,,,,,,,,NONE,,,CON,MA,,,,,TRAVELING STRAIGHT AHEAD,2014,COLLISION WITH PARKED MOTOR VEHICLE,NV    VAN,NISSAN,1,,COLLISION WITH PARKED MOTOR VEHICLE,,,,RIGHT SIDE,RIGHT FRONT,,,SOUTHBOUND,,,,,,,,,,,FATIGUED/ASLEEP,,,,,,,NOT DISTRACTED,,YES VEHICLE OR TRAILER DISABLED,PAN,MA,PASSENGER CAR,,,,PARKED,2009,,CAMRY,TOYOTA,0,,COLLISION WITH MOTOR VEHICLE IN TRAFFIC,,,,LEFT REAR,RIGHT REAR,,,,,,,,,,,,,,,,,,,,,,,YES VEHICLE OR TRAILER DISABLED,OPERATOR/DRIVER,,MASSACHUSETTS,UNKNOWN,,UNKNOWN,,,,,,MALE,,,,,UNINVOLVED OWNER,,MASSACHUSETTS,,,,,,,,,MALE,,,,
8/23/15 23:22,Sunday,PASSENGER CAR,,,PLEASANT ST. EXTENSION,,,"PLEASANT ST. EXTENSION
Cambridge, MA
(42.35897020400006, -71.11475561999998)",1,,HEAD ON,ROADWAY,COLLISION WITH PEDALCYCLE,DARK - LIGHTED ROADWAY,RAIN,,NO CONTROLS,,WET,DRIVEWAY,"TWO-WAY, NOT DIVIDED",NO,NO,,NON INTERSECTION,,,,,,,SOUTHBOUND,,,,,,,,NONE,,,PAN,MA,PASSENGER CAR,,,,TURNING LEFT,2013,COLLISION WITH PEDALCYCLE,CIVIC,HONDA,1,,COLLISION WITH PEDALCYCLE,,,,CENTER FRONT,,,,SOUTHBOUND,,,,,,,,,,,FAILED TO YIELD THE RIGHT OF WAY,,,,,,,NOT DISTRACTED,,,,,,,,,,,,,,,,,,,,,,,,,,,,,,,,,,,,,,,,,,,,,OPERATOR/DRIVER,NO INJURY,MASSACHUSETTS,"D, CLASS D VEHICLES",,,,,,,,MALE,"FRONT SEAT - LEFT SIDE, OR MOTORCYLE DRIVER",UNKNOWN,NOT TRAPPED,,NON-MOTORIST,NON FATAL INJURY - NON INCAPACITATING,MASSACHUSETTS,,,,CYCLIST,"WALKING, RUNNING OR CYCLING",CYCLIST,LIGHTING,,MALE,,,,
3/11/16 13:35,Friday,PASSENGER CAR,,,55 FIRST ST,,,"Cambridge, MA
(42.36679362800004, -71.10600609899996)",,,SINGLE VEHICLE CRASH,,,,,,,,,,,,,,INTERSECTION,55 FIRST ST,,,,,,,,,,,,,GARAGE,,MUNICIPAL,GARAGE WALL - BRICK FACADE,PAN,MA,PASSENGER CAR,,,,UNKNOWN,2002,,JETTA,VOLKSWAGON,1,,"OTHER FIXED OBJECT (WALL, BUILDING, TUNNEL)",,,,CENTER FRONT,,,,,,,,,,,,,,,OTHER IMPROPER ACTION,,,,,,,,,,,,,,,,,,,,,,,,,,,,,,,,,,,,,,,,,,,,,,,,,,,,OPERATOR/DRIVER,NO INJURY,MASSACHUSETTS,"D, CLASS D VEHICLES",,,,,,,,FEMALE,"FRONT SEAT - LEFT SIDE, OR MOTORCYLE DRIVER",UNKNOWN,UNKNOWN,Y,,,,,,,,,,,,,,,,