Date Time,Day of Week,Object 1,Object 2,Street Number,Street Name,Cross Street,Near Street,Location,May involve cyclist,May Involve Pedestrian,Manner of Collision,First Harmful Event Location,First Harmful Event,Ambient Light,Weather Condition 1,Weather Condition 2,Traffic Control Device Type,Traffic Control Device Functionality,Road Surface Condition,Roadway Junction Type,Trafficway Description,School Bus Related,Work Zone,Speed Limit,Street or Intersection,Intersection Name 1,Intersection Direction 1,Intersection Name 2,Intersection Direction 2,Intersection Name 3,Intersection Direction 3,Street Direction,Nearest Intersection Distance,Nearest Intersection Direction,Landmark Distance,Landmark Direction,Landmark,Mile Marker Direction,Non Public Area,Road Contributing,Damaged Property Type,Description of Damaged Property,V1 Registration Type,v1 State Code,V1 Configuration,V1 Emergency Response,V1 Moped,V1 Hit and Run,V1 Action Prior to Crash,V1 Model Year,V1 Most Harmful Event,V1 Model,V1 Make,V1 Occupant Count,V1 Underride Override,V1 First Event,V1 Second Event,V1 Third Event,V1 Fourth Event,V1 Most Damaged Area,V1 Second Damaged Area,V1 Third Damaged Area,V1 Towed,V1 Travel Direction,V1 Interstate,V1 Cargo Body Type,V1 Gross Weight,V1 Haz Placard,V1 Haz Release,V1 Trailer Reg Type,V1 Trailer Reg Plate,V1 Trailer Reg State,V1 Trailer Reg Year,V1 Trailer Len,V1 Driver Contribution,V1 Driver Contribution 2,V1 Is Truck,V1 Has Trailer,V1 Is Bus,V1 Is Hazmat,V1 Reg Year,V1 Driver Distracted,V1 Bus Use,V1 Tow Use,V2 Registration Type,V2 State Code,V2 Configuration,V2 Emergency Response,V2 Moped,V2 Hit and Run,V2 Action Prior to Crash,V2 Model Year,V2 Most Harmful Event,V2 Model,V2 Make,V2 Occupant Count,V2 Underride Override,V2 First Event,V2 Second Event,V2 Third Event,V2 Fourth Event,V2 Most Damaged Area,V2 Second Damaged Area,V2 Third Damaged Area,V2 Towed,V2 Travel Direction,V2 Interstate,V2 Cargo Body Type,V2 Gross Weight,V2 Haz Placard,V2 Haz Release,V2 Trailer Reg Type,V2 Trailer Reg Plate,V2 Trailer Reg State,V2 Trailer Reg Year,V2 Trailer Len,V2 Driver Contribution,V2 Driver Contribution 2,V2 Is Truck,V2 Has Trailer,V2 Is Bus,V2 Is Hazmat,V2 Reg Year,V2 Driver Distracted,V2 Bus Use,V2 Tow Use,P1 Role,P1 Injury,P1 Drivers Lic State,P1 Drivers Lic Class 1,P1 Drivers Lic Class 2,P1 Drivers Lic Restrict,P1 Non Motorist Desc,P1 Non Motorist Action,P1 Non Motorist Location,P1 Safety Equipment,P1 Age,P1 Sex,P1 Seat Position,P1 Safety System,P1 Trapped,P1 Veh Owner,P2 Role,P2 Injury,P2 Drivers Lic State,P2 Drivers Lic Class 1,P2 Drivers Lic Class 2,P2 Drivers Lic Restrict,P2 Non Motorist Desc,P2 Non Motorist Action,P2 Non Motorist Location,P2 Safety Equipment,P2 Age,P2 Sex,P2 Seat Position,P2 Safety System,P2 Trapped,P2 Veh Owner
8/23/15 22:17,Sunday,PASSENGER CAR,,,BROADWAY,PROSPECT STREET,,"BROADWAY &amp; PROSPECT STREET
Cambridge, MA
(42.36679362800004, -71.10600609899996)",1,1,UNKNOWN,ROADWAY,COLLISION WITH PEDESTRIAN,DARK - LIGHTED ROADWAY,CLOUDY,CLOUDY,TRAFFIC CONTROL SIGNAL,YES,DRY,T-INTERSECTION,"TWO-WAY, DIVIDED, UNPROTECTED MEDIAN",NO,NO,25,INTERSECTION,BROADWAY,SOUTHBOUND,PROSPECT STREET,EASTBOUND,,,,,,,,,,,OTHER,,,PAN,NH,PASSENGER CAR,,,,TURNING LEFT,2014,COLLISION WITH PEDESTRIAN,CAMRY,TOYTA,1,,COLLISION WITH PEDESTRIAN,,,,RIGHT FRONT,RIGHT FRONT,RIGHT FRONT,,SOUTHBOUND,,,,,,,,,,,NO IMPROPER DRIVING,NO IMPROPER DRIVING,,,,,,NOT DISTRACTED,,,,,,,,,,,,,,,,,,,,,,,,,,,,,,,,,,,,,,,,,,,,,OPERATOR/DRIVER,,NEW HAMPSHIRE,"D, CLASS D VEHICLES",,,,,,,,MALE,"FRONT SEAT - LEFT SIDE, OR MOTORCYLE DRIVER",SHOULDER AND LAP BELT USED,,Y,NON-MOTORIST,NON FATAL INJURY - POSSIBLE,,,,,CYCLIST,"WALKING, RUNNING OR CYCLING",CYCLIST,HELMET,,MALE,,,,
9/8/15 13:35,Tuesday,PASSENGER CAR,,906,MASS AVE,,,"906 MASS AVE
Cambridge, MA
(42.36823974400005, -71.10854735099997)",1,,,,,DAYLIGHT,CLEAR,,,,DRY,,,NO,NO,,NON INTERSECTION,,,,,,,SOUTHBOUND,,,,,,,,,,,PAN,MA,PASSENGER CAR,,,,PARKED,2008,,RAV4,TOYOTA,1,,COLLISION WITH PEDALCYCLE,,,,LEFT SIDE,,,,,,,,,,,,,,,NO IMPROPER DRIVING,,,,,,,,,,,,,,,,,,,,,,,,,,,,,,,,,,,,,,,,,,,,,,,,,,,,OPERATOR/DRIVER,NO INJURY,MASSACHUSETTS,,,,,,,,,MALE,"FRONT SEAT - LEFT SIDE, OR MOTORCYLE DRIVER",UNKNOWN,,Y,NON-MOTORIST,NON FATAL INJURY - POSSIBLE,,,,,,,,,,FEMALE,,,,
12/17/15 23:16,Thursday,PASSENGER CAR,,,QUINCY ST,CAMBRIDGE ST,,"QUINCY ST &amp; CAMBRIDGE ST
Cambridge, MA
(42.36679362800004, -71.10600609899996)",,,REAR-END,ROADWAY,COLLISION WITH MOTOR VEHICLE IN TRAFFIC,DARK - LIGHTED ROADWAY,RAIN,,TRAFFIC CONTROL SIGNAL,YES,WET,FOUR WAY INTERSECTION,"ONE-WAY, NOT DIVIDED",NO,NO,,INTERSECTION,QUINCY ST,NORTHBOUND,CAMBRIDGE ST,EASTBOUND,,,,,,,,,,,NONE,,,PAN,MA,PASSENGER CAR,,,Y,SLOWING OR STOPPED IN TRAFFIC,2015,COLLISION WITH MOTOR VEHICLE IN TRAFFIC,SOUL,KIA,1,,COLLISION WITH MOTOR VEHICLE IN TRAFFIC,,,,REAR CENTER,,,,NORTHBOUND,,,,,,,,,,,"OPERATING VEHICLE IN ERRATIC, RECKLESS, CARELESS,",UNKNOWN,,,,,,UNKNOWN,,,,,,,,,,,,,,,,,,,,,,,,,,,,,,,,,,,,,,,,,,,,,OPERATOR/DRIVER,,MASSACHUSETTS,"D, CLASS D VEHICLES",,UNKNOWN,,,,,,FEMALE,,,,Y,,,,,,,,,,,,,,,,
1/16/16 15:30,Saturday,PASSENGER CAR,,200,ALEWIFE BROOK PARKWAY,,,"200 ALEWIFE BROOK PARKWAY
Cambridge, MA
(42.390171585000076, -71.14200220899994)",,,UNKNOWN,OUTSIDE ROADWAY,COLLISION WITH MOTOR VEHICLE IN TRAFFIC,DUSK,RAIN,RAIN,NO CONTROLS,,WET,DRIVEWAY,UNKNOWN,NO,NO,,NON INTERSECTION,,,,,,,NORTHBOUND,,,,,,,,UNKNOWN,,,PAN,MA,PASSENGER CAR,,,Y,PARKED,2007,COLLISION WITH MOTOR VEHICLE IN TRAFFIC,ML350,MERCEDES,0,,COLLISION WITH MOTOR VEHICLE IN TRAFFIC,,,,CENTER FRONT,LEFT FRONT,,,UNKNOWN,,,,,,,,,,,NO IMPROPER DRIVING,,,,,,,NOT DISTRACTED,,,,,,,,,,,,,,,,,,,,,,,,,,,,,,,,,,,,,,,,,,,,,UNINVOLVED OWNER,,MASSACHUSETTS,"D, CLASS D VEHICLES",,UNKNOWN,,,,,,MALE,,,,Y,,,,,,,,,,,,,,,,
2/11/16 0:16,Thursday,PASSENGER CAR,BUS SEATS 7 - 15 PEOPLE,,DANA ST.,BROADWAY,,"DANA ST. &amp; BROADWAY
Cambridge, MA
(42.36679362800004, -71.10600609899996)",,,"SIDESWIPE, SAME DIRECTION",ROADWAY,COLLISION WITH PARKED MOTOR VEHICLE,DARK - LIGHTED ROADWAY,CLEAR,,,,DRY,T-INTERSECTION,"ONE-WAY, NOT DIVIDED",NO,NO,30,INTERSECTION,DANA ST.,,BROADWAY,,,,,,,,,,,,,,,PAN,MA,PASSENGER CAR,,,,PARKED,2004,,93,SAAB,1,,COLLISION WITH MOTOR VEHICLE IN TRAFFIC,,,,LEFT SIDE,,,,,,,,,,,,,,,UNKNOWN,,,,,,,,,,BUN,MA,BUS SEATS 7 - 15 PEOPLE,,,,TURNING RIGHT,2012,,EXPCUT,CHEVY,3,,COLLISION WITH PARKED MOTOR VEHICLE,,,,RIGHT FRONT,,,,,,BUS SEATS 7 - 15 PEOPLE,"LESS THAN OR EQUAL TO 10,000 POUNDS",,,,,,,,NO IMPROPER DRIVING,,,,Y,,2014,,SHUTTLE,,OPERATOR/DRIVER,,MASSACHUSETTS,,,,,,,,,FEMALE,,,,,OPERATOR/DRIVER,,MASSACHUSETTS,"B, CLASS B VEHICLES",,CORRECTIVE LENSES,,,,,,MALE,"FRONT SEAT - LEFT SIDE, OR MOTORCYLE DRIVER",,,
12/4/15 9:42,Friday,PASSENGER CAR,,,AUBURN STREET,MAGAZINE STREET,,"AUBURN STREET &amp; MAGAZINE STREET
Cambridge, MA
(42.36679362800004, -71.10600609899996)",,,UNKNOWN,ROADSIDE,COLLISION WITH PARKED MOTOR VEHICLE,UNKNOWN,CLEAR,CLEAR,NO CONTROLS,YES,UNKNOWN,T-INTERSECTION,,NO,NO,25,INTERSECTION,AUBURN STREET,NORTHBOUND,MAGAZINE STREET,EASTBOUND,,,,,,,,,,,UNKNOWN,,,PAN,MA,PASSENGER CAR,,,Y,PARKED,2006,COLLISION WITH PARKED MOTOR VEHICLE,COROLL,TOYT,0,,COLLISION WITH PARKED MOTOR VEHICLE,,,,LEFT FRONT,LEFT SIDE,,,NORTHBOUND,,,,,,,,,,,NO IMPROPER DRIVING,NO IMPROPER DRIVING,,,,,,NOT DISTRACTED,,,,,,,,,,,,,,,,,,,,,,,,,,,,,,,,,,,,,,,,,,,,,UNINVOLVED OWNER,,MASSACHUSETTS,,,,,,,,,MALE,,,,Y,,,,,,,,,,,,,,,,
3/24/16 7:00,Thursday,,,18,DEWOLFE ST,,,"18 DEWOLFE ST
Cambridge, MA
(42.37030158500005, -71.11650901599995)",,,ANGLE,,,UNKNOWN,UNKNOWN,UNKNOWN,UNKNOWN,,,UNKNOWN,UNKNOWN,,,,NON INTERSECTION,,,,,,,WESTBOUND,,,,,,WESTBOUND,,,,,PAN,MA,,,,Y,PARKED,2012,,ODDESEY,HONDA,0,,,,,,RIGHT SIDE,,,,,,,,,,,,,,,,,,,,,,,,,,,,,,,,,,,,,,,,,,,,,,,,,,,,,,,,,,,,,,,,,,,UNINVOLVED OWNER,,,,,,,,,,,MALE,,,,Y,,,,,,,,,,,,,,,,
10/16/15 13:42,Friday,PASSENGER CAR,,200,ALEWIFE BROOK PARKWAY,,,"200 ALEWIFE BROOK PARKWAY
Cambridge, MA
(42.390171585000076, -71.14200220899994)",,,REAR-END,UNKNOWN,,DAYLIGHT,CLEAR,,NO CONTROLS,NO,DRY,NOT AT INTERSECTION,,NO,NO,,NON INTERSECTION,,,,,,,,,,,,,,,,,,PAN,MA,PASSENGER CAR,,,Y,PARKED,2015,,COROLLA,TOYOTA,0,,OTHER,,,,REAR CENTER,,,,,,,,,,,,,,,,,,,,,,,,,,,,,,,,,,,,,,,,,,,,,,,,,,,,,,,,,,,,,,,,,,,OPERATOR/DRIVER,,CALIFORNIA,,,,,,,,,MALE,,,,,UNINVOLVED OWNER,,,,,,,,,,,,,,,Y
1/18/16 10:40,Monday,OTHER,,112,MOUNT AUBURN,,,"112 MOUNT AUBURN
Cambridge, MA
(42.37298230700003, -71.12199337199996)",,,HEAD ON,ROADWAY,COLLISION WITH OTHER MOVABLE OBJECT,DAYLIGHT,SNOW,CLEAR,NO CONTROLS,,SLUSH,NOT AT INTERSECTION,"TWO-WAY, NOT DIVIDED",NO,YES,,NON INTERSECTION,,,,,,,SOUTHBOUND,,,,,,,,NONE,,,,MA,OTHER,,,,MAKING U-TURN,,,TB60,SNORKEL,1,,COLLISION WITH MOTOR VEHICLE IN TRAFFIC,,,,LEFT SIDE,,,,,,,,,,,,,,,NO IMPROPER DRIVING,,,,,,,,,,PAN,MA,,,,,TRAVELING STRAIGHT AHEAD,2005,,TAHOE,CHEVY,1,,COLLISION WITH WORK ZONE MAINTENANCE EQUIPMENT,,,,TOP AND WINDOWS,,,Y,,,,,,,,,,,,UNKNOWN,,,,,,,NOT DISTRACTED,,YES OTHER REASON NOT DISABLED,OPERATOR/DRIVER,,MASSACHUSETTS,"D, CLASS D VEHICLES",,,,,,,35,MALE,UNENCLOSED PASSENGER AREA,,,,OPERATOR/DRIVER,,MASSACHUSETTS,"D, CLASS D VEHICLES",,,,,,,,MALE,,,,Y
1/20/16 18:49,Wednesday,SINGLE UNIT TRUCK (2 AXLES - 6 TIRES),LIGHT TRUCK,,PROSPECT STREET,,BROADWAY,"PROSPECT STREET
Cambridge, MA
(42.36989816800008, -71.10062438699998)",,,,,,DAYLIGHT,CLEAR,,TRAFFIC CONTROL SIGNAL,YES,DRY,NOT AT INTERSECTION,"TWO-WAY, NOT DIVIDED",NO,NO,,NON INTERSECTION,,,,,,,EASTBOUND,,SOUTHBOUND,,,BROADWAY GAS,,,NONE,,,RPV,MA,SINGLE UNIT TRUCK (2 AXLES - 6 TIRES),,,,SLOWING OR STOPPED IN TRAFFIC,2007,,F-250,FORD,1,,COLLISION WITH MOTOR VEHICLE IN TRAFFIC,,,,,,,,EASTBOUND,,,,,,,,,,,UNKNOWN,,,,,,,,,,CON,MA,LIGHT TRUCK,,,,SLOWING OR STOPPED IN TRAFFIC,2002,,VAN,FORD,0,,COLLISION WITH MOTOR VEHICLE IN TRAFFIC,,,,TOP AND WINDOWS,,,,,,,,,,,,,,,NO IMPROPER DRIVING,,,,,,,,,,OPERATOR/DRIVER,,MASSACHUSETTS,,,,,,,,,MALE,,,,,UNINVOLVED OWNER,,,,,,,,,,,UNKNOWN,,,,
1/20/16 19:44,Wednesday,PASSENGER CAR,PASSENGER CAR,105,SECOND STREET,,HURLEY STREET,"105 SECOND STREET
Cambridge, MA
(42.36802787900007, -71.07927567299998)",,,"SIDESWIPE, OPPOSITE DIRECTION",ROADSIDE,,UNKNOWN,CLEAR,,NO CONTROLS,,DRY,NOT AT INTERSECTION,"TWO-WAY, NOT DIVIDED",NO,NO,,NON INTERSECTION,,,,,,,SOUTHBOUND,10,NORTHBOUND,,,,,,,,,PAN,MA,PASSENGER CAR,,,Y,PARKED,2006,COLLISION WITH PARKED MOTOR VEHICLE,COOPER,MINI,0,,COLLISION WITH PARKED MOTOR VEHICLE,COLLISION WITH PARKED MOTOR VEHICLE,,,LEFT FRONT,LEFT SIDE,,,,,,,,,,,,,,NO IMPROPER DRIVING,,,,,,,,,,PAN,MA,PASSENGER CAR,,,Y,,2007,COLLISION WITH PARKED MOTOR VEHICLE,328 XI,BMW,0,,COLLISION WITH PARKED MOTOR VEHICLE,COLLISION WITH PARKED MOTOR VEHICLE,,,LEFT REAR,LEFT SIDE,,,,,,,,,,,,,,NO IMPROPER DRIVING,,,,,,,,,,UNINVOLVED OWNER,,MASSACHUSETTS,"D, CLASS D VEHICLES",,,,,,,,FEMALE,,,,Y,UNINVOLVED OWNER,,MASSACHUSETTS,"D, CLASS D VEHICLES",,,,,,,,MALE,,,,Y
1/6/16 20:08,Wednesday,PASSENGER CAR,,,CAMBRIDGE ST.,WINDSOR ST.,,"CAMBRIDGE ST. &amp; WINDSOR ST.
Cambridge, MA
(42.36679362800004, -71.10600609899996)",,,"SIDESWIPE, OPPOSITE DIRECTION",ROADWAY,COLLISION WITH MOTOR VEHICLE IN TRAFFIC,DARK - LIGHTED ROADWAY,CLEAR,,STOP SIGNS,YES,DRY,FOUR WAY INTERSECTION,"TWO-WAY, NOT DIVIDED",NO,NO,30,INTERSECTION,CAMBRIDGE ST.,EASTBOUND,WINDSOR ST.,SOUTHBOUND,,,,,,,,,,,NONE,,,,NH,PASSENGER CAR,,,Y,TURNING RIGHT,2010,COLLISION WITH MOTOR VEHICLE IN TRAFFIC,IMPREZA,SUBARU,1,,COLLISION WITH MOTOR VEHICLE IN TRAFFIC,,,,LEFT SIDE,LEFT REAR,LEFT FRONT,,WESTBOUND,,,,,,,,,,,NO IMPROPER DRIVING,,,,,,,,,,,,,,,,,,,,,,,,,,,,,,,,,,,,,,,,,,,,,,,,,,,,OPERATOR/DRIVER,NO INJURY,NEW HAMPSHIRE,UNKNOWN,,,,,,,,FEMALE,"FRONT SEAT - LEFT SIDE, OR MOTORCYLE DRIVER",UNKNOWN,NOT TRAPPED,,UNINVOLVED OWNER,,,,,,,,,,,,,,,Y
10/24/15 11:53,Saturday,LIGHT TRUCK,,43,BRATTLE ST,,CHURCH ST,"43 BRATTLE ST
Cambridge, MA
(42.37379027800006, -71.12129665999998)",1,,"SIDESWIPE, SAME DIRECTION",ROADWAY,COLLISION WITH PEDALCYCLE,DAYLIGHT,CLOUDY,CLOUDY,NO CONTROLS,NO,DRY,NOT AT INTERSECTION,"ONE-WAY, NOT DIVIDED",NO,NO,,NON INTERSECTION,,,,,,,WESTBOUND,,WESTBOUND,,,,,,NONE,,,PAN,MA,LIGHT TRUCK,,,,SLOWING OR STOPPED IN TRAFFIC,2016,,TRACON,FORD,2,,COLLISION WITH PEDALCYCLE,UNKNOWN,UNKNOWN,,RIGHT SIDE,,,,,,,,,,,,,,,,,,,,,,,,,,,,,,,,,,,,,,,,,,,,,,,,,,,,,,,,,,,,,,,,,,,OPERATOR/DRIVER,NON FATAL INJURY - NON INCAPACITATING,OREGON,,,,,,,,,MALE,UNKNOWN,UNKNOWN,NOT TRAPPED,Y,NON-MOTORIST,,,,,,,,,,,MALE,,,,
3/14/16 21:53,Monday,LIGHT TRUCK,PASSENGER CAR,,MAGAZINE STREET,FRANKLIN STREET,,"MAGAZINE STREET &amp; FRANKLIN STREET
Cambridge, MA
(42.36679362800004, -71.10600609899996)",,,,,,DUSK,RAIN,,STOP SIGNS,,WET,T-INTERSECTION,"TWO-WAY, NOT DIVIDED",NO,NO,,INTERSECTION,MAGAZINE STREET,EASTBOUND,FRANKLIN STREET,SOUTHBOUND,,,,,,,,,,,NONE,,,PAN,MA,LIGHT TRUCK,,,,TRAVELING STRAIGHT AHEAD,2011,,PILOT,HONDA,6,,COLLISION WITH MOTOR VEHICLE IN TRAFFIC,,,,RIGHT REAR,,,,SOUTHBOUND,,,,,,,,,,,NO IMPROPER DRIVING,,,,,,,NOT DISTRACTED,,YES VEHICLE OR TRAILER DISABLED,PAN,MA,PASSENGER CAR,,,,TRAVELING STRAIGHT AHEAD,2000,,GALANT,MITSUBISHI,1,,COLLISION WITH MOTOR VEHICLE IN TRAFFIC,,,,CENTER FRONT,,,,EASTBOUND,,,,,,,,,,,"DISREGARDED TRAFFIC SIGNS, SIGNALS, ROAD MARKINGS",,,,,,,UNKNOWN,,YES VEHICLE OR TRAILER DISABLED,OPERATOR/DRIVER,,MASSACHUSETTS,"D, CLASS D VEHICLES",,,,,,,,MALE,,,,,OPERATOR/DRIVER,,MASSACHUSETTS,,,,,,,,,MALE,,,,
1/22/16 16:42,Friday,LIGHT TRUCK,PASSENGER CAR,,THIRD ST,GORE ST,,"THIRD ST &amp; GORE ST
Cambridge, MA
(42.36679362800004, -71.10600609899996)",,,ANGLE,ROADWAY,COLLISION WITH MOTOR VEHICLE IN TRAFFIC,DARK - LIGHTED ROADWAY,CLEAR,,,YES,DRY,FOUR WAY INTERSECTION,"TWO-WAY, NOT DIVIDED",NO,NO,30,INTERSECTION,THIRD ST,NORTHBOUND,GORE ST,WESTBOUND,,,,,,,,,,,NONE,,,PAN,MA,LIGHT TRUCK,,,,TRAVELING STRAIGHT AHEAD,2010,COLLISION WITH MOTOR VEHICLE IN TRAFFIC,CRV,HONDA,1,,COLLISION WITH MOTOR VEHICLE IN TRAFFIC,,,,LEFT FRONT,LEFT SIDE,,,NORTHBOUND,,,,,,,,,,,NO IMPROPER DRIVING,,,,,,,NOT DISTRACTED,,,PAN,MA,PASSENGER CAR,,,,TRAVELING STRAIGHT AHEAD,2002,COLLISION WITH MOTOR VEHICLE IN TRAFFIC,SONATA,HYUNDAI,1,,COLLISION WITH MOTOR VEHICLE IN TRAFFIC,,,,LEFT FRONT,CENTER FRONT,RIGHT FRONT,,WESTBOUND,,,,,,,,,,,"DISREGARDED TRAFFIC SIGNS, SIGNALS, ROAD MARKINGS",,,,,,,UNKNOWN,,,OPERATOR/DRIVER,,MASSACHUSETTS,,,,,,,,,FEMALE,,,,Y,OPERATOR/DRIVER,,MASSACHUSETTS,,,,,,,,,MALE,,,,Y
8/16/15 3:43,Sunday,PASSENGER CAR,LIGHT TRUCK,125,RIVER ST,,,"125 RIVER ST
Cambridge, MA
(42.36393569000006, -71.10869957199998)",,,"SIDESWIPE, SAME DIRECTION",ROADWAY,COLLISION WITH PARKED MOTOR VEHICLE,DARK - LIGHTED ROADWAY,CLEAR,CLEAR,NO CONTROLS,NO,WET,NOT AT INTERSECTION,"ONE-WAY, NOT DIVIDED",NO,NO,,NON INTERSECTION,,,,,,,NORTHBOUND,,,,,,,,NONE,,,PAN,MA,PASSENGER CAR,,,,TURNING LEFT,2000,COLLISION WITH PARKED MOTOR VEHICLE,CONTINENTAL,LINCOLN,1,,COLLISION WITH PARKED MOTOR VEHICLE,COLLISION WITH PARKED MOTOR VEHICLE,COLLISION WITH PARKED MOTOR VEHICLE,,LEFT SIDE,LEFT FRONT,UNKNOWN,Y,NORTHBOUND,,,,,,,,,,,UNKNOWN,UNKNOWN,,,,,,UNKNOWN,,YES VEHICLE OR TRAILER DISABLED,PAN,MA,LIGHT TRUCK,,,,PARKED,2015,COLLISION WITH MOTOR VEHICLE IN TRAFFIC,X5XD35,BMW,0,,COLLISION WITH MOTOR VEHICLE IN TRAFFIC,,,,RIGHT REAR,RIGHT SIDE,RIGHT FRONT,,,,,,,,,,,,,,,,,,,,,,,OPERATOR/DRIVER,,MASSACHUSETTS,"D, CLASS D VEHICLES",,,,,,,,MALE,"FRONT SEAT - LEFT SIDE, OR MOTORCYLE DRIVER",UNKNOWN,NOT TRAPPED,Y,UNINVOLVED OWNER,,,"D, CLASS D VEHICLES",,,,,,,,FEMALE,,,,Y
1/31/16 10:15,Sunday,PASSENGER CAR,,11,HEWS STREET,,WESTERN AVE,"11 HEWS STREET
Cambridge, MA
(42.364653659000055, -71.11310762099998)",,,"SIDESWIPE, SAME DIRECTION",ROADWAY,COLLISION WITH PARKED MOTOR VEHICLE,DARK - LIGHTED ROADWAY,CLEAR,,NO CONTROLS,,DRY,NOT AT INTERSECTION,"TWO-WAY, NOT DIVIDED",NO,NO,,NON INTERSECTION,,,,,,,EASTBOUND,,SOUTHBOUND,,,,,,NONE,,,PAN,MA,PASSENGER CAR,,,,PARKED,2008,COLLISION WITH MOTOR VEHICLE IN TRAFFIC,SPORTA,KIA,0,,COLLISION WITH MOTOR VEHICLE IN TRAFFIC,UNKNOWN,,,LEFT SIDE,LEFT REAR,LEFT FRONT,,,,,,,,,,,,,,,,,,,,,,NO,,,,,,Y,UNKNOWN,,COLLISION WITH PARKED MOTOR VEHICLE,UNKNOWN,UNKNOWN,1,,COLLISION WITH PARKED MOTOR VEHICLE,,,,UNKNOWN,UNKNOWN,UNKNOWN,,EASTBOUND,,,,,,,,,,,,,,,,,,,,UNKNOWN,UNINVOLVED OWNER,,MASSACHUSETTS,"D, CLASS D VEHICLES",,,,,,,,MALE,,,,Y,OPERATOR/DRIVER,UNKNOWN,,,,,,,,,,UNKNOWN,UNKNOWN,UNKNOWN,UNKNOWN,
11/13/15 10:06,Friday,PASSENGER CAR,PASSENGER CAR,,MASSACHUSETTS AVENUE,MELLEN STREET,,"MASSACHUSETTS AVENUE &amp; MELLEN STREET
Cambridge, MA
(42.36679362800004, -71.10600609899996)",,,ANGLE,ROADWAY,COLLISION WITH MOTOR VEHICLE IN TRAFFIC,DAYLIGHT,CLEAR,,NO CONTROLS,,DRY,T-INTERSECTION,"TWO-WAY, DIVIDED, POSITIVE MEDIAN BARRIER",NO,NO,,INTERSECTION,MASSACHUSETTS AVENUE,,MELLEN STREET,,,,,,,,,,,,NONE,,,PAN,MA,PASSENGER CAR,,,,TURNING LEFT,2009,UNKNOWN,A4,AUDI,1,,COLLISION WITH MOTOR VEHICLE IN TRAFFIC,,,,LEFT FRONT,CENTER FRONT,,,,,,,,,,,,,,,,,,,,,,,NO,PAN,MA,PASSENGER CAR,,,,TRAVELING STRAIGHT AHEAD,2010,,COROLLA,TOYOTA,1,,COLLISION WITH MOTOR VEHICLE IN TRAFFIC,,,,LEFT SIDE,,,,,,,,,,,,,,,,,,,,,,,,NO,OPERATOR/DRIVER,NO INJURY,MASSACHUSETTS,,,,,,,,,MALE,"FRONT SEAT - LEFT SIDE, OR MOTORCYLE DRIVER",UNKNOWN,NOT TRAPPED,Y,OPERATOR/DRIVER,NO INJURY,MASSACHUSETTS,,,,,,,,,FEMALE,"FRONT SEAT - LEFT SIDE, OR MOTORCYLE DRIVER",UNKNOWN,NOT TRAPPED,Y
11/18/15 19:30,Wednesday,PASSENGER CAR,,,MASS. AVE.,FOREST,,"MASS. AVE. &amp; FOREST
Cambridge, MA
(42.36679362800004, -71.10600609899996)",1,,ANGLE,ROADWAY,COLLISION WITH MOTOR VEHICLE IN TRAFFIC,DARK - LIGHTED ROADWAY,UNKNOWN,UNKNOWN,NO CONTROLS,,DRY,T-INTERSECTION,"TWO-WAY, DIVIDED, UNPROTECTED MEDIAN",NO,NO,30,INTERSECTION,MASS. AVE.,NORTHBOUND,FOREST,EASTBOUND,,,,,,,,,,,NONE,,,PAN,MA,PASSENGER CAR,,,,TURNING LEFT,2014,,RAV4,TOYOTA,2,,COLLISION WITH PEDALCYCLE,,,,RIGHT FRONT,CENTER FRONT,,,EASTBOUND,,,,,,,,,,,VISIBILITY OBSTRUCTED,,,,,,,NOT DISTRACTED,,NO,,,,,,,,,,,,,,,,,,,,,,,,,,,,,,,,,,,,,,,,,,,OPERATOR/DRIVER,NO INJURY,MASSACHUSETTS,"D, CLASS D VEHICLES",,NONE,,,,,,MALE,"FRONT SEAT - LEFT SIDE, OR MOTORCYLE DRIVER",UNKNOWN,NOT TRAPPED,Y,NON-MOTORIST,NON FATAL INJURY - NON INCAPACITATING,MASSACHUSETTS,"D, CLASS D VEHICLES",,NONE,CYCLIST,"WALKING, RUNNING OR CYCLING",CYCLIST,HELMET,,MALE,,,,
10/5/15 9:00,Monday,PASSENGER CAR,,,CAMBRIDGE STREET,COLUMBIA STREET,,"CAMBRIDGE STREET &amp; COLUMBIA STREET
Cambridge, MA
(42.36679362800004, -71.10600609899996)",,,UNKNOWN,,,DAYLIGHT,CLOUDY,,TRAFFIC CONTROL SIGNAL,YES,DRY,Y-INTERSECTION,"TWO-WAY, NOT DIVIDED",NO,NO,,INTERSECTION,CAMBRIDGE STREET,EASTBOUND,COLUMBIA STREET,SOUTHBOUND,,,,,,,,,,,NONE,,,PAN,MA,PASSENGER CAR,,,,TURNING LEFT,2011,,ELANTRA,HYUNDAI,1,,OTHER,,,,,,,,WESTBOUND,,,,,,,,,,,UNKNOWN,,,,,,,UNKNOWN,,,,,,,,,,,,,,,,,,,,,,,,,,,,,,,,,,,,,,,,,,,,,NON-MOTORIST,,NEVADA,"D, CLASS D VEHICLES",,,,,,,,MALE,,,,,OPERATOR/DRIVER,,,,,,,,,,,FEMALE,,,,
3/15/16 11:17,Tuesday,LIGHT TRUCK,,,BROADWAY STREET,WINDSOR STREET,,"BROADWAY STREET &amp; WINDSOR STREET
Cambridge, MA
(42.36679362800004, -71.10600609899996)",,1,SINGLE VEHICLE CRASH,ROADWAY,COLLISION WITH PEDESTRIAN,DAYLIGHT,RAIN,,TRAFFIC CONTROL SIGNAL,YES,WET,FOUR WAY INTERSECTION,,NO,NO,,INTERSECTION,BROADWAY STREET,,WINDSOR STREET,,,,,,,,,,,,,,,PAN,MA,LIGHT TRUCK,,,,TURNING LEFT,2005,COLLISION WITH PEDESTRIAN,DURANGO,DODGE,1,,COLLISION WITH PEDESTRIAN,,,,NONE,,,Y,,,,,,,,,,,,UNKNOWN,,,,,,,,,,,,,,,,,,,,,,,,,,,,,,,,,,,,,,,,,,,,,,,,,,,,OPERATOR/DRIVER,NO INJURY,MASSACHUSETTS,,,,,,,,,MALE,"FRONT SEAT - LEFT SIDE, OR MOTORCYLE DRIVER",UNKNOWN,NOT TRAPPED,Y,NON-MOTORIST,NON FATAL INJURY - NON INCAPACITATING,,,,,PEDESTRIAN,ENTERING OR CROSSING SPECIFIED LOCATION,PEDESTRIAN,,,MALE,,,,