Date Time,Day of Week,Object 1,Object 2,Street Number,Street Name,Cross Street,Near Street,Location,May involve cyclist,May Involve Pedestrian,Manner of Collision,First Harmful Event Location,First Harmful Event,Ambient Light,Weather Condition 1,Weather Condition 2,Traffic Control Device Type,Traffic Control Device Functionality,Road Surface Condition,Roadway Junction Type,Trafficway Description,School Bus Related,Work Zone,Speed Limit,Street or Intersection,Intersection Name 1,Intersection Direction 1,Intersection Name 2,Intersection Direction 2,Intersection Name 3,Intersection Direction 3,Street Direction,Nearest Intersection Distance,Nearest Intersection Direction,Landmark Distance,Landmark Direction,Landmark,Mile Marker Direction,Non Public Area,Road Contributing,Damaged Property Type,Description of Damaged Property,V1 Registration Type,v1 State Code,V1 Configuration,V1 Emergency Response,V1 Moped,V1 Hit and Run,V1 Action Prior to Crash,V1 Model Year,V1 Most Harmful Event,V1 Model,V1 Make,V1 Occupant Count,V1 Underride Override,V1 First Event,V1 Second Event,V1 Third Event,V1 Fourth Event,V1 Most Damaged Area,V1 Second Damaged Area,V1 Third Damaged Area,V1 Towed,V1 Travel Direction,V1 Interstate,V1 Cargo Body Type,V1 Gross Weight,V1 Haz Placard,V1 Haz Release,V1 Trailer Reg Type,V1 Trailer Reg Plate,V1 Trailer Reg State,V1 Trailer Reg Year,V1 Trailer Len,V1 Driver Contribution,V1 Driver Contribution 2,V1 Is Truck,V1 Has Trailer,V1 Is Bus,V1 Is Hazmat,V1 Reg Year,V1 Driver Distracted,V1 Bus Use,V1 Tow Use,V2 Registration Type,V2 State Code,V2 Configuration,V2 Emergency Response,V2 Moped,V2 Hit and Run,V2 Action Prior to Crash,V2 Model Year,V2 Most Harmful Event,V2 Model,V2 Make,V2 Occupant Count,V2 Underride Override,V2 First Event,V2 Second Event,V2 Third Event,V2 Fourth Event,V2 Most Damaged Area,V2 Second Damaged Area,V2 Third Damaged Area,V2 Towed,V2 Travel Direction,V2 Interstate,V2 Cargo Body Type,V2 Gross Weight,V2 Haz Placard,V2 Haz Release,V2 Trailer Reg Type,V2 Trailer Reg Plate,V2 Trailer Reg State,V2 Trailer Reg Year,V2 Trailer Len,V2 Driver Contribution,V2 Driver Contribution 2,V2 Is Truck,V2 Has Trailer,V2 Is Bus,V2 Is Hazmat,V2 Reg Year,V2 Driver Distracted,V2 Bus Use,V2 Tow Use,P1 Role,P1 Injury,P1 Drivers Lic State,P1 Drivers Lic Class 1,P1 Drivers Lic Class 2,P1 Drivers Lic Restrict,P1 Non Motorist Desc,P1 Non Motorist Action,P1 Non Motorist Location,P1 Safety Equipment,P1 Age,P1 Sex,P1 Seat Position,P1 Safety System,P1 Trapped,P1 Veh Owner,P2 Role,P2 Injury,P2 Drivers Lic State,P2 Drivers Lic Class 1,P2 Drivers Lic Class 2,P2 Drivers Lic Restrict,P2 Non Motorist Desc,P2 Non Motorist Action,P2 Non Motorist Location,P2 Safety Equipment,P2 Age,P2 Sex,P2 Seat Position,P2 Safety System,P2 Trapped,P2 Veh Owner
1/27/16 8:34,Wednesday,LIGHT TRUCK,,,LINE STREET,,CAMBRIDGE STREET,"LINE STREET
Cambridge, MA
(42.377235995000035, -71.10634124599994)",,1,REAR-END,ROADWAY,COLLISION WITH PEDESTRIAN,DAYLIGHT,CLEAR,,NO CONTROLS,,DRY,NOT AT INTERSECTION,"ONE-WAY, NOT DIVIDED",NO,NO,,NON INTERSECTION,,,,,,,,,,,,,,,NONE,,,PAN,MA,LIGHT TRUCK,,,,BACKING,2010,COLLISION WITH PEDESTRIAN,CRV,HONDA,1,,COLLISION WITH PEDESTRIAN,,,,,,LEFT REAR,,,,,,,,,,,,,DISTRACTED,,,,,,,UNKNOWN,,,,,,,,,,,,,,,,,,,,,,,,,,,,,,,,,,,,,,,,,,,,,OPERATOR/DRIVER,NO INJURY,MASSACHUSETTS,"D, CLASS D VEHICLES",,NONE,,,,,,MALE,"FRONT SEAT - LEFT SIDE, OR MOTORCYLE DRIVER",UNKNOWN,NOT TRAPPED,,NON-MOTORIST,NO INJURY,,,,,PEDESTRIAN,ENTERING OR CROSSING SPECIFIED LOCATION,PEDESTRIAN,NONE USED,,FEMALE,,,,
3/10/16 8:52,Thursday,LIGHT TRUCK,PASSENGER CAR,47,BAY STATE ROAD,,NEW STREET,"47 BAY STATE ROAD
Cambridge, MA
(42.38739671800005, -71.13931464599995)",,,REAR-END,,,DAYLIGHT,CLOUDY,,NO CONTROLS,,DRY,NOT AT INTERSECTION,"TWO-WAY, NOT DIVIDED",NO,NO,,NON INTERSECTION,,,,,,,WESTBOUND,,,,,,,,NONE,,,PAN,MA,LIGHT TRUCK,,,,SLOWING OR STOPPED IN TRAFFIC,2007,,TOWN VAN,CHRYSLER,1,,COLLISION WITH MOTOR VEHICLE IN TRAFFIC,,,,REAR CENTER,,,,WESTBOUND,,,,,,,,,,,UNKNOWN,UNKNOWN,,,,,,UNKNOWN,,,PAN,MA,PASSENGER CAR,,,,TRAVELING STRAIGHT AHEAD,2003,,328 SI,BMW,1,,COLLISION WITH MOTOR VEHICLE IN TRAFFIC,,,,CENTER FRONT,,,Y,WESTBOUND,,,,,,,,,,,UNKNOWN,,,,,,,UNKNOWN,,YES OTHER REASON NOT DISABLED,OPERATOR/DRIVER,,MASSACHUSETTS,"D, CLASS D VEHICLES",,,,,,,,FEMALE,,,,Y,OPERATOR/DRIVER,,MASSACHUSETTS,"D, CLASS D VEHICLES",,,,,,,,FEMALE,,,,Y
2/18/16 9:00,Thursday,PASSENGER CAR,,,MASS AVE,VASSAR ST,,"MASS AVE &amp; VASSAR ST
Cambridge, MA
(42.36679362800004, -71.10600609899996)",1,,ANGLE,ROADWAY,COLLISION WITH PEDALCYCLE,DAYLIGHT,CLEAR,,TRAFFIC CONTROL SIGNAL,YES,DRY,FOUR WAY INTERSECTION,"TWO-WAY, NOT DIVIDED",NO,NO,,INTERSECTION,MASS AVE,,VASSAR ST,,,,,,,,,,,,,,,LVN,MA,PASSENGER CAR,,,,TURNING LEFT,2012,COLLISION WITH PEDALCYCLE,200,CHRY,1,,COLLISION WITH PEDALCYCLE,,,,CENTER FRONT,,,,WESTBOUND,,,,,,,,,,,FAILED TO YIELD THE RIGHT OF WAY,,,,,,,,,,,,,,,,,,,,,,,,,,,,,,,,,,,,,,,,,,,,,,,,,,,,OPERATOR/DRIVER,NO INJURY,MASSACHUSETTS,"D, CLASS D VEHICLES",,,,,,,,MALE,"FRONT SEAT - LEFT SIDE, OR MOTORCYLE DRIVER",UNKNOWN,NOT TRAPPED,,UNINVOLVED OWNER,,,,,,,,,,,MALE,,,,Y
10/9/15 12:59,Friday,LIGHT TRUCK,,196,RAYMOND STREET,,RICHDALE AVE,"196 RAYMOND STREET
Cambridge, MA
(42.38919280600004, -71.12863019899999)",,,UNKNOWN,ROADWAY,UNKNOWN,DAYLIGHT,CLEAR,,NO CONTROLS,,DRY,NOT AT INTERSECTION,"TWO-WAY, NOT DIVIDED",NO,NO,30,NON INTERSECTION,,,,,,,,,,,,WALDEN SQ APARTMENTS,,,,,,PAN,MA,LIGHT TRUCK,,,Y,UNKNOWN,2011,UNKNOWN,VENZA,TOYOTA,0,,UNKNOWN,,,,LEFT FRONT,,,,,,,,,,,,,,,UNKNOWN,,,,,,,,,,,,,,,Y,,,,,,,,,,,,,,,,,,,,,,,,,,,,,,,,,,,,,UNINVOLVED OWNER,,MASSACHUSETTS,"D, CLASS D VEHICLES",,,,,,,,MALE,,,,Y,,,,,,,,,,,,,,,,
9/19/15 19:18,Saturday,PASSENGER CAR,PASSENGER CAR,,MASS AVE,AMHERST ST,,"MASS AVE &amp; AMHERST ST
Cambridge, MA
(42.36679362800004, -71.10600609899996)",,,REAR-END,ROADWAY,,DAYLIGHT,CLEAR,CLEAR,TRAFFIC CONTROL SIGNAL,YES,DRY,FOUR WAY INTERSECTION,"TWO-WAY, NOT DIVIDED",NO,NO,,INTERSECTION,MASS AVE,EASTBOUND,AMHERST ST,,,,,,,,,,,,,,,PAN,NY,PASSENGER CAR,,,,TRAVELING STRAIGHT AHEAD,2011,,FOREST,SUB,2,,COLLISION WITH MOTOR VEHICLE IN TRAFFIC,,,,RIGHT FRONT,CENTER FRONT,LEFT FRONT,,,,,,,,,,,,,INATTENTION,,,,,,,,,,PAN,MA,PASSENGER CAR,,,,SLOWING OR STOPPED IN TRAFFIC,2014,,PRIUS,TOY,2,,COLLISION WITH MOTOR VEHICLE IN TRAFFIC,,,,RIGHT REAR,REAR CENTER,LEFT REAR,,,,,,,,,,,,,,,,,,,,,,,OPERATOR/DRIVER,,VERMONT,,,,,,,,,MALE,"FRONT SEAT - LEFT SIDE, OR MOTORCYLE DRIVER",,,,UNINVOLVED OWNER,,,,,,,,,,,MALE,,,,Y
10/1/15 19:36,Thursday,PASSENGER CAR,PASSENGER CAR,,BROADWAY,PORTLAND,,"BROADWAY &amp; PORTLAND
Cambridge, MA
(42.36679362800004, -71.10600609899996)",,,ANGLE,ROADWAY,COLLISION WITH MOTOR VEHICLE IN TRAFFIC,DUSK,CLEAR,,TRAFFIC CONTROL SIGNAL,YES,DRY,FOUR WAY INTERSECTION,"TWO-WAY, DIVIDED, UNPROTECTED MEDIAN",NO,NO,,INTERSECTION,BROADWAY,WESTBOUND,PORTLAND,NORTHBOUND,,,,,,,,,,,NONE,,,PAN,MA,PASSENGER CAR,,,,TURNING LEFT,2003,COLLISION WITH MOTOR VEHICLE IN TRAFFIC,CIVIC,HOND,1,,COLLISION WITH MOTOR VEHICLE IN TRAFFIC,,,,LEFT SIDE,,,,NORTHBOUND,,,,,,,,,,,UNKNOWN,,,,,,,,,,PAN,MA,PASSENGER CAR,,,,BACKING,1996,COLLISION WITH MOTOR VEHICLE IN TRAFFIC,CORROL,TOYT,2,,COLLISION WITH MOTOR VEHICLE IN TRAFFIC,,,,LEFT REAR,,,,WESTBOUND,,,,,,,,,,,INATTENTION,,,,,,,,,,OPERATOR/DRIVER,NO INJURY,MASSACHUSETTS,,,,,,,,,FEMALE,"FRONT SEAT - LEFT SIDE, OR MOTORCYLE DRIVER",SHOULDER AND LAP BELT USED,NOT TRAPPED,Y,OPERATOR/DRIVER,NO INJURY,MASSACHUSETTS,"D, CLASS D VEHICLES",,,,,,,,FEMALE,"FRONT SEAT - LEFT SIDE, OR MOTORCYLE DRIVER",SHOULDER AND LAP BELT USED,NOT TRAPPED,
10/28/15 20:44,Wednesday,PASSENGER CAR,LIGHT TRUCK,,AMES STREET,WADSWORTH STREET,,"AMES STREET &amp; WADSWORTH STREET
Cambridge, MA
(42.36679362800004, -71.10600609899996)",,,,,,,,,,,,,,,,,INTERSECTION,AMES STREET,NORTHBOUND,WADSWORTH STREET,EASTBOUND,,,,,,,,,,,,,,PAN,MA,PASSENGER CAR,,,,TRAVELING STRAIGHT AHEAD,2015,,COROLLA,TOYOTA,1,,COLLISION WITH MOTOR VEHICLE IN TRAFFIC,,,,LEFT REAR,,,,NORTHBOUND,,,,,,,,,,,UNKNOWN,,,,,,,,,,PAN,MA,LIGHT TRUCK,,,Y,MAKING U-TURN,2005,,GRACHE,JEEP,1,,COLLISION WITH MOTOR VEHICLE IN TRAFFIC,,,,,,,,,,,,,,,,,,,"DISREGARDED TRAFFIC SIGNS, SIGNALS, ROAD MARKINGS",,,,,,,,,,OPERATOR/DRIVER,,CONNECTICUT,,,,,,,,,FEMALE,,,,,OPERATOR/DRIVER,,MASSACHUSETTS,,,,,,,,,MALE,,,,
12/24/15 19:15,Thursday,PASSENGER CAR,LIGHT TRUCK,,THIRD ST,SPRING ST,,"THIRD ST &amp; SPRING ST
Cambridge, MA
(42.36679362800004, -71.10600609899996)",,,ANGLE,,COLLISION WITH MOTOR VEHICLE IN TRAFFIC,DARK - LIGHTED ROADWAY,CLEAR,,,,WET,FOUR WAY INTERSECTION,"TWO-WAY, DIVIDED, UNPROTECTED MEDIAN",,,,INTERSECTION,THIRD ST,,SPRING ST,,,,,,,,,,,,,,,PAN,MA,PASSENGER CAR,,,,TRAVELING STRAIGHT AHEAD,2012,,ALTIMA,NISSAN,3,,COLLISION WITH MOTOR VEHICLE IN TRAFFIC,,,,RIGHT FRONT,RIGHT SIDE,,Y,,,,,,,,,,,,,,,,,,,,,YES VEHICLE OR TRAILER DISABLED,FN,CA,LIGHT TRUCK,,,,TRAVELING STRAIGHT AHEAD,2016,,4W,DODGE,1,,COLLISION WITH MOTOR VEHICLE IN TRAFFIC,,,,LEFT FRONT,,,,,,,,,,,,,,,,,,,,,,,,,OPERATOR/DRIVER,,MASSACHUSETTS,,,,,,,,,FEMALE,"FRONT SEAT - LEFT SIDE, OR MOTORCYLE DRIVER",,,Y,OCCUPANT/PASSENGER,,,,,,,,,,,MALE,FRONT SEAT - RIGHT SIDE,,,
2/16/16 19:49,Tuesday,,PASSENGER CAR,738,CAMBRIDGE STREET,,,"738 CAMBRIDGE STREET
Cambridge, MA
(42.372192331000065, -71.08915473699994)",,,ANGLE,UNKNOWN,,DAYLIGHT,UNKNOWN,,NO CONTROLS,,UNKNOWN,NOT AT INTERSECTION,"TWO-WAY, NOT DIVIDED",NO,NO,,NON INTERSECTION,,,,,,,EASTBOUND,,,,,,,,,,,,VA,,,,Y,TRAVELING STRAIGHT AHEAD,2015,,200,CHRYSLER,1,,COLLISION WITH MOTOR VEHICLE IN TRAFFIC,,,,RIGHT SIDE,,,,EASTBOUND,,,,,,,,,,,,,,,,,,,,NO,,MA,PASSENGER CAR,,,,ENTERING TRAFFIC LANE,,,,UNKNOWN,,,,,,,UNKNOWN,UNKNOWN,UNKNOWN,,,,,,,,,,,,,,,,,,,,,,NO,OPERATOR/DRIVER,NO INJURY,MASSACHUSETTS,"D, CLASS D VEHICLES",,NONE,,,,,,FEMALE,"FRONT SEAT - LEFT SIDE, OR MOTORCYLE DRIVER",UNKNOWN,,,WITNESS,,,,,,,,,,,FEMALE,,,,
3/29/16 22:13,Tuesday,PASSENGER CAR,,239,MSGR. OBRIEN. HWAY,,,"239 MSGR. OBRIEN. HWAY
Cambridge, MA
(42.36679362800004, -71.10600609899996)",,,HEAD ON,,,DUSK,UNKNOWN,,,,,NOT AT INTERSECTION,,,,,NON INTERSECTION,,,,,,,,,,,,SHELL GAS STATION,,,,,,LVN,MA,PASSENGER CAR,,,Y,TRAVELING STRAIGHT AHEAD,2008,,JETTA,VW,1,,"OTHER FIXED OBJECT (WALL, BUILDING, TUNNEL)",,,,,,,,,,,,,,,,,,,UNKNOWN,,,,,,,UNKNOWN,,,,,,,,,,,,,,,,,,,,,,,,,,,,,,,,,,,,,,,,,,,,,WITNESS,,MASSACHUSETTS,"D, CLASS D VEHICLES",,,,,,,,MALE,,,,,UNINVOLVED OWNER,,,,,,,,,,,UNKNOWN,,,,Y
3/10/16 8:25,Thursday,LIGHT TRUCK,,30,ESSEX ST.,,,"30 ESSEX ST.
Cambridge, MA
(42.366540658000076, -71.10176348099998)",,,UNKNOWN,ROADWAY,COLLISION WITH PARKED MOTOR VEHICLE,DAYLIGHT,UNKNOWN,UNKNOWN,NO CONTROLS,,UNKNOWN,UNKNOWN,UNKNOWN,NO,NO,,NON INTERSECTION,,,,,,,EASTBOUND,,,,,,,,UNKNOWN,,,PAN,MA,LIGHT TRUCK,,,Y,PARKED,2006,COLLISION WITH PARKED MOTOR VEHICLE,97X,SAAB,0,,COLLISION WITH PARKED MOTOR VEHICLE,COLLISION WITH PARKED MOTOR VEHICLE,COLLISION WITH PARKED MOTOR VEHICLE,COLLISION WITH PARKED MOTOR VEHICLE,RIGHT REAR,,,,EASTBOUND,,,,,,,,,,,NO IMPROPER DRIVING,NO IMPROPER DRIVING,,,,,,NOT DISTRACTED,,NO,,,,,,,,,,,,,,,,,,,,,,,,,,,,,,,,,,,,,,,,,,,OPERATOR/DRIVER,NO INJURY,MASSACHUSETTS,"D, CLASS D VEHICLES",,,,,,,46,MALE,UNKNOWN,UNKNOWN,NOT TRAPPED,Y,,,,,,,,,,,,,,,,
1/11/16 13:21,Monday,PASSENGER CAR,PASSENGER CAR,,BROADWAY ST.,AMES ST.,,"BROADWAY ST. &amp; AMES ST.
Cambridge, MA
(42.36679362800004, -71.10600609899996)",,,REAR-END,,,DAYLIGHT,CLEAR,,TRAFFIC CONTROL SIGNAL,YES,DRY,T-INTERSECTION,"TWO-WAY, DIVIDED, POSITIVE MEDIAN BARRIER",NO,NO,,INTERSECTION,BROADWAY ST.,EASTBOUND,AMES ST.,SOUTHBOUND,,,,,,,,,,,,,,PAN,MA,PASSENGER CAR,,,,SLOWING OR STOPPED IN TRAFFIC,2013,,VENZA,TOYOTA,1,,OTHER,,,,REAR CENTER,RIGHT REAR,,,,,,,,,,,,,,,,,,,,,,,,PAN,MA,PASSENGER CAR,,,,TRAVELING STRAIGHT AHEAD,2011,,CAMRY,TOYOTA,2,,COLLISION WITH MOTOR VEHICLE IN TRAFFIC,,,,CENTER FRONT,RIGHT FRONT,,,,,,,,,,,,,,,,,,,,,,,,OPERATOR/DRIVER,NON FATAL INJURY - INCAPACITATING,MASSACHUSETTS,,,,,,,,,MALE,"FRONT SEAT - LEFT SIDE, OR MOTORCYLE DRIVER",SHOULDER AND LAP BELT USED,,Y,OPERATOR/DRIVER,,MASSACHUSETTS,,,,,,,,,MALE,"FRONT SEAT - LEFT SIDE, OR MOTORCYLE DRIVER",SHOULDER AND LAP BELT USED,,Y
8/14/15 14:35,Friday,LIGHT TRUCK,PASSENGER CAR,245,NORFOLK ST,,,"245 NORFOLK ST
Cambridge, MA
(42.37022607500006, -71.09802911099996)",,,"SIDESWIPE, SAME DIRECTION",ROADWAY,COLLISION WITH PARKED MOTOR VEHICLE,DAYLIGHT,CLEAR,,NO CONTROLS,,DRY,NOT AT INTERSECTION,"ONE-WAY, NOT DIVIDED",,,,NON INTERSECTION,,,,,,,EASTBOUND,,,,,,,,NONE,,,MVN,MA,LIGHT TRUCK,,,,TRAVELING STRAIGHT AHEAD,2003,COLLISION WITH PARKED MOTOR VEHICLE,2500,CHEVY,1,,COLLISION WITH PARKED MOTOR VEHICLE,,,,LEFT SIDE,,,,EASTBOUND,,,,,,,,,,,NO IMPROPER DRIVING,,,,,,,,,,PAN,MA,PASSENGER CAR,,,,PARKED,2013,COLLISION WITH MOTOR VEHICLE IN TRAFFIC,CAMRY,TOYOTA,2,,COLLISION WITH MOTOR VEHICLE IN TRAFFIC,,,,RIGHT SIDE,,,,,,,,,,,,,,,OTHER IMPROPER ACTION,,,,,,,,,,OPERATOR/DRIVER,NO INJURY,MASSACHUSETTS,"B, CLASS B VEHICLES",,,,,,,,MALE,,,NOT TRAPPED,,OPERATOR/DRIVER,NO INJURY,MASSACHUSETTS,"D, CLASS D VEHICLES",,,,,,,,MALE,,,NOT TRAPPED,Y
11/23/15 22:42,Monday,PASSENGER CAR,,48,BERKSHIRE ST,,,"48 BERKSHIRE ST
Cambridge, MA
(42.36952325900006, -71.09127134599998)",,,"SIDESWIPE, SAME DIRECTION",ROADWAY,COLLISION WITH PARKED MOTOR VEHICLE,DARK - LIGHTED ROADWAY,CLEAR,OTHER,NO CONTROLS,,ICE,NOT AT INTERSECTION,"ONE-WAY, NOT DIVIDED",NO,NO,,NON INTERSECTION,,,,,,,NORTHBOUND,,,,,DONNELLY FIELD,,,ROAD SURFACE CONDITION,,,PAN,MA,PASSENGER CAR,,,Y,PARKED,1997,COLLISION WITH PARKED MOTOR VEHICLE,LASABR,BUICK,0,,COLLISION WITH PARKED MOTOR VEHICLE,OTHER,OTHER,OTHER,RIGHT FRONT,RIGHT SIDE,RIGHT REAR,,NORTHBOUND,,,,,,,,,,,"SWERVING OR AVOIDING DUE TO WIND, SLIPPERY SURFACE",OTHER IMPROPER ACTION,,,,,,UNKNOWN,,,,,,,,,,,,,,,,,,,,,,,,,,,,,,,,,,,,,,,,,,,,,UNINVOLVED OWNER,,MASSACHUSETTS,,,,,,,,,MALE,,,,Y,,,,,,,,,,,,,,,,
9/4/15 16:32,Friday,BUS SEATS 7 - 15 PEOPLE,,,CEDAR STREET,MASSACHUSETTS AVE,,"CEDAR STREET &amp; MASSACHUSETTS AVE
Cambridge, MA
(42.36679362800004, -71.10600609899996)",1,,SINGLE VEHICLE CRASH,ROADWAY,COLLISION WITH PEDALCYCLE,DAYLIGHT,CLEAR,,TRAFFIC CONTROL SIGNAL,YES,DRY,T-INTERSECTION,"TWO-WAY, DIVIDED, UNPROTECTED MEDIAN",NO,NO,,INTERSECTION,CEDAR STREET,SOUTHBOUND,MASSACHUSETTS AVE,EASTBOUND,,,,,,,,,,,NONE,OTHER,PERSONAL BICYCLE,PAN,MA,BUS SEATS 7 - 15 PEOPLE,,,,TURNING RIGHT,2011,COLLISION WITH PEDALCYCLE,ECOVAN,FORD,1,,COLLISION WITH PEDALCYCLE,,,,,,,,SOUTHBOUND,,,,,,,,,,,"DISREGARDED TRAFFIC SIGNS, SIGNALS, ROAD MARKINGS",,,,,,,UNKNOWN,,,,,,,,,,,,,,,,,,,,,,,,,,,,,,,,,,,,,,,,,,,,,OPERATOR/DRIVER,NO INJURY,MASSACHUSETTS,"D, CLASS D VEHICLES",,UNKNOWN,,,,,34,MALE,"FRONT SEAT - LEFT SIDE, OR MOTORCYLE DRIVER",UNKNOWN,NOT TRAPPED,,UNINVOLVED OWNER,,,,,,,,,,,,,,,Y
8/28/15 11:04,Friday,PASSENGER CAR,,,SIDNEY ST,,,"SIDNEY ST
Cambridge, MA
(42.35896029400004, -71.10414634499995)",,,,,,,,,,,,,,,,,NON INTERSECTION,,,,,,,EASTBOUND,,,,,,,,,,,PAN,MA,PASSENGER CAR,,,Y,PARKED,2016,,ELANTRA,HYUNDAI,0,,COLLISION WITH PARKED MOTOR VEHICLE,,,,RIGHT SIDE,RIGHT REAR,,,,,,,,,,,,,,NO IMPROPER DRIVING,NO IMPROPER DRIVING,,,,,,,,,,,,,,,,,,,,,,,,,,,,,,,,,,,,,,,,,,,,,,,,,,,,,MASSACHUSETTS,,,,,,,,,FEMALE,,,,Y,,,,,,,,,,,,,,,,
1/15/16 18:28,Friday,LIGHT TRUCK,,,WINDSOR STREET,,LINCOLN STREET,"WINDSOR STREET
Cambridge, MA
(42.365125834000025, -71.09614721399998)",1,,"SIDESWIPE, SAME DIRECTION",,,DAYLIGHT,CLEAR,,NO CONTROLS,,DRY,NOT AT INTERSECTION,"ONE-WAY, NOT DIVIDED",NO,,,NON INTERSECTION,,,,,,,WESTBOUND,,SOUTHBOUND,,,,,,NONE,,,UNKNOWN,,LIGHT TRUCK,,,,TRAVELING STRAIGHT AHEAD,,,GRAND CHEROKEE,JEEP,1,,COLLISION WITH PEDALCYCLE,,,,,,,,WESTBOUND,,,,,,,,,,,"OPERATING VEHICLE IN ERRATIC, RECKLESS, CARELESS,",,,,,,,,,,,,,,,,,,,,,,,,,,,,,,,,,,,,,,,,,,,,,,,,,,,,NON-MOTORIST,,MASSACHUSETTS,,,,,,,,,MALE,,,,,OPERATOR/DRIVER,,,,,,,,,,,MALE,,,,
11/16/15 13:45,Monday,LIGHT TRUCK,PASSENGER CAR,,WESTERN AVE,BLACKSTONE ST,,"WESTERN AVE &amp; BLACKSTONE ST
Cambridge, MA
(42.36679362800004, -71.10600609899996)",,,ANGLE,ROADWAY,COLLISION WITH MOTOR VEHICLE IN TRAFFIC,DAYLIGHT,CLEAR,,STOP SIGNS,YES,DRY,T-INTERSECTION,"ONE-WAY, NOT DIVIDED",NO,NO,,INTERSECTION,WESTERN AVE,,BLACKSTONE ST,,,,,,,,,,,,,,,CON,MA,LIGHT TRUCK,,,,TRAVELING STRAIGHT AHEAD,2002,COLLISION WITH MOTOR VEHICLE IN TRAFFIC,F450,FORD,2,,COLLISION WITH MOTOR VEHICLE IN TRAFFIC,,,,LEFT REAR,,,,SOUTHBOUND,,OTHER,"10,001 - 26000 POUNDS",,,,,,,,NO IMPROPER DRIVING,,Y,,,,,,,,PAN,MA,PASSENGER CAR,,,,TURNING LEFT,2015,COLLISION WITH MOTOR VEHICLE IN TRAFFIC,4SER,BMW,1,,COLLISION WITH MOTOR VEHICLE IN TRAFFIC,,,,RIGHT FRONT,CENTER FRONT,,,WESTBOUND,,,,,,,,,,,FAILED TO YIELD THE RIGHT OF WAY,,,,,,,,,,OPERATOR/DRIVER,NO INJURY,MASSACHUSETTS,"D, CLASS D VEHICLES",,,,,,,,MALE,"FRONT SEAT - LEFT SIDE, OR MOTORCYLE DRIVER",UNKNOWN,NOT TRAPPED,,UNINVOLVED OWNER,,,,,,,,,,,UNKNOWN,,,,Y
12/7/15 9:57,Monday,LIGHT TRUCK,LIGHT TRUCK,196,BRAOADWAY,,PORTLAND ST,"196 BRAOADWAY
Cambridge, MA
(42.36587280700007, -71.09242056299996)",1,1,"SIDESWIPE, SAME DIRECTION",ROADWAY,,DAYLIGHT,CLEAR,,TRAFFIC CONTROL SIGNAL,YES,DRY,NOT AT INTERSECTION,"TWO-WAY, NOT DIVIDED",NO,NO,,NON INTERSECTION,,,,,,,,,,,,,,,NONE,,,PAN,MA,LIGHT TRUCK,,,,SLOWING OR STOPPED IN TRAFFIC,2015,COLLISION WITH PEDALCYCLE,X3,BMW,2,,COLLISION WITH PEDALCYCLE,,,,,,,,,,,,,,,,,,,NO IMPROPER DRIVING,,,,,,,NOT DISTRACTED,,,CON,MA,LIGHT TRUCK,,,,PARKED,2003,COLLISION WITH PEDESTRIAN,ECOVAN,FORD,0,,,,,,,,,,,,,,,,,,,,,,,,,,,,,,,OPERATOR/DRIVER,,MASSACHUSETTS,"D, CLASS D VEHICLES",,,,,,,,FEMALE,FRONT SEAT - RIGHT SIDE,UNKNOWN,NOT TRAPPED,Y,OCCUPANT/PASSENGER,,MASSACHUSETTS,,,,,,,,,MALE,,,,
10/16/15 21:06,Friday,PASSENGER CAR,LIGHT TRUCK,,MASSACHUSETTS AVE,,GARDEN STREET,"MASSACHUSETTS AVE
Cambridge, MA
(42.393434712000044, -71.12577890299997)",,,,,,DUSK,CLEAR,,NO CONTROLS,,DRY,NOT AT INTERSECTION,"ONE-WAY, NOT DIVIDED",NO,NO,,NON INTERSECTION,,,,,,,WESTBOUND,,NORTHBOUND,,,,,,NONE,,,PAN,MA,PASSENGER CAR,,,,TRAVELING STRAIGHT AHEAD,2012,,JETTA,VOLK,1,,COLLISION WITH MOTOR VEHICLE IN TRAFFIC,,,,LEFT REAR,,,,,,,,,,,,,,,UNKNOWN,,,,,,,,,,PAN,MA,LIGHT TRUCK,,,,OVERTAKING / PASSING,2006,,M35,INFI,1,,COLLISION WITH MOTOR VEHICLE IN TRAFFIC,,,,RIGHT FRONT,,,,WESTBOUND,,,,,,,,,,,UNKNOWN,,,,,,,UNKNOWN,,,OPERATOR/DRIVER,,MASSACHUSETTS,"D, CLASS D VEHICLES",,,,,,,,FEMALE,,,,Y,OPERATOR/DRIVER,,,,,,,,,,,UNKNOWN,,,,