Date Time,Day of Week,Object 1,Object 2,Street Number,Street Name,Cross Street,Near Street,Location,May involve cyclist,May Involve Pedestrian,Manner of Collision,First Harmful Event Location,First Harmful Event,Ambient Light,Weather Condition 1,Weather Condition 2,Traffic Control Device Type,Traffic Control Device Functionality,Road Surface Condition,Roadway Junction Type,Trafficway Description,School Bus Related,Work Zone,Speed Limit,Street or Intersection,Intersection Name 1,Intersection Direction 1,Intersection Name 2,Intersection Direction 2,Intersection Name 3,Intersection Direction 3,Street Direction,Nearest Intersection Distance,Nearest Intersection Direction,Landmark Distance,Landmark Direction,Landmark,Mile Marker Direction,Non Public Area,Road Contributing,Damaged Property Type,Description of Damaged Property,V1 Registration Type,v1 State Code,V1 Configuration,V1 Emergency Response,V1 Moped,V1 Hit and Run,V1 Action Prior to Crash,V1 Model Year,V1 Most Harmful Event,V1 Model,V1 Make,V1 Occupant Count,V1 Underride Override,V1 First Event,V1 Second Event,V1 Third Event,V1 Fourth Event,V1 Most Damaged Area,V1 Second Damaged Area,V1 Third Damaged Area,V1 Towed,V1 Travel Direction,V1 Interstate,V1 Cargo Body Type,V1 Gross Weight,V1 Haz Placard,V1 Haz Release,V1 Trailer Reg Type,V1 Trailer Reg Plate,V1 Trailer Reg State,V1 Trailer Reg Year,V1 Trailer Len,V1 Driver Contribution,V1 Driver Contribution 2,V1 Is Truck,V1 Has Trailer,V1 Is Bus,V1 Is Hazmat,V1 Reg Year,V1 Driver Distracted,V1 Bus Use,V1 Tow Use,V2 Registration Type,V2 State Code,V2 Configuration,V2 Emergency Response,V2 Moped,V2 Hit and Run,V2 Action Prior to Crash,V2 Model Year,V2 Most Harmful Event,V2 Model,V2 Make,V2 Occupant Count,V2 Underride Override,V2 First Event,V2 Second Event,V2 Third Event,V2 Fourth Event,V2 Most Damaged Area,V2 Second Damaged Area,V2 Third Damaged Area,V2 Towed,V2 Travel Direction,V2 Interstate,V2 Cargo Body Type,V2 Gross Weight,V2 Haz Placard,V2 Haz Release,V2 Trailer Reg Type,V2 Trailer Reg Plate,V2 Trailer Reg State,V2 Trailer Reg Year,V2 Trailer Len,V2 Driver Contribution,V2 Driver Contribution 2,V2 Is Truck,V2 Has Trailer,V2 Is Bus,V2 Is Hazmat,V2 Reg Year,V2 Driver Distracted,V2 Bus Use,V2 Tow Use,P1 Role,P1 Injury,P1 Drivers Lic State,P1 Drivers Lic Class 1,P1 Drivers Lic Class 2,P1 Drivers Lic Restrict,P1 Non Motorist Desc,P1 Non Motorist Action,P1 Non Motorist Location,P1 Safety Equipment,P1 Age,P1 Sex,P1 Seat Position,P1 Safety System,P1 Trapped,P1 Veh Owner,P2 Role,P2 Injury,P2 Drivers Lic State,P2 Drivers Lic Class 1,P2 Drivers Lic Class 2,P2 Drivers Lic Restrict,P2 Non Motorist Desc,P2 Non Motorist Action,P2 Non Motorist Location,P2 Safety Equipment,P2 Age,P2 Sex,P2 Seat Position,P2 Safety System,P2 Trapped,P2 Veh Owner
2/19/16 21:43,Friday,PASSENGER CAR,,,PURRINGTON ST,,,"PURRINGTON ST
Cambridge, MA
(42.36012707900005, -71.09956862799999)",,,ANGLE,ROADWAY,COLLISION WITH PARKED MOTOR VEHICLE,DARK - LIGHTED ROADWAY,CLEAR,,NO CONTROLS,,DRY,,,,NO,30,NON INTERSECTION,,,,,,,EASTBOUND,,,,,,,,NONE,,,PAN,MA,PASSENGER CAR,,,,TURNING LEFT,2013,COLLISION WITH PARKED MOTOR VEHICLE,OUTBACK,SUBARU,1,,COLLISION WITH PARKED MOTOR VEHICLE,,,,LEFT FRONT,,,,EASTBOUND,,,,,,,,,,,FATIGUED/ASLEEP,,,,,,,,,,PAN,MA,,,,,PARKED,2011,,PILOT,HONDA,0,,,,,,LEFT FRONT,,,,,,,,,,,,,,,,,,,,,,,,,OPERATOR/DRIVER,,MASSACHUSETTS,"D, CLASS D VEHICLES",,,,,,,,MALE,,,,,UNINVOLVED OWNER,,,,,,,,,,,FEMALE,,,,Y
3/2/16 18:24,Wednesday,LIGHT TRUCK,,,ELLERY STREET,,MASSACHUSETTS AVE,"ELLERY STREET
Cambridge, MA
(42.37215460300007, -71.11010949999996)",,,ANGLE,ROADSIDE,COLLISION WITH PARKED MOTOR VEHICLE,UNKNOWN,UNKNOWN,,NO CONTROLS,,UNKNOWN,,"ONE-WAY, NOT DIVIDED",NO,NO,,NON INTERSECTION,,,,,,,NORTHBOUND,100 FEET,NORTHBOUND,,,,,,,,,PAR,MA,LIGHT TRUCK,,,Y,PARKED,2007,COLLISION WITH PARKED MOTOR VEHICLE,GX 470,LEXUS,0,,COLLISION WITH PARKED MOTOR VEHICLE,COLLISION WITH MOTOR VEHICLE IN TRAFFIC,,,RIGHT REAR,,,,,,,,,,,,,,,NO IMPROPER DRIVING,,,,,,,,,,,,,,,,,,,,,,,,,,,,,,,,,,,,,,,,,,,,,,,,,,,,UNINVOLVED OWNER,,MASSACHUSETTS,,,,,,,,,MALE,,,,Y,,,,,,,,,,,,,,,,
11/30/15 14:26,Monday,PASSENGER CAR,BUS SEATS MORE THAN 15 PEOPLE,221,MOUNT AUBURN STREET,,,"221 MOUNT AUBURN STREET
Cambridge, MA
(42.37469706300004, -71.12996939699997)",,,"SIDESWIPE, SAME DIRECTION",ROADWAY,COLLISION WITH MOTOR VEHICLE IN TRAFFIC,DAYLIGHT,CLOUDY,CLOUDY,WARNING SIGNS,YES,DRY,NOT AT INTERSECTION,"TWO-WAY, NOT DIVIDED",NO,NO,30,NON INTERSECTION,,,,,,,WESTBOUND,,,,,,,,NONE,,,PAN,MA,PASSENGER CAR,,,,MAKING U-TURN,2007,COLLISION WITH MOTOR VEHICLE IN TRAFFIC,COROLLA,TOYOTA,1,,COLLISION WITH MOTOR VEHICLE IN TRAFFIC,,,,LEFT FRONT,LEFT SIDE,,Y,WESTBOUND,,,,,,,,,,,"DISREGARDED TRAFFIC SIGNS, SIGNALS, ROAD MARKINGS",,,,,,,UNKNOWN,,YES VEHICLE OR TRAILER DISABLED,LVN,MA,BUS SEATS MORE THAN 15 PEOPLE,,,,TRAVELING STRAIGHT AHEAD,2014,COLLISION WITH MOTOR VEHICLE IN TRAFFIC,BUS,FORD,2,,COLLISION WITH MOTOR VEHICLE IN TRAFFIC,,,,RIGHT FRONT,,,,WESTBOUND,,,,,,,,,,,NO IMPROPER DRIVING,,,,,,,NOT DISTRACTED,,NO,OPERATOR/DRIVER,NO INJURY,MASSACHUSETTS,"D, CLASS D VEHICLES",,,,,,,,FEMALE,"FRONT SEAT - LEFT SIDE, OR MOTORCYLE DRIVER",UNKNOWN,NOT TRAPPED,,UNINVOLVED OWNER,,,,,,,,,,,MALE,,,,Y
10/30/15 7:00,Friday,OTHER,,221,LEXINGTON AV,,,"221 LEXINGTON AV
Cambridge, MA
(42.38178117700005, -71.14164687899995)",,,UNKNOWN,ROADSIDE,COLLISION WITH OTHER MOVABLE OBJECT,UNKNOWN,UNKNOWN,UNKNOWN,NO CONTROLS,,UNKNOWN,NOT AT INTERSECTION,"ONE-WAY, NOT DIVIDED",NO,NO,30,NON INTERSECTION,,,,,,,NORTHBOUND,,,,,,,,,OTHER,3FT BY 1FT SECTION OF A BRICK WALL,UNKNOWN,YT,OTHER,,,Y,UNKNOWN,,COLLISION WITH OTHER MOVABLE OBJECT,UNKNOWN,UNKNOWN,1,,COLLISION WITH OTHER MOVABLE OBJECT,,,,UNKNOWN,UNKNOWN,UNKNOWN,,UNKNOWN,,,,,,,,,,,UNKNOWN,UNKNOWN,,,,,,,,NO,,,,,,,,,,,,,,,,,,,,,,,,,,,,,,,,,,,,,,,,,,,OPERATOR/DRIVER,UNKNOWN,,UNKNOWN,,,,,,,,UNKNOWN,"FRONT SEAT - LEFT SIDE, OR MOTORCYLE DRIVER",UNKNOWN,NOT TRAPPED,,,,,,,,,,,,,,,,,
3/5/16 16:05,Saturday,PASSENGER CAR,,194,THORNDIKE,,,"194 THORNDIKE
Cambridge, MA
(42.37050048700007, -71.08711533499996)",,1,REAR-END,ROADWAY,,DAYLIGHT,CLEAR,,NO CONTROLS,,,NOT AT INTERSECTION,"TWO-WAY, NOT DIVIDED",NO,NO,,NON INTERSECTION,,,,,,,EASTBOUND,,,,,,,,NONE,,,PAN,MA,PASSENGER CAR,,,,TRAVELING STRAIGHT AHEAD,2015,COLLISION WITH PEDESTRIAN,250 PU,FORD,1,,COLLISION WITH PEDESTRIAN,,,,,,,,,,,,,,,,,,,UNKNOWN,,,,,,,,,,,,,,,,,,,,,,,,,,,,,,,,,,,,,,,,,,,,,,,,,,,,OPERATOR/DRIVER,,MASSACHUSETTS,"D, CLASS D VEHICLES",,,,,,,,MALE,"FRONT SEAT - LEFT SIDE, OR MOTORCYLE DRIVER",UNKNOWN,NOT TRAPPED,Y,NON-MOTORIST,,MASSACHUSETTS,,,,OTHER NON MOTORIST,WORKING ON VEHICLE,OTHER NON MOTORIST,NONE USED,,FEMALE,,,,
2/19/16 18:44,Friday,PASSENGER CAR,PASSENGER CAR,,HUNTING ST,,CAMBRIDGE ST,"HUNTING ST
Cambridge, MA
(42.37328169600005, -71.09101735199994)",,,REAR-END,ROADWAY,COLLISION WITH MOTOR VEHICLE IN TRAFFIC,DAYLIGHT,CLEAR,,NO CONTROLS,,DRY,NOT AT INTERSECTION,"ONE-WAY, NOT DIVIDED",NO,NO,,NON INTERSECTION,,,,,,,SOUTHBOUND,,EASTBOUND,,,,,,NONE,,,PAN,MA,PASSENGER CAR,,,,TRAVELING STRAIGHT AHEAD,2006,COLLISION WITH MOTOR VEHICLE IN TRAFFIC,EXPEDITION,FORD,4,,COLLISION WITH MOTOR VEHICLE IN TRAFFIC,,,,LEFT REAR,,,,SOUTHBOUND,,,,,,,,,,,NO IMPROPER DRIVING,,,,,,,NOT DISTRACTED,,,PAN,MA,PASSENGER CAR,,,Y,TRAVELING STRAIGHT AHEAD,2002,COLLISION WITH MOTOR VEHICLE IN TRAFFIC,32TL,ACURA,1,,COLLISION WITH MOTOR VEHICLE IN TRAFFIC,,,,RIGHT FRONT,,,,SOUTHBOUND,,,,,,,,,,,NO IMPROPER DRIVING,,,,,,,NOT DISTRACTED,,,OPERATOR/DRIVER,NO INJURY,MASSACHUSETTS,"D, CLASS D VEHICLES",,,,,,,,FEMALE,"FRONT SEAT - LEFT SIDE, OR MOTORCYLE DRIVER",,NOT TRAPPED,Y,OPERATOR/DRIVER,UNKNOWN,MASSACHUSETTS,"D, CLASS D VEHICLES",,,,,,,,MALE,"FRONT SEAT - LEFT SIDE, OR MOTORCYLE DRIVER",,NOT TRAPPED,Y
11/24/15 20:15,Tuesday,PASSENGER CAR,PASSENGER CAR,599,MASS. AVE.,,MASS. AVE.,"599 MASS. AVE.
Cambridge, MA
(42.36498467000007, -71.10294533199993)",,,"SIDESWIPE, OPPOSITE DIRECTION",,,DARK - LIGHTED ROADWAY,CLOUDY,,NO CONTROLS,,DRY,NOT AT INTERSECTION,,NO,NO,,NON INTERSECTION,,,,,,,WESTBOUND,175  FEET,SOUTHBOUND,50 FEET,EASTBOUND,H MART ESSEX ST. PARKING LOT,,,,,,PAN,MA,PASSENGER CAR,,,Y,PARKED,2008,,TOUREG,VW,0,,COLLISION WITH PARKED MOTOR VEHICLE,,,,RIGHT FRONT,,,,,,,,,,,,,,,NO IMPROPER DRIVING,,,,,,,,,NO,PAN,MA,PASSENGER CAR,,,Y,BACKING,,,,UNKNOWN,1,,,,,,,,,,,,,,,,,,,,,INATTENTION,,,,,,,,,,OPERATOR/DRIVER,,MASSACHUSETTS,"D, CLASS D VEHICLES",,NONE,,,,,,MALE,,,,Y,,,,,,,,,,,,,,,,
11/11/15 12:14,Wednesday,PASSENGER CAR,LIGHT TRUCK,750,MEMORIAL DRIVE,,,"750 MEMORIAL DRIVE
Cambridge, MA
(42.35815930500007, -71.11539556299994)",,,ANGLE,ROADWAY,COLLISION WITH MOTOR VEHICLE IN TRAFFIC,DAYLIGHT,RAIN,CLOUDY,NO CONTROLS,NO,WET,NOT AT INTERSECTION,"TWO-WAY, NOT DIVIDED",NO,NO,,NON INTERSECTION,,,,,,,,,,,,PARKING LOT,,,NONE,,,PAN,MA,PASSENGER CAR,,,,TRAVELING STRAIGHT AHEAD,2010,COLLISION WITH MOTOR VEHICLE IN TRAFFIC,CIVIC,HONDA,2,,COLLISION WITH MOTOR VEHICLE IN TRAFFIC,,,,LEFT SIDE,,,,SOUTHBOUND,,,,,,,,,,,NO IMPROPER DRIVING,,,,,,,NOT DISTRACTED,,,PAN,MA,LIGHT TRUCK,,,,TURNING LEFT,2014,COLLISION WITH MOTOR VEHICLE IN TRAFFIC,RAV4,TOYOTA,1,,COLLISION WITH MOTOR VEHICLE IN TRAFFIC,,,,RIGHT FRONT,,,,WESTBOUND,,,,,,,,,,,FAILED TO YIELD THE RIGHT OF WAY,,,,,,,NOT DISTRACTED,,,OPERATOR/DRIVER,NO INJURY,MASSACHUSETTS,"D, CLASS D VEHICLES",,,,,,,,FEMALE,"FRONT SEAT - LEFT SIDE, OR MOTORCYLE DRIVER",UNKNOWN,NOT TRAPPED,,OCCUPANT/PASSENGER,NO INJURY,,,,,,,,,,FEMALE,THIRD ROW - RIGHT SIDE,CHILD SAFETY SEAT USED,NOT TRAPPED,
9/25/15 20:12,Friday,PASSENGER CAR,,,MASSACHUSETTS AVE,,ALBANY STREET,"MASSACHUSETTS AVE
Cambridge, MA
(42.393434712000044, -71.12577890299997)",,,ANGLE,ROADWAY,,DAYLIGHT,CLEAR,,TRAFFIC CONTROL SIGNAL,YES,DRY,T-INTERSECTION,"TWO-WAY, NOT DIVIDED",NO,NO,,NON INTERSECTION,,,,,,,NORTHBOUND,,WESTBOUND,,,,,,TRAFFIC CONGESTION RELATED,,,PAN,MA,PASSENGER CAR,,,,TURNING LEFT,2003,,LEGACY,SUBARU,2,,OTHER,,,,TOP AND WINDOWS,,,,WESTBOUND,,,,,,,,,,,FAILED TO YIELD THE RIGHT OF WAY,,,,,,,UNKNOWN,,,,,,,,,,,,,,,,,,,,,,,,,,,,,,,,,,,,,,,,,,,,,OPERATOR/DRIVER,,MASSACHUSETTS,,,,,,,,,FEMALE,,,,Y,NON-MOTORIST,,NEW YORK,,,,,,,,,FEMALE,,,,
10/15/15 18:25,Thursday,PASSENGER CAR,LIGHT TRUCK,730,MEMORIAL DRIVE,,,"730 MEMORIAL DRIVE
Cambridge, MA
(42.35719774000006, -71.11500277799996)",,,"SIDESWIPE, SAME DIRECTION",OUTSIDE ROADWAY,,DAYLIGHT,CLEAR,,,,,,,NO,NO,,NON INTERSECTION,,,,,,,,,,,,MICRO CENTER,,,,,,PAN,MA,PASSENGER CAR,,,,PARKED,2012,,SOUL,KIA,1,,COLLISION WITH MOTOR VEHICLE IN TRAFFIC,,,,RIGHT REAR,,,,,,,,,,,,,,,,,,,,,,,,,PAN,MA,LIGHT TRUCK,,,Y,OTHER,2015,,HIGHLANDER,TOYOTA,3,,COLLISION WITH PARKED MOTOR VEHICLE,,,,LEFT FRONT,,,,EASTBOUND,,,,,,,,,,,OVER CORRECTING / OVER STEERING,,,,,,,UNKNOWN,,,OPERATOR/DRIVER,,MASSACHUSETTS,"D, CLASS D VEHICLES",,,,,,,,MALE,,,,Y,OPERATOR/DRIVER,,,,,,,,,,,FEMALE,,,,
11/4/15 8:30,Wednesday,LIGHT TRUCK,,,BELMONT ST,,MT AUBURN ST,"BELMONT ST
Cambridge, MA
(42.37496819000006, -71.15225671299999)",,,UNKNOWN,ROADWAY,COLLISION WITH PARKED MOTOR VEHICLE,UNKNOWN,CLEAR,,NO CONTROLS,,DRY,NOT AT INTERSECTION,"TWO-WAY, NOT DIVIDED",,,,NON INTERSECTION,,,,,,,,,,,,,,,,,,PAN,MA,LIGHT TRUCK,,,,PARKED,2006,COLLISION WITH MOTOR VEHICLE IN TRAFFIC,RAV,TOYT,0,,COLLISION WITH MOTOR VEHICLE IN TRAFFIC,,,,LEFT REAR,,,,,,,,,,,,,,,,,,,,,,,,,,OT,,,,Y,,,,,,,,,,,,,,,,,,,,,,,,,,,,,,,,,,,,,UNINVOLVED OWNER,,,,,,,,,,,FEMALE,,,,Y,,,,,,,,,,,,,,,,
10/11/15 20:30,Sunday,PASSENGER CAR,PASSENGER CAR,,MASSACHUSETTS AVENUE,GARDEN STREET,,"MASSACHUSETTS AVENUE &amp; GARDEN STREET
Cambridge, MA
(42.36679362800004, -71.10600609899996)",,,ANGLE,ROADWAY,COLLISION WITH MOTOR VEHICLE IN TRAFFIC,DARK - LIGHTED ROADWAY,CLEAR,,NO CONTROLS,NO,DRY,T-INTERSECTION,"TWO-WAY, DIVIDED, POSITIVE MEDIAN BARRIER",NO,NO,,INTERSECTION,MASSACHUSETTS AVENUE,SOUTHBOUND,GARDEN STREET,WESTBOUND,,,,,,,,,,,NONE,,,PAN,NJ,PASSENGER CAR,,,,TURNING RIGHT,2011,COLLISION WITH MOTOR VEHICLE IN TRAFFIC,OPTIMA,KIA,1,,COLLISION WITH MOTOR VEHICLE IN TRAFFIC,,,,RIGHT FRONT,CENTER FRONT,LEFT FRONT,,SOUTHBOUND,,,,,,,,,,,NO IMPROPER DRIVING,,,,,,,NOT DISTRACTED,,NO,PAN,MA,PASSENGER CAR,,,,TURNING RIGHT,1998,COLLISION WITH MOTOR VEHICLE IN TRAFFIC,CAMRY,TOYOTA,1,,COLLISION WITH MOTOR VEHICLE IN TRAFFIC,,,,RIGHT SIDE,,,,SOUTHBOUND,,,,,,,,,,,UNKNOWN,,,,,,,UNKNOWN,,NO,OPERATOR/DRIVER,NO INJURY,NEW JERSEY,"D, CLASS D VEHICLES",,NONE,,,,,,MALE,"FRONT SEAT - LEFT SIDE, OR MOTORCYLE DRIVER",SHOULDER AND LAP BELT USED,NOT TRAPPED,Y,OPERATOR/DRIVER,NO INJURY,MASSACHUSETTS,"D, CLASS D VEHICLES",,CORRECTIVE LENSES,,,,,,MALE,"FRONT SEAT - LEFT SIDE, OR MOTORCYLE DRIVER",SHOULDER AND LAP BELT USED,NOT TRAPPED,
11/4/15 17:45,Wednesday,PASSENGER CAR,LIGHT TRUCK,,245 FIRST ST,,,"Cambridge, MA
(42.36679362800004, -71.10600609899996)",,,"SIDESWIPE, SAME DIRECTION",,,UNKNOWN,UNKNOWN,,,,UNKNOWN,,,,,,INTERSECTION,245 FIRST ST,,,,,,,,,,,,,GARAGE,,,,PAN,MA,PASSENGER CAR,,,Y,PARKED,2011,,FIT,HONDA,,,UNKNOWN,,,,RIGHT SIDE,RIGHT REAR,,,,,,,,,,,,,,,,,,,,,,,,PAN,MA,LIGHT TRUCK,,,Y,UNKNOWN,2013,,AVALANC HE,CHEVY,,,,,,,,,,,,,,,,,,,,,,,,,,,,,,,,UNINVOLVED OWNER,,,,,,,,,,,FEMALE,,,,Y,UNINVOLVED OWNER,,,,,,,,,,,MALE,,,,Y
11/6/15 17:22,Friday,PASSENGER CAR,PASSENGER CAR,,6 CANAL PARK,,,"6 CANAL PARK
Cambridge, MA
(42.36803731200007, -71.07467173399993)",,,UNKNOWN,OUTSIDE ROADWAY,COLLISION WITH PARKED MOTOR VEHICLE,UNKNOWN,UNKNOWN,,NO CONTROLS,,UNKNOWN,NOT AT INTERSECTION,"TWO-WAY, NOT DIVIDED",NO,NO,,NON INTERSECTION,,,,,,,,,,,,GARAGE,,,,,,PAN,MA,PASSENGER CAR,,,,PARKED,2008,COLLISION WITH MOTOR VEHICLE IN TRAFFIC,ACCORD,HONDA,0,,COLLISION WITH MOTOR VEHICLE IN TRAFFIC,,,,LEFT REAR,,,,,,,,,,,,,,,,,,,,,,,,,PAR,MA,PASSENGER CAR,,,Y,UNKNOWN,2002,COLLISION WITH PARKED MOTOR VEHICLE,PRIUS,TOYT,,,COLLISION WITH PARKED MOTOR VEHICLE,,,,RIGHT FRONT,,,,,,,,,,,,,,,,,,,,,,,,,UNINVOLVED OWNER,,MASSACHUSETTS,,,,,,,,,MALE,,,,Y,UNINVOLVED OWNER,,MASSACHUSETTS,,,,,,,,,FEMALE,,,,Y
9/9/15 12:22,Wednesday,SINGLE UNIT TRUCK (2 AXLES - 6 TIRES),LIGHT TRUCK,,STATE ST,WINDSOR ST,,"STATE ST &amp; WINDSOR ST
Cambridge, MA
(42.36679362800004, -71.10600609899996)",,,ANGLE,ROADWAY,COLLISION WITH MOTOR VEHICLE IN TRAFFIC,DAYLIGHT,CLEAR,,STOP SIGNS,,DRY,T-INTERSECTION,"TWO-WAY, NOT DIVIDED",NO,NO,30,INTERSECTION,STATE ST,WESTBOUND,WINDSOR ST,SOUTHBOUND,,,,,,,,,,,NONE,,,CON,MA,SINGLE UNIT TRUCK (2 AXLES - 6 TIRES),,,,BACKING,2016,COLLISION WITH MOTOR VEHICLE IN TRAFFIC,TRUCK,PTRB,1,,COLLISION WITH MOTOR VEHICLE IN TRAFFIC,,,,NONE,,,,EASTBOUND,,,,,,,,,,,INATTENTION,,Y,,,,,NOT DISTRACTED,,,CON,MA,LIGHT TRUCK,,,,TRAVELING STRAIGHT AHEAD,2008,COLLISION WITH MOTOR VEHICLE IN TRAFFIC,F150,FORD,1,,COLLISION WITH MOTOR VEHICLE IN TRAFFIC,"EQUIPMENT FAILURE (BLOWN TIRE, BRAKE FAILURE, ETC)",,,RIGHT SIDE,LEFT FRONT,,Y,SOUTHBOUND,,,,,,,,,,,NO IMPROPER DRIVING,,,,,,,NOT DISTRACTED,,YES VEHICLE OR TRAILER DISABLED,OPERATOR/DRIVER,NO INJURY,MASSACHUSETTS,"D, CLASS D VEHICLES",,UNKNOWN,,,,,,MALE,"FRONT SEAT - LEFT SIDE, OR MOTORCYLE DRIVER",UNKNOWN,NOT TRAPPED,,OPERATOR/DRIVER,NO INJURY,MASSACHUSETTS,,,,,,,,,MALE,"FRONT SEAT - LEFT SIDE, OR MOTORCYLE DRIVER",UNKNOWN,NOT TRAPPED,
3/7/16 19:45,Monday,PASSENGER CAR,,,HANCOCK,,FRANKLIN STREET,"HANCOCK
Cambridge, MA
(42.368986902000074, -71.10807740599995)",,1,"SIDESWIPE, SAME DIRECTION",ROADWAY,COLLISION WITH PEDESTRIAN,DARK - UNKNOWN ROADWAY LIGHTING,CLEAR,,STOP SIGNS,YES,DRY,NOT AT INTERSECTION,"ONE-WAY, NOT DIVIDED",,,,NON INTERSECTION,,,,,,,SOUTHBOUND,,SOUTHBOUND,,,,,,,,,PAN,MA,PASSENGER CAR,,,Y,TRAVELING STRAIGHT AHEAD,2004,COLLISION WITH PEDESTRIAN,ACCORD,HONDA,2,,COLLISION WITH PEDESTRIAN,,,,,,,,,,,,,,,,,,,UNKNOWN,,,,,,,,,,,,,,,,,,,,,,,,,,,,,,,,,,,,,,,,,,,,,,,,,,,,NON-MOTORIST,NO INJURY,PENNSYLVANIA,,,,,,,,,MALE,,,,,UNINVOLVED OWNER,,,,,,,,,,,FEMALE,,,,Y
9/20/15 18:14,Sunday,PASSENGER CAR,,362,RINDGE AVENUE  (DRIVEWAY),,RINDGE AVENUE,"362 RINDGE AVENUE (DRIVEWAY)
Cambridge, MA
(42.393858143000045, -71.13842738699998)",,,SINGLE VEHICLE CRASH,ROADWAY,COLLISION WITH CURB,DAYLIGHT,CLEAR,,NO CONTROLS,,DRY,T-INTERSECTION,"TWO-WAY, NOT DIVIDED",NO,NO,,NON INTERSECTION,,,,,,,NORTHBOUND,,,,,,,,NONE,UTILITIES,LIGHT POLE,PAN,RI,PASSENGER CAR,,,,TRAVELING STRAIGHT AHEAD,2015,OVERTURN/ROLLOVER,ACCENT,HYUNDAI,1,,RAN OFF ROAD RIGHT,COLLISION WITH CURB,COLLISION WITH LIGHT POLE OR OTHER POST/SUPPORT,COLLISION WITH FENCE,TOTAL / ALL AREAS,TOP AND WINDOWS,CENTER FRONT,Y,NORTHBOUND,,,,,,,,,,,UNKNOWN,,,,,,,NOT DISTRACTED,,,,,,,,,,,,,,,,,,,,,,,,,,,,,,,,,,,,,,,,,,,,,OPERATOR/DRIVER,NO INJURY,MASSACHUSETTS,"D, CLASS D VEHICLES",,,,,,,,MALE,"FRONT SEAT - LEFT SIDE, OR MOTORCYLE DRIVER",SHOULDER AND LAP BELT USED,NOT TRAPPED,,UNINVOLVED OWNER,,,,,,,,,,,,,,,Y
8/10/15 14:55,Monday,LIGHT TRUCK,,,PRIVATE LOT AT 430 WINDSOR ST,,,"PRIVATE LOT AT 430 WINDSOR ST
Cambridge, MA
(42.37148601700005, -71.09371780199996)",,,,,,UNKNOWN,UNKNOWN,UNKNOWN,NO CONTROLS,NO,UNKNOWN,,,,,,NON INTERSECTION,,,,,,,,,,,,,,,,,,PAN,MA,LIGHT TRUCK,,,Y,PARKED,2002,,GRAND CHEROKEE,JEEP,0,,COLLISION WITH PARKED MOTOR VEHICLE,UNKNOWN,UNKNOWN,,RIGHT REAR,,,,,,,,,,,,,,,,,,,,,,,,,,,,,,,,,,,,,,,,,,,,,,,,,,,,,,,,,,,,,,,,,,,UNINVOLVED OWNER,,MASSACHUSETTS,,,,,,,,48,FEMALE,,,,Y,,,,,,,,,,,,,,,,
3/11/16 7:00,Friday,LIGHT TRUCK,,,125 SIXTH ST,,,"Cambridge, MA
(42.36679362800004, -71.10600609899996)",,,SINGLE VEHICLE CRASH,,COLLISION WITH OTHER MOVABLE OBJECT,OTHER,,,,,,,,,,,INTERSECTION,125 SIXTH ST,,,,,,,,,,,,,GARAGE,,,,MVN,MA,LIGHT TRUCK,,,,BACKING,2014,,EXPLORER,FORD,1,,COLLISION WITH OTHER MOVABLE OBJECT,,,,LEFT REAR,,,,,,,,,,,,,,,UNKNOWN,,,,,,,,,,,,,,,,,,,,,,,,,,,,,,,,,,,,,,,,,,,,,,,,,,,,OPERATOR/DRIVER,NO INJURY,MASSACHUSETTS,"D, CLASS D VEHICLES",,,,,,,,MALE,"FRONT SEAT - LEFT SIDE, OR MOTORCYLE DRIVER",UNKNOWN,NOT TRAPPED,,UNINVOLVED OWNER,,,,,,,,,,,,,,,Y
1/7/16 12:01,Thursday,OTHER,PASSENGER CAR,,SIDNEY ST,ERIE ST,,"SIDNEY ST &amp; ERIE ST
Cambridge, MA
(42.36679362800004, -71.10600609899996)",,,ANGLE,ROADWAY,COLLISION WITH MOTOR VEHICLE IN TRAFFIC,DAYLIGHT,CLEAR,,STOP SIGNS,YES,DRY,FOUR WAY INTERSECTION,"TWO-WAY, NOT DIVIDED",NO,NO,30,INTERSECTION,SIDNEY ST,SOUTHBOUND,ERIE ST,WESTBOUND,,,,,,,,,,,NONE,,,MVN,MA,OTHER,Y,,,TURNING LEFT,2013,COLLISION WITH MOTOR VEHICLE IN TRAFFIC,ARROW,PIERCE,4,,COLLISION WITH MOTOR VEHICLE IN TRAFFIC,,,,LEFT SIDE,,,,SOUTHBOUND,,,,,,,,,,,NO IMPROPER DRIVING,,,,,,,NOT DISTRACTED,,,PAN,MA,PASSENGER CAR,,,,SLOWING OR STOPPED IN TRAFFIC,2015,COLLISION WITH MOTOR VEHICLE IN TRAFFIC,3,MAZDA,1,,COLLISION WITH MOTOR VEHICLE IN TRAFFIC,,,,LEFT FRONT,CENTER FRONT,,,WESTBOUND,,,,,,,,,,,NO IMPROPER DRIVING,,,,,,,,,,OPERATOR/DRIVER,NO INJURY,MASSACHUSETTS,"D, CLASS D VEHICLES",,,,,,,,FEMALE,"FRONT SEAT - LEFT SIDE, OR MOTORCYLE DRIVER",UNKNOWN,NOT TRAPPED,Y,OPERATOR/DRIVER,NO INJURY,MASSACHUSETTS,"D, CLASS D VEHICLES",,,,,,,,MALE,"FRONT SEAT - LEFT SIDE, OR MOTORCYLE DRIVER",UNKNOWN,NOT TRAPPED,