Date Time,Day of Week,Object 1,Object 2,Street Number,Street Name,Cross Street,Near Street,Location,May involve cyclist,May Involve Pedestrian,Manner of Collision,First Harmful Event Location,First Harmful Event,Ambient Light,Weather Condition 1,Weather Condition 2,Traffic Control Device Type,Traffic Control Device Functionality,Road Surface Condition,Roadway Junction Type,Trafficway Description,School Bus Related,Work Zone,Speed Limit,Street or Intersection,Intersection Name 1,Intersection Direction 1,Intersection Name 2,Intersection Direction 2,Intersection Name 3,Intersection Direction 3,Street Direction,Nearest Intersection Distance,Nearest Intersection Direction,Landmark Distance,Landmark Direction,Landmark,Mile Marker Direction,Non Public Area,Road Contributing,Damaged Property Type,Description of Damaged Property,V1 Registration Type,v1 State Code,V1 Configuration,V1 Emergency Response,V1 Moped,V1 Hit and Run,V1 Action Prior to Crash,V1 Model Year,V1 Most Harmful Event,V1 Model,V1 Make,V1 Occupant Count,V1 Underride Override,V1 First Event,V1 Second Event,V1 Third Event,V1 Fourth Event,V1 Most Damaged Area,V1 Second Damaged Area,V1 Third Damaged Area,V1 Towed,V1 Travel Direction,V1 Interstate,V1 Cargo Body Type,V1 Gross Weight,V1 Haz Placard,V1 Haz Release,V1 Trailer Reg Type,V1 Trailer Reg Plate,V1 Trailer Reg State,V1 Trailer Reg Year,V1 Trailer Len,V1 Driver Contribution,V1 Driver Contribution 2,V1 Is Truck,V1 Has Trailer,V1 Is Bus,V1 Is Hazmat,V1 Reg Year,V1 Driver Distracted,V1 Bus Use,V1 Tow Use,V2 Registration Type,V2 State Code,V2 Configuration,V2 Emergency Response,V2 Moped,V2 Hit and Run,V2 Action Prior to Crash,V2 Model Year,V2 Most Harmful Event,V2 Model,V2 Make,V2 Occupant Count,V2 Underride Override,V2 First Event,V2 Second Event,V2 Third Event,V2 Fourth Event,V2 Most Damaged Area,V2 Second Damaged Area,V2 Third Damaged Area,V2 Towed,V2 Travel Direction,V2 Interstate,V2 Cargo Body Type,V2 Gross Weight,V2 Haz Placard,V2 Haz Release,V2 Trailer Reg Type,V2 Trailer Reg Plate,V2 Trailer Reg State,V2 Trailer Reg Year,V2 Trailer Len,V2 Driver Contribution,V2 Driver Contribution 2,V2 Is Truck,V2 Has Trailer,V2 Is Bus,V2 Is Hazmat,V2 Reg Year,V2 Driver Distracted,V2 Bus Use,V2 Tow Use,P1 Role,P1 Injury,P1 Drivers Lic State,P1 Drivers Lic Class 1,P1 Drivers Lic Class 2,P1 Drivers Lic Restrict,P1 Non Motorist Desc,P1 Non Motorist Action,P1 Non Motorist Location,P1 Safety Equipment,P1 Age,P1 Sex,P1 Seat Position,P1 Safety System,P1 Trapped,P1 Veh Owner,P2 Role,P2 Injury,P2 Drivers Lic State,P2 Drivers Lic Class 1,P2 Drivers Lic Class 2,P2 Drivers Lic Restrict,P2 Non Motorist Desc,P2 Non Motorist Action,P2 Non Motorist Location,P2 Safety Equipment,P2 Age,P2 Sex,P2 Seat Position,P2 Safety System,P2 Trapped,P2 Veh Owner
10/3/15 14:40,Saturday,PASSENGER CAR,,,MASSACHUSETTS AVENUE AND BROOKLINE STREET,,,"Cambridge, MA
(42.36679362800004, -71.10600609899996)",,,SINGLE VEHICLE CRASH,UNKNOWN,,DAYLIGHT,CLOUDY,CLOUDY,TRAFFIC CONTROL SIGNAL,YES,DRY,T-INTERSECTION,UNKNOWN,NO,NO,,INTERSECTION,MASSACHUSETTS AVENUE AND BROOKLINE STREET,EASTBOUND,,,,,,,,,,,,,,MUNICIPAL,WALKING CROOSWALK SIGNAL POLE,PAN,MA,PASSENGER CAR,,,Y,UNKNOWN,2000,,EXPLORER,FORD,1,,UNKNOWN,,,,LEFT FRONT,,,,,,,,,,,,,,,,,,,,,,,,,,,,,,,,,,,,,,,,,,,,,,,,,,,,,,,,,,,,,,,,,,,UNINVOLVED OWNER,,,,,,,,,,,MALE,,,,,WITNESS,,,,,,,,,,,FEMALE,,,,
8/24/15 13:57,Monday,TRUCK TRAILER,PASSENGER CAR,250,HAMPSHIRE ST,,CAMBRIDGE ST,"250 HAMPSHIRE ST
Cambridge, MA
(42.37429495400005, -71.10156883699995)",,,"SIDESWIPE, SAME DIRECTION",ROADWAY,,DAYLIGHT,CLOUDY,,NO CONTROLS,,DRY,NOT AT INTERSECTION,"TWO-WAY, DIVIDED, UNPROTECTED MEDIAN",NO,NO,5,NON INTERSECTION,,,,,,,EASTBOUND,,EASTBOUND,,,,,,NONE,,,APN,MA,TRUCK TRAILER,,,,SLOWING OR STOPPED IN TRAFFIC,2005,COLLISION WITH MOTOR VEHICLE IN TRAFFIC,CV713,MACK,1,,COLLISION WITH MOTOR VEHICLE IN TRAFFIC,,,,NONE,,,,EASTBOUND,,OTHER,"MORE THAN 26,000 POUNDS",,,,,,,,NO IMPROPER DRIVING,NO IMPROPER DRIVING,Y,,,,,NOT DISTRACTED,NOT A BUS,,PAN,CT,PASSENGER CAR,,,,BACKING,2015,COLLISION WITH MOTOR VEHICLE IN TRAFFIC,COROLLA,TOYOTA,5,,COLLISION WITH MOTOR VEHICLE IN TRAFFIC,,,,LEFT FRONT,,,,EASTBOUND,,,,,,,,,,,NO IMPROPER DRIVING,NO IMPROPER DRIVING,,,,,,NOT DISTRACTED,,,OPERATOR/DRIVER,NO INJURY,MASSACHUSETTS,"A, CLASS A VEHICLES","A, CLASS A VEHICLES",CORRECTIVE LENSES,,,,,53,MALE,"FRONT SEAT - LEFT SIDE, OR MOTORCYLE DRIVER",SHOULDER AND LAP BELT USED,NOT TRAPPED,,OPERATOR/DRIVER,NO INJURY,CONNECTICUT,"D, CLASS D VEHICLES",,NONE,,,,,25,MALE,"FRONT SEAT - LEFT SIDE, OR MOTORCYLE DRIVER",SHOULDER AND LAP BELT USED,NOT TRAPPED,
2/21/16 15:00,Sunday,PASSENGER CAR,,,ELIOT STREET,,BENNETT STREET,"ELIOT STREET
Cambridge, MA
(42.372134188000075, -71.12175771599993)",,1,HEAD ON,ROADWAY,COLLISION WITH PEDESTRIAN,DAYLIGHT,CLEAR,,NO CONTROLS,,DRY,NOT AT INTERSECTION,"TWO-WAY, DIVIDED, UNPROTECTED MEDIAN",NO,NO,,NON INTERSECTION,,,,,,,SOUTHBOUND,150 FEET,NORTHBOUND,,,,,,NONE,,,LVN,MA,PASSENGER CAR,,,Y,TRAVELING STRAIGHT AHEAD,2015,COLLISION WITH PEDESTRIAN,HIGHLANDER,TOYOTA,1,,COLLISION WITH PEDESTRIAN,,,,NONE,,,,SOUTHBOUND,,,,,,,,,,,"OPERATING VEHICLE IN ERRATIC, RECKLESS, CARELESS,",,,,,,,NOT DISTRACTED,,,,,,,,,,,,,,,,,,,,,,,,,,,,,,,,,,,,,,,,,,,,,OPERATOR/DRIVER,,MASSACHUSETTS,"D, CLASS D VEHICLES",,,,,,,,MALE,"FRONT SEAT - LEFT SIDE, OR MOTORCYLE DRIVER",UNKNOWN,NOT TRAPPED,Y,NON-MOTORIST,NON FATAL INJURY - INCAPACITATING,MASSACHUSETTS,,,,PEDESTRIAN,OTHER,PEDESTRIAN,NONE USED,,MALE,,,,
3/20/16 13:55,Sunday,LIGHT TRUCK,LIGHT TRUCK,844,MAIN ST,,,"844 MAIN ST
Cambridge, MA
(42.36330164000003, -71.09837294299996)",,,UNKNOWN,ROADWAY,COLLISION WITH PARKED MOTOR VEHICLE,DAYLIGHT,CLEAR,,NO CONTROLS,,DRY,NOT AT INTERSECTION,"TWO-WAY, DIVIDED, UNPROTECTED MEDIAN",NO,NO,,NON INTERSECTION,,,,,,,,,,,,,,,NONE,,,PAN,MA,LIGHT TRUCK,,,,PARKED,2001,COLLISION WITH MOTOR VEHICLE IN TRAFFIC,HIGHLANDER,TOYOTA,,,COLLISION WITH MOTOR VEHICLE IN TRAFFIC,,,,REAR CENTER,LEFT REAR,,,,,,,,,,,,,,,,,,,,,,,,SPN,MA,LIGHT TRUCK,,,,UNKNOWN,2009,COLLISION WITH PARKED MOTOR VEHICLE,CARAVAN,DODGE,,,COLLISION WITH PARKED MOTOR VEHICLE,,,,,,,,UNKNOWN,,,,,,,,,,,UNKNOWN,,,,,,,,,,UNINVOLVED OWNER,,,,,,,,,,,MALE,,,,Y,OPERATOR/DRIVER,,MASSACHUSETTS,"D, CLASS D VEHICLES",,,,,,,,FEMALE,,,,Y
12/4/15 18:43,Friday,PASSENGER CAR,PASSENGER CAR,,CARDINAL MEDERIOS,,HAMPSHIRE STREET,"CARDINAL MEDERIOS
Cambridge, MA
(42.36922632300008, -71.09011722999998)",,,ANGLE,ROADWAY,COLLISION WITH MOTOR VEHICLE IN TRAFFIC,DARK - LIGHTED ROADWAY,CLEAR,,NO CONTROLS,YES,DRY,DRIVEWAY,"TWO-WAY, NOT DIVIDED",,NO,,NON INTERSECTION,,,,,,,SOUTHBOUND,,SOUTHBOUND,,,,SOUTHBOUND,,NONE,,,PAN,MA,PASSENGER CAR,,,,TURNING RIGHT,2012,COLLISION WITH MOTOR VEHICLE IN TRAFFIC,TACOMA,TOYOTA,1,,COLLISION WITH MOTOR VEHICLE IN TRAFFIC,,,,LEFT FRONT,CENTER FRONT,,,SOUTHBOUND,,,,,,,,,,,FAILED TO YIELD THE RIGHT OF WAY,,,,,,,UNKNOWN,,,PAN,MA,PASSENGER CAR,,,,TRAVELING STRAIGHT AHEAD,2010,COLLISION WITH MOTOR VEHICLE IN TRAFFIC,,SCION,2,,COLLISION WITH MOTOR VEHICLE IN TRAFFIC,,,,RIGHT FRONT,CENTER FRONT,LEFT FRONT,Y,SOUTHBOUND,,,,,,,,,,,NO IMPROPER DRIVING,NO IMPROPER DRIVING,,,,,,NOT DISTRACTED,,YES VEHICLE OR TRAILER DISABLED,OPERATOR/DRIVER,NO INJURY,MASSACHUSETTS,,,,,,,,,MALE,"FRONT SEAT - LEFT SIDE, OR MOTORCYLE DRIVER",SHOULDER AND LAP BELT USED,NOT TRAPPED,Y,OPERATOR/DRIVER,NO INJURY,MASSACHUSETTS,,,,,,,,,MALE,"FRONT SEAT - LEFT SIDE, OR MOTORCYLE DRIVER",SHOULDER AND LAP BELT USED,NOT TRAPPED,Y
9/24/15 14:17,Thursday,SINGLE UNIT TRUCK (2 AXLES - 6 TIRES),,,SHERMAN ST,RINDGE AVE,,"SHERMAN ST &amp; RINDGE AVE
Cambridge, MA
(42.36679362800004, -71.10600609899996)",,,SINGLE VEHICLE CRASH,OUTSIDE ROADWAY,COLLISION WITH UTILITY POLE,DAYLIGHT,CLEAR,,TRAFFIC CONTROL SIGNAL,YES,DRY,T-INTERSECTION,"TWO-WAY, NOT DIVIDED",NO,NO,,INTERSECTION,SHERMAN ST,NORTHBOUND,RINDGE AVE,EASTBOUND,,,,,,,,,,,NONE,UTILITIES,UTILITY POLE,PAN,MA,SINGLE UNIT TRUCK (2 AXLES - 6 TIRES),,,,BACKING,2010,COLLISION WITH UTILITY POLE,4300SE,INTERNATIONAL,1,,COLLISION WITH UTILITY POLE,,,,NONE,,,,NORTHBOUND,,,,,,,,,,,VISIBILITY OBSTRUCTED,INATTENTION,Y,,,,,NOT DISTRACTED,,,,,,,,,,,,,,,,,,,,,,,,,,,,,,,,,,,,,,,,,,,,,OPERATOR/DRIVER,NO INJURY,MASSACHUSETTS,"B, CLASS B VEHICLES",,,,,,,,MALE,"FRONT SEAT - LEFT SIDE, OR MOTORCYLE DRIVER",LAP BELT USED ONLY,NOT TRAPPED,,UNINVOLVED OWNER,,MASSACHUSETTS,,,,,,,,,,,,,Y
8/27/15 21:20,Thursday,PASSENGER CAR,,1730,MASS AVE,,GARFIELD ST,"1730 MASS AVE
Cambridge, MA
(42.38378239800005, -71.11951805599995)",,,HEAD ON,,,DAYLIGHT,UNKNOWN,,,,OTHER,NOT AT INTERSECTION,"TWO-WAY, DIVIDED, POSITIVE MEDIAN BARRIER",,YES,,NON INTERSECTION,,,,,,,,,,,,,,,WORK ZONE,,,PAN,NJ,PASSENGER CAR,,,,TRAVELING STRAIGHT AHEAD,2015,,ALTIMA,NISSAN,1,,UNKNOWN FIXED OBJECT,,,,RIGHT FRONT,CENTER FRONT,LEFT FRONT,,,,,,,,,,,,,,,,,,,,,,,,,,,,,,,,,,,,,,,,,,,,,,,,,,,,,,,,,,,,,,,,,OPERATOR/DRIVER,,MASSACHUSETTS,,,,,,,,,MALE,"FRONT SEAT - LEFT SIDE, OR MOTORCYLE DRIVER",,,,UNINVOLVED OWNER,,,,,,,,,,,,,,,Y
8/13/15 21:52,Thursday,LIGHT TRUCK,,1438,MASSACHUSETTS AVE,,CHURCH STREET,"1438 MASSACHUSETTS AVE
Cambridge, MA
(42.373862538000026, -71.11891690299996)",,,ANGLE,ROADSIDE,,DUSK,CLEAR,,TRAFFIC CONTROL SIGNAL,YES,DRY,NOT AT INTERSECTION,"TWO-WAY, NOT DIVIDED",NO,,,NON INTERSECTION,,,,,,,WESTBOUND,,,,,T- MOBILE PHONE STORE,,,NONE,,,PAN,NY,LIGHT TRUCK,,,,SLOWING OR STOPPED IN TRAFFIC,2015,,PATRIOT,JEEP,2,,OTHER,,,,,,,,WESTBOUND,,,,,,,,,,,NO IMPROPER DRIVING,,,,,,,NOT DISTRACTED,,,,,,,,,,,,,,,,,,,,,,,,,,,,,,,,,,,,,,,,,,,,,OPERATOR/DRIVER,,TEXAS,,,,,,,,,FEMALE,,,,,NON-MOTORIST,,,,,,,,,,,MALE,,,,
8/4/15 22:20,Tuesday,PASSENGER CAR,,52,GARDEN STREET,,,"52 GARDEN STREET
Cambridge, MA
(42.38037904000004, -71.12529560699994)",,,REAR-END,,COLLISION WITH MOTOR VEHICLE IN TRAFFIC,UNKNOWN,UNKNOWN,,NO CONTROLS,,UNKNOWN,NOT AT INTERSECTION,"TWO-WAY, NOT DIVIDED",NO,NO,,NON INTERSECTION,,,,,,,SOUTHBOUND,,,,,,,,NONE,,,PAN,MA,PASSENGER CAR,,,,PARKED,2008,,S40,VOLVO,0,,COLLISION WITH MOTOR VEHICLE IN TRAFFIC,,,,LEFT REAR,,,,,,,,,,,,,,,NO IMPROPER DRIVING,,,,,,,,,,UNKNOWN,,,,,Y,TRAVELING STRAIGHT AHEAD,,COLLISION WITH PARKED MOTOR VEHICLE,UNKNOWN,UNKNOWN,1,,COLLISION WITH PARKED MOTOR VEHICLE,,,,,,,,SOUTHBOUND,,,,,,,,,,,UNKNOWN,,,,,,,UNKNOWN,,,UNINVOLVED OWNER,,MASSACHUSETTS,,,,,,,,,FEMALE,,,,,OPERATOR/DRIVER,,,,,,,,,,,FEMALE,,,,
12/2/15 14:32,Wednesday,PASSENGER CAR,,100,CAMBRIDGESIDE PLACE,,,"100 CAMBRIDGESIDE PLACE
Cambridge, MA
(42.36702668500004, -71.07601567499995)",,1,SINGLE VEHICLE CRASH,ROADWAY,COLLISION WITH PEDESTRIAN,DARK - LIGHTED ROADWAY,CLEAR,CLEAR,NO CONTROLS,NO,DRY,NOT AT INTERSECTION,"TWO-WAY, DIVIDED, POSITIVE MEDIAN BARRIER",NO,NO,,NON INTERSECTION,,,,,,,,,,,,,,,NONE,,,TAN,MA,PASSENGER CAR,,,,BACKING,2009,COLLISION WITH PEDESTRIAN,CAMRY,TOYOTA,1,,COLLISION WITH PEDESTRIAN,,,,,,,,,,,,,,,,,,,"OPERATING VEHICLE IN ERRATIC, RECKLESS, CARELESS,",,,,,,,UNKNOWN,,,,,,,,,,,,,,,,,,,,,,,,,,,,,,,,,,,,,,,,,,,,,OPERATOR/DRIVER,,MASSACHUSETTS,"D, CLASS D VEHICLES",,,,,,,,MALE,"FRONT SEAT - LEFT SIDE, OR MOTORCYLE DRIVER",UNKNOWN,NOT TRAPPED,,NON-MOTORIST,NON FATAL INJURY - POSSIBLE,,,,,,,,,,MALE,,,,
3/30/16 19:30,Wednesday,PASSENGER CAR,LIGHT TRUCK,,BROADWAY,,ANTRIM ST,"BROADWAY
Cambridge, MA
(42.37379119600007, -71.11232017699996)",,,REAR-END,ROADSIDE,COLLISION WITH MOTOR VEHICLE IN TRAFFIC,DARK - LIGHTED ROADWAY,CLEAR,,NO CONTROLS,,DRY,NOT AT INTERSECTION,"TWO-WAY, NOT DIVIDED",NO,NO,,NON INTERSECTION,,,,,,,NORTHBOUND,,EASTBOUND,,,,,,NONE,,,PAN,MA,PASSENGER CAR,,,,TRAVELING STRAIGHT AHEAD,2010,COLLISION WITH MOTOR VEHICLE IN TRAFFIC,G37,INFINITY,1,,COLLISION WITH MOTOR VEHICLE IN TRAFFIC,,,,CENTER FRONT,RIGHT FRONT,LEFT FRONT,Y,NORTHBOUND,,,,,,,,,,,NO IMPROPER DRIVING,,,,,,,NOT DISTRACTED,,YES VEHICLE OR TRAILER DISABLED,PAN,MA,LIGHT TRUCK,,,,TRAVELING STRAIGHT AHEAD,2007,COLLISION WITH MOTOR VEHICLE IN TRAFFIC,MKX,LINCOLN,,,COLLISION WITH MOTOR VEHICLE IN TRAFFIC,,,,,,,,NORTHBOUND,,,,,,,,,,,NO IMPROPER DRIVING,,,,,,,NOT DISTRACTED,,,OPERATOR/DRIVER,NO INJURY,MASSACHUSETTS,"D, CLASS D VEHICLES",,,,,,,,MALE,"FRONT SEAT - LEFT SIDE, OR MOTORCYLE DRIVER",SHOULDER AND LAP BELT USED,NOT TRAPPED,,UNINVOLVED OWNER,,MASSACHUSETTS,,,,,,,,,MALE,,,,Y
12/10/15 16:55,Thursday,LIGHT TRUCK,,,STORY STREET,MT. AUBURN STREET,,"STORY STREET &amp; MT. AUBURN STREET
Cambridge, MA
(42.36679362800004, -71.10600609899996)",,1,HEAD ON,ROADWAY,COLLISION WITH PEDESTRIAN,DAYLIGHT,CLEAR,,STOP SIGNS,,DRY,T-INTERSECTION,,NO,NO,,INTERSECTION,STORY STREET,SOUTHBOUND,MT. AUBURN STREET,WESTBOUND,,,,,,,,,,,NONE,,,PAN,MA,LIGHT TRUCK,,,,TRAVELING STRAIGHT AHEAD,2013,COLLISION WITH PEDESTRIAN,GLK 350,MERCEDES,1,,COLLISION WITH PEDESTRIAN,,,,,,,,SOUTHBOUND,,,,,,,,,,,FAILED TO YIELD THE RIGHT OF WAY,,,,,,,UNKNOWN,,,,,,,,,,,,,,,,,,,,,,,,,,,,,,,,,,,,,,,,,,,,,OPERATOR/DRIVER,NO INJURY,MASSACHUSETTS,"D, CLASS D VEHICLES",,,,,,,,MALE,"FRONT SEAT - LEFT SIDE, OR MOTORCYLE DRIVER",UNKNOWN,NOT TRAPPED,Y,NON-MOTORIST,,,,,,,,,,,FEMALE,,,,
8/24/15 9:00,Monday,PASSENGER CAR,,808,MEMORIAL DRIVE,,,"808 MEMORIAL DRIVE
Cambridge, MA
(42.36092511600003, -71.11586410799998)",,,UNKNOWN,UNKNOWN,UNKNOWN,UNKNOWN,UNKNOWN,,,NO,UNKNOWN,NOT AT INTERSECTION,,,,,NON INTERSECTION,,,,,,,,,,,,,,,UNKNOWN,,,PAN,MA,PASSENGER CAR,,,Y,PARKED,2012,UNKNOWN,YARIS,TOYOTA,,,COLLISION WITH MOTOR VEHICLE IN TRAFFIC,,,,RIGHT SIDE,,,,,,,,,,,,,,,,,,,,,,,,,,,,,,,,,,,,,,,,,,,,,,,,,,,,,,,,,,,,,,,,,,,UNINVOLVED OWNER,,,,,,,,,,,FEMALE,,,,Y,,,,,,,,,,,,,,,,
9/3/15 12:50,Thursday,PASSENGER CAR,PASSENGER CAR,200,ALEWIFE BROOK PARKWAY,,,"200 ALEWIFE BROOK PARKWAY
Cambridge, MA
(42.390171585000076, -71.14200220899994)",,,ANGLE,ROADWAY,COLLISION WITH MOTOR VEHICLE IN TRAFFIC,DAYLIGHT,CLEAR,,NO CONTROLS,,DRY,NOT AT INTERSECTION,"TWO-WAY, NOT DIVIDED",NO,NO,,NON INTERSECTION,,,,,,,SOUTHBOUND,,,,,,,,NONE,,,PAN,MA,PASSENGER CAR,,,,BACKING,2011,COLLISION WITH MOTOR VEHICLE IN TRAFFIC,SORENT,KIA,1,,COLLISION WITH MOTOR VEHICLE IN TRAFFIC,COLLISION WITH MOTOR VEHICLE IN TRAFFIC,,,LEFT REAR,,,,SOUTHBOUND,,,,,,,,,,,INATTENTION,,,,,,,NOT DISTRACTED,,,PAN,MA,PASSENGER CAR,,,,TRAVELING STRAIGHT AHEAD,2012,COLLISION WITH MOTOR VEHICLE IN TRAFFIC,ACCORD,HONDA,1,,COLLISION WITH MOTOR VEHICLE IN TRAFFIC,,,,RIGHT SIDE,RIGHT REAR,,,EASTBOUND,,,,,,,,,,,NO IMPROPER DRIVING,,,,,,,NOT DISTRACTED,,,OPERATOR/DRIVER,,MASSACHUSETTS,"D, CLASS D VEHICLES",,,,,,,,FEMALE,"FRONT SEAT - LEFT SIDE, OR MOTORCYLE DRIVER",SHOULDER AND LAP BELT USED,NOT TRAPPED,Y,OPERATOR/DRIVER,,MASSACHUSETTS,"D, CLASS D VEHICLES",,,,,,,,MALE,"FRONT SEAT - LEFT SIDE, OR MOTORCYLE DRIVER",SHOULDER AND LAP BELT USED,NOT TRAPPED,Y
2/9/16 8:57,Tuesday,PASSENGER CAR,PASSENGER CAR,,MT. AUBURN ST.,LOWELL ST.,,"MT. AUBURN ST. &amp; LOWELL ST.
Cambridge, MA
(42.36679362800004, -71.10600609899996)",,,ANGLE,ROADWAY,COLLISION WITH MOTOR VEHICLE IN TRAFFIC,DAYLIGHT,CLEAR,SNOW,STOP SIGNS,,SLUSH,T-INTERSECTION,"TWO-WAY, NOT DIVIDED",NO,NO,,INTERSECTION,MT. AUBURN ST.,SOUTHBOUND,LOWELL ST.,EASTBOUND,,,,,,,,,,,NONE,,,PAN,MA,PASSENGER CAR,,,,TURNING LEFT,2011,COLLISION WITH MOTOR VEHICLE IN TRAFFIC,GOLF,VOLKS,1,,COLLISION WITH MOTOR VEHICLE IN TRAFFIC,,,,LEFT FRONT,CENTER FRONT,,,SOUTHBOUND,,,,,,,,,,,INATTENTION,,,,,,,NOT DISTRACTED,,,PAN,MA,PASSENGER CAR,,,,TRAVELING STRAIGHT AHEAD,2005,COLLISION WITH MOTOR VEHICLE IN TRAFFIC,CAMRY,TOYT,1,,COLLISION WITH MOTOR VEHICLE IN TRAFFIC,,,,RIGHT FRONT,,,,SOUTHBOUND,,,,,,,,,,,NO IMPROPER DRIVING,,,,,,,NOT DISTRACTED,,,OPERATOR/DRIVER,NO INJURY,MASSACHUSETTS,"D, CLASS D VEHICLES",,UNKNOWN,,,,,,MALE,"FRONT SEAT - LEFT SIDE, OR MOTORCYLE DRIVER",SHOULDER AND LAP BELT USED,NOT TRAPPED,Y,OPERATOR/DRIVER,NO INJURY,MASSACHUSETTS,"D, CLASS D VEHICLES",,,,,,,,MALE,"FRONT SEAT - LEFT SIDE, OR MOTORCYLE DRIVER",SHOULDER AND LAP BELT USED,NOT TRAPPED,Y
10/9/15 16:49,Friday,LIGHT TRUCK,LIGHT TRUCK,,CAMBRIDGE STREET,THIRD STREET,,"CAMBRIDGE STREET &amp; THIRD STREET
Cambridge, MA
(42.36679362800004, -71.10600609899996)",,,,,,DAYLIGHT,RAIN,,TRAFFIC CONTROL SIGNAL,,WET,T-INTERSECTION,"TWO-WAY, NOT DIVIDED",YES,NO,,INTERSECTION,CAMBRIDGE STREET,EASTBOUND,THIRD STREET,NORTHBOUND,,,,,,,,,,,NONE,,,PAN,MA,LIGHT TRUCK,,,,TURNING LEFT,2004,,GRACHE,JEEP,2,,COLLISION WITH MOTOR VEHICLE IN TRAFFIC,,,,,,,,EASTBOUND,,,,,,,,,,,UNKNOWN,,,,,,,UNKNOWN,,,SPN,MA,LIGHT TRUCK,,,,TRAVELING STRAIGHT AHEAD,2003,,MINIVAN,CHRYSLER,2,,COLLISION WITH MOTOR VEHICLE IN TRAFFIC,,,,,,,,WESTBOUND,,,,,,,,,,,UNKNOWN,,,,,,,UNKNOWN,,,OPERATOR/DRIVER,,MASSACHUSETTS,,,,,,,,,MALE,,,,Y,OCCUPANT/PASSENGER,,,,,,,,,,,FEMALE,,,,
3/12/16 14:00,Saturday,,PASSENGER CAR,,MASS AVE AT CHURCHILL,,,"MASS AVE AT CHURCHILL
Cambridge, MA
(42.39981013600004, -71.13343938599996)",,,REAR-END,,COLLISION WITH MOTOR VEHICLE IN TRAFFIC,DAYLIGHT,CLEAR,,NO CONTROLS,,DRY,,,NO,NO,,NON INTERSECTION,,,,,,,NORTHBOUND,,,,,,NORTHBOUND,,,,,PAN,MA,,,,,TRAVELING STRAIGHT AHEAD,2004,,ACCORD,HONDA,1,,,COLLISION WITH MOTOR VEHICLE IN TRAFFIC,,COLLISION WITH MOTOR VEHICLE IN TRAFFIC,CENTER FRONT,CENTER FRONT,CENTER FRONT,Y,,,,,,,,,,,,INATTENTION,,,,,,,UNKNOWN,,YES VEHICLE OR TRAILER DISABLED,PAN,MA,PASSENGER CAR,,,,SLOWING OR STOPPED IN TRAFFIC,2010,,FORESTER,SUBARU,2,,,COLLISION WITH MOTOR VEHICLE IN TRAFFIC,,COLLISION WITH MOTOR VEHICLE IN TRAFFIC,REAR CENTER,REAR CENTER,REAR CENTER,,,,,,,,,,,,,NO IMPROPER DRIVING,,,,,,,NOT DISTRACTED,,NO,OPERATOR/DRIVER,NO INJURY,MASSACHUSETTS,,,,,,,,,MALE,"FRONT SEAT - LEFT SIDE, OR MOTORCYLE DRIVER",,,Y,OPERATOR/DRIVER,NO INJURY,MASSACHUSETTS,,,,,,,,,FEMALE,"FRONT SEAT - LEFT SIDE, OR MOTORCYLE DRIVER",,,Y
8/4/15 10:00,Tuesday,BUS SEATS MORE THAN 15 PEOPLE,PASSENGER CAR,99,BRATTLE STREET,,,"99 BRATTLE STREET
Cambridge, MA
(42.37626703700005, -71.12564410099998)",,,"SIDESWIPE, SAME DIRECTION",ROADWAY,COLLISION WITH PARKED MOTOR VEHICLE,DAYLIGHT,CLEAR,,NO CONTROLS,,DRY,,,NO,NO,0,NON INTERSECTION,,,,,,,,,,,,,,,NONE,,,PAN,MA,BUS SEATS MORE THAN 15 PEOPLE,,,,TRAVELING STRAIGHT AHEAD,2001,,HOOL,VAN,1,,COLLISION WITH PARKED MOTOR VEHICLE,,,,RIGHT REAR,,,,,UNKNOWN,BUS SEATS MORE THAN 15 PEOPLE,"10,001 - 26000 POUNDS",,,,,,,,UNKNOWN,,,,Y,,,,CHARTER/TOUR,NO,PAN,MA,PASSENGER CAR,,,,PARKED,1998,,Z3,BMW,0,,COLLISION WITH PARKED MOTOR VEHICLE,COLLISION WITH MOTOR VEHICLE IN TRAFFIC,,,LEFT FRONT,CENTER FRONT,RIGHT FRONT,,,,,,,,,,,,,,,,,,,,,,NO,OPERATOR/DRIVER,NO INJURY,MASSACHUSETTS,,,,,,,,,MALE,"FRONT SEAT - LEFT SIDE, OR MOTORCYLE DRIVER",UNKNOWN,NOT TRAPPED,,UNINVOLVED OWNER,,,,,,,,,,,,,,,Y