Date Time,Day of Week,Object 1,Object 2,Street Number,Street Name,Cross Street,Near Street,Location,May involve cyclist,May Involve Pedestrian,Manner of Collision,First Harmful Event Location,First Harmful Event,Ambient Light,Weather Condition 1,Weather Condition 2,Traffic Control Device Type,Traffic Control Device Functionality,Road Surface Condition,Roadway Junction Type,Trafficway Description,School Bus Related,Work Zone,Speed Limit,Street or Intersection,Intersection Name 1,Intersection Direction 1,Intersection Name 2,Intersection Direction 2,Intersection Name 3,Intersection Direction 3,Street Direction,Nearest Intersection Distance,Nearest Intersection Direction,Landmark Distance,Landmark Direction,Landmark,Mile Marker Direction,Non Public Area,Road Contributing,Damaged Property Type,Description of Damaged Property,V1 Registration Type,v1 State Code,V1 Configuration,V1 Emergency Response,V1 Moped,V1 Hit and Run,V1 Action Prior to Crash,V1 Model Year,V1 Most Harmful Event,V1 Model,V1 Make,V1 Occupant Count,V1 Underride Override,V1 First Event,V1 Second Event,V1 Third Event,V1 Fourth Event,V1 Most Damaged Area,V1 Second Damaged Area,V1 Third Damaged Area,V1 Towed,V1 Travel Direction,V1 Interstate,V1 Cargo Body Type,V1 Gross Weight,V1 Haz Placard,V1 Haz Release,V1 Trailer Reg Type,V1 Trailer Reg Plate,V1 Trailer Reg State,V1 Trailer Reg Year,V1 Trailer Len,V1 Driver Contribution,V1 Driver Contribution 2,V1 Is Truck,V1 Has Trailer,V1 Is Bus,V1 Is Hazmat,V1 Reg Year,V1 Driver Distracted,V1 Bus Use,V1 Tow Use,V2 Registration Type,V2 State Code,V2 Configuration,V2 Emergency Response,V2 Moped,V2 Hit and Run,V2 Action Prior to Crash,V2 Model Year,V2 Most Harmful Event,V2 Model,V2 Make,V2 Occupant Count,V2 Underride Override,V2 First Event,V2 Second Event,V2 Third Event,V2 Fourth Event,V2 Most Damaged Area,V2 Second Damaged Area,V2 Third Damaged Area,V2 Towed,V2 Travel Direction,V2 Interstate,V2 Cargo Body Type,V2 Gross Weight,V2 Haz Placard,V2 Haz Release,V2 Trailer Reg Type,V2 Trailer Reg Plate,V2 Trailer Reg State,V2 Trailer Reg Year,V2 Trailer Len,V2 Driver Contribution,V2 Driver Contribution 2,V2 Is Truck,V2 Has Trailer,V2 Is Bus,V2 Is Hazmat,V2 Reg Year,V2 Driver Distracted,V2 Bus Use,V2 Tow Use,P1 Role,P1 Injury,P1 Drivers Lic State,P1 Drivers Lic Class 1,P1 Drivers Lic Class 2,P1 Drivers Lic Restrict,P1 Non Motorist Desc,P1 Non Motorist Action,P1 Non Motorist Location,P1 Safety Equipment,P1 Age,P1 Sex,P1 Seat Position,P1 Safety System,P1 Trapped,P1 Veh Owner,P2 Role,P2 Injury,P2 Drivers Lic State,P2 Drivers Lic Class 1,P2 Drivers Lic Class 2,P2 Drivers Lic Restrict,P2 Non Motorist Desc,P2 Non Motorist Action,P2 Non Motorist Location,P2 Safety Equipment,P2 Age,P2 Sex,P2 Seat Position,P2 Safety System,P2 Trapped,P2 Veh Owner
8/21/15 8:49,Friday,PASSENGER CAR,LIGHT TRUCK,,MAIN ST,OSBORNE ST,,"MAIN ST &amp; OSBORNE ST
Cambridge, MA
(42.36679362800004, -71.10600609899996)",,,"SIDESWIPE, SAME DIRECTION",ROADWAY,COLLISION WITH MOTOR VEHICLE IN TRAFFIC,DAYLIGHT,RAIN,,NO CONTROLS,,WET,,"TWO-WAY, NOT DIVIDED",NO,NO,30,INTERSECTION,MAIN ST,WESTBOUND,OSBORNE ST,NORTHBOUND,,,,,,,,,,,NONE,,,LVN,MA,PASSENGER CAR,,,,PARKED,2012,COLLISION WITH MOTOR VEHICLE IN TRAFFIC,MKS,LINCOLN,1,,,COLLISION WITH MOTOR VEHICLE IN TRAFFIC,,,LEFT FRONT,,,,WESTBOUND,,,,,,,,,,,NO IMPROPER DRIVING,,,,,,,NOT DISTRACTED,,,CON,MA,LIGHT TRUCK,,,,TRAVELING STRAIGHT AHEAD,8,COLLISION WITH PARKED MOTOR VEHICLE,DRWSUP,FORD,1,,COLLISION WITH PARKED MOTOR VEHICLE,,,,RIGHT FRONT,,,,WESTBOUND,,,,,,,,,,,INATTENTION,,,,,,,,,,OPERATOR/DRIVER,NO INJURY,MASSACHUSETTS,,,,,,,,,MALE,"FRONT SEAT - LEFT SIDE, OR MOTORCYLE DRIVER",UNKNOWN,NOT TRAPPED,Y,OPERATOR/DRIVER,NO INJURY,MASSACHUSETTS,,,,,,,,,MALE,,,,
3/10/16 12:26,Thursday,PASSENGER CAR,PASSENGER CAR,,THIRD ST,GORE ST,,"THIRD ST &amp; GORE ST
Cambridge, MA
(42.36679362800004, -71.10600609899996)",,,ANGLE,ROADWAY,COLLISION WITH MOTOR VEHICLE IN TRAFFIC,DAYLIGHT,RAIN,,STOP SIGNS,YES,DRY,FOUR WAY INTERSECTION,"TWO-WAY, NOT DIVIDED",NO,NO,30,INTERSECTION,THIRD ST,SOUTHBOUND,GORE ST,EASTBOUND,,,,,,,,,,,NONE,,,PAS,MA,PASSENGER CAR,,,,TRAVELING STRAIGHT AHEAD,2015,COLLISION WITH MOTOR VEHICLE IN TRAFFIC,TLX,ACURA,1,,COLLISION WITH MOTOR VEHICLE IN TRAFFIC,,,,RIGHT SIDE,RIGHT REAR,,Y,SOUTHBOUND,,,,,,,,,,,NO IMPROPER DRIVING,,,,,,,NOT DISTRACTED,,YES VEHICLE OR TRAILER DISABLED,PAN,MA,PASSENGER CAR,,,,TRAVELING STRAIGHT AHEAD,2015,COLLISION WITH MOTOR VEHICLE IN TRAFFIC,TLX,ACURA,1,,COLLISION WITH MOTOR VEHICLE IN TRAFFIC,,,,CENTER FRONT,,LEFT FRONT,,EASTBOUND,,,,,,,,,,,"DISREGARDED TRAFFIC SIGNS, SIGNALS, ROAD MARKINGS",,,,,,,UNKNOWN,,,OPERATOR/DRIVER,NO INJURY,MASSACHUSETTS,"D, CLASS D VEHICLES",,NONE,,,,,,MALE,"FRONT SEAT - LEFT SIDE, OR MOTORCYLE DRIVER",SHOULDER AND LAP BELT USED,NOT TRAPPED,,OPERATOR/DRIVER,NO INJURY,MARYLAND,"C, CLASS C VEHICLES",,CORRECTIVE LENSES,,,,,,FEMALE,"FRONT SEAT - LEFT SIDE, OR MOTORCYLE DRIVER",UNKNOWN,NOT TRAPPED,
1/17/16 14:27,Sunday,PASSENGER CAR,PASSENGER CAR,,CAMBRIDGE ST.,SUMNER RD,,"CAMBRIDGE ST. &amp; SUMNER RD
Cambridge, MA
(42.36679362800004, -71.10600609899996)",,,REAR-END,ROADWAY,COLLISION WITH PARKED MOTOR VEHICLE,DAYLIGHT,CLOUDY,CLOUDY,NO CONTROLS,,DRY,T-INTERSECTION,"ONE-WAY, NOT DIVIDED",NO,NO,,INTERSECTION,CAMBRIDGE ST.,EASTBOUND,SUMNER RD,EASTBOUND,,,,,,,,,,,OTHER,,,PAN,MA,PASSENGER CAR,Y,,,OTHER,2003,COLLISION WITH PARKED MOTOR VEHICLE,GS,LEXUS,1,,COLLISION WITH PARKED MOTOR VEHICLE,COLLISION WITH PARKED MOTOR VEHICLE,COLLISION WITH PARKED MOTOR VEHICLE,COLLISION WITH PARKED MOTOR VEHICLE,RIGHT REAR,REAR CENTER,LEFT REAR,Y,EASTBOUND,,,,,,,,,,,"OPERATING VEHICLE IN ERRATIC, RECKLESS, CARELESS,","OPERATING VEHICLE IN ERRATIC, RECKLESS, CARELESS,",,,,,,UNKNOWN,,YES VEHICLE OR TRAILER DISABLED,PAN,MA,PASSENGER CAR,,,,PARKED,2011,OTHER,PRIUS,TOYOTA,0,,OTHER,OTHER,OTHER,OTHER,CENTER FRONT,RIGHT FRONT,LEFT FRONT,Y,EASTBOUND,,,,,,,,,,,NO IMPROPER DRIVING,NO IMPROPER DRIVING,,,,,,NOT DISTRACTED,,YES VEHICLE OR TRAILER DISABLED,OPERATOR/DRIVER,NO INJURY,MASSACHUSETTS,"D, CLASS D VEHICLES",,,,,,,80,MALE,UNKNOWN,UNKNOWN,NOT TRAPPED,Y,WITNESS,,MASSACHUSETTS,,,,,,,,29,FEMALE,,,,
10/31/15 15:55,Saturday,PASSENGER CAR,PASSENGER CAR,,ORCHARD ST,MILLER AVE,,"ORCHARD ST &amp; MILLER AVE
Cambridge, MA
(42.36679362800004, -71.10600609899996)",,,"SIDESWIPE, SAME DIRECTION",ROADWAY,COLLISION WITH MOTOR VEHICLE IN TRAFFIC,DAYLIGHT,CLEAR,,STOP SIGNS,,DRY,T-INTERSECTION,"ONE-WAY, NOT DIVIDED",NO,NO,,INTERSECTION,ORCHARD ST,EASTBOUND,MILLER AVE,SOUTHBOUND,,,,,,,,,,,NONE,,,PAN,MA,PASSENGER CAR,,,,TURNING LEFT,2010,,COROLLA,TOYOTA,1,,COLLISION WITH MOTOR VEHICLE IN TRAFFIC,COLLISION WITH PARKED MOTOR VEHICLE,,,CENTER FRONT,RIGHT FRONT,,,,,,,,,,,,,,,,,,,,,,,,PAN,MA,PASSENGER CAR,,,,TRAVELING STRAIGHT AHEAD,1996,,CAMRY,TOYOTA,1,,COLLISION WITH MOTOR VEHICLE IN TRAFFIC,,,,LEFT FRONT,LEFT SIDE,,,,,,,,,,,,,,,,,,,,,,,,OPERATOR/DRIVER,NO INJURY,MASSACHUSETTS,,,,,,,,,MALE,"FRONT SEAT - LEFT SIDE, OR MOTORCYLE DRIVER",,,Y,OPERATOR/DRIVER,NO INJURY,MASSACHUSETTS,,,,,,,,,FEMALE,"FRONT SEAT - LEFT SIDE, OR MOTORCYLE DRIVER",,,Y
11/13/15 13:36,Friday,TRACTOR / SEMI-TRIALER,LIGHT TRUCK,,ELM ST,CAMBRIDGE ST,,"ELM ST &amp; CAMBRIDGE ST
Cambridge, MA
(42.36679362800004, -71.10600609899996)",,,"SIDESWIPE, SAME DIRECTION",ROADWAY,COLLISION WITH MOTOR VEHICLE IN TRAFFIC,DAYLIGHT,CLEAR,,STOP SIGNS,,DRY,T-INTERSECTION,"ONE-WAY, NOT DIVIDED",NO,NO,30,INTERSECTION,ELM ST,NORTHBOUND,CAMBRIDGE ST,WESTBOUND,,,,,,,,,,,NONE,,,CON,MA,TRACTOR / SEMI-TRIALER,,,Y,TURNING LEFT,2015,COLLISION WITH PARKED MOTOR VEHICLE,M2,FREIGHTLINER,1,,COLLISION WITH PARKED MOTOR VEHICLE,,,,RIGHT REAR,,,,WESTBOUND,,,,,,,,,,,UNKNOWN,,,,,,,UNKNOWN,,,PAN,MA,LIGHT TRUCK,,,,PARKED,2007,COLLISION WITH MOTOR VEHICLE IN TRAFFIC,MOUNTAINEER,MERCURY,0,,COLLISION WITH MOTOR VEHICLE IN TRAFFIC,,,,LEFT FRONT,CENTER FRONT,RIGHT FRONT,,NORTHBOUND,,,,,,,,,,,NO IMPROPER DRIVING,,,,,,,NOT DISTRACTED,,,UNINVOLVED OWNER,,MASSACHUSETTS,"D, CLASS D VEHICLES",,,,,,,,FEMALE,,,,Y,WITNESS,,,,,,,,,,,MALE,,,,
10/18/15 15:40,Sunday,LIGHT TRUCK,PASSENGER CAR,15,SHEPARD ST,,,"15 SHEPARD ST
Cambridge, MA
(42.38157604300005, -71.12118593499997)",,,REAR-END,ROADWAY,COLLISION WITH MOTOR VEHICLE IN TRAFFIC,DAYLIGHT,CLOUDY,,NO CONTROLS,,DRY,NOT AT INTERSECTION,"ONE-WAY, NOT DIVIDED",YES,NO,,NON INTERSECTION,,,,,,,WESTBOUND,,,,,,,,NONE,,,PAS,MA,LIGHT TRUCK,,,,SLOWING OR STOPPED IN TRAFFIC,2013,COLLISION WITH MOTOR VEHICLE IN TRAFFIC,FORESTER,SUBARU,2,,COLLISION WITH MOTOR VEHICLE IN TRAFFIC,,,,LEFT FRONT,,,,WESTBOUND,,,,,,,,,,,NO IMPROPER DRIVING,,,,,,,NOT DISTRACTED,,NO,PAN,MA,PASSENGER CAR,,,Y,BACKING,,COLLISION WITH MOTOR VEHICLE IN TRAFFIC,UNKNOWN,NISSAN,,,COLLISION WITH MOTOR VEHICLE IN TRAFFIC,,,,RIGHT REAR,,,,EASTBOUND,,,,,,,,,,,WRONG SIDE OR WRONG WAY,"OPERATING VEHICLE IN ERRATIC, RECKLESS, CARELESS,",,,,,,UNKNOWN,,NO,OPERATOR/DRIVER,NO INJURY,MASSACHUSETTS,"D, CLASS D VEHICLES",,CORRECTIVE LENSES,,,,,,FEMALE,"FRONT SEAT - LEFT SIDE, OR MOTORCYLE DRIVER",SHOULDER AND LAP BELT USED,NOT TRAPPED,Y,OCCUPANT/PASSENGER,NO INJURY,,,,,,,,,,FEMALE,FRONT SEAT - RIGHT SIDE,SHOULDER AND LAP BELT USED,NOT TRAPPED,
8/15/15 15:36,Saturday,LIGHT TRUCK,,,MASSACHUSETTS AVE,PEABODY ST,,"MASSACHUSETTS AVE &amp; PEABODY ST
Cambridge, MA
(42.36679362800004, -71.10600609899996)",,,SINGLE VEHICLE CRASH,ROADWAY,COLLISION WITH UTILITY POLE,DAYLIGHT,CLEAR,,NO CONTROLS,,DRY,,"ONE-WAY, NOT DIVIDED",NO,NO,,INTERSECTION,MASSACHUSETTS AVE,NORTHBOUND,PEABODY ST,EASTBOUND,,,NORTHBOUND,,,,,,,,NONE,,,PAN,MA,LIGHT TRUCK,,,,TRAVELING STRAIGHT AHEAD,2003,,EXPLORER,FORD,1,,COLLISION WITH LIGHT POLE OR OTHER POST/SUPPORT,,,,RIGHT FRONT,,,Y,,,,,,,,,,,,DISTRACTED,,,,,,,,,YES VEHICLE OR TRAILER DISABLED,,,,,,,,,,,,,,,,,,,,,,,,,,,,,,,,,,,,,,,,,,,OPERATOR/DRIVER,NO INJURY,MASSACHUSETTS,,,,,,,,,FEMALE,"FRONT SEAT - LEFT SIDE, OR MOTORCYLE DRIVER",UNKNOWN,NOT TRAPPED,,UNINVOLVED OWNER,,,,,,,,,,,,,,,Y
8/3/15 18:25,Monday,PASSENGER CAR,,,ALBANY ST,PORTLAND ST,,"ALBANY ST &amp; PORTLAND ST
Cambridge, MA
(42.36679362800004, -71.10600609899996)",1,,ANGLE,ROADWAY,COLLISION WITH PEDALCYCLE,DAYLIGHT,CLEAR,,NO CONTROLS,,DRY,Y-INTERSECTION,"TWO-WAY, NOT DIVIDED",NO,NO,30,INTERSECTION,ALBANY ST,EASTBOUND,PORTLAND ST,NORTHBOUND,,,,,,,,,,,NONE,,,PAN,MA,PASSENGER CAR,,,,TURNING RIGHT,2014,COLLISION WITH PEDALCYCLE,COROLLA,TOYOTA,1,,COLLISION WITH PEDALCYCLE,,,,CENTER FRONT,,,,EASTBOUND,,,,,,,,,,,NO IMPROPER DRIVING,,,,,,,NOT DISTRACTED,,,,,,,,,,,,,,,,,,,,,,,,,,,,,,,,,,,,,,,,,,,,,OPERATOR/DRIVER,NO INJURY,MASSACHUSETTS,"D, CLASS D VEHICLES",,CORRECTIVE LENSES,,,,,,FEMALE,"FRONT SEAT - LEFT SIDE, OR MOTORCYLE DRIVER",SHOULDER AND LAP BELT USED,NOT TRAPPED,Y,NON-MOTORIST,NON FATAL INJURY - NON INCAPACITATING,MASSACHUSETTS,"D, CLASS D VEHICLES",,CORRECTIVE LENSES,CYCLIST,"WALKING, RUNNING OR CYCLING",CYCLIST,HELMET,,FEMALE,,,,
11/9/15 14:50,Monday,OTHER,PASSENGER CAR,,MAIN ST,,DOCK ST,"MAIN ST
Cambridge, MA
(42.363082675000044, -71.09493289999995)",,,ANGLE,ROADWAY,COLLISION WITH MOTOR VEHICLE IN TRAFFIC,DAYLIGHT,CLEAR,,NO CONTROLS,,DRY,NOT AT INTERSECTION,"ONE-WAY, NOT DIVIDED",NO,YES,,NON INTERSECTION,,,,,,,,,,,,,,,,,,MVN,MA,OTHER,,,,TURNING RIGHT,1999,COLLISION WITH PARKED MOTOR VEHICLE,,MACK,,,COLLISION WITH PARKED MOTOR VEHICLE,,,,NONE,,,,EASTBOUND,,,,,,,,,,,,,,,,,,,,,PAN,MA,PASSENGER CAR,,,,PARKED,2007,COLLISION WITH MOTOR VEHICLE IN TRAFFIC,FOCUS,FORD,0,,COLLISION WITH MOTOR VEHICLE IN TRAFFIC,,,,LEFT FRONT,,,,,,,,,,,,,,,,,,,,,,,,,OPERATOR/DRIVER,NO INJURY,MASSACHUSETTS,,,,,,,,,MALE,"FRONT SEAT - LEFT SIDE, OR MOTORCYLE DRIVER",UNKNOWN,NOT TRAPPED,,UNINVOLVED OWNER,,,,,,,,,,,,,,,Y
9/20/15 10:00,Sunday,PASSENGER CAR,OTHER,,GARDEN ST,,MASON ST,"GARDEN ST
Cambridge, MA
(42.38198304900004, -71.12663404399996)",,,"SIDESWIPE, SAME DIRECTION",OUTSIDE ROADWAY,COLLISION WITH PARKED MOTOR VEHICLE,DAYLIGHT,CLEAR,CLEAR,NO CONTROLS,,DRY,NOT AT INTERSECTION,"TWO-WAY, NOT DIVIDED",NO,NO,30,NON INTERSECTION,,,,,,,,,,,,CAMBRIDGE COMMON,,,NONE,,,PAS,MI,PASSENGER CAR,,,Y,PARKED,2009,COLLISION WITH MOTOR VEHICLE IN TRAFFIC,T5,VOLVO,0,,COLLISION WITH MOTOR VEHICLE IN TRAFFIC,,,,LEFT FRONT,,,,,,,,,,,,MICHIGAN,,,,,,,,,,,,,,MA,OTHER,,,Y,,,,,,0,,,,,,RIGHT FRONT,,,,,,,,,,,UNKNOWN,MASSACHUSETTS,,,,,,,,,,,,,UNINVOLVED OWNER,,MICHIGAN,"D, CLASS D VEHICLES",,,,,,,,FEMALE,,,,Y,,,,,,,,,,,,,,,,
12/17/15 13:45,Thursday,UNKNOWN HEAVY TRUCK,,303,BINNEY ST.,,,"303 BINNEY ST.
Cambridge, MA
(42.36654570700006, -71.08803877399998)",,,"SIDESWIPE, SAME DIRECTION",,,DAYLIGHT,CLOUDY,CLOUDY,TRAFFIC CONTROL SIGNAL,YES,DRY,NOT AT INTERSECTION,"ONE-WAY, NOT DIVIDED",NO,NO,,NON INTERSECTION,,,,,,,EASTBOUND,,,,,,,,,,,PAN,MA,UNKNOWN HEAVY TRUCK,,,Y,SLOWING OR STOPPED IN TRAFFIC,2014,COLLISION WITH MOTOR VEHICLE IN TRAFFIC,PROMAS,RAM,1,,COLLISION WITH MOTOR VEHICLE IN TRAFFIC,COLLISION WITH MOTOR VEHICLE IN TRAFFIC,COLLISION WITH MOTOR VEHICLE IN TRAFFIC,COLLISION WITH MOTOR VEHICLE IN TRAFFIC,RIGHT SIDE,RIGHT REAR,,,EASTBOUND,,,,,,,,,,,NO IMPROPER DRIVING,NO IMPROPER DRIVING,,,,,,NOT DISTRACTED,,NO,,,,,,,,,,,,,,,,,,,,,,,,,,,,,,,,,,,,,,,,,,,OPERATOR/DRIVER,NO INJURY,MASSACHUSETTS,"D, CLASS D VEHICLES",,,,,,,32,MALE,UNKNOWN,UNKNOWN,NOT TRAPPED,,UNINVOLVED OWNER,,,,,,,,,,,,,,,Y
2/14/16 12:51,Sunday,PASSENGER CAR,LIGHT TRUCK,,MAGAZINE ST,COTTAGE ST,,"MAGAZINE ST &amp; COTTAGE ST
Cambridge, MA
(42.36679362800004, -71.10600609899996)",,,ANGLE,ROADWAY,COLLISION WITH MOTOR VEHICLE IN TRAFFIC,DAYLIGHT,CLEAR,,STOP SIGNS,,DRY,FOUR WAY INTERSECTION,"TWO-WAY, NOT DIVIDED",NO,NO,,INTERSECTION,MAGAZINE ST,NORTHBOUND,COTTAGE ST,WESTBOUND,,,,,,,,,,,OBSTRUCTION IN ROADWAY,,,PAN,MA,PASSENGER CAR,,,,TRAVELING STRAIGHT AHEAD,2002,COLLISION WITH MOTOR VEHICLE IN TRAFFIC,ALTIMA,NISSAN,1,,COLLISION WITH MOTOR VEHICLE IN TRAFFIC,,,,RIGHT FRONT,CENTER FRONT,,,NORTHBOUND,,,,,,,,,,,NO IMPROPER DRIVING,,,,,,,UNKNOWN,,,PAN,MA,LIGHT TRUCK,,,,TRAVELING STRAIGHT AHEAD,2008,COLLISION WITH MOTOR VEHICLE IN TRAFFIC,SILVERADO,CHEVY,1,,COLLISION WITH MOTOR VEHICLE IN TRAFFIC,,,,LEFT FRONT,,,,WESTBOUND,,,,,,,,,,,NO IMPROPER DRIVING,,,,,,,UNKNOWN,,,OPERATOR/DRIVER,NO INJURY,MASSACHUSETTS,"D, CLASS D VEHICLES",,NONE,,,,,,FEMALE,"FRONT SEAT - LEFT SIDE, OR MOTORCYLE DRIVER",UNKNOWN,NOT TRAPPED,,UNINVOLVED OWNER,,MASSACHUSETTS,"D, CLASS D VEHICLES",,CORRECTIVE LENSES,,,,,,FEMALE,,,,
2/28/16 4:40,Sunday,,,357,COLUMBIA ST,,,"357 COLUMBIA ST
Cambridge, MA
(42.37208510200003, -71.09499056399994)",,1,,,,,,,,,,,,,,,NON INTERSECTION,,,,,,,,,,,,,,,,,,,,,,,Y,,,,,,,,,,,,,,,,,,,,,,,,,,,,,,,,,,,,,,,,,,,,,,,,,,,,,,,,,,,,,,,,,,,,,,,,,,,,,,,NON-MOTORIST,NON FATAL INJURY - INCAPACITATING,,,,,PEDESTRIAN,,,,,FEMALE,,,,,,,,,,,,,,,,,,,,
8/29/15 19:53,Saturday,PASSENGER CAR,,,HANCOCK ST,HARVARD ST,,"HANCOCK ST &amp; HARVARD ST
Cambridge, MA
(42.36679362800004, -71.10600609899996)",1,,"SIDESWIPE, SAME DIRECTION",,COLLISION WITH OTHER MOVABLE OBJECT,DAYLIGHT,CLEAR,,,,DRY,T-INTERSECTION,"TWO-WAY, DIVIDED, UNPROTECTED MEDIAN",,,,INTERSECTION,HANCOCK ST,,HARVARD ST,,,,,,,,,,,,NONE,,,PAN,MA,PASSENGER CAR,,,,TRAVELING STRAIGHT AHEAD,2013,,OUTBACK,SUBARU,2,,COLLISION WITH OTHER MOVABLE OBJECT,,,,LEFT SIDE,,,,,,,,,,,,,,,,,,,,,,,,,,,,,,,,,,,,,,,,,,,,,,,,,,,,,,,,,,,,,,,,,,,OPERATOR/DRIVER,,MASSACHUSETTS,,,,,,,,,MALE,"FRONT SEAT - LEFT SIDE, OR MOTORCYLE DRIVER",,,Y,NON-MOTORIST,,NEW HAMPSHIRE,,,,CYCLIST,"WALKING, RUNNING OR CYCLING",,HELMET,,MALE,,,,
10/21/15 17:45,Wednesday,PASSENGER CAR,,175,RICHDALE AVE,,,"175 RICHDALE AVE
Cambridge, MA
(42.38916716400007, -71.12626649599997)",,,"SIDESWIPE, SAME DIRECTION",ROADWAY,,DAYLIGHT,CLEAR,,NO CONTROLS,,DRY,NOT AT INTERSECTION,"TWO-WAY, NOT DIVIDED",NO,NO,25,NON INTERSECTION,,,,,,,EASTBOUND,,,,,,,,NONE,,,PAN,MA,PASSENGER CAR,,,Y,PARKED,2006,COLLISION WITH PARKED MOTOR VEHICLE,MALIBU,CHEVY,0,,COLLISION WITH PARKED MOTOR VEHICLE,,,,LEFT FRONT,,,,EASTBOUND,,,,,,,,,,,NO IMPROPER DRIVING,,,,,,,NOT DISTRACTED,,,,,,,,,,,,,,,,,,,,,,,,,,,,,,,,,,,,,,,,,,,,,UNINVOLVED OWNER,,MASSACHUSETTS,,,,,,,,,FEMALE,,,,Y,OPERATOR/DRIVER,,MASSACHUSETTS,,,,,,,,,MALE,,,,
1/6/16 0:41,Wednesday,PASSENGER CAR,,,CALLENDER ST,,,"CALLENDER ST
Cambridge, MA
(42.365356673000065, -71.11227645599996)",,,HEAD ON,ROADWAY,COLLISION WITH PARKED MOTOR VEHICLE,DARK - LIGHTED ROADWAY,CLEAR,,NO CONTROLS,,DRY,NOT AT INTERSECTION,"TWO-WAY, NOT DIVIDED",NO,NO,,NON INTERSECTION,,,,,,,EASTBOUND,,,,,,,,NONE,,,PAN,MA,PASSENGER CAR,,,,PARKED,2004,,ACCORD,HONDA,0,,COLLISION WITH MOTOR VEHICLE IN TRAFFIC,,,,CENTER FRONT,LEFT FRONT,,Y,,,,,,,,,,,,NO IMPROPER DRIVING,,,,,,,NOT DISTRACTED,,YES VEHICLE OR TRAILER DISABLED,,,,,,,,,,,,,,,,,,,,,,,,,,,,,,,,,,,,,,,,,,,OPERATOR/DRIVER,,MASSACHUSETTS,,,,,,,,,FEMALE,,,,Y,,,,,,,,,,,,,,,,
2/12/16 11:25,Friday,LIGHT TRUCK,,407,CARDINAL MEDEIROS AVE,,,"407 CARDINAL MEDEIROS AVE
Cambridge, MA
(42.37139553700007, -71.08889554699994)",,,SINGLE VEHICLE CRASH,ROADWAY,COLLISION WITH TREE,DAYLIGHT,CLEAR,,NO CONTROLS,,DRY,NOT AT INTERSECTION,"TWO-WAY, NOT DIVIDED",NO,NO,,NON INTERSECTION,,,,,,,,,,,,,,,,,,PAN,MA,LIGHT TRUCK,,,,TRAVELING STRAIGHT AHEAD,2005,COLLISION WITH TREE,RAV4,TOYT,1,,COLLISION WITH TREE,,,,CENTER FRONT,RIGHT FRONT,LEFT FRONT,Y,NORTHBOUND,,,,,,,,,,,UNKNOWN,,,,,,,,,YES VEHICLE OR TRAILER DISABLED,,,,,,,,,,,,,,,,,,,,,,,,,,,,,,,,,,,,,,,,,,,OPERATOR/DRIVER,NON FATAL INJURY - POSSIBLE,MASSACHUSETTS,"D, CLASS D VEHICLES",,,,,,,,FEMALE,"FRONT SEAT - LEFT SIDE, OR MOTORCYLE DRIVER",SHOULDER AND LAP BELT USED,NOT TRAPPED,Y,WITNESS,,,,,,,,,,,FEMALE,,,,
1/25/16 22:15,Monday,TRUCK TRAILER,,1,JFK STREET,,,"1 JFK STREET
Cambridge, MA
(42.37315821800007, -71.11971166899997)",,1,,,,DARK - LIGHTED ROADWAY,CLEAR,,TRAFFIC CONTROL SIGNAL,YES,DRY,NOT AT INTERSECTION,"ONE-WAY, NOT DIVIDED",NO,NO,,NON INTERSECTION,,,,,,,,,,,,CURIOUS GEORGE STORE,,,NONE,MUNICIPAL,PEDESTRIAN WALK SIGNAL POST,APP,RI,TRUCK TRAILER,,,,TURNING LEFT,2013,,T-T,FRTH,1,,COLLISION WITH LIGHT POLE OR OTHER POST/SUPPORT,,,,,,,,WESTBOUND,,OTHER,"MORE THAN 26,000 POUNDS",,,APP,30223,RHODE ISLAND,2013,,UNKNOWN,,,Y,,,,UNKNOWN,,,,,,,,,,,,,,,,,,,,,,,,,,,,,,,,,,,,,,,,,,,,,OPERATOR/DRIVER,,RHODE ISLAND,,,,,,,,,MALE,,,,,WITNESS,,,,,,,,,,,FEMALE,,,,
3/10/16 7:05,Thursday,PASSENGER CAR,,,RIVER ST,ROCKWELL ST,,"RIVER ST &amp; ROCKWELL ST
Cambridge, MA
(42.36679362800004, -71.10600609899996)",,,ANGLE,ROADWAY,COLLISION WITH MOTOR VEHICLE IN TRAFFIC,DAYLIGHT,CLOUDY,,NO CONTROLS,YES,DRY,T-INTERSECTION,"ONE-WAY, NOT DIVIDED",NO,NO,,INTERSECTION,RIVER ST,EASTBOUND,ROCKWELL ST,,,,,,,,,,,,NONE,,,PAN,MA,PASSENGER CAR,,,Y,TRAVELING STRAIGHT AHEAD,2014,COLLISION WITH MOTOR VEHICLE IN TRAFFIC,PASSAT,VOLKSWAGON,1,,COLLISION WITH MOTOR VEHICLE IN TRAFFIC,,,,RIGHT SIDE,,,,EASTBOUND,,,,,,,,,,,NO IMPROPER DRIVING,,,,,,,,,,,,,,,,,,,,,,,,,,,,,,,,,,,,,,,,,,,,,,,,,,,,OPERATOR/DRIVER,NO INJURY,MASSACHUSETTS,"D, CLASS D VEHICLES",,,,,,,,FEMALE,"FRONT SEAT - LEFT SIDE, OR MOTORCYLE DRIVER",UNKNOWN,NOT TRAPPED,Y,,,,,,,,,,,,,,,,