Date Time,Day of Week,Object 1,Object 2,Street Number,Street Name,Cross Street,Near Street,Location,May involve cyclist,May Involve Pedestrian,Manner of Collision,First Harmful Event Location,First Harmful Event,Ambient Light,Weather Condition 1,Weather Condition 2,Traffic Control Device Type,Traffic Control Device Functionality,Road Surface Condition,Roadway Junction Type,Trafficway Description,School Bus Related,Work Zone,Speed Limit,Street or Intersection,Intersection Name 1,Intersection Direction 1,Intersection Name 2,Intersection Direction 2,Intersection Name 3,Intersection Direction 3,Street Direction,Nearest Intersection Distance,Nearest Intersection Direction,Landmark Distance,Landmark Direction,Landmark,Mile Marker Direction,Non Public Area,Road Contributing,Damaged Property Type,Description of Damaged Property,V1 Registration Type,v1 State Code,V1 Configuration,V1 Emergency Response,V1 Moped,V1 Hit and Run,V1 Action Prior to Crash,V1 Model Year,V1 Most Harmful Event,V1 Model,V1 Make,V1 Occupant Count,V1 Underride Override,V1 First Event,V1 Second Event,V1 Third Event,V1 Fourth Event,V1 Most Damaged Area,V1 Second Damaged Area,V1 Third Damaged Area,V1 Towed,V1 Travel Direction,V1 Interstate,V1 Cargo Body Type,V1 Gross Weight,V1 Haz Placard,V1 Haz Release,V1 Trailer Reg Type,V1 Trailer Reg Plate,V1 Trailer Reg State,V1 Trailer Reg Year,V1 Trailer Len,V1 Driver Contribution,V1 Driver Contribution 2,V1 Is Truck,V1 Has Trailer,V1 Is Bus,V1 Is Hazmat,V1 Reg Year,V1 Driver Distracted,V1 Bus Use,V1 Tow Use,V2 Registration Type,V2 State Code,V2 Configuration,V2 Emergency Response,V2 Moped,V2 Hit and Run,V2 Action Prior to Crash,V2 Model Year,V2 Most Harmful Event,V2 Model,V2 Make,V2 Occupant Count,V2 Underride Override,V2 First Event,V2 Second Event,V2 Third Event,V2 Fourth Event,V2 Most Damaged Area,V2 Second Damaged Area,V2 Third Damaged Area,V2 Towed,V2 Travel Direction,V2 Interstate,V2 Cargo Body Type,V2 Gross Weight,V2 Haz Placard,V2 Haz Release,V2 Trailer Reg Type,V2 Trailer Reg Plate,V2 Trailer Reg State,V2 Trailer Reg Year,V2 Trailer Len,V2 Driver Contribution,V2 Driver Contribution 2,V2 Is Truck,V2 Has Trailer,V2 Is Bus,V2 Is Hazmat,V2 Reg Year,V2 Driver Distracted,V2 Bus Use,V2 Tow Use,P1 Role,P1 Injury,P1 Drivers Lic State,P1 Drivers Lic Class 1,P1 Drivers Lic Class 2,P1 Drivers Lic Restrict,P1 Non Motorist Desc,P1 Non Motorist Action,P1 Non Motorist Location,P1 Safety Equipment,P1 Age,P1 Sex,P1 Seat Position,P1 Safety System,P1 Trapped,P1 Veh Owner,P2 Role,P2 Injury,P2 Drivers Lic State,P2 Drivers Lic Class 1,P2 Drivers Lic Class 2,P2 Drivers Lic Restrict,P2 Non Motorist Desc,P2 Non Motorist Action,P2 Non Motorist Location,P2 Safety Equipment,P2 Age,P2 Sex,P2 Seat Position,P2 Safety System,P2 Trapped,P2 Veh Owner
9/10/15 20:12,Thursday,PASSENGER CAR,,,PROSPECT ST.,HAMPSHIRE ST.,,"PROSPECT ST. &amp; HAMPSHIRE ST.
Cambridge, MA
(42.36679362800004, -71.10600609899996)",1,1,HEAD ON,ROADWAY,COLLISION WITH PEDESTRIAN,DARK - LIGHTED ROADWAY,RAIN,,TRAFFIC CONTROL SIGNAL,YES,WET,FOUR WAY INTERSECTION,"TWO-WAY, NOT DIVIDED",NO,NO,30,INTERSECTION,PROSPECT ST.,SOUTHBOUND,HAMPSHIRE ST.,WESTBOUND,,,,,,,,,,,NONE,,,PAN,MA,PASSENGER CAR,,,,TURNING LEFT,2013,COLLISION WITH PEDESTRIAN,CIVIV,HONDA,1,,COLLISION WITH PEDESTRIAN,,,,NONE,,,,EASTBOUND,,,,,,,,,,,,,,,,,,,,,,,,,,,,,,,,,,,,,,,,,,,,,,,,,,,,,,,,,,,,,,,OPERATOR/DRIVER,NO INJURY,CALIFORNIA,,,,,,,,,MALE,"FRONT SEAT - LEFT SIDE, OR MOTORCYLE DRIVER",UNKNOWN,NOT TRAPPED,,NON-MOTORIST,NON FATAL INJURY - NON INCAPACITATING,MASSACHUSETTS,,,,PEDESTRIAN,"WALKING, RUNNING OR CYCLING",PEDESTRIAN,,,FEMALE,,,,
9/2/15 21:42,Wednesday,PASSENGER CAR,LIGHT TRUCK,100,CAMBRIDGE SIDE PLACE,,,"100 CAMBRIDGE SIDE PLACE
Cambridge, MA
(42.36702668500004, -71.07601567499995)",,,,,,DAYLIGHT,CLEAR,,UNKNOWN,,,NOT AT INTERSECTION,,NO,NO,,NON INTERSECTION,,,,,,,,,,,,CAMBRIDGE GALLERIA MALL,,,,,,PAN,MA,PASSENGER CAR,,,,SLOWING OR STOPPED IN TRAFFIC,2001,,PASSAT,VOLK,1,,COLLISION WITH MOTOR VEHICLE IN TRAFFIC,,,,RIGHT FRONT,CENTER FRONT,,,,,,,,,,,,,,UNKNOWN,,,,,,,,,,PAN,MA,LIGHT TRUCK,,,Y,BACKING,2012,,GRANDCHE,JEEP,,,COLLISION WITH MOTOR VEHICLE IN TRAFFIC,,,,,,,,,,,,,,,,,,,UNKNOWN,,,,,,,,,,OPERATOR/DRIVER,,MASSACHUSETTS,,,,,,,,,FEMALE,,,,Y,OPERATOR/DRIVER,,,,,,,,,,,UNKNOWN,,,,
3/16/16 20:23,Wednesday,PASSENGER CAR,PASSENGER CAR,251,HAMPSHIRE ST,,CAMBRIDGE STREET,"251 HAMPSHIRE ST
Cambridge, MA
(42.374093636000055, -71.10122502299998)",,,HEAD ON,ROADWAY,COLLISION WITH MOTOR VEHICLE IN TRAFFIC,DUSK,CLEAR,,TRAFFIC CONTROL SIGNAL,YES,DRY,NOT AT INTERSECTION,"TWO-WAY, DIVIDED, UNPROTECTED MEDIAN",,,,NON INTERSECTION,,,,,,,,,,,,,,,NONE,,,PAN,MA,PASSENGER CAR,,,,TRAVELING STRAIGHT AHEAD,2010,COLLISION WITH PARKED MOTOR VEHICLE,LACROSSE,BUICK,1,,COLLISION WITH MOTOR VEHICLE IN TRAFFIC,COLLISION WITH PARKED MOTOR VEHICLE,,,RIGHT FRONT,CENTER FRONT,LEFT FRONT,Y,,,,,,,,,,,,HISORY HEART/EPILEPSY/FAINTING,,,,,,,,,YES VEHICLE OR TRAILER DISABLED,PAN,MA,PASSENGER CAR,,,,SLOWING OR STOPPED IN TRAFFIC,2012,COLLISION WITH MOTOR VEHICLE IN TRAFFIC,ALTIMA,NISSAN,1,,COLLISION WITH MOTOR VEHICLE IN TRAFFIC,,,,REAR CENTER,LEFT REAR,,,,,,,,,,,,,,NO IMPROPER DRIVING,,,,,,,,,,OPERATOR/DRIVER,NON FATAL INJURY - INCAPACITATING,MASSACHUSETTS,"D, CLASS D VEHICLES",,,,,,,,MALE,"FRONT SEAT - LEFT SIDE, OR MOTORCYLE DRIVER",UNKNOWN,,Y,OPERATOR/DRIVER,NO INJURY,MASSACHUSETTS,,,,,,,,,MALE,"FRONT SEAT - LEFT SIDE, OR MOTORCYLE DRIVER",,,Y
3/22/16 14:00,Tuesday,PASSENGER CAR,,1166,MASS AVE,,,"1166 MASS AVE
Cambridge, MA
(42.371426575000044, -71.11467060099994)",,,UNKNOWN,ROADWAY,COLLISION WITH PARKED MOTOR VEHICLE,DAYLIGHT,CLEAR,,NO CONTROLS,,DRY,NOT AT INTERSECTION,"ONE-WAY, NOT DIVIDED",NO,NO,,NON INTERSECTION,,,,,,,,,,,,,,,,,,PAN,MA,PASSENGER CAR,,,,PARKED,2013,COLLISION WITH MOTOR VEHICLE IN TRAFFIC,PASSAT,VOLK,0,,COLLISION WITH MOTOR VEHICLE IN TRAFFIC,,,,RIGHT REAR,,,Y,,,,,,,,,,,,,,,,,,,,,NO,PAN,OT,,,,Y,,,,,,,,,,,,,,,,,,,,,,,,,,,,,,,,,,,,,UNINVOLVED OWNER,,,,,,,,,,,FEMALE,,,,Y,,,,,,,,,,,,,,,,
2/29/16 18:05,Monday,PASSENGER CAR,PASSENGER CAR,,CEDAR ST,,ALBERTA TERR,"CEDAR ST
Cambridge, MA
(42.39567117100006, -71.13084876099998)",,,"SIDESWIPE, SAME DIRECTION",ROADWAY,COLLISION WITH PARKED MOTOR VEHICLE,DARK - LIGHTED ROADWAY,UNKNOWN,,NO CONTROLS,,UNKNOWN,NOT AT INTERSECTION,"TWO-WAY, NOT DIVIDED",NO,NO,,NON INTERSECTION,,,,,,,,,,,,,,,,,,PAN,MA,PASSENGER CAR,,,,PARKED,2013,COLLISION WITH MOTOR VEHICLE IN TRAFFIC,CIVIC,HOND,0,,COLLISION WITH MOTOR VEHICLE IN TRAFFIC,,,,LEFT SIDE,,,,,,,,,,,,,,,,,,,,,,,,,PAN,MA,PASSENGER CAR,,,Y,TRAVELING STRAIGHT AHEAD,2006,COLLISION WITH PARKED MOTOR VEHICLE,SONATA,HYUN,,,COLLISION WITH PARKED MOTOR VEHICLE,,,,UNKNOWN,,,,SOUTHBOUND,,,,,,,,,,,OTHER IMPROPER ACTION,,,,,,,,,,UNINVOLVED OWNER,,,,,,,,,,,FEMALE,,,,Y,UNINVOLVED OWNER,,,,,,,,,,,UNKNOWN,,,,Y
10/10/15 15:55,Saturday,PASSENGER CAR,LIGHT TRUCK,160,ALEWIFE BROOK PARKWAY,,,"160 ALEWIFE BROOK PARKWAY
Cambridge, MA
(42.390282253000066, -71.14191166299997)",,,REAR-END,OUTSIDE ROADWAY,COLLISION WITH PARKED MOTOR VEHICLE,DAYLIGHT,CLEAR,CLEAR,NO CONTROLS,,DRY,NOT AT INTERSECTION,,NO,NO,,NON INTERSECTION,,,,,,,,,,,,PET SMART STORE,,,NONE,,,PAN,MA,PASSENGER CAR,,,,PARKED,2014,COLLISION WITH PARKED MOTOR VEHICLE,SENTRA,NISSAN,0,,COLLISION WITH PARKED MOTOR VEHICLE,,,,REAR CENTER,,,,,,,,,,,,,,,,,,,,,,,,,PAN,MA,LIGHT TRUCK,,,,BACKING,1998,COLLISION WITH PARKED MOTOR VEHICLE,S-10,CHEVY,1,,COLLISION WITH PARKED MOTOR VEHICLE,,,,UNKNOWN,,,,,,,,,,,,,,,UNKNOWN,,,,,,,UNKNOWN,,,UNINVOLVED OWNER,,MASSACHUSETTS,"D, CLASS D VEHICLES",,,,,,,,FEMALE,,,,Y,OPERATOR/DRIVER,NO INJURY,MASSACHUSETTS,,,,,,,,,MALE,"FRONT SEAT - LEFT SIDE, OR MOTORCYLE DRIVER",UNKNOWN,NOT TRAPPED,Y
2/26/16 17:27,Friday,PASSENGER CAR,PASSENGER CAR,,MASSACHUSETTS AVE,,AMHERST STREET,"MASSACHUSETTS AVE
Cambridge, MA
(42.393434712000044, -71.12577890299997)",,,,,,,,,,,,,,,,,NON INTERSECTION,,,,,,,SOUTHBOUND,,WESTBOUND,,,,,,,,,PAN,MA,PASSENGER CAR,,,,TURNING LEFT,2005,,LEGACY,SUBARU,1,,COLLISION WITH MOTOR VEHICLE IN TRAFFIC,,,,RIGHT FRONT,,,,WESTBOUND,,,,,,,,,,,UNKNOWN,,,,,,,UNKNOWN,,YES VEHICLE OR TRAILER DISABLED,PAN,MA,PASSENGER CAR,,,,TRAVELING STRAIGHT AHEAD,2003,,ACCORD,HONDA,2,,COLLISION WITH MOTOR VEHICLE IN TRAFFIC,,,,CENTER FRONT,,,,SOUTHBOUND,,,,,,,,,,,UNKNOWN,,,,,,,UNKNOWN,,,OPERATOR/DRIVER,,MASSACHUSETTS,,,,,,,,,FEMALE,,,,,OPERATOR/DRIVER,,MASSACHUSETTS,,,,,,,,,FEMALE,,,,Y
2/12/16 14:45,Friday,BUS SEATS MORE THAN 15 PEOPLE,OTHER,,GARDEN ST,,MASON ST,"GARDEN ST
Cambridge, MA
(42.38198304900004, -71.12663404399996)",,,"SIDESWIPE, SAME DIRECTION",ROADWAY,COLLISION WITH MOTOR VEHICLE IN TRAFFIC,DAYLIGHT,CLEAR,,NO CONTROLS,,DRY,NOT AT INTERSECTION,"TWO-WAY, NOT DIVIDED",,,,NON INTERSECTION,,,,,,,SOUTHBOUND,,WESTBOUND,,,,,,NONE,,,BUN,MA,BUS SEATS MORE THAN 15 PEOPLE,,,,SLOWING OR STOPPED IN TRAFFIC,1999,COLLISION WITH MOTOR VEHICLE IN TRAFFIC,LOWFLR,GILG,0,,COLLISION WITH MOTOR VEHICLE IN TRAFFIC,,,,OTHER,,,,SOUTHBOUND,NO,BUS SEATS MORE THAN 15 PEOPLE,,,,,,,,,UNKNOWN,,,,Y,,1999,UNKNOWN,SHUTTLE,,,MA,OTHER,,,,TRAVELING STRAIGHT AHEAD,,COLLISION WITH MOTOR VEHICLE IN TRAFFIC,LADDER,FIRE TRUCK,2,,COLLISION WITH MOTOR VEHICLE IN TRAFFIC,,,,,,,,SOUTHBOUND,,,,,,,,,,,UNKNOWN,,,,,,,,,,OPERATOR/DRIVER,NO INJURY,MASSACHUSETTS,"A, CLASS A VEHICLES",,,,,,,,MALE,"FRONT SEAT - LEFT SIDE, OR MOTORCYLE DRIVER",UNKNOWN,NOT TRAPPED,,OCCUPANT/PASSENGER,NO INJURY,,,,,,,,,,MALE,FRONT SEAT - RIGHT SIDE,UNKNOWN,NOT TRAPPED,
10/6/15 19:12,Tuesday,LIGHT TRUCK,PASSENGER CAR,,ALEWIFE BROOK PWAY BRIDGE,,RINDGE AVE,"ALEWIFE BROOK PWAY BRIDGE
Cambridge, MA
(42.36679362800004, -71.10600609899996)",,,REAR-END,ROADWAY,,DAYLIGHT,CLEAR,,NO CONTROLS,,DRY,NOT AT INTERSECTION,"TWO-WAY, DIVIDED, POSITIVE MEDIAN BARRIER",NO,NO,,NON INTERSECTION,,,,,,,NORTHBOUND,,EASTBOUND,,,,,,NONE,,,MVN,MA,LIGHT TRUCK,,,,TRAVELING STRAIGHT AHEAD,2014,,EXPLORER,FORD,2,,COLLISION WITH MOTOR VEHICLE IN TRAFFIC,,,,,,,,NORTHBOUND,,,,,,,,,,,UNKNOWN,,,,,,,UNKNOWN,,,PAN,MA,PASSENGER CAR,,,,SLOWING OR STOPPED IN TRAFFIC,2007,,9.5,SAAB,1,,COLLISION WITH MOTOR VEHICLE IN TRAFFIC,,,,LEFT REAR,,,,NORTHBOUND,,,,,,,,,,,NO IMPROPER DRIVING,,,,,,,NOT DISTRACTED,,,OPERATOR/DRIVER,,MASSACHUSETTS,"D, CLASS D VEHICLES",,,,,,,,MALE,,,,,OPERATOR/DRIVER,,MASSACHUSETTS,"D, CLASS D VEHICLES",,,,,,,,FEMALE,,,,
8/2/15 17:30,Sunday,PASSENGER CAR,,8,BIGELOW,,,"8 BIGELOW
Cambridge, MA
(42.367603589000055, -71.10570371999995)",,,,,,,,,,,,,,,,,NON INTERSECTION,,,,,,,NORTHBOUND,,,,,,,,,,,PAN,MA,PASSENGER CAR,,,Y,PARKED,1998,,323IS,BMW,0,,,,,,LEFT SIDE,,,,,,,,,,,,,,,,,,,,,,,,,,,,,,,,,,,,,,,,,,,,,,,,,,,,,,,,,,,,,,,,,,,UNINVOLVED OWNER,,MASSACHUSETTS,,,,,,,,,FEMALE,,,,Y,,,,,,,,,,,,,,,,
1/17/16 22:00,Sunday,PASSENGER CAR,,,WESTERN AVE. @ MAGAZINE ST.,,,"Cambridge, MA
(42.36679362800004, -71.10600609899996)",,,SINGLE VEHICLE CRASH,ROADWAY,COLLISION WITH CURB,DARK - LIGHTED ROADWAY,SNOW,SNOW,TRAFFIC CONTROL SIGNAL,YES,ICE,Y-INTERSECTION,"TWO-WAY, DIVIDED, UNPROTECTED MEDIAN",NO,NO,30,INTERSECTION,WESTERN AVE. @ MAGAZINE ST.,NORTHBOUND,,,,,NORTHBOUND,,,,,,,,ROAD SURFACE CONDITION,MUNICIPAL,GRANITE SAFETY BARRIER,PAN,MA,PASSENGER CAR,,,,TRAVELING STRAIGHT AHEAD,2010,"OTHER FIXED OBJECT (WALL, BUILDING, TUNNEL)",HS250H,LEXS,1,,COLLISION WITH CURB,"OTHER FIXED OBJECT (WALL, BUILDING, TUNNEL)",,COLLISION WITH CURB,CENTER FRONT,UNDERCARRIAGE,,,NORTHBOUND,,,,,,,,,,,NO IMPROPER DRIVING,NO IMPROPER DRIVING,,,,,,NOT DISTRACTED,,YES VEHICLE OR TRAILER DISABLED,,,,,,,,,,,,,,,,,,,,,,,,,,,,,,,,,,,,,,,,,,,OPERATOR/DRIVER,,MASSACHUSETTS,,,,,,,,,MALE,,,,,UNINVOLVED OWNER,,,,,,,,,,,FEMALE,,,,Y
9/1/15 15:10,Tuesday,PASSENGER CAR,UNKNOWN HEAVY TRUCK,,WALDEN STREET,CONCORD AVE,,"WALDEN STREET &amp; CONCORD AVE
Cambridge, MA
(42.36679362800004, -71.10600609899996)",,,SINGLE VEHICLE CRASH,,,UNKNOWN,UNKNOWN,,NO CONTROLS,,,FOUR WAY INTERSECTION,"TWO-WAY, DIVIDED, UNPROTECTED MEDIAN",NO,NO,,INTERSECTION,WALDEN STREET,NORTHBOUND,CONCORD AVE,,,,,,,,,,,,,,,PAN,MA,PASSENGER CAR,,,,PARKED,2007,,328 XI,BMW,0,,COLLISION WITH MOTOR VEHICLE IN TRAFFIC,,,,LEFT SIDE,,,,,,,,,,,,,,,,,,,,,,,,,,NJ,UNKNOWN HEAVY TRUCK,,,Y,UNKNOWN,,,,,,,COLLISION WITH PARKED MOTOR VEHICLE,,,,,,,,,,,,,,,,,,,,,,,,,,,,,UNINVOLVED OWNER,,,,,,,,,,,FEMALE,,,,Y,,,,,,,,,,,,,,,,
4/1/16 20:40,Friday,LIGHT TRUCK,PASSENGER CAR,61,DANA STREET,,,"61 DANA STREET
Cambridge, MA
(42.37287883000005, -71.10824734499994)",,,ANGLE,ROADWAY,,DARK - ROADWAY NOT LIGHTED,RAIN,,,,WET,,,,,30,NON INTERSECTION,,,,,,,NORTHBOUND,,,,,,,,,,,MVN,MA,LIGHT TRUCK,,,,BACKING,2010,COLLISION WITH PARKED MOTOR VEHICLE,ECOVAN,FORD,2,,COLLISION WITH PARKED MOTOR VEHICLE,,,,RIGHT SIDE,,,,,,,,,,,,,,,NO IMPROPER DRIVING,,,,,,,,,,PAN,MA,PASSENGER CAR,,,,PARKED,2010,,PRIUS,TOYOTA,0,,COLLISION WITH MOTOR VEHICLE IN TRAFFIC,,,,,,,,,,,,,,,,,,,,,,,,,,,,,OPERATOR/DRIVER,,MASSACHUSETTS,,,,,,,,,MALE,"FRONT SEAT - LEFT SIDE, OR MOTORCYLE DRIVER",,,,UNINVOLVED OWNER,,,,,,,,,,,FEMALE,,,,Y
12/27/15 16:54,Sunday,PASSENGER CAR,,,BAYSTATE ROAD,,NEW STREET,"BAYSTATE ROAD
Cambridge, MA
(42.38732382000006, -71.13962823199995)",,,ANGLE,ROADWAY,COLLISION WITH MOTOR VEHICLE IN TRAFFIC,DAYLIGHT,CLEAR,,NO CONTROLS,,DRY,NOT AT INTERSECTION,"TWO-WAY, NOT DIVIDED",NO,NO,,NON INTERSECTION,,,,,,,EASTBOUND,100 FEET,WESTBOUND,,,,,,,,,PAV,MA,PASSENGER CAR,,,Y,PARKED,2005,COLLISION WITH MOTOR VEHICLE IN TRAFFIC,FOCUS,FORD,0,,COLLISION WITH MOTOR VEHICLE IN TRAFFIC,,,,LEFT REAR,REAR CENTER,,Y,EASTBOUND,,,,,,,,,,,NO IMPROPER DRIVING,,,,,,,NOT DISTRACTED,,YES VEHICLE OR TRAILER DISABLED,,,,,,,,,,,,,,,,,,,,,,,,,,,,,,,,,,,,,,,,,,,UNINVOLVED OWNER,,,,,,,,,,,MALE,,,,Y,,,,,,,,,,,,,,,,
8/6/15 19:10,Thursday,LIGHT TRUCK,,355,BINNEY STREET,,,"355 BINNEY STREET
Cambridge, MA
(42.36718353300006, -71.08942399499995)",,,ANGLE,,,DAYLIGHT,CLEAR,,NO CONTROLS,,,,,,NO,,NON INTERSECTION,,,,,,,,,,,,PARKING GARAGE (3RD LEVEL),,,,,,PAN,MA,LIGHT TRUCK,,,,TURNING RIGHT,2015,,EQUINOX,CHEVY,2,,COLLISION WITH LIGHT POLE OR OTHER POST/SUPPORT,,,,LEFT SIDE,,,,,,,,,,,,,,,UNKNOWN,,,,,,,UNKNOWN,,YES VEHICLE OR TRAILER DISABLED,,,,,,,,,,,,,,,,,,,,,,,,,,,,,,,,,,,,,,,,,,,OPERATOR/DRIVER,,ILLINOIS,,,,,,,,,MALE,,,,Y,OCCUPANT/PASSENGER,,,,,,,,,,,MALE,,,,
9/24/15 13:40,Thursday,PASSENGER CAR,PASSENGER CAR,,JFK ST,,BRATTLE ST,"JFK ST
Cambridge, MA
(42.371702010000035, -71.12086404399997)",,,"SIDESWIPE, SAME DIRECTION",ROADWAY,COLLISION WITH MOTOR VEHICLE IN TRAFFIC,DAYLIGHT,CLOUDY,,NO CONTROLS,,DRY,NOT AT INTERSECTION,"ONE-WAY, NOT DIVIDED",NO,NO,,NON INTERSECTION,,,,,,,,,,,,,,,,,,PAN,MA,PASSENGER CAR,,,,TRAVELING STRAIGHT AHEAD,2012,COLLISION WITH MOTOR VEHICLE IN TRAFFIC,IMPREZ,SUBA,1,,COLLISION WITH MOTOR VEHICLE IN TRAFFIC,,,,RIGHT SIDE,,,,NORTHBOUND,,,,,,,,,,,NO IMPROPER DRIVING,,,,,,,,,,PAN,MA,PASSENGER CAR,,,Y,OTHER,2013,COLLISION WITH MOTOR VEHICLE IN TRAFFIC,COROLL,TOYT,4,,COLLISION WITH MOTOR VEHICLE IN TRAFFIC,,,,UNKNOWN,,,,NORTHBOUND,,,,,,,,,,,OTHER IMPROPER ACTION,,,,,,,,,,OPERATOR/DRIVER,NO INJURY,MASSACHUSETTS,"D, CLASS D VEHICLES",,,,,,,,FEMALE,"FRONT SEAT - LEFT SIDE, OR MOTORCYLE DRIVER",UNKNOWN,NOT TRAPPED,Y,OPERATOR/DRIVER,,,,,,,,,,,MALE,,,,Y
9/8/15 11:43,Tuesday,LIGHT TRUCK,,186,HAMPSHIRE STREET,,,"186 HAMPSHIRE STREET
Cambridge, MA
(42.37251634900008, -71.09945106199996)",1,,ANGLE,UNKNOWN,,DAYLIGHT,CLEAR,,NO CONTROLS,,DRY,NOT AT INTERSECTION,"TWO-WAY, NOT DIVIDED",NO,NO,,NON INTERSECTION,,,,,,,EASTBOUND,,,,,,,,,,,PAN,MA,LIGHT TRUCK,,,,SLOWING OR STOPPED IN TRAFFIC,8,,LIBERTY,JEEP,1,,COLLISION WITH MOTOR VEHICLE IN TRAFFIC,,,,CENTER FRONT,RIGHT FRONT,,,SOUTHBOUND,,,,,,,,,,,FAILED TO YIELD THE RIGHT OF WAY,,,,,,,NOT DISTRACTED,,,,,,,,,,,,,,,,,,,,,,,,,,,,,,,,,,,,,,,,,,,,,OPERATOR/DRIVER,,MASSACHUSETTS,"D, CLASS D VEHICLES",,,,,,,,FEMALE,"FRONT SEAT - LEFT SIDE, OR MOTORCYLE DRIVER",SHOULDER AND LAP BELT USED,,Y,NON-MOTORIST,NON FATAL INJURY - POSSIBLE,,,,,CYCLIST,"WALKING, RUNNING OR CYCLING",,HELMET,,FEMALE,,,,
9/13/15 22:50,Sunday,PASSENGER CAR,PASSENGER CAR,918,CAMBRIDGE ST,,WILLOW ST,"918 CAMBRIDGE ST
Cambridge, MA
(42.372572295000055, -71.09203477099999)",,,HEAD ON,,COLLISION WITH PARKED MOTOR VEHICLE,DARK - LIGHTED ROADWAY,CLEAR,,,,WET,,"TWO-WAY, NOT DIVIDED",,,,NON INTERSECTION,,,,,,,,,,,,,,,,,,PAN,MA,PASSENGER CAR,,,,TRAVELING STRAIGHT AHEAD,2015,,CHALLE,DODGE,1,,COLLISION WITH PARKED MOTOR VEHICLE,,,,TOTAL / ALL AREAS,,,Y,,,,,,,,,,,,"OPERATING VEHICLE IN ERRATIC, RECKLESS, CARELESS,",DRIVING TOO FAST FOR CONDITIONS,,,,,,,,YES VEHICLE OR TRAILER DISABLED,TAN,MA,PASSENGER CAR,,,,PARKED,2013,,CAMRY,TOYOTA,0,,COLLISION WITH MOTOR VEHICLE IN TRAFFIC,,,,LEFT FRONT,LEFT SIDE,LEFT REAR,Y,,,,,,,,,,,,,,,,,,,,,YES VEHICLE OR TRAILER DISABLED,OPERATOR/DRIVER,NON FATAL INJURY - NON INCAPACITATING,MASSACHUSETTS,,,,,,,,,MALE,"FRONT SEAT - LEFT SIDE, OR MOTORCYLE DRIVER",,,,UNINVOLVED OWNER,,,,,,,,,,,UNKNOWN,,,,Y
10/25/15 14:07,Sunday,LIGHT TRUCK,,,MT. AUBURN STREET,LOWELL STREET,,"MT. AUBURN STREET &amp; LOWELL STREET
Cambridge, MA
(42.36679362800004, -71.10600609899996)",,1,SINGLE VEHICLE CRASH,ROADWAY,COLLISION WITH PEDESTRIAN,DAYLIGHT,CLOUDY,RAIN,NO CONTROLS,,OTHER,T-INTERSECTION,"TWO-WAY, DIVIDED, UNPROTECTED MEDIAN",NO,YES,,INTERSECTION,MT. AUBURN STREET,,LOWELL STREET,,,,,,,,,,,,WORK ZONE,,,PAN,MA,LIGHT TRUCK,,,,TRAVELING STRAIGHT AHEAD,2000,,EXPLORER,FORD,1,,COLLISION WITH PEDESTRIAN,,,,NONE,NONE,NONE,,,,,,,,,,,,,UNKNOWN,UNKNOWN,,,,,,,,,,,,,,,,,,,,,,,,,,,,,,,,,,,,,,,,,,,,,,,,,,,NON-MOTORIST,NON FATAL INJURY - INCAPACITATING,,,,,,,,,,MALE,,,,,OPERATOR/DRIVER,NO INJURY,MASSACHUSETTS,,,,,,,,,FEMALE,"FRONT SEAT - LEFT SIDE, OR MOTORCYLE DRIVER",UNKNOWN,NOT TRAPPED,Y
10/12/15 14:28,Monday,PASSENGER CAR,,1334,HAMPSHIRE ST,,,"1334 HAMPSHIRE ST
Cambridge, MA
(42.369424372000026, -71.09557241999994)",,,UNKNOWN,ROADWAY,COLLISION WITH PARKED MOTOR VEHICLE,DAYLIGHT,CLEAR,CLEAR,NO CONTROLS,,DRY,NOT AT INTERSECTION,,NO,NO,0,NON INTERSECTION,,,,,,,EASTBOUND,,,,,S&S RESTAURANT PARKING LOT,,,NONE,,,PAN,MA,PASSENGER CAR,,,Y,PARKED,2015,,CIVIC,HONDA,0,,,,,,RIGHT REAR,,,,,,,,,,,,,,,NO IMPROPER DRIVING,,,,,,,,,,,,,,,,,,,,,,,,,,,,,,,,,,,,,,,,,,,,,,,,,,,,UNINVOLVED OWNER,,MASSACHUSETTS,"D, CLASS D VEHICLES",,NONE,,,,,30,FEMALE,,,,Y,,,,,,,,,,,,,,,,
11/19/15 12:20,Thursday,,PASSENGER CAR,,WAVERLY ST,PUTNAM AVE,,"WAVERLY ST &amp; PUTNAM AVE
Cambridge, MA
(42.36679362800004, -71.10600609899996)",,,"SIDESWIPE, SAME DIRECTION",ROADWAY,COLLISION WITH PARKED MOTOR VEHICLE,DAYLIGHT,CLEAR,,NO CONTROLS,,DRY,T-INTERSECTION,"ONE-WAY, NOT DIVIDED",NO,NO,30,INTERSECTION,WAVERLY ST,NORTHBOUND,PUTNAM AVE,EASTBOUND,,,,,,,,,,,NONE,,,,,,,,Y,TURNING LEFT,,COLLISION WITH PARKED MOTOR VEHICLE,,,0,,COLLISION WITH PARKED MOTOR VEHICLE,,,,LEFT REAR,,,,NORTHBOUND,,,,,,,,,,,UNKNOWN,,,,,,,UNKNOWN,,,PAS,MA,PASSENGER CAR,,,,PARKED,2011,COLLISION WITH MOTOR VEHICLE IN TRAFFIC,ESCAPE,FORD,0,,COLLISION WITH MOTOR VEHICLE IN TRAFFIC,,,,RIGHT REAR,,,,NORTHBOUND,,,,,,,,,,,NO IMPROPER DRIVING,,,,,,,NOT DISTRACTED,,,UNINVOLVED OWNER,NO INJURY,MASSACHUSETTS,"D, CLASS D VEHICLES",,NONE,,,,,,MALE,,,,Y,,,,,,,,,,,,,,,,