Date Time,Day of Week,Object 1,Object 2,Street Number,Street Name,Cross Street,Near Street,Location,May involve cyclist,May Involve Pedestrian,Manner of Collision,First Harmful Event Location,First Harmful Event,Ambient Light,Weather Condition 1,Weather Condition 2,Traffic Control Device Type,Traffic Control Device Functionality,Road Surface Condition,Roadway Junction Type,Trafficway Description,School Bus Related,Work Zone,Speed Limit,Street or Intersection,Intersection Name 1,Intersection Direction 1,Intersection Name 2,Intersection Direction 2,Intersection Name 3,Intersection Direction 3,Street Direction,Nearest Intersection Distance,Nearest Intersection Direction,Landmark Distance,Landmark Direction,Landmark,Mile Marker Direction,Non Public Area,Road Contributing,Damaged Property Type,Description of Damaged Property,V1 Registration Type,v1 State Code,V1 Configuration,V1 Emergency Response,V1 Moped,V1 Hit and Run,V1 Action Prior to Crash,V1 Model Year,V1 Most Harmful Event,V1 Model,V1 Make,V1 Occupant Count,V1 Underride Override,V1 First Event,V1 Second Event,V1 Third Event,V1 Fourth Event,V1 Most Damaged Area,V1 Second Damaged Area,V1 Third Damaged Area,V1 Towed,V1 Travel Direction,V1 Interstate,V1 Cargo Body Type,V1 Gross Weight,V1 Haz Placard,V1 Haz Release,V1 Trailer Reg Type,V1 Trailer Reg Plate,V1 Trailer Reg State,V1 Trailer Reg Year,V1 Trailer Len,V1 Driver Contribution,V1 Driver Contribution 2,V1 Is Truck,V1 Has Trailer,V1 Is Bus,V1 Is Hazmat,V1 Reg Year,V1 Driver Distracted,V1 Bus Use,V1 Tow Use,V2 Registration Type,V2 State Code,V2 Configuration,V2 Emergency Response,V2 Moped,V2 Hit and Run,V2 Action Prior to Crash,V2 Model Year,V2 Most Harmful Event,V2 Model,V2 Make,V2 Occupant Count,V2 Underride Override,V2 First Event,V2 Second Event,V2 Third Event,V2 Fourth Event,V2 Most Damaged Area,V2 Second Damaged Area,V2 Third Damaged Area,V2 Towed,V2 Travel Direction,V2 Interstate,V2 Cargo Body Type,V2 Gross Weight,V2 Haz Placard,V2 Haz Release,V2 Trailer Reg Type,V2 Trailer Reg Plate,V2 Trailer Reg State,V2 Trailer Reg Year,V2 Trailer Len,V2 Driver Contribution,V2 Driver Contribution 2,V2 Is Truck,V2 Has Trailer,V2 Is Bus,V2 Is Hazmat,V2 Reg Year,V2 Driver Distracted,V2 Bus Use,V2 Tow Use,P1 Role,P1 Injury,P1 Drivers Lic State,P1 Drivers Lic Class 1,P1 Drivers Lic Class 2,P1 Drivers Lic Restrict,P1 Non Motorist Desc,P1 Non Motorist Action,P1 Non Motorist Location,P1 Safety Equipment,P1 Age,P1 Sex,P1 Seat Position,P1 Safety System,P1 Trapped,P1 Veh Owner,P2 Role,P2 Injury,P2 Drivers Lic State,P2 Drivers Lic Class 1,P2 Drivers Lic Class 2,P2 Drivers Lic Restrict,P2 Non Motorist Desc,P2 Non Motorist Action,P2 Non Motorist Location,P2 Safety Equipment,P2 Age,P2 Sex,P2 Seat Position,P2 Safety System,P2 Trapped,P2 Veh Owner
2/12/16 22:55,Friday,PASSENGER CAR,,1,PORTERSQ.,,,"1 PORTERSQ.
Cambridge, MA
(42.36679362800004, -71.10600609899996)",,1,SINGLE VEHICLE CRASH,,,DAYLIGHT,CLEAR,,,,,,,NO,NO,10,NON INTERSECTION,,,,,,,,,,,,,,,,OTHER,REAR WINDSHIELD,PAN,MA,PASSENGER CAR,,,,BACKING,2002,,4RUNNER,TOYOTA,2,,COLLISION WITH PEDESTRIAN,,,,,,,,,,,,,,,,,,,,,,,,,,,,,,,,,,,,,,,,,,,,,,,,,,,,,,,,,,,,,,,,,,,,,,,OPERATOR/DRIVER,,MASSACHUSETTS,"D, CLASS D VEHICLES",,,,,,,,MALE,"FRONT SEAT - LEFT SIDE, OR MOTORCYLE DRIVER",UNKNOWN,NOT TRAPPED,Y,OCCUPANT/PASSENGER,NO INJURY,,,,,,,,,,FEMALE,FRONT SEAT - RIGHT SIDE,UNKNOWN,NOT TRAPPED,
12/22/15 14:30,Tuesday,PASSENGER CAR,PASSENGER CAR,,BLAKE STREET,,MASSACHUSETTS AVENUE,"BLAKE STREET
Cambridge, MA
(42.39138064200006, -71.12160222399996)",,,ANGLE,ROADWAY,COLLISION WITH PARKED MOTOR VEHICLE,DAYLIGHT,CLOUDY,RAIN,NO CONTROLS,,WET,NOT AT INTERSECTION,"ONE-WAY, NOT DIVIDED",NO,NO,,NON INTERSECTION,,,,,,,,30 FT,,,,,,,ROAD SURFACE CONDITION,,,PAS,MA,PASSENGER CAR,,,,OTHER,1996,COLLISION WITH PARKED MOTOR VEHICLE,SL1,SATURN,1,,COLLISION WITH PARKED MOTOR VEHICLE,COLLISION WITH PARKED MOTOR VEHICLE,,,LEFT FRONT,,,,,,,,,,,,,,,OTHER IMPROPER ACTION,,,,,,,NOT DISTRACTED,,,PAN,MA,PASSENGER CAR,,,,PARKED,2008,COLLISION WITH MOTOR VEHICLE IN TRAFFIC,YARIS,TOYOTA,0,,COLLISION WITH MOTOR VEHICLE IN TRAFFIC,,,,RIGHT FRONT,CENTER FRONT,,,,,,,,,,,,,,NO IMPROPER DRIVING,,,,,,,NOT DISTRACTED,,,OPERATOR/DRIVER,NO INJURY,MASSACHUSETTS,"D, CLASS D VEHICLES","M, CLASS M VEHICLES",CORRECTIVE LENSES,,,,,,MALE,"FRONT SEAT - LEFT SIDE, OR MOTORCYLE DRIVER",SHOULDER AND LAP BELT USED,NOT TRAPPED,Y,UNINVOLVED OWNER,NO INJURY,MASSACHUSETTS,"D, CLASS D VEHICLES",,CORRECTIVE LENSES,,,,,,MALE,,,,Y
2/5/16 13:20,Friday,LIGHT TRUCK,LIGHT TRUCK,87,CAMBRIDGE PK DR,,,"87 CAMBRIDGE PK DR
Cambridge, MA
(42.39470694600004, -71.14477050999994)",,,ANGLE,ROADWAY,COLLISION WITH MOTOR VEHICLE IN TRAFFIC,DAYLIGHT,SNOW,,NO CONTROLS,,SLUSH,NOT AT INTERSECTION,"TWO-WAY, NOT DIVIDED",NO,NO,,NON INTERSECTION,,,,,,,,,,,,,,,,,,PAN,MA,LIGHT TRUCK,,,,TRAVELING STRAIGHT AHEAD,2006,COLLISION WITH MOTOR VEHICLE IN TRAFFIC,TOWN,CHRY,1,,COLLISION WITH MOTOR VEHICLE IN TRAFFIC,,,,RIGHT FRONT,,,,WESTBOUND,,,,,,,,,,,NO IMPROPER DRIVING,,,,,,,,,,CON,MA,LIGHT TRUCK,,,,ENTERING TRAFFIC LANE,2013,COLLISION WITH MOTOR VEHICLE IN TRAFFIC,SAVE,GMC,1,,COLLISION WITH MOTOR VEHICLE IN TRAFFIC,,,,LEFT FRONT,,,,SOUTHBOUND,,,,,,,,,,,FAILED TO YIELD THE RIGHT OF WAY,,,,,,,,,,OPERATOR/DRIVER,NO INJURY,MASSACHUSETTS,"D, CLASS D VEHICLES",,,,,,,,MALE,"FRONT SEAT - LEFT SIDE, OR MOTORCYLE DRIVER",UNKNOWN,NOT TRAPPED,Y,OPERATOR/DRIVER,NO INJURY,NEW HAMPSHIRE,,,,,,,,,MALE,"FRONT SEAT - LEFT SIDE, OR MOTORCYLE DRIVER",UNKNOWN,NOT TRAPPED,
1/17/16 4:19,Sunday,PASSENGER CAR,PASSENGER CAR,50,BINNEY ST,,FIRST ST,"50 BINNEY ST
Cambridge, MA
(42.36518164600005, -71.07920457599994)",,,REAR-END,ROADWAY,COLLISION WITH MOTOR VEHICLE IN TRAFFIC,DARK - LIGHTED ROADWAY,CLEAR,,TRAFFIC CONTROL SIGNAL,YES,DRY,NOT AT INTERSECTION,"TWO-WAY, NOT DIVIDED",NO,NO,,NON INTERSECTION,,,,,,,EASTBOUND,200 FT,SOUTHBOUND,,,,,,NONE,,,TAN,MA,PASSENGER CAR,,,,SLOWING OR STOPPED IN TRAFFIC,2012,COLLISION WITH MOTOR VEHICLE IN TRAFFIC,ESCAPE,FORD,2,,COLLISION WITH MOTOR VEHICLE IN TRAFFIC,,,,REAR CENTER,LEFT REAR,RIGHT REAR,,EASTBOUND,,,,,,,,,,,NO IMPROPER DRIVING,,,,,,,NOT DISTRACTED,,,PAN,MA,PASSENGER CAR,,,,TRAVELING STRAIGHT AHEAD,2002,COLLISION WITH MOTOR VEHICLE IN TRAFFIC,ACCORD,HONDA,1,,COLLISION WITH MOTOR VEHICLE IN TRAFFIC,,,,CENTER FRONT,RIGHT FRONT,LEFT FRONT,Y,EASTBOUND,,,,,,,,,,,OTHER IMPROPER ACTION,,,,,,,OTHER ACTIVITY,,YES VEHICLE OR TRAILER DISABLED,OPERATOR/DRIVER,NON FATAL INJURY - POSSIBLE,MASSACHUSETTS,UNKNOWN,,UNKNOWN,,,,,,MALE,"FRONT SEAT - LEFT SIDE, OR MOTORCYLE DRIVER",UNKNOWN,NOT TRAPPED,Y,OCCUPANT/PASSENGER,NON FATAL INJURY - NON INCAPACITATING,NEW JERSEY,UNKNOWN,,UNKNOWN,,,,,,MALE,SECOND SEAT - RIGHT SIDE,UNKNOWN,NOT TRAPPED,
8/11/15 15:44,Tuesday,LIGHT TRUCK,PASSENGER CAR,,PEARL ST,PUTNAM AVE,,"PEARL ST &amp; PUTNAM AVE
Cambridge, MA
(42.36679362800004, -71.10600609899996)",,,ANGLE,ROADWAY,COLLISION WITH MOTOR VEHICLE IN TRAFFIC,DAWN,CLEAR,,TRAFFIC CONTROL SIGNAL,NO,DRY,T-INTERSECTION,"TWO-WAY, NOT DIVIDED",NO,NO,30,INTERSECTION,PEARL ST,SOUTHBOUND,PUTNAM AVE,WESTBOUND,,,,,,,,,,,NONE,,,PAN,MA,LIGHT TRUCK,,,,TRAVELING STRAIGHT AHEAD,2009,COLLISION WITH MOTOR VEHICLE IN TRAFFIC,TRAILBLAZER,CHEVY,1,,COLLISION WITH MOTOR VEHICLE IN TRAFFIC,,,,LEFT FRONT,,,,SOUTHBOUND,,,,,,,,,,,"DISREGARDED TRAFFIC SIGNS, SIGNALS, ROAD MARKINGS",,,,,,,UNKNOWN,,,PAN,MA,PASSENGER CAR,,,,TRAVELING STRAIGHT AHEAD,2003,COLLISION WITH MOTOR VEHICLE IN TRAFFIC,IS300,LEXUS,2,,COLLISION WITH MOTOR VEHICLE IN TRAFFIC,,,,RIGHT FRONT,,,,WESTBOUND,,,,,,,,,,,NO IMPROPER DRIVING,,,,,,,UNKNOWN,,,OPERATOR/DRIVER,NO INJURY,MASSACHUSETTS,"D, CLASS D VEHICLES",,NONE,,,,,,MALE,"FRONT SEAT - LEFT SIDE, OR MOTORCYLE DRIVER",UNKNOWN,NOT TRAPPED,Y,OPERATOR/DRIVER,NON FATAL INJURY - NON INCAPACITATING,MASSACHUSETTS,"D, CLASS D VEHICLES",,NONE,,,,,,FEMALE,"FRONT SEAT - LEFT SIDE, OR MOTORCYLE DRIVER",UNKNOWN,NOT TRAPPED,Y
1/9/16 21:05,Saturday,PASSENGER CAR,,168,ALEWIFE BRK PARKWAY,,,"168 ALEWIFE BRK PARKWAY
Cambridge, MA
(42.36679362800004, -71.10600609899996)",,,UNKNOWN,ROADWAY,COLLISION WITH PARKED MOTOR VEHICLE,DARK - LIGHTED ROADWAY,UNKNOWN,,NO CONTROLS,,UNKNOWN,,,NO,,,NON INTERSECTION,,,,,,,,,,,,APPLE CINEMA AT 168 ALEWIFE BK PKWY,,,,,,PAN,MA,PASSENGER CAR,,,Y,PARKED,2013,,SONATA,HYUNDAI,0,,COLLISION WITH PARKED MOTOR VEHICLE,,,,RIGHT SIDE,,,,,,,,,,,,,,,,,,,,,,,,,,,,,,,,,,,,,,,,,,,,,,,,,,,,,,,,,,,,,,,,,,,UNINVOLVED OWNER,,,,,,,,,,,FEMALE,,,,Y,,,,,,,,,,,,,,,,
8/20/15 18:21,Thursday,SINGLE UNIT TRUCK (2 AXLES - 6 TIRES),,,HOLDEN STREET,,,"10-18 HOLDEN STREET
Cambridge, MA
(42.37825658000003, -71.10823762499996)",,,,,COLLISION WITH MOTOR VEHICLE IN TRAFFIC,DAYLIGHT,CLEAR,CLEAR,NO CONTROLS,,DRY,,,NO,YES,,NON INTERSECTION,,,,,,,,,,,,,,,NONE,OTHER,MOVING POD,UNKNOWN,,SINGLE UNIT TRUCK (2 AXLES - 6 TIRES),,,,TRAVELING STRAIGHT AHEAD,,,TRUCK,UNKNOWN,1,,OTHER,,,,,,,,SOUTHBOUND,,,,,,,,,,,"DISREGARDED TRAFFIC SIGNS, SIGNALS, ROAD MARKINGS",,,,,,,,,,,,,,,,,,,,,,,,,,,,,,,,,,,,,,,,,,,,,,,,,,,,NON-MOTORIST,,MASSACHUSETTS,,,,,,,,,MALE,,,,,,,,,,,,,,,,,,,,
12/12/15 19:12,Saturday,PASSENGER CAR,,1,CRAIGIE STREET,,,"1 CRAIGIE STREET
Cambridge, MA
(42.379305583000075, -71.12612896299999)",,,UNKNOWN,,COLLISION WITH PARKED MOTOR VEHICLE,UNKNOWN,CLEAR,,,NO,DRY,NOT AT INTERSECTION,,NO,NO,,NON INTERSECTION,,,,,,,,,,,,APARTMENT BLDG. 1 CRAIGIE,,,,,,PAN,MA,PASSENGER CAR,,,,PARKED,2014,,CORROLLA,TOYOTA,0,,UNKNOWN MOVABLE OBJECT,,,,RIGHT REAR,REAR CENTER,LEFT REAR,,,,,,,,,,,,,,,,,,,,,,,,,,,,,,,,,,,,,,,,,,,,,,,,,,,,,,,,,,,,,,,,,UNINVOLVED OWNER,,,,,,,,,,,FEMALE,,,,Y,,,,,,,,,,,,,,,,
3/25/16 8:25,Friday,OTHER,LIGHT TRUCK,9,PETERS ST,,ALLSTON ST,"9 PETERS ST
Cambridge, MA
(42.357501944000035, -71.10690115299997)",,,ANGLE,ROADWAY,COLLISION WITH MOTOR VEHICLE IN TRAFFIC,DAYLIGHT,RAIN,RAIN,NO CONTROLS,,WET,NOT AT INTERSECTION,"TWO-WAY, NOT DIVIDED",NO,NO,,NON INTERSECTION,,,,,,,,,,,,,,,,,,MVN,MA,OTHER,,,,TRAVELING STRAIGHT AHEAD,2008,COLLISION WITH MOTOR VEHICLE IN TRAFFIC,,INTL,3,,COLLISION WITH MOTOR VEHICLE IN TRAFFIC,,,,RIGHT FRONT,,,Y,SOUTHBOUND,,,,,,,,,,,,,,,,,,,,NO,PAN,MA,LIGHT TRUCK,,,,ENTERING TRAFFIC LANE,2916,COLLISION WITH MOTOR VEHICLE IN TRAFFIC,X128IS,BMW,2,,COLLISION WITH MOTOR VEHICLE IN TRAFFIC,,,,LEFT SIDE,,,,SOUTHBOUND,,,,,,,,,,,,,,,,,,,,,OPERATOR/DRIVER,NO INJURY,MASSACHUSETTS,"A, CLASS A VEHICLES",,,,,,,,MALE,"FRONT SEAT - LEFT SIDE, OR MOTORCYLE DRIVER",UNKNOWN,NOT TRAPPED,,UNINVOLVED OWNER,,,,,,,,,,,UNKNOWN,,,,Y
11/20/15 19:11,Friday,PASSENGER CAR,,,SACRAMENTO STREET,OXFORD STREET,,"SACRAMENTO STREET &amp; OXFORD STREET
Cambridge, MA
(42.36679362800004, -71.10600609899996)",1,,ANGLE,ROADWAY,COLLISION WITH PEDALCYCLE,DARK - LIGHTED ROADWAY,CLEAR,,TRAFFIC CONTROL SIGNAL,YES,DRY,FOUR WAY INTERSECTION,"TWO-WAY, NOT DIVIDED",NO,NO,30,INTERSECTION,SACRAMENTO STREET,EASTBOUND,OXFORD STREET,SOUTHBOUND,,,,,,,,,,,OTHER,,,PAS,MA,PASSENGER CAR,,,,SLOWING OR STOPPED IN TRAFFIC,2001,COLLISION WITH PEDALCYCLE,V70,VOLVO,2,,COLLISION WITH PEDALCYCLE,,,,LEFT SIDE,,,,EASTBOUND,,,,,,,,,,,NO IMPROPER DRIVING,,,,,,,NOT DISTRACTED,,,,,,,,,,,,,,,,,,,,,,,,,,,,,,,,,,,,,,,,,,,,,OPERATOR/DRIVER,,MASSACHUSETTS,,,,,,,,,MALE,"FRONT SEAT - LEFT SIDE, OR MOTORCYLE DRIVER",SHOULDER AND LAP BELT USED,NOT TRAPPED,Y,OCCUPANT/PASSENGER,,,,,,,,,,,FEMALE,FRONT SEAT - RIGHT SIDE,SHOULDER AND LAP BELT USED,NOT TRAPPED,
1/28/16 18:20,Thursday,PASSENGER CAR,PASSENGER CAR,,ELLERY,BROADWAY,,"ELLERY &amp; BROADWAY
Cambridge, MA
(42.36679362800004, -71.10600609899996)",,,ANGLE,ROADWAY,COLLISION WITH MOTOR VEHICLE IN TRAFFIC,DARK - LIGHTED ROADWAY,CLEAR,,STOP SIGNS,YES,DRY,FOUR WAY INTERSECTION,"TWO-WAY, NOT DIVIDED",NO,NO,,INTERSECTION,ELLERY,SOUTHBOUND,BROADWAY,EASTBOUND,,,,,,,,,,,NONE,,,PAN,CA,PASSENGER CAR,,,,ENTERING TRAFFIC LANE,2014,,Q7,AUDI,1,,COLLISION WITH MOTOR VEHICLE IN TRAFFIC,,,,RIGHT SIDE,,,,,,,,,,,,,,,,,,,,,,,,NO,PAN,ON,PASSENGER CAR,,,,TRAVELING STRAIGHT AHEAD,,,3 SERIES,BMW,2,,COLLISION WITH MOTOR VEHICLE IN TRAFFIC,,,,CENTER FRONT,,,,,,,,,,,,,,,,,,,,,,,,NO,OPERATOR/DRIVER,NO INJURY,MASSACHUSETTS,"D, CLASS D VEHICLES",,,,,,,,FEMALE,"FRONT SEAT - LEFT SIDE, OR MOTORCYLE DRIVER",,,,OPERATOR/DRIVER,NO INJURY,ONTARIO,,,,,,,,,MALE,"FRONT SEAT - LEFT SIDE, OR MOTORCYLE DRIVER",,,
2/18/16 16:31,Thursday,PASSENGER CAR,,,THIRD STREET,BROADWAY,,"THIRD STREET &amp; BROADWAY
Cambridge, MA
(42.36679362800004, -71.10600609899996)",,,UNKNOWN,ROADWAY,COLLISION WITH MOTOR VEHICLE IN TRAFFIC,DAYLIGHT,CLEAR,CLEAR,TRAFFIC CONTROL SIGNAL,YES,DRY,T-INTERSECTION,"TWO-WAY, DIVIDED, UNPROTECTED MEDIAN",NO,NO,,INTERSECTION,THIRD STREET,NORTHBOUND,BROADWAY,WESTBOUND,,,,,,,,,,,NONE,,,PAN,MA,PASSENGER CAR,,,Y,PARKED,2009,COLLISION WITH MOTOR VEHICLE IN TRAFFIC,CAMRY,TOYOTA,,,COLLISION WITH MOTOR VEHICLE IN TRAFFIC,,,,LEFT REAR,LEFT SIDE,,,UNKNOWN,,,,,,,,,,,NO IMPROPER DRIVING,,,,,,,UNKNOWN,,NO,,,,,,,,,,,,,,,,,,,,,,,,,,,,,,,,,,,,,,,,,,,UNINVOLVED OWNER,,,,,,,,,,,FEMALE,,,,Y,OPERATOR/DRIVER,,MASSACHUSETTS,,,,,,,,,MALE,,,,
8/24/15 14:09,Monday,PASSENGER CAR,,,SIDNEY STREET,GREEN STREET,,"SIDNEY STREET &amp; GREEN STREET
Cambridge, MA
(42.36679362800004, -71.10600609899996)",1,,"SIDESWIPE, SAME DIRECTION",,COLLISION WITH PEDALCYCLE,DAYLIGHT,,CLOUDY,,YES,,FOUR WAY INTERSECTION,,NO,NO,25,INTERSECTION,SIDNEY STREET,SOUTHBOUND,GREEN STREET,WESTBOUND,,,,,,,,,,,NONE,,,PAN,MA,PASSENGER CAR,,,,TRAVELING STRAIGHT AHEAD,2015,COLLISION WITH PEDALCYCLE,IMPREZ,SUBA,1,,COLLISION WITH PEDALCYCLE,,,,RIGHT SIDE,,,,SOUTHBOUND,,,,,,,,,,,NO IMPROPER DRIVING,,,,,,,NOT DISTRACTED,,,,,,,,,,,,,,,,,,,,,,,,,,,,,,,,,,,,,,,,,,,,,OPERATOR/DRIVER,NO INJURY,MASSACHUSETTS,"D, CLASS D VEHICLES",,NONE,,,,,,FEMALE,"FRONT SEAT - LEFT SIDE, OR MOTORCYLE DRIVER",UNKNOWN,NOT TRAPPED,,NON-MOTORIST,,,,,,,,,,,MALE,,,,
9/29/15 7:40,Tuesday,,,315,WEBSTER AVE,,COLUMBIA ST,"315 WEBSTER AVE
Cambridge, MA
(42.37401988800008, -71.09462575199996)",1,,"SIDESWIPE, SAME DIRECTION",ROADWAY,COLLISION WITH PEDALCYCLE,DAYLIGHT,CLOUDY,,NO CONTROLS,,DRY,NOT AT INTERSECTION,"TWO-WAY, NOT DIVIDED",NO,NO,,NON INTERSECTION,,,,,,,,,,,,,,,,,,PAN,OT,,,,Y,TRAVELING STRAIGHT AHEAD,,COLLISION WITH PEDALCYCLE,,,,,COLLISION WITH PEDALCYCLE,,,,UNKNOWN,,,,SOUTHBOUND,,,,,,,,,,,OTHER IMPROPER ACTION,,,,,,,,,,,,,,,,,,,,,,,,,,,,,,,,,,,,,,,,,,,,,,,,,,,,NON-MOTORIST,NON FATAL INJURY - POSSIBLE,,,,,CYCLIST,"WALKING, RUNNING OR CYCLING",CYCLIST,UNKNOWN,,MALE,,,,,WITNESS,,,,,,,,,,,FEMALE,,,,
3/1/16 12:24,Tuesday,LIGHT TRUCK,LIGHT TRUCK,,OTIS,,SCIARAPPA ST,"OTIS
Cambridge, MA
(42.37072511400004, -71.08309317799996)",,,ANGLE,ROADWAY,COLLISION WITH PARKED MOTOR VEHICLE,DAYLIGHT,CLEAR,,NO CONTROLS,,DRY,NOT AT INTERSECTION,"TWO-WAY, NOT DIVIDED",NO,NO,,NON INTERSECTION,,,,,,,,,,,,,,,,,,CON,MA,LIGHT TRUCK,,,,PARKED,2013,COLLISION WITH MOTOR VEHICLE IN TRAFFIC,TAHOE,CHEV,0,,COLLISION WITH MOTOR VEHICLE IN TRAFFIC,,,,LEFT SIDE,,,,,,,,,,,,,,,,,,,,,,,,NO,PAN,MA,LIGHT TRUCK,,,Y,OTHER,2007,COLLISION WITH PARKED MOTOR VEHICLE,HIGHL,TOYT,1,,COLLISION WITH PARKED MOTOR VEHICLE,,,,UNKNOWN,,,,EASTBOUND,,,,,,,,,,,OTHER IMPROPER ACTION,,,,,,,,,NO,UNINVOLVED OWNER,,MASSACHUSETTS,"D, CLASS D VEHICLES",,,,,,,,MALE,,,,Y,OPERATOR/DRIVER,,MASSACHUSETTS,,,,,,,,,FEMALE,"FRONT SEAT - LEFT SIDE, OR MOTORCYLE DRIVER",UNKNOWN,NOT TRAPPED,Y
3/15/16 10:56,Tuesday,PASSENGER CAR,LIGHT TRUCK,,PUTNAM AVE,WESTERN AVE,,"PUTNAM AVE &amp; WESTERN AVE
Cambridge, MA
(42.36679362800004, -71.10600609899996)",,,ANGLE,ROADWAY,COLLISION WITH MOTOR VEHICLE IN TRAFFIC,DAYLIGHT,RAIN,RAIN,TRAFFIC CONTROL SIGNAL,YES,WET,FOUR WAY INTERSECTION,"TWO-WAY, NOT DIVIDED",NO,NO,25,INTERSECTION,PUTNAM AVE,NORTHBOUND,WESTERN AVE,EASTBOUND,,,,,,,,,,,NONE,MUNICIPAL,2WALK LIGHTS,PAN,MA,PASSENGER CAR,,,,TRAVELING STRAIGHT AHEAD,2015,,OUTBACK,SUBA,1,,COLLISION WITH MOTOR VEHICLE IN TRAFFIC,COLLISION WITH LIGHT POLE OR OTHER POST/SUPPORT,,,RIGHT SIDE,RIGHT REAR,LEFT REAR,Y,,,,,,,,,,,,NO IMPROPER DRIVING,,,,,,,NOT DISTRACTED,,YES VEHICLE OR TRAILER DISABLED,PAN,MA,LIGHT TRUCK,,,,TRAVELING STRAIGHT AHEAD,2010,COLLISION WITH MOTOR VEHICLE IN TRAFFIC,CX9,MAZD,1,,COLLISION WITH MOTOR VEHICLE IN TRAFFIC,,,,CENTER FRONT,,,,EASTBOUND,,,,,,,,,,,UNKNOWN,,,,,,,UNKNOWN,,NO,OPERATOR/DRIVER,NO INJURY,MASSACHUSETTS,"D, CLASS D VEHICLES",,UNKNOWN,,,,,,FEMALE,"FRONT SEAT - LEFT SIDE, OR MOTORCYLE DRIVER",UNKNOWN,NOT TRAPPED,Y,OPERATOR/DRIVER,NO INJURY,MASSACHUSETTS,"D, CLASS D VEHICLES",,OTHER,,,,,,MALE,"FRONT SEAT - LEFT SIDE, OR MOTORCYLE DRIVER",UNKNOWN,NOT TRAPPED,
1/8/16 1:26,Friday,PASSENGER CAR,PASSENGER CAR,,MASSACHUSETTS AVE,CHURCH STREET,,"MASSACHUSETTS AVE &amp; CHURCH STREET
Cambridge, MA
(42.36679362800004, -71.10600609899996)",,,REAR-END,ROADWAY,COLLISION WITH MOTOR VEHICLE IN TRAFFIC,DARK - LIGHTED ROADWAY,CLEAR,CLEAR,TRAFFIC CONTROL SIGNAL,YES,DRY,T-INTERSECTION,"TWO-WAY, DIVIDED, UNPROTECTED MEDIAN",NO,NO,,INTERSECTION,MASSACHUSETTS AVE,NORTHBOUND,CHURCH STREET,,,,,,,,,,,,NONE,,,PAN,MA,PASSENGER CAR,,,Y,SLOWING OR STOPPED IN TRAFFIC,2010,COLLISION WITH MOTOR VEHICLE IN TRAFFIC,ELANTRA,HYUNDAI,1,,COLLISION WITH MOTOR VEHICLE IN TRAFFIC,,,,REAR CENTER,,,,NORTHBOUND,,,,,,,,,,,NO IMPROPER DRIVING,,,,,,,NOT DISTRACTED,,,PAN,MA,PASSENGER CAR,,,Y,TRAVELING STRAIGHT AHEAD,2010,COLLISION WITH MOTOR VEHICLE IN TRAFFIC,3,MAZDA,2,,COLLISION WITH MOTOR VEHICLE IN TRAFFIC,,,,,,,,NORTHBOUND,,,,,,,,,,,"OPERATING VEHICLE IN ERRATIC, RECKLESS, CARELESS,",PHYSICAL IMPAIRMENT,,,,,,,,,OPERATOR/DRIVER,NO INJURY,MASSACHUSETTS,"D, CLASS D VEHICLES",,,,,,,,MALE,"FRONT SEAT - LEFT SIDE, OR MOTORCYLE DRIVER",UNKNOWN,NOT TRAPPED,Y,OPERATOR/DRIVER,NO INJURY,MASSACHUSETTS,"D, CLASS D VEHICLES",,OTHER,,,,,,MALE,"FRONT SEAT - LEFT SIDE, OR MOTORCYLE DRIVER",UNKNOWN,NOT TRAPPED,
12/6/15 20:57,Sunday,PASSENGER CAR,PASSENGER CAR,540,WINDSOR ST,,,"540 WINDSOR ST
Cambridge, MA
(42.37344061700003, -71.09299517099998)",,,"SIDESWIPE, SAME DIRECTION",ROADWAY,,DARK - LIGHTED ROADWAY,CLEAR,CLEAR,NO CONTROLS,,DRY,NOT AT INTERSECTION,"TWO-WAY, NOT DIVIDED",NO,NO,,NON INTERSECTION,,,,,,,SOUTHBOUND,,,,,,,,NONE,,,PAN,MA,PASSENGER CAR,,,,TRAVELING STRAIGHT AHEAD,2003,COLLISION WITH PARKED MOTOR VEHICLE,TAURUS,FORD,2,,COLLISION WITH PARKED MOTOR VEHICLE,,,,RIGHT FRONT,RIGHT SIDE,,,SOUTHBOUND,,,,,,,,,,,FATIGUED/ASLEEP,,,,,,,,,,PAN,MA,PASSENGER CAR,,,,PARKED,2011,COLLISION WITH MOTOR VEHICLE IN TRAFFIC,SONATA,HYUN,,,COLLISION WITH MOTOR VEHICLE IN TRAFFIC,,,,LEFT REAR,LEFT SIDE,,,,,,,,,,,,,,,,,,,,,,,,OPERATOR/DRIVER,NO INJURY,MASSACHUSETTS,"D, CLASS D VEHICLES",,,,,,,,MALE,"FRONT SEAT - LEFT SIDE, OR MOTORCYLE DRIVER",SHOULDER AND LAP BELT USED,NOT TRAPPED,Y,OCCUPANT/PASSENGER,UNKNOWN,,,,,,,,,,FEMALE,FRONT SEAT - MIDDLE,NONE USED - VEHICLE OCCUPANT,NOT TRAPPED,