Date Time,Day of Week,Object 1,Object 2,Street Number,Street Name,Cross Street,Near Street,Location,May involve cyclist,May Involve Pedestrian,Manner of Collision,First Harmful Event Location,First Harmful Event,Ambient Light,Weather Condition 1,Weather Condition 2,Traffic Control Device Type,Traffic Control Device Functionality,Road Surface Condition,Roadway Junction Type,Trafficway Description,School Bus Related,Work Zone,Speed Limit,Street or Intersection,Intersection Name 1,Intersection Direction 1,Intersection Name 2,Intersection Direction 2,Intersection Name 3,Intersection Direction 3,Street Direction,Nearest Intersection Distance,Nearest Intersection Direction,Landmark Distance,Landmark Direction,Landmark,Mile Marker Direction,Non Public Area,Road Contributing,Damaged Property Type,Description of Damaged Property,V1 Registration Type,v1 State Code,V1 Configuration,V1 Emergency Response,V1 Moped,V1 Hit and Run,V1 Action Prior to Crash,V1 Model Year,V1 Most Harmful Event,V1 Model,V1 Make,V1 Occupant Count,V1 Underride Override,V1 First Event,V1 Second Event,V1 Third Event,V1 Fourth Event,V1 Most Damaged Area,V1 Second Damaged Area,V1 Third Damaged Area,V1 Towed,V1 Travel Direction,V1 Interstate,V1 Cargo Body Type,V1 Gross Weight,V1 Haz Placard,V1 Haz Release,V1 Trailer Reg Type,V1 Trailer Reg Plate,V1 Trailer Reg State,V1 Trailer Reg Year,V1 Trailer Len,V1 Driver Contribution,V1 Driver Contribution 2,V1 Is Truck,V1 Has Trailer,V1 Is Bus,V1 Is Hazmat,V1 Reg Year,V1 Driver Distracted,V1 Bus Use,V1 Tow Use,V2 Registration Type,V2 State Code,V2 Configuration,V2 Emergency Response,V2 Moped,V2 Hit and Run,V2 Action Prior to Crash,V2 Model Year,V2 Most Harmful Event,V2 Model,V2 Make,V2 Occupant Count,V2 Underride Override,V2 First Event,V2 Second Event,V2 Third Event,V2 Fourth Event,V2 Most Damaged Area,V2 Second Damaged Area,V2 Third Damaged Area,V2 Towed,V2 Travel Direction,V2 Interstate,V2 Cargo Body Type,V2 Gross Weight,V2 Haz Placard,V2 Haz Release,V2 Trailer Reg Type,V2 Trailer Reg Plate,V2 Trailer Reg State,V2 Trailer Reg Year,V2 Trailer Len,V2 Driver Contribution,V2 Driver Contribution 2,V2 Is Truck,V2 Has Trailer,V2 Is Bus,V2 Is Hazmat,V2 Reg Year,V2 Driver Distracted,V2 Bus Use,V2 Tow Use,P1 Role,P1 Injury,P1 Drivers Lic State,P1 Drivers Lic Class 1,P1 Drivers Lic Class 2,P1 Drivers Lic Restrict,P1 Non Motorist Desc,P1 Non Motorist Action,P1 Non Motorist Location,P1 Safety Equipment,P1 Age,P1 Sex,P1 Seat Position,P1 Safety System,P1 Trapped,P1 Veh Owner,P2 Role,P2 Injury,P2 Drivers Lic State,P2 Drivers Lic Class 1,P2 Drivers Lic Class 2,P2 Drivers Lic Restrict,P2 Non Motorist Desc,P2 Non Motorist Action,P2 Non Motorist Location,P2 Safety Equipment,P2 Age,P2 Sex,P2 Seat Position,P2 Safety System,P2 Trapped,P2 Veh Owner
12/31/15 13:23,Thursday,PASSENGER CAR,PASSENGER CAR,688,CAMBRIDGE ST,,,"688 CAMBRIDGE ST
Cambridge, MA
(42.37204197700004, -71.08795423699996)",,,REAR-END,MEDIAN,COLLISION WITH MOTOR VEHICLE IN TRAFFIC,DAYLIGHT,CLEAR,CLEAR,NO CONTROLS,,WET,NOT AT INTERSECTION,"TWO-WAY, NOT DIVIDED",NO,NO,,NON INTERSECTION,,,,,,,,,,,,,,,NONE,,,PAN,QC,PASSENGER CAR,,,,ENTERING TRAFFIC LANE,2010,,ROGUE,NISSAN,1,,COLLISION WITH MOTOR VEHICLE IN TRAFFIC,,,,RIGHT FRONT,,,,,,,,,,,,,,,UNKNOWN,,,,,,,UNKNOWN,,,PAN,MA,PASSENGER CAR,,,,PARKED,2010,,RUNNER,TOYOTA,2,,COLLISION WITH PARKED MOTOR VEHICLE,,,,LEFT REAR,,,,,,,,,,,,,,,,,,,,,,,,,OPERATOR/DRIVER,NO INJURY,QUEBEC,UNKNOWN,,,,,,,,MALE,"FRONT SEAT - LEFT SIDE, OR MOTORCYLE DRIVER",UNKNOWN,NOT TRAPPED,Y,OPERATOR/DRIVER,NO INJURY,MASSACHUSETTS,,,,,,,,,MALE,"FRONT SEAT - LEFT SIDE, OR MOTORCYLE DRIVER",UNKNOWN,NOT TRAPPED,Y
3/18/16 17:17,Friday,PASSENGER CAR,,777,CONCORD AVE,,,"777 CONCORD AVE
Cambridge, MA
(42.390717324000036, -71.15513793199995)",,,ANGLE,,,DAYLIGHT,CLOUDY,,NO CONTROLS,,DRY,NOT AT INTERSECTION,"TWO-WAY, NOT DIVIDED",NO,NO,,NON INTERSECTION,,,,,,,SOUTHBOUND,,,,,,,,NONE,,,PAN,MA,PASSENGER CAR,,,,TRAVELING STRAIGHT AHEAD,2015,,CIVIC,HONDA,2,,OTHER,,,,,,,,SOUTHBOUND,,,,,,,,,,,VISIBILITY OBSTRUCTED,,,,,,,NOT DISTRACTED,,,,,,,,,,,,,,,,,,,,,,,,,,,,,,,,,,,,,,,,,,,,,OCCUPANT/PASSENGER,,,,,,,,,,,FEMALE,,,,,OPERATOR/DRIVER,,MASSACHUSETTS,"D, CLASS D VEHICLES",,,,,,,,FEMALE,,,,Y
10/3/15 12:12,Saturday,PASSENGER CAR,,,CAMBRIDGE STREET,WINDSOR STREET,,"CAMBRIDGE STREET &amp; WINDSOR STREET
Cambridge, MA
(42.36679362800004, -71.10600609899996)",,,"SIDESWIPE, OPPOSITE DIRECTION",ROADWAY,COLLISION WITH MOTOR VEHICLE IN TRAFFIC,DAYLIGHT,RAIN,RAIN,STOP SIGNS,,WET,FOUR WAY INTERSECTION,UNKNOWN,,,,INTERSECTION,CAMBRIDGE STREET,NORTHBOUND,WINDSOR STREET,EASTBOUND,,,,,,,,,,,OTHER,,,PAN,MA,PASSENGER CAR,,,Y,TRAVELING STRAIGHT AHEAD,2015,COLLISION WITH MOTOR VEHICLE IN TRAFFIC,SONATA,HUNDAI,1,,COLLISION WITH MOTOR VEHICLE IN TRAFFIC,COLLISION WITH MOTOR VEHICLE IN TRAFFIC,COLLISION WITH MOTOR VEHICLE IN TRAFFIC,COLLISION WITH MOTOR VEHICLE IN TRAFFIC,LEFT REAR,LEFT REAR,LEFT REAR,,NORTHBOUND,,,,,,,,,,,NO IMPROPER DRIVING,NO IMPROPER DRIVING,,,,,,NOT DISTRACTED,,,,,,,,,,,,,,,,,,,,,,,,,,,,,,,,,,,,,,,,,,,,,OPERATOR/DRIVER,,MASSACHUSETTS,,,,,,,,,FEMALE,"FRONT SEAT - LEFT SIDE, OR MOTORCYLE DRIVER",UNKNOWN,,Y,WITNESS,,,,,,,,,,,MALE,,,,
2/16/16 22:11,Tuesday,,,364,RINDGE AVE,,,"364 RINDGE AVE
Cambridge, MA
(42.39387242400005, -71.13857336699994)",,,,,,,,,,,,,,,,,NON INTERSECTION,,,,,,,,,,,,,,,,,,PAN,MA,,,,,PARKED,2002,,ACCORD,HONDA,0,,,,,,LEFT REAR,,,,,,,,,,,,,,,,,,,,,,,,,,,,,,,,,,,,,,,,,,,,,,,,,,,,,,,,,,,,,,,,,,,UNINVOLVED OWNER,,MASSACHUSETTS,,,,,,,,,FEMALE,,,,,,,,,,,,,,,,,,,,
2/10/16 11:45,Wednesday,PASSENGER CAR,,,INMAN ST,,MASS AVE,"INMAN ST
Cambridge, MA
(42.36996755200005, -71.10298758999994)",1,,"SIDESWIPE, SAME DIRECTION",ROADWAY,COLLISION WITH MOTOR VEHICLE IN TRAFFIC,DAYLIGHT,CLEAR,,NO CONTROLS,,DRY,NOT AT INTERSECTION,"ONE-WAY, NOT DIVIDED",NO,NO,30,NON INTERSECTION,,,,,,,SOUTHBOUND,,,,,CITY HALL,,,NONE,,,PAN,MA,PASSENGER CAR,,,,TRAVELING STRAIGHT AHEAD,2005,COLLISION WITH PEDALCYCLE,325XI,BMW,1,,COLLISION WITH PEDALCYCLE,,,,RIGHT SIDE,,,,SOUTHBOUND,,,,,,,,,,,NO IMPROPER DRIVING,,,,,,,NOT DISTRACTED,,,,,,,,,,,,,,,,,,,,,,,,,,,,,,,,,,,,,,,,,,,,,OPERATOR/DRIVER,NO INJURY,MASSACHUSETTS,"D, CLASS D VEHICLES",,,,,,,,FEMALE,"FRONT SEAT - LEFT SIDE, OR MOTORCYLE DRIVER",UNKNOWN,NOT TRAPPED,Y,NON-MOTORIST,NON FATAL INJURY - POSSIBLE,,,,,CYCLIST,OTHER,UNKNOWN,HELMET,,MALE,,,,
12/14/15 17:51,Monday,,,,PEABODY STREET,,BROADWAY/ CAMBRIDGE STREET,"PEABODY STREET
Cambridge, MA
(42.37461552700006, -71.11870248799994)",,,,,,DAYLIGHT,CLOUDY,,NO CONTROLS,,DRY,NOT AT INTERSECTION,"ONE-WAY, NOT DIVIDED",NO,NO,,NON INTERSECTION,,,,,,,NORTHBOUND,,EASTBOUND,,,,,,NONE,,,TAN,MA,,,,Y,LEAVING TRAFFIC LANE,,,UNKNOWN,UNKNOWN,1,,OTHER,,,,,,,,NORTHBOUND,,,,,,,,,,,"DISREGARDED TRAFFIC SIGNS, SIGNALS, ROAD MARKINGS",FAILURE TO KEEP IN PROPER LANE OR RUNNING OFF ROAD,,,,,,UNKNOWN,,,,,,,,,,,,,,,,,,,,,,,,,,,,,,,,,,,,,,,,,,,,,OPERATOR/DRIVER,,,,,,,,,,,UNKNOWN,,,,,NON-MOTORIST,,MASSACHUSETTS,,,,,,,,,MALE,,,,
8/12/15 23:38,Wednesday,LIGHT TRUCK,OTHER,,COLUMBIA ST,HAMPSHIRE ST,,"COLUMBIA ST &amp; HAMPSHIRE ST
Cambridge, MA
(42.36679362800004, -71.10600609899996)",1,,HEAD ON,ROADWAY,COLLISION WITH OTHER MOVABLE OBJECT,DARK - LIGHTED ROADWAY,CLEAR,,TRAFFIC CONTROL SIGNAL,YES,DRY,T-INTERSECTION,"TWO-WAY, NOT DIVIDED",NO,NO,25,INTERSECTION,COLUMBIA ST,,HAMPSHIRE ST,,,,,,,,,,,,NONE,,,PAN,MA,LIGHT TRUCK,,,,TRAVELING STRAIGHT AHEAD,2008,,SEDONA,KIA,1,,COLLISION WITH PEDALCYCLE,,,,LEFT FRONT,,,,EASTBOUND,,,,,,,,,,,UNKNOWN,UNKNOWN,,,,,,UNKNOWN,,,PAN,MA,OTHER,,,,TURNING LEFT,,,,BICYCLE,1,,COLLISION WITH MOTOR VEHICLE IN TRAFFIC,,,,,,,,,,,,,,,,,,,,,,,,,,,,,OPERATOR/DRIVER,,MASSACHUSETTS,"D, CLASS D VEHICLES","M, CLASS M VEHICLES",,,,,,,MALE,,,,Y,OPERATOR/DRIVER,,MASSACHUSETTS,,,,,,,,,MALE,,,,
2/28/16 16:33,Sunday,PASSENGER CAR,,,CHURCH STREET,BRATTLE STREET,,"CHURCH STREET &amp; BRATTLE STREET
Cambridge, MA
(42.36679362800004, -71.10600609899996)",1,,HEAD ON,ROADWAY,COLLISION WITH PEDALCYCLE,DAYLIGHT,CLEAR,,STOP SIGNS,YES,DRY,T-INTERSECTION,"TWO-WAY, DIVIDED, UNPROTECTED MEDIAN",NO,NO,,INTERSECTION,CHURCH STREET,EASTBOUND,BRATTLE STREET,NORTHBOUND,,,,,,,,,,,NONE,,,PAN,MA,PASSENGER CAR,,,Y,TRAVELING STRAIGHT AHEAD,2015,COLLISION WITH PEDALCYCLE,PRIUS,TOYOTA,1,,COLLISION WITH PEDALCYCLE,SEPARATION OF UNITS,,,RIGHT FRONT,,,,,,,,,,,,,,,"OPERATING VEHICLE IN ERRATIC, RECKLESS, CARELESS,",,,,,,,,,,,,,,,,,,,,,,,,,,,,,,,,,,,,,,,,,,,,,,,,,,,,UNINVOLVED OWNER,,MASSACHUSETTS,,,,,,,,,MALE,,,,Y,NON-MOTORIST,NO INJURY,WISCONSIN,,,,CYCLIST,STANDING,,HELMET,,FEMALE,,,,
11/23/15 15:14,Monday,LIGHT TRUCK,PASSENGER CAR,411,CARDINAL MEDEIROS AVE,,CAMBRIDGE ST,"411 CARDINAL MEDEIROS AVE
Cambridge, MA
(42.37146620300007, -71.08885985699999)",,,REAR-END,ROADWAY,COLLISION WITH MOTOR VEHICLE IN TRAFFIC,DAYLIGHT,CLEAR,OTHER,NO CONTROLS,NO,DRY,NOT AT INTERSECTION,"TWO-WAY, DIVIDED, UNPROTECTED MEDIAN",NO,NO,,NON INTERSECTION,,,,,,,NORTHBOUND,,NORTHBOUND,,,,,,NONE,,,,MA,LIGHT TRUCK,,,,TRAVELING STRAIGHT AHEAD,2011,COLLISION WITH MOTOR VEHICLE IN TRAFFIC,ECO VAN,FORD,1,,COLLISION WITH MOTOR VEHICLE IN TRAFFIC,UNKNOWN,UNKNOWN,UNKNOWN,REAR CENTER,UNKNOWN,UNKNOWN,,NORTHBOUND,,,,,,,,,,,NO IMPROPER DRIVING,UNKNOWN,,,,,,NOT DISTRACTED,,,PAN,MA,PASSENGER CAR,,,,SLOWING OR STOPPED IN TRAFFIC,2008,,VUE,SATURN,2,,COLLISION WITH MOTOR VEHICLE IN TRAFFIC,,,,CENTER FRONT,RIGHT FRONT,LEFT FRONT,,NORTHBOUND,,,,,,,,,,,NO IMPROPER DRIVING,,,,,,,PASSENGER,,,OPERATOR/DRIVER,NON FATAL INJURY - POSSIBLE,MASSACHUSETTS,"D, CLASS D VEHICLES","M, CLASS M VEHICLES",NONE,,,,,,MALE,"FRONT SEAT - LEFT SIDE, OR MOTORCYLE DRIVER",UNKNOWN,NOT TRAPPED,,OPERATOR/DRIVER,NO INJURY,MASSACHUSETTS,"D, CLASS D VEHICLES",UNKNOWN,NONE,,,,,,MALE,SECOND SEAT - LEFT SIDE OR MOTORCYLCE PASSENGER,UNKNOWN,NOT TRAPPED,Y
2/17/17 11:30,Friday,PASSENGER CAR,,,OXFORD ST,,WENDELL-HAMMOND,"OXFORD ST
Cambridge, MA
(42.37991027100003, -71.11648664399996)",,,UNKNOWN,ROADWAY,COLLISION WITH PARKED MOTOR VEHICLE,DAYLIGHT,CLEAR,,,,DRY,NOT AT INTERSECTION,"TWO-WAY, NOT DIVIDED",NO,NO,,NON INTERSECTION,,,,,,,,,,,,,,,,,,PAN,MA,PASSENGER CAR,,,,PARKED,2012,COLLISION WITH MOTOR VEHICLE IN TRAFFIC,IMPREZ,SUBA,0,,COLLISION WITH MOTOR VEHICLE IN TRAFFIC,,,,LEFT SIDE,,,,,,,,,,,,,,,,,,,,,,,,,PAN,OT,,,,Y,,,,,,,,,,,,,,,,,,,,,,,,,,,,,,,,,,,,,UNINVOLVED OWNER,,,,,,,,,,,FEMALE,,,,Y,,,,,,,,,,,,,,,,
1/11/16 17:18,Monday,PASSENGER CAR,LIGHT TRUCK,699,MT AUBURN ST,,,"699 MT AUBURN ST
Cambridge, MA
(42.37478664100007, -71.14935960999998)",,,REAR-END,UNKNOWN,COLLISION WITH PARKED MOTOR VEHICLE,DAYLIGHT,CLEAR,,NO CONTROLS,NO,DRY,,,,YES,30,NON INTERSECTION,,,,,,,,,,,,SHAWS MARKET,WESTBOUND,,NONE,,,PAN,MA,PASSENGER CAR,,,,BACKING,2012,COLLISION WITH PARKED MOTOR VEHICLE,FUSION,FORD,1,,COLLISION WITH PARKED MOTOR VEHICLE,,,,RIGHT REAR,,,,UNKNOWN,,,,,,,,,,,UNKNOWN,,,,,,,UNKNOWN,,,PAN,MA,LIGHT TRUCK,,,,PARKED,2016,COLLISION WITH PARKED MOTOR VEHICLE,SANTE FE,HYUNDAI,0,,COLLISION WITH PARKED MOTOR VEHICLE,,,,LEFT FRONT,,,,UNKNOWN,,,,,,,,,,,NO IMPROPER DRIVING,NO IMPROPER DRIVING,,,,,,,,,OPERATOR/DRIVER,,MASSACHUSETTS,,,,,,,,,MALE,"FRONT SEAT - LEFT SIDE, OR MOTORCYLE DRIVER",UNKNOWN,NOT TRAPPED,Y,UNINVOLVED OWNER,,MASSACHUSETTS,,,,,,,,,FEMALE,,,,
12/28/15 20:35,Monday,LIGHT TRUCK,,,ELM ST,BEECH ST,,"ELM ST &amp; BEECH ST
Cambridge, MA
(42.36679362800004, -71.10600609899996)",,1,SINGLE VEHICLE CRASH,ROADWAY,COLLISION WITH PEDESTRIAN,DARK - LIGHTED ROADWAY,CLEAR,,STOP SIGNS,,DRY,T-INTERSECTION,"TWO-WAY, DIVIDED, UNPROTECTED MEDIAN",NO,NO,30,INTERSECTION,ELM ST,,BEECH ST,,,,,,,,,,,,NONE,,,CON,MA,LIGHT TRUCK,,,,TURNING LEFT,2013,COLLISION WITH PEDESTRIAN,F150,FORD,1,,COLLISION WITH PEDESTRIAN,,,,,,,,,,,,,,,,,,,OTHER IMPROPER ACTION,,,,,,,UNKNOWN,,,,,,,,,,,,,,,,,,,,,,,,,,,,,,,,,,,,,,,,,,,,,OPERATOR/DRIVER,NO INJURY,MASSACHUSETTS,"D, CLASS D VEHICLES",,CORRECTIVE LENSES,,,,,,MALE,"FRONT SEAT - LEFT SIDE, OR MOTORCYLE DRIVER",SHOULDER AND LAP BELT USED,NOT TRAPPED,Y,NON-MOTORIST,NO INJURY,,,,,PEDESTRIAN,ENTERING OR CROSSING SPECIFIED LOCATION,PEDESTRIAN,,,FEMALE,,,,
8/3/15 9:10,Monday,TRACTOR / SEMI-TRIALER,,1975,MASSACHUSETTS AVE,,,"1975 MASSACHUSETTS AVE
Cambridge, MA
(42.39014388100003, -71.12073370799999)",,,REAR-END,MEDIAN,OTHER,DAYLIGHT,CLEAR,,NO CONTROLS,,DRY,,"TWO-WAY, DIVIDED, UNPROTECTED MEDIAN",NO,YES,,NON INTERSECTION,,,,,,,,,,,,,,,,MUNICIPAL,MARKED LANE SIGN,APN,MA,TRACTOR / SEMI-TRIALER,,,,BACKING,2000,,CONVEN,PTRB,1,,COLLISION WITH HIGHWAY TRAFFIC SIGN POST,,,,,,,,,,,,,,APN,28719,MASSACHUSETTS,2000,OTHER,OVER CORRECTING / OVER STEERING,,,Y,,,,NOT DISTRACTED,,,,,,,,,,,,,,,,,,,,,,,,,,,,,,,,,,,,,,,,,,,,,OPERATOR/DRIVER,,MASSACHUSETTS,"A, CLASS A VEHICLES",,,,,,,,MALE,,,,,UNINVOLVED OWNER,,,,,,,,,,,,,,,Y
9/2/15 18:23,Wednesday,PASSENGER CAR,,321,BROADWAY,,PROSPECT STREET,"321 BROADWAY
Cambridge, MA
(42.36947547200003, -71.10133922699998)",1,,ANGLE,ROADWAY,,DAYLIGHT,CLEAR,,NO CONTROLS,,DRY,NOT AT INTERSECTION,"TWO-WAY, NOT DIVIDED",NO,NO,,NON INTERSECTION,,,,,,,NORTHBOUND,,EASTBOUND,,,BROADWAY GAS,,,NONE,,,PAN,MA,PASSENGER CAR,,,,TURNING LEFT,2013,,3,MAZDA,1,,OTHER,,,,,,,,EASTBOUND,,,,,,,,,,,"DISREGARDED TRAFFIC SIGNS, SIGNALS, ROAD MARKINGS",,,,,,,NOT DISTRACTED,,,,,,,,,,,,,,,,,,,,,,,,,,,,,,,,,,,,,,,,,,,,,OPERATOR/DRIVER,,MASSACHUSETTS,"D, CLASS D VEHICLES",,,CYCLIST,"WALKING, RUNNING OR CYCLING",,NONE USED,,FEMALE,,,,Y,NON-MOTORIST,NON FATAL INJURY - NON INCAPACITATING,,,,,CYCLIST,"WALKING, RUNNING OR CYCLING",CYCLIST,NONE USED,,MALE,,,,
12/16/15 14:06,Wednesday,PASSENGER CAR,PASSENGER CAR,,WESTERN AVE,MEMORIAL DRIVE,,"WESTERN AVE &amp; MEMORIAL DRIVE
Cambridge, MA
(42.36679362800004, -71.10600609899996)",,,"SIDESWIPE, SAME DIRECTION",ROADWAY,COLLISION WITH MOTOR VEHICLE IN TRAFFIC,DAYLIGHT,CLEAR,,TRAFFIC CONTROL SIGNAL,YES,DRY,NOT AT INTERSECTION,"ONE-WAY, NOT DIVIDED",NO,NO,,INTERSECTION,WESTERN AVE,WESTBOUND,MEMORIAL DRIVE,,,,,,,,,,,,NONE,,,PAN,MA,PASSENGER CAR,,,Y,SLOWING OR STOPPED IN TRAFFIC,2009,COLLISION WITH MOTOR VEHICLE IN TRAFFIC,MATRIX,TOYOTA,1,,COLLISION WITH MOTOR VEHICLE IN TRAFFIC,,,,LEFT REAR,,,,WESTBOUND,,,,,,,,,,,NO IMPROPER DRIVING,,,,,,,NOT DISTRACTED,,,PAN,MA,PASSENGER CAR,,,,CHANGING LANES,2010,COLLISION WITH MOTOR VEHICLE IN TRAFFIC,ROGUE,NISSAN,1,,COLLISION WITH MOTOR VEHICLE IN TRAFFIC,,,,RIGHT FRONT,,,,WESTBOUND,,,,,,,,,,,UNKNOWN,,,,,,,UNKNOWN,,,OPERATOR/DRIVER,NO INJURY,MASSACHUSETTS,"D, CLASS D VEHICLES",,,,,,,,MALE,"FRONT SEAT - LEFT SIDE, OR MOTORCYLE DRIVER",,NOT TRAPPED,Y,OPERATOR/DRIVER,NO INJURY,MASSACHUSETTS,"D, CLASS D VEHICLES",,,,,,,,MALE,"FRONT SEAT - LEFT SIDE, OR MOTORCYLE DRIVER",,NOT TRAPPED,Y
2/16/16 12:00,Tuesday,LIGHT TRUCK,,11,CORCORAN LANE,,,"11 CORCORAN LANE
Cambridge, MA
(42.376722760000064, -71.15396540499995)",,,"SIDESWIPE, SAME DIRECTION",ROADWAY,COLLISION WITH MOTOR VEHICLE IN TRAFFIC,UNKNOWN,SNOW,"SLEET, HAIL, FREEZING RAIN OR DRIZZLE",,,SNOW,,,NO,NO,20,NON INTERSECTION,,,,,,,,,,,,,,,,,,PAN,MA,LIGHT TRUCK,,,Y,PARKED,2010,COLLISION WITH MOTOR VEHICLE IN TRAFFIC,HIGHLANDER,TOYOTA,0,,COLLISION WITH MOTOR VEHICLE IN TRAFFIC,,,,RIGHT REAR,,,,,,,,,,,,,,,,,,,,,,,,,,,,,,,,,,,,,,,,,,,,,,,,,,,,,,,,,,,,,,,,,,,UNINVOLVED OWNER,,,,,,,,,,,FEMALE,,,,Y,,,,,,,,,,,,,,,,
1/4/16 19:09,Monday,PASSENGER CAR,,,MASSACHUSETTS AVE,,PROSPECT STREET,"MASSACHUSETTS AVE
Cambridge, MA
(42.393434712000044, -71.12577890299997)",,1,ANGLE,ROADWAY,,DUSK,CLOUDY,,TRAFFIC CONTROL SIGNAL,,DRY,NOT AT INTERSECTION,"TWO-WAY, NOT DIVIDED",NO,NO,,NON INTERSECTION,,,,,,,SOUTHBOUND,,EASTBOUND,,,,,,NONE,,,PAN,MA,PASSENGER CAR,,,Y,TURNING RIGHT,2015,,PRIUS,TOYOTA,2,,COLLISION WITH PEDESTRIAN,,,,,,,,SOUTHBOUND,,,,,,,,,,,FAILED TO YIELD THE RIGHT OF WAY,"DISREGARDED TRAFFIC SIGNS, SIGNALS, ROAD MARKINGS",,,,,,UNKNOWN,,,,,,,,,,,,,,,,,,,,,,,,,,,,,,,,,,,,,,,,,,,,,OPERATOR/DRIVER,,MASSACHUSETTS,,,,,,,,,FEMALE,,,,Y,NON-MOTORIST,,MASSACHUSETTS,,,,,,,,,FEMALE,,,,
3/30/16 18:06,Wednesday,LIGHT TRUCK,,258,PROSPECT STREET,,,"258 PROSPECT STREET
Cambridge, MA
(42.37162005400006, -71.09936364699996)",1,,ANGLE,,,DAYLIGHT,CLEAR,,NO CONTROLS,,DRY,NOT AT INTERSECTION,"TWO-WAY, NOT DIVIDED",NO,NO,,NON INTERSECTION,,,,,,,EASTBOUND,,,,,,,,NONE,,,PAN,MA,LIGHT TRUCK,,,,SLOWING OR STOPPED IN TRAFFIC,2003,,ELEMENT,HONDA,2,,COLLISION WITH PEDALCYCLE,,,,,,,,EASTBOUND,,,,,,,,,,,NO IMPROPER DRIVING,,,,,,,,,,,,,,,,,,,,,,,,,,,,,,,,,,,,,,,,,,,,,,,,,,,,OPERATOR/DRIVER,,MASSACHUSETTS,"D, CLASS D VEHICLES",,,,,,,,MALE,,,,Y,NON-MOTORIST,,MASSACHUSETTS,,,,,,,,,FEMALE,,,,
2/1/16 14:00,Monday,LIGHT TRUCK,PASSENGER CAR,,MASS AVE,,HARVEY ST,"MASS AVE
Cambridge, MA
(42.393434712000044, -71.12577890299997)",,,"SIDESWIPE, SAME DIRECTION",ROADWAY,COLLISION WITH MOTOR VEHICLE IN TRAFFIC,DAYLIGHT,CLOUDY,,NO CONTROLS,,DRY,NOT AT INTERSECTION,"TWO-WAY, DIVIDED, POSITIVE MEDIAN BARRIER",NO,NO,,NON INTERSECTION,,,,,,,,,,,,,,,,,,CON,MA,LIGHT TRUCK,,,,CHANGING LANES,2011,COLLISION WITH MOTOR VEHICLE IN TRAFFIC,EXPRESS,CHEV,1,,COLLISION WITH MOTOR VEHICLE IN TRAFFIC,,,,UNKNOWN,,,,EASTBOUND,,,,,,,,,,,FAILED TO YIELD THE RIGHT OF WAY,,,,,,,,,,PAN,MA,PASSENGER CAR,,,,TRAVELING STRAIGHT AHEAD,2005,COLLISION WITH MOTOR VEHICLE IN TRAFFIC,CAMRY,TOYT,1,,COLLISION WITH MOTOR VEHICLE IN TRAFFIC,,,,LEFT FRONT,LEFT SIDE,,,EASTBOUND,,,,,,,,,,,NO IMPROPER DRIVING,,,,,,,,,NO,OPERATOR/DRIVER,UNKNOWN,MASSACHUSETTS,,,,,,,,,MALE,"FRONT SEAT - LEFT SIDE, OR MOTORCYLE DRIVER",UNKNOWN,NOT TRAPPED,,UNINVOLVED OWNER,,,,,,,,,,,UNKNOWN,,,,Y
8/5/15 12:20,Wednesday,PASSENGER CAR,TRUCK TRACTOR (BOBTAIL),,GARFIELD,,MASS AVE,"GARFIELD
Cambridge, MA
(42.38369733600007, -71.11777828399994)",,,"SIDESWIPE, SAME DIRECTION",ROADWAY,COLLISION WITH PARKED MOTOR VEHICLE,DAYLIGHT,CLEAR,CLOUDY,NO CONTROLS,YES,DRY,NOT AT INTERSECTION,"TWO-WAY, NOT DIVIDED",NO,NO,,NON INTERSECTION,,,,,,,,,,,,,,,,,,PAN,MA,PASSENGER CAR,,,,PARKED,2013,COLLISION WITH MOTOR VEHICLE IN TRAFFIC,C300,MERZ,0,,COLLISION WITH MOTOR VEHICLE IN TRAFFIC,,,,LEFT SIDE,,,Y,,,,,,,,,,,,,,,,,,,,,YES VEHICLE OR TRAILER DISABLED,CON,MA,TRUCK TRACTOR (BOBTAIL),,,Y,UNKNOWN,2007,COLLISION WITH PARKED MOTOR VEHICLE,M2,FRHT,,,COLLISION WITH PARKED MOTOR VEHICLE,,,,UNKNOWN,,,,SOUTHBOUND,,,,,,,,,,,OTHER IMPROPER ACTION,,,,,,,,,,UNINVOLVED OWNER,,MASSACHUSETTS,,,,,,,,,FEMALE,,,,Y,UNINVOLVED OWNER,,,,,,,,,,,MALE,,,,Y
9/12/15 11:00,Saturday,LIGHT TRUCK,,,CLIFTON ST,DUDLEY ST,,"CLIFTON ST &amp; DUDLEY ST
Cambridge, MA
(42.36679362800004, -71.10600609899996)",,,UNKNOWN,UNKNOWN,UNKNOWN,DAYLIGHT,CLEAR,,NO CONTROLS,,DRY,,,,,,INTERSECTION,CLIFTON ST,,DUDLEY ST,,,,,,,,,,,,UNKNOWN,,,PAN,MA,LIGHT TRUCK,,,Y,PARKED,2016,,SORENTO,KIA,,,,,,,REAR CENTER,,,,,,,,,,,,,,,,,,,,,,,,,,,,,,,,,,,,,,,,,,,,,,,,,,,,,,,,,,,,,,,,,,,UNINVOLVED OWNER,,MASSACHUSETTS,,,,,,,,,FEMALE,,,,Y,,,,,,,,,,,,,,,,