Date Time,Day of Week,Object 1,Object 2,Street Number,Street Name,Cross Street,Near Street,Location,May involve cyclist,May Involve Pedestrian,Manner of Collision,First Harmful Event Location,First Harmful Event,Ambient Light,Weather Condition 1,Weather Condition 2,Traffic Control Device Type,Traffic Control Device Functionality,Road Surface Condition,Roadway Junction Type,Trafficway Description,School Bus Related,Work Zone,Speed Limit,Street or Intersection,Intersection Name 1,Intersection Direction 1,Intersection Name 2,Intersection Direction 2,Intersection Name 3,Intersection Direction 3,Street Direction,Nearest Intersection Distance,Nearest Intersection Direction,Landmark Distance,Landmark Direction,Landmark,Mile Marker Direction,Non Public Area,Road Contributing,Damaged Property Type,Description of Damaged Property,V1 Registration Type,v1 State Code,V1 Configuration,V1 Emergency Response,V1 Moped,V1 Hit and Run,V1 Action Prior to Crash,V1 Model Year,V1 Most Harmful Event,V1 Model,V1 Make,V1 Occupant Count,V1 Underride Override,V1 First Event,V1 Second Event,V1 Third Event,V1 Fourth Event,V1 Most Damaged Area,V1 Second Damaged Area,V1 Third Damaged Area,V1 Towed,V1 Travel Direction,V1 Interstate,V1 Cargo Body Type,V1 Gross Weight,V1 Haz Placard,V1 Haz Release,V1 Trailer Reg Type,V1 Trailer Reg Plate,V1 Trailer Reg State,V1 Trailer Reg Year,V1 Trailer Len,V1 Driver Contribution,V1 Driver Contribution 2,V1 Is Truck,V1 Has Trailer,V1 Is Bus,V1 Is Hazmat,V1 Reg Year,V1 Driver Distracted,V1 Bus Use,V1 Tow Use,V2 Registration Type,V2 State Code,V2 Configuration,V2 Emergency Response,V2 Moped,V2 Hit and Run,V2 Action Prior to Crash,V2 Model Year,V2 Most Harmful Event,V2 Model,V2 Make,V2 Occupant Count,V2 Underride Override,V2 First Event,V2 Second Event,V2 Third Event,V2 Fourth Event,V2 Most Damaged Area,V2 Second Damaged Area,V2 Third Damaged Area,V2 Towed,V2 Travel Direction,V2 Interstate,V2 Cargo Body Type,V2 Gross Weight,V2 Haz Placard,V2 Haz Release,V2 Trailer Reg Type,V2 Trailer Reg Plate,V2 Trailer Reg State,V2 Trailer Reg Year,V2 Trailer Len,V2 Driver Contribution,V2 Driver Contribution 2,V2 Is Truck,V2 Has Trailer,V2 Is Bus,V2 Is Hazmat,V2 Reg Year,V2 Driver Distracted,V2 Bus Use,V2 Tow Use,P1 Role,P1 Injury,P1 Drivers Lic State,P1 Drivers Lic Class 1,P1 Drivers Lic Class 2,P1 Drivers Lic Restrict,P1 Non Motorist Desc,P1 Non Motorist Action,P1 Non Motorist Location,P1 Safety Equipment,P1 Age,P1 Sex,P1 Seat Position,P1 Safety System,P1 Trapped,P1 Veh Owner,P2 Role,P2 Injury,P2 Drivers Lic State,P2 Drivers Lic Class 1,P2 Drivers Lic Class 2,P2 Drivers Lic Restrict,P2 Non Motorist Desc,P2 Non Motorist Action,P2 Non Motorist Location,P2 Safety Equipment,P2 Age,P2 Sex,P2 Seat Position,P2 Safety System,P2 Trapped,P2 Veh Owner
3/14/16 17:25,Monday,LIGHT TRUCK,LIGHT TRUCK,,RIVER STREET,,GREEN STREET,"RIVER STREET
Cambridge, MA
(42.363222232000055, -71.11077567499996)",,,,,,DAYLIGHT,RAIN,,NO CONTROLS,,WET,NOT AT INTERSECTION,"ONE-WAY, NOT DIVIDED",NO,NO,,NON INTERSECTION,,,,,,,EASTBOUND,,NORTHBOUND,,,,,,NONE,,,PAN,MA,LIGHT TRUCK,,,,SLOWING OR STOPPED IN TRAFFIC,2011,,CRV,HONDA,1,,COLLISION WITH MOTOR VEHICLE IN TRAFFIC,,,,LEFT REAR,,,,EASTBOUND,,,,,,,,,,,UNKNOWN,,,,,,,,,,UNKNOWN,,LIGHT TRUCK,,,Y,TRAVELING STRAIGHT AHEAD,,,SUV,UNKNOWN,1,,COLLISION WITH MOTOR VEHICLE IN TRAFFIC,,,,,,,,EASTBOUND,,,,,,,,,,,UNKNOWN,,,,,,,UNKNOWN,,,OPERATOR/DRIVER,,MASSACHUSETTS,,,,,,,,,MALE,,,,Y,OPERATOR/DRIVER,,,,,,,,,,,UNKNOWN,,,,
3/23/16 7:40,Wednesday,TRACTOR / SEMI-TRIALER,PASSENGER CAR,823,MAIN ST,,COLUMBIA,"823 MAIN ST
Cambridge, MA
(42.36332728100007, -71.09788924699996)",,,"SIDESWIPE, SAME DIRECTION",ROADWAY,COLLISION WITH UTILITY POLE,DAYLIGHT,CLEAR,CLEAR,NO CONTROLS,,DRY,NOT AT INTERSECTION,"TWO-WAY, NOT DIVIDED",NO,NO,,NON INTERSECTION,,,,,,,WESTBOUND,,NORTHBOUND,,,,,,NONE,,,SMN,MA,TRACTOR / SEMI-TRIALER,,,,OTHER,2005,,TRAILER,TRANS,1,,COLLISION WITH LIGHT POLE OR OTHER POST/SUPPORT,,,,NONE,,,,,,OTHER,,,,SEMI,82642,MASSACHUSETTS,2005,28 FEET,NO IMPROPER DRIVING,NO IMPROPER DRIVING,Y,Y,,,2016,,,,PAN,MA,PASSENGER CAR,,,,TRAVELING STRAIGHT AHEAD,2007,COLLISION WITH OTHER MOVABLE OBJECT,PRIUS,TOYT,1,,COLLISION WITH OTHER MOVABLE OBJECT,,,,CENTER FRONT,,,,WESTBOUND,,,,,,,,,,,,NO IMPROPER DRIVING,,,,,,,,,OPERATOR/DRIVER,NO INJURY,MASSACHUSETTS,"A, CLASS A VEHICLES","M, CLASS M VEHICLES",,,,,,,MALE,"FRONT SEAT - LEFT SIDE, OR MOTORCYLE DRIVER",SHOULDER AND LAP BELT USED,NOT TRAPPED,,OPERATOR/DRIVER,NO INJURY,MASSACHUSETTS,"D, CLASS D VEHICLES",,,,,,,,MALE,"FRONT SEAT - LEFT SIDE, OR MOTORCYLE DRIVER",SHOULDER AND LAP BELT USED,NOT TRAPPED,Y
1/29/16 17:41,Friday,LIGHT TRUCK,,975,MASSACHUSETTS AVE,,DANA STREET,"975 MASSACHUSETTS AVE
Cambridge, MA
(42.369105998000066, -71.11048167299998)",,,"SIDESWIPE, SAME DIRECTION",OUTSIDE ROADWAY,,DAYLIGHT,CLOUDY,,NO CONTROLS,,,NOT AT INTERSECTION,"TWO-WAY, NOT DIVIDED",NO,NO,,NON INTERSECTION,,,,,,,NORTHBOUND,,WESTBOUND,,,CAMBRIDGE COLLEGE,,,,OTHER,PRIME ENERGY FULL SERVICE SIGN,CON,MA,LIGHT TRUCK,,,Y,MAKING U-TURN,2013,,BOX TRUCK,FRHT,1,,COLLISION WITH LIGHT POLE OR OTHER POST/SUPPORT,,,,,,,,NORTHBOUND,,,,,,,,,,,"DISREGARDED TRAFFIC SIGNS, SIGNALS, ROAD MARKINGS",MADE AN IMPROPER TURN,,,,,,NOT DISTRACTED,,,,,,,,,,,,,,,,,,,,,,,,,,,,,,,,,,,,,,,,,,,,,UNINVOLVED OWNER,,,,,,,,,,,,,,,Y,,,,,,,,,,,,,,,,
10/9/15 17:42,Friday,PASSENGER CAR,PASSENGER CAR,,NORFOLK STREET,MASSACHUSETTS AVENUE,,"NORFOLK STREET &amp; MASSACHUSETTS AVENUE
Cambridge, MA
(42.36679362800004, -71.10600609899996)",,,ANGLE,ROADWAY,COLLISION WITH MOTOR VEHICLE IN TRAFFIC,DAYLIGHT,RAIN,CLOUDY,STOP SIGNS,,WET,T-INTERSECTION,"TWO-WAY, DIVIDED, UNPROTECTED MEDIAN",NO,NO,,INTERSECTION,NORFOLK STREET,WESTBOUND,MASSACHUSETTS AVENUE,SOUTHBOUND,,,,,,,,,,,,,,COMMERCIAL,NH,PASSENGER CAR,,,Y,UNKNOWN,2006,COLLISION WITH MOTOR VEHICLE IN TRAFFIC,DURANGO,DODGE,1,,COLLISION WITH MOTOR VEHICLE IN TRAFFIC,,,,RIGHT FRONT,RIGHT SIDE,RIGHT REAR,,NORTHBOUND,,,,,,,,,,,,,,,,,,UNKNOWN,,,CON,MA,PASSENGER CAR,,,,TRAVELING STRAIGHT AHEAD,1999,COLLISION WITH MOTOR VEHICLE IN TRAFFIC,626,MAZDA,2,,COLLISION WITH MOTOR VEHICLE IN TRAFFIC,,,,LEFT FRONT,CENTER FRONT,RIGHT FRONT,,WESTBOUND,,,,,,,,,,,,,,,,,,NOT DISTRACTED,,,OPERATOR/DRIVER,NO INJURY,MARYLAND,"C, CLASS C VEHICLES",,,,,,,,MALE,"FRONT SEAT - LEFT SIDE, OR MOTORCYLE DRIVER",UNKNOWN,NOT TRAPPED,,OCCUPANT/PASSENGER,NO INJURY,MASSACHUSETTS,,,,,,,,,MALE,FRONT SEAT - RIGHT SIDE,UNKNOWN,NOT TRAPPED,Y
10/9/15 0:09,Friday,PASSENGER CAR,LIGHT TRUCK,330,MT AUBURN ST,,,"330 MT AUBURN ST
Cambridge, MA
(42.374891707000074, -71.13406275099999)",,,"SIDESWIPE, OPPOSITE DIRECTION",ROADWAY,,DARK - LIGHTED ROADWAY,CLEAR,,NO CONTROLS,,DRY,NOT AT INTERSECTION,"TWO-WAY, DIVIDED, UNPROTECTED MEDIAN",NO,NO,30,NON INTERSECTION,,,,,,,EASTBOUND,,,,,,,,NONE,,,PAS,VT,PASSENGER CAR,,,,PARKED,2002,COLLISION WITH MOTOR VEHICLE IN TRAFFIC,CIV,HONDA,2,,COLLISION WITH MOTOR VEHICLE IN TRAFFIC,,,,LEFT FRONT,,,,,,,,,,,,,,,NO IMPROPER DRIVING,,,,,,,NOT DISTRACTED,,NO,UNKNWON,,LIGHT TRUCK,,,,TRAVELING STRAIGHT AHEAD,,COLLISION WITH PARKED MOTOR VEHICLE,UNKNOWN,UNKNOWN,1,,COLLISION WITH PARKED MOTOR VEHICLE,,,,LEFT FRONT,,,,WESTBOUND,,,,,,,,,,,WRONG SIDE OR WRONG WAY,"OPERATING VEHICLE IN ERRATIC, RECKLESS, CARELESS,",,,,,,UNKNOWN,,NO,OPERATOR/DRIVER,NO INJURY,VERMONT,"D, CLASS D VEHICLES",,,,,,,,FEMALE,"FRONT SEAT - LEFT SIDE, OR MOTORCYLE DRIVER",SHOULDER AND LAP BELT USED,NOT TRAPPED,Y,OPERATOR/DRIVER,UNKNOWN,,,,,,,,,,MALE,"FRONT SEAT - LEFT SIDE, OR MOTORCYLE DRIVER",UNKNOWN,NOT TRAPPED,
1/15/16 9:59,Friday,LIGHT TRUCK,LIGHT TRUCK,,THIRD ST,SPRING ST,,"THIRD ST &amp; SPRING ST
Cambridge, MA
(42.36679362800004, -71.10600609899996)",,,ANGLE,ROADWAY,COLLISION WITH MOTOR VEHICLE IN TRAFFIC,DAYLIGHT,CLOUDY,,STOP SIGNS,YES,DRY,T-INTERSECTION,"TWO-WAY, DIVIDED, UNPROTECTED MEDIAN",NO,NO,,INTERSECTION,THIRD ST,EASTBOUND,SPRING ST,NORTHBOUND,,,,,,,,,,,NONE,,,PAN,MA,LIGHT TRUCK,,,,TRAVELING STRAIGHT AHEAD,2011,COLLISION WITH MOTOR VEHICLE IN TRAFFIC,EDGE,FORD,1,,COLLISION WITH MOTOR VEHICLE IN TRAFFIC,,,,LEFT SIDE,,,,NORTHBOUND,,,,,,,,,,,UNKNOWN,,,,,,,,,,PAN,MA,LIGHT TRUCK,,,,TRAVELING STRAIGHT AHEAD,2003,COLLISION WITH MOTOR VEHICLE IN TRAFFIC,CARAVAN,DODGE,1,,COLLISION WITH MOTOR VEHICLE IN TRAFFIC,,,,CENTER FRONT,LEFT FRONT,RIGHT FRONT,Y,EASTBOUND,,,,,,,,,,,UNKNOWN,,,,,,,,,YES VEHICLE OR TRAILER DISABLED,OPERATOR/DRIVER,NON FATAL INJURY - POSSIBLE,MASSACHUSETTS,"D, CLASS D VEHICLES",,,,,,,,FEMALE,"FRONT SEAT - LEFT SIDE, OR MOTORCYLE DRIVER",SHOULDER AND LAP BELT USED,NOT TRAPPED,Y,OPERATOR/DRIVER,NO INJURY,MASSACHUSETTS,"D, CLASS D VEHICLES",,,,,,,,MALE,"FRONT SEAT - LEFT SIDE, OR MOTORCYLE DRIVER",UNKNOWN,NOT TRAPPED,Y
8/1/15 16:59,Saturday,LIGHT TRUCK,,,HAMPSHIRE ST.,PROSPECT ST.,,"HAMPSHIRE ST. &amp; PROSPECT ST.
Cambridge, MA
(42.36679362800004, -71.10600609899996)",,1,ANGLE,ROADWAY,COLLISION WITH PEDESTRIAN,DAYLIGHT,CLEAR,CLEAR,TRAFFIC CONTROL SIGNAL,YES,DRY,T-INTERSECTION,"TWO-WAY, NOT DIVIDED",NO,NO,,INTERSECTION,HAMPSHIRE ST.,NORTHBOUND,PROSPECT ST.,EASTBOUND,,,,,,,,,,,NONE,,,PAN,MA,LIGHT TRUCK,,,,TURNING LEFT,2012,COLLISION WITH PEDESTRIAN,TERRAIN,GMC,3,,COLLISION WITH PEDESTRIAN,COLLISION WITH PEDESTRIAN,COLLISION WITH PEDESTRIAN,COLLISION WITH PEDESTRIAN,,,,,NORTHBOUND,,,,,,,,,,,UNKNOWN,UNKNOWN,,,,,,UNKNOWN,,,,,,,,,,,,,,,,,,,,,,,,,,,,,,,,,,,,,,,,,,,,,OPERATOR/DRIVER,,MASSACHUSETTS,"D, CLASS D VEHICLES",,,,,,,41,FEMALE,UNKNOWN,UNKNOWN,NOT TRAPPED,Y,OCCUPANT/PASSENGER,,,,,,,,,,,FEMALE,,,,
12/5/15 10:57,Saturday,PASSENGER CAR,,100,CAMBRIDGESIDE PLACE,,,"100 CAMBRIDGESIDE PLACE
Cambridge, MA
(42.36702668500004, -71.07601567499995)",,,"SIDESWIPE, SAME DIRECTION",UNKNOWN,COLLISION WITH PARKED MOTOR VEHICLE,OTHER,OTHER,,NO CONTROLS,,,NOT AT INTERSECTION,,NO,NO,,NON INTERSECTION,,,,,,,,,,,,,,,NONE,,,,MA,PASSENGER CAR,,,Y,PARKED,2015,,RAV 4,TOYOTA,0,,UNKNOWN MOVABLE OBJECT,,,,LEFT REAR,,,,,,,,,,,,,,,NO IMPROPER DRIVING,,,,,,,NOT DISTRACTED,,,,,,,,,,,,,,,,,,,,,,,,,,,,,,,,,,,,,,,,,,,,,UNINVOLVED OWNER,,,,,,,,,,,FEMALE,,,,Y,,,,,,,,,,,,,,,,
1/6/16 19:35,Wednesday,PASSENGER CAR,,200,ALEWIFE BROOK PARKWAY,,,"200 ALEWIFE BROOK PARKWAY
Cambridge, MA
(42.390171585000076, -71.14200220899994)",,,ANGLE,,,DAYLIGHT,CLEAR,,,,,,,,,,NON INTERSECTION,,,,,,,,,,,,,,,,,,PAN,MA,PASSENGER CAR,,,,PARKED,2007,,FUSION,FORD,0,,COLLISION WITH MOTOR VEHICLE IN TRAFFIC,,,,LEFT SIDE,,,,,,,,,,,,,,,,,,,,,,,,,UNKNOWN,,,,,Y,BACKING,,,UNKNOWN,UNKNOWN,1,,COLLISION WITH PARKED MOTOR VEHICLE,,,,,,,,,,,,,,,,,,,UNKNOWN,,,,,,,UNKNOWN,,,UNINVOLVED OWNER,,MASSACHUSETTS,,,,,,,,,MALE,,,,,OPERATOR/DRIVER,,MASSACHUSETTS,,,,,,,,,UNKNOWN,,,,
2/16/16 19:28,Tuesday,PASSENGER CAR,PASSENGER CAR,266,RINDGE AV,,,"266 RINDGE AV
Cambridge, MA
(42.393582206000076, -71.13486230699993)",,,REAR-END,,,DARK - LIGHTED ROADWAY,RAIN,,TRAFFIC CONTROL SIGNAL,YES,WET,NOT AT INTERSECTION,"TWO-WAY, NOT DIVIDED",NO,NO,,NON INTERSECTION,,,,,,,NORTHBOUND,,,,,,,,NONE,,,PAN,MA,PASSENGER CAR,,,,SLOWING OR STOPPED IN TRAFFIC,2013,COLLISION WITH MOTOR VEHICLE IN TRAFFIC,SUBURBAN,CHEVY,1,,COLLISION WITH MOTOR VEHICLE IN TRAFFIC,,,,REAR CENTER,,,,NORTHBOUND,,,,,,,,,,,NO IMPROPER DRIVING,,,,,,,,,NO,PAN,FL,PASSENGER CAR,,,,TRAVELING STRAIGHT AHEAD,2013,COLLISION WITH MOTOR VEHICLE IN TRAFFIC,CIVIC,HONDA,,,COLLISION WITH MOTOR VEHICLE IN TRAFFIC,,,,CENTER FRONT,NONE,,,NORTHBOUND,,,,,,,,,,,NO IMPROPER DRIVING,,,,,,,NOT DISTRACTED,,NO,OPERATOR/DRIVER,,MASSACHUSETTS,"A, CLASS A VEHICLES",,,,,,,,MALE,,,,,OPERATOR/DRIVER,,FLORIDA,,,,,,,,,FEMALE,,,,
11/8/15 11:51,Sunday,PASSENGER CAR,,,PARKING LOT OF PORTER SQ MALL,,,"PARKING LOT OF PORTER SQ MALL
Cambridge, MA
(42.36679362800004, -71.10600609899996)",,,REAR-END,ROADWAY,COLLISION WITH PARKED MOTOR VEHICLE,DAYLIGHT,CLEAR,CLEAR,NO CONTROLS,,DRY,NOT AT INTERSECTION,UNKNOWN,NO,NO,,NON INTERSECTION,,,,,,,,,,,,PORTER SQ MALL,,,UNKNOWN,,,PAN,MA,PASSENGER CAR,,,Y,PARKED,2010,COLLISION WITH PARKED MOTOR VEHICLE,FOCUS,FORD,0,,COLLISION WITH PARKED MOTOR VEHICLE,UNKNOWN,UNKNOWN,UNKNOWN,LEFT REAR,,,,NORTHBOUND,,,,,,,,,,,UNKNOWN,UNKNOWN,,,,,,UNKNOWN,,,,,,,,,,,,,,,,,,,,,,,,,,,,,,,,,,,,,,,,,,,,,UNINVOLVED OWNER,,,,,,,,,,,,,,,Y,,,,,,,,,,,,,,,,
9/11/15 19:00,Friday,PASSENGER CAR,PASSENGER CAR,,LEIGHTON ST,,,"Cambridge, MA
(42.36679362800004, -71.10600609899996)",,,UNKNOWN,,,OTHER,,,,,,,,,,,INTERSECTION,LEIGHTON ST,,,,,,,,,,,,,GARAGE,,,,PAN,MA,PASSENGER CAR,,,Y,PARKED,1999,,E430,MERCEDES,,,COLLISION WITH MOTOR VEHICLE IN TRAFFIC,,,,LEFT REAR,,,,,,,,,,,,,,,,,,,,,,,,,PAN,FL,PASSENGER CAR,,,Y,UNKNOWN,2012,,MURANO,NISSAN,,,,,,,RIGHT FRONT,,,,,,,,,,,,,,,,,,,,,,,,,UNINVOLVED OWNER,,,,,,,,,,,MALE,,,,Y,UNINVOLVED OWNER,,,,,,,,,,,MALE,,,,Y
2/17/16 10:00,Wednesday,LIGHT TRUCK,,30,CAMBRIDGE PARK DR,,,"30 CAMBRIDGE PARK DR
Cambridge, MA
(42.39460204800008, -71.14275063999997)",,1,ANGLE,ROADWAY,COLLISION WITH PEDESTRIAN,DAYLIGHT,CLEAR,,NO CONTROLS,,DRY,NOT AT INTERSECTION,"TWO-WAY, NOT DIVIDED",NO,NO,,NON INTERSECTION,,,,,,,,,,,,,,,,,,CON,MA,LIGHT TRUCK,,,,TRAVELING STRAIGHT AHEAD,2005,COLLISION WITH PEDESTRIAN,EX,DODGE,1,,COLLISION WITH PEDESTRIAN,,,,NONE,,,,EASTBOUND,,,,,,,,,,,,,,,,,,,,,,,,,,,,,,,,,,,,,,,,,,,,,,,,,,,,,,,,,,,,,,,OPERATOR/DRIVER,NO INJURY,MASSACHUSETTS,"D, CLASS D VEHICLES","M, CLASS M VEHICLES",,,,,,,MALE,"FRONT SEAT - LEFT SIDE, OR MOTORCYLE DRIVER",UNKNOWN,NOT TRAPPED,,UNINVOLVED OWNER,,,,,,,,,,,UNKNOWN,,,,Y
9/21/15 21:27,Monday,SINGLE UNIT TRUCK (2 AXLES - 6 TIRES),,1414,MASSACHUSETTS AVE,,,"1414 MASSACHUSETTS AVE
Cambridge, MA
(42.37383184500004, -71.11891235599995)",,,,,,DUSK,CLEAR,,TRAFFIC CONTROL SIGNAL,YES,DRY,NOT AT INTERSECTION,"TWO-WAY, NOT DIVIDED",NO,NO,,NON INTERSECTION,,,,,,,EASTBOUND,,,,,OUT OF TOWN NEWS,,,NONE,,,REPAIR,MA,SINGLE UNIT TRUCK (2 AXLES - 6 TIRES),,,,TRAVELING STRAIGHT AHEAD,2014,,F550,FORD,1,,OTHER NON-COLLISION,,,,,,,,EASTBOUND,,FLATBED,"LESS THAN OR EQUAL TO 10,000 POUNDS",,,,,,,,NO IMPROPER DRIVING,,,,,,,NOT DISTRACTED,,,,,,,,,,,,,,,,,,,,,,,,,,,,,,,,,,,,,,,,,,,,,OPERATOR/DRIVER,,MASSACHUSETTS,,,,,,,,,MALE,,,,,WITNESS,,,,,,,,,,,MALE,,,,
12/18/15 15:00,Friday,PASSENGER CAR,PASSENGER CAR,2528,MASS AV,,,"2528 MASS AV
Cambridge, MA
(42.39968377500003, -71.13328533999999)",,,REAR-END,ROADWAY,,DAYLIGHT,RAIN,,TRAFFIC CONTROL SIGNAL,YES,WET,NOT AT INTERSECTION,"TWO-WAY, DIVIDED, POSITIVE MEDIAN BARRIER",NO,NO,30,NON INTERSECTION,,,,,,,EASTBOUND,,,,,,,,,,,PAN,MA,PASSENGER CAR,,,,SLOWING OR STOPPED IN TRAFFIC,2007,COLLISION WITH MOTOR VEHICLE IN TRAFFIC,PRIUS,TOYOTA,1,,COLLISION WITH MOTOR VEHICLE IN TRAFFIC,,,,LEFT REAR,LEFT SIDE,,,EASTBOUND,,,,,,,,,,,NO IMPROPER DRIVING,,,,,,,,,NO,PAN,MA,PASSENGER CAR,,,,TRAVELING STRAIGHT AHEAD,2009,COLLISION WITH MOTOR VEHICLE IN TRAFFIC,JETTA,VOLK,1,,COLLISION WITH MOTOR VEHICLE IN TRAFFIC,,,,RIGHT FRONT,,,,EASTBOUND,,,,,,,,,,,UNKNOWN,,,,,,,NOT DISTRACTED,,NO,OPERATOR/DRIVER,NO INJURY,MASSACHUSETTS,"D, CLASS D VEHICLES",,NONE,,,,,,FEMALE,"FRONT SEAT - LEFT SIDE, OR MOTORCYLE DRIVER",SHOULDER AND LAP BELT USED,NOT TRAPPED,Y,OPERATOR/DRIVER,NO INJURY,MASSACHUSETTS,"D, CLASS D VEHICLES",,NONE,,,,,,MALE,"FRONT SEAT - LEFT SIDE, OR MOTORCYLE DRIVER",SHOULDER AND LAP BELT USED,NOT TRAPPED,Y
4/2/16 20:00,Saturday,LIGHT TRUCK,,,HURLEY ST,,HURLEY ST AT FIRST ST,"HURLEY ST
Cambridge, MA
(42.36843983700004, -71.08166759599999)",,,UNKNOWN,ROADWAY,COLLISION WITH PARKED MOTOR VEHICLE,DARK - LIGHTED ROADWAY,CLOUDY,RAIN,NO CONTROLS,,WET,,,NO,NO,,NON INTERSECTION,,,,,,,WESTBOUND,,EASTBOUND,,EASTBOUND,CAMBRIDGESIDE GALLERIA MALL,,,,,,PAN,MA,LIGHT TRUCK,,,Y,PARKED,2015,COLLISION WITH PARKED MOTOR VEHICLE,HIGHLA,TOYT,0,,COLLISION WITH PARKED MOTOR VEHICLE,,,,LEFT SIDE,,,,,,,,,,,,,,,,,,,,,,,,NO,,,,,,,,,,,,,,,,,,,,,,,,,,,,,,,,,,,,,,,,,,,UNINVOLVED OWNER,,,,,,,,,,,FEMALE,,,,Y,,,,,,,,,,,,,,,,
9/15/15 9:45,Tuesday,OTHER,PASSENGER CAR,25,LEE STREET,,MASSACHUSETTS AVE,"25 LEE STREET
Cambridge, MA
(42.36907103200008, -71.10651303099996)",,,ANGLE,ROADWAY,COLLISION WITH PARKED MOTOR VEHICLE,DAYLIGHT,CLEAR,CLEAR,NO CONTROLS,NO,DRY,NOT AT INTERSECTION,"ONE-WAY, NOT DIVIDED",,NO,,NON INTERSECTION,,,,,,,EASTBOUND,,NORTHBOUND,,,,,,OTHER,,,APN,MA,OTHER,,,,BACKING,2014,OTHER,MRU613,MACK,1,,COLLISION WITH PARKED MOTOR VEHICLE,OTHER,OTHER,OTHER,OTHER,OTHER,OTHER,,UNKNOWN,,OTHER,"MORE THAN 26,000 POUNDS",,,,,,,,UNKNOWN,UNKNOWN,Y,,,,,NOT DISTRACTED,,,PAN,MA,PASSENGER CAR,,,,PARKED,2001,OTHER,CAMRY,TOYOTA,0,,OTHER,OTHER,OTHER,OTHER,REAR CENTER,LEFT REAR,LEFT REAR,,UNKNOWN,,,,,,,,,,,NO IMPROPER DRIVING,NO IMPROPER DRIVING,,,,,,OTHER ACTIVITY,,,OPERATOR/DRIVER,,MASSACHUSETTS,"B, CLASS B VEHICLES",,NONE,,,,,,MALE,"FRONT SEAT - LEFT SIDE, OR MOTORCYLE DRIVER",UNKNOWN,,,UNINVOLVED OWNER,,MASSACHUSETTS,,,,,,,,,MALE,,,,Y
2/26/16 14:24,Friday,PASSENGER CAR,LIGHT TRUCK,47,ERIE STREET,,,"47 ERIE STREET
Cambridge, MA
(42.358054407000054, -71.10424490199995)",,,,,,,,,,,,,,,,25,NON INTERSECTION,,,,,,,WESTBOUND,,,,,,,,,,,PAN,MA,PASSENGER CAR,,,,TURNING RIGHT,1998,COLLISION WITH WORK ZONE MAINTENANCE EQUIPMENT,ACCORD,HONDA,1,,COLLISION WITH MOTOR VEHICLE IN TRAFFIC,COLLISION WITH WORK ZONE MAINTENANCE EQUIPMENT,COLLISION WITH MOTOR VEHICLE IN TRAFFIC,COLLISION WITH MOTOR VEHICLE IN TRAFFIC,RIGHT SIDE,CENTER FRONT,,Y,WESTBOUND,,,,,,,,,,,NO IMPROPER DRIVING,NO IMPROPER DRIVING,,,,,,NOT DISTRACTED,,YES VEHICLE OR TRAILER DISABLED,PAN,MA,LIGHT TRUCK,,,,TRAVELING STRAIGHT AHEAD,2003,COLLISION WITH MOTOR VEHICLE IN TRAFFIC,RANGER,FORD,1,,COLLISION WITH MOTOR VEHICLE IN TRAFFIC,COLLISION WITH MOTOR VEHICLE IN TRAFFIC,COLLISION WITH MOTOR VEHICLE IN TRAFFIC,COLLISION WITH MOTOR VEHICLE IN TRAFFIC,LEFT FRONT,,,,WESTBOUND,,,,,,,,,,,DISTRACTED,DISTRACTED,,,,,,UNKNOWN,,,OPERATOR/DRIVER,NON FATAL INJURY - NON INCAPACITATING,MASSACHUSETTS,"D, CLASS D VEHICLES",,NONE,,,,,,FEMALE,"FRONT SEAT - LEFT SIDE, OR MOTORCYLE DRIVER",SHOULDER AND LAP BELT USED,NOT TRAPPED,Y,OPERATOR/DRIVER,NO INJURY,MASSACHUSETTS,"D, CLASS D VEHICLES","M, CLASS M VEHICLES",NONE,,,,,,MALE,"FRONT SEAT - LEFT SIDE, OR MOTORCYLE DRIVER",UNKNOWN,NOT TRAPPED,Y
10/19/15 11:26,Monday,PASSENGER CAR,,,MASS AVE,BRATTLE STREET,,"MASS AVE &amp; BRATTLE STREET
Cambridge, MA
(42.36679362800004, -71.10600609899996)",1,,ANGLE,ROADWAY,COLLISION WITH PEDALCYCLE,DAYLIGHT,CLEAR,CLEAR,TRAFFIC CONTROL SIGNAL,YES,DRY,Y-INTERSECTION,"TWO-WAY, DIVIDED, UNPROTECTED MEDIAN",NO,NO,,INTERSECTION,MASS AVE,WESTBOUND,BRATTLE STREET,WESTBOUND,,,,,,,,,,,NONE,,,PAN,MA,PASSENGER CAR,,,,SLOWING OR STOPPED IN TRAFFIC,2007,COLLISION WITH PEDALCYCLE,`SEDAN,AUDI,1,,COLLISION WITH PEDALCYCLE,COLLISION WITH PEDALCYCLE,,,NONE,,,,WESTBOUND,,,,,,,,,,,NO IMPROPER DRIVING,NO IMPROPER DRIVING,,,,,,NOT DISTRACTED,,NO,,,,,,,,,,,,,,,,,,,,,,,,,,,,,,,,,,,,,,,,,,,NON-MOTORIST,NO INJURY,,,,,CYCLIST,"WALKING, RUNNING OR CYCLING",CYCLIST,HELMET,,MALE,,,,,OPERATOR/DRIVER,NO INJURY,MASSACHUSETTS,"D, CLASS D VEHICLES",,,,,,,,MALE,"FRONT SEAT - LEFT SIDE, OR MOTORCYLE DRIVER",UNKNOWN,NOT TRAPPED,Y