Date Time,Day of Week,Object 1,Object 2,Street Number,Street Name,Cross Street,Near Street,Location,May involve cyclist,May Involve Pedestrian,Manner of Collision,First Harmful Event Location,First Harmful Event,Ambient Light,Weather Condition 1,Weather Condition 2,Traffic Control Device Type,Traffic Control Device Functionality,Road Surface Condition,Roadway Junction Type,Trafficway Description,School Bus Related,Work Zone,Speed Limit,Street or Intersection,Intersection Name 1,Intersection Direction 1,Intersection Name 2,Intersection Direction 2,Intersection Name 3,Intersection Direction 3,Street Direction,Nearest Intersection Distance,Nearest Intersection Direction,Landmark Distance,Landmark Direction,Landmark,Mile Marker Direction,Non Public Area,Road Contributing,Damaged Property Type,Description of Damaged Property,V1 Registration Type,v1 State Code,V1 Configuration,V1 Emergency Response,V1 Moped,V1 Hit and Run,V1 Action Prior to Crash,V1 Model Year,V1 Most Harmful Event,V1 Model,V1 Make,V1 Occupant Count,V1 Underride Override,V1 First Event,V1 Second Event,V1 Third Event,V1 Fourth Event,V1 Most Damaged Area,V1 Second Damaged Area,V1 Third Damaged Area,V1 Towed,V1 Travel Direction,V1 Interstate,V1 Cargo Body Type,V1 Gross Weight,V1 Haz Placard,V1 Haz Release,V1 Trailer Reg Type,V1 Trailer Reg Plate,V1 Trailer Reg State,V1 Trailer Reg Year,V1 Trailer Len,V1 Driver Contribution,V1 Driver Contribution 2,V1 Is Truck,V1 Has Trailer,V1 Is Bus,V1 Is Hazmat,V1 Reg Year,V1 Driver Distracted,V1 Bus Use,V1 Tow Use,V2 Registration Type,V2 State Code,V2 Configuration,V2 Emergency Response,V2 Moped,V2 Hit and Run,V2 Action Prior to Crash,V2 Model Year,V2 Most Harmful Event,V2 Model,V2 Make,V2 Occupant Count,V2 Underride Override,V2 First Event,V2 Second Event,V2 Third Event,V2 Fourth Event,V2 Most Damaged Area,V2 Second Damaged Area,V2 Third Damaged Area,V2 Towed,V2 Travel Direction,V2 Interstate,V2 Cargo Body Type,V2 Gross Weight,V2 Haz Placard,V2 Haz Release,V2 Trailer Reg Type,V2 Trailer Reg Plate,V2 Trailer Reg State,V2 Trailer Reg Year,V2 Trailer Len,V2 Driver Contribution,V2 Driver Contribution 2,V2 Is Truck,V2 Has Trailer,V2 Is Bus,V2 Is Hazmat,V2 Reg Year,V2 Driver Distracted,V2 Bus Use,V2 Tow Use,P1 Role,P1 Injury,P1 Drivers Lic State,P1 Drivers Lic Class 1,P1 Drivers Lic Class 2,P1 Drivers Lic Restrict,P1 Non Motorist Desc,P1 Non Motorist Action,P1 Non Motorist Location,P1 Safety Equipment,P1 Age,P1 Sex,P1 Seat Position,P1 Safety System,P1 Trapped,P1 Veh Owner,P2 Role,P2 Injury,P2 Drivers Lic State,P2 Drivers Lic Class 1,P2 Drivers Lic Class 2,P2 Drivers Lic Restrict,P2 Non Motorist Desc,P2 Non Motorist Action,P2 Non Motorist Location,P2 Safety Equipment,P2 Age,P2 Sex,P2 Seat Position,P2 Safety System,P2 Trapped,P2 Veh Owner
9/30/15 21:27,Wednesday,PASSENGER CAR,LIGHT TRUCK,123,RIVER STREET,,PLEASANT STREET,"123 RIVER STREET
Cambridge, MA
(42.363955504000046, -71.10864012999997)",,,,,,DAYLIGHT,RAIN,,NO CONTROLS,,WET,NOT AT INTERSECTION,"ONE-WAY, NOT DIVIDED",NO,NO,,NON INTERSECTION,,,,,,,EASTBOUND,,EASTBOUND,,,,,,NONE,,,PAN,MA,PASSENGER CAR,,,,PARKED,1997,,850,VOLVO,0,,COLLISION WITH MOTOR VEHICLE IN TRAFFIC,,,,RIGHT FRONT,,,,,,,,,,,,,,,,,,,,,,,,,UNKNOWN,,LIGHT TRUCK,,,,TRAVELING STRAIGHT AHEAD,0,,TRUCK,UNKNOWN,1,,COLLISION WITH PARKED MOTOR VEHICLE,,,,,,,,,,,,,,,,,,,UNKNOWN,,,,,,,UNKNOWN,,,OPERATOR/DRIVER,,MASSACHUSETTS,,,,,,,,,FEMALE,,,,Y,OPERATOR/DRIVER,,MASSACHUSETTS,,,,,,,,,UNKNOWN,,,,
12/10/15 11:01,Thursday,LIGHT TRUCK,,,BRATTLE STREET,LOWELL STREET,,"BRATTLE STREET &amp; LOWELL STREET
Cambridge, MA
(42.36679362800004, -71.10600609899996)",1,,ANGLE,ROADWAY,COLLISION WITH PEDALCYCLE,DAYLIGHT,CLEAR,CLEAR,NO CONTROLS,,DRY,T-INTERSECTION,"TWO-WAY, DIVIDED, UNPROTECTED MEDIAN",YES,NO,,INTERSECTION,BRATTLE STREET,NORTHBOUND,LOWELL STREET,WESTBOUND,APPLETON STREET,SOUTHBOUND,,,,,,,,,OBSTRUCTION IN ROADWAY,,,SPN,MA,LIGHT TRUCK,,,,TURNING LEFT,2014,COLLISION WITH PEDALCYCLE,VAN,DODGE,1,,COLLISION WITH PEDALCYCLE,COLLISION WITH PEDALCYCLE,,,NONE,,,,NORTHBOUND,,,,,,,,,,,UNKNOWN,,,,,,,UNKNOWN,,NO,,,,,,,,,,,,,,,,,,,,,,,,,,,,,,,,,,,,,,,,,,,OPERATOR/DRIVER,NO INJURY,MASSACHUSETTS,"D, CLASS D VEHICLES",,,,,,,,FEMALE,"FRONT SEAT - LEFT SIDE, OR MOTORCYLE DRIVER",UNKNOWN,NOT TRAPPED,,UNINVOLVED OWNER,,,,,,,,,,,,,,,Y
11/11/15 14:18,Wednesday,PASSENGER CAR,LIGHT TRUCK,,MT AUBURN ST.,BELMONT ST.,,"MT AUBURN ST. &amp; BELMONT ST.
Cambridge, MA
(42.36679362800004, -71.10600609899996)",,,"SIDESWIPE, OPPOSITE DIRECTION",ROADWAY,COLLISION WITH MOTOR VEHICLE IN TRAFFIC,DAYLIGHT,"SLEET, HAIL, FREEZING RAIN OR DRIZZLE",,TRAFFIC CONTROL SIGNAL,YES,WET,Y-INTERSECTION,"TWO-WAY, DIVIDED, UNPROTECTED MEDIAN",NO,NO,,INTERSECTION,MT AUBURN ST.,WESTBOUND,BELMONT ST.,EASTBOUND,MT AUBURN ST.,EASTBOUND,,,,,,,,,ROAD SURFACE CONDITION,,,,KY,PASSENGER CAR,,,,SLOWING OR STOPPED IN TRAFFIC,2015,COLLISION WITH MOTOR VEHICLE IN TRAFFIC,ALTIMA,NISSAN,1,,COLLISION WITH MOTOR VEHICLE IN TRAFFIC,,,,LEFT SIDE,,,,WESTBOUND,,,,,,,,,,,NO IMPROPER DRIVING,,,,,,,NOT DISTRACTED,,NO,PAN,MA,LIGHT TRUCK,,,,TRAVELING STRAIGHT AHEAD,2014,COLLISION WITH MOTOR VEHICLE IN TRAFFIC,F150,FORD,1,,OTHER NON-COLLISION,COLLISION WITH MOTOR VEHICLE IN TRAFFIC,,,LEFT FRONT,,,,EASTBOUND,,,,,,,,,,,FAILURE TO KEEP IN PROPER LANE OR RUNNING OFF ROAD,OVER CORRECTING / OVER STEERING,,,,,,EXTERNAL DISTRACTION,,NO,OPERATOR/DRIVER,NO INJURY,MASSACHUSETTS,,,,,,,,,MALE,"FRONT SEAT - LEFT SIDE, OR MOTORCYLE DRIVER",SHOULDER AND LAP BELT USED,NOT TRAPPED,Y,OPERATOR/DRIVER,NO INJURY,MASSACHUSETTS,"D, CLASS D VEHICLES",,,,,,,,MALE,"FRONT SEAT - LEFT SIDE, OR MOTORCYLE DRIVER",SHOULDER AND LAP BELT USED,NOT TRAPPED,
11/16/15 1:00,Monday,PASSENGER CAR,PASSENGER CAR,,FIRST STREET,CAMBRIDGESIDE PLACE,,"FIRST STREET &amp; CAMBRIDGESIDE PLACE
Cambridge, MA
(42.36679362800004, -71.10600609899996)",,,HEAD ON,ROADWAY,COLLISION WITH MOTOR VEHICLE IN TRAFFIC,DARK - LIGHTED ROADWAY,CLEAR,,TRAFFIC CONTROL SIGNAL,YES,DRY,FOUR WAY INTERSECTION,"TWO-WAY, NOT DIVIDED",NO,NO,,INTERSECTION,FIRST STREET,NORTHBOUND,CAMBRIDGESIDE PLACE,EASTBOUND,CHARLES STREET,EASTBOUND,,,,,,,,,NONE,,,PAN,NH,PASSENGER CAR,,,,TRAVELING STRAIGHT AHEAD,2015,COLLISION WITH MOTOR VEHICLE IN TRAFFIC,PASSAT,VOLKSWAGON,3,,COLLISION WITH MOTOR VEHICLE IN TRAFFIC,,,,LEFT FRONT,CENTER FRONT,,,NORTHBOUND,,,,,,,,,,,"DISREGARDED TRAFFIC SIGNS, SIGNALS, ROAD MARKINGS",,,,,,,UNKNOWN,,,PAN,MA,PASSENGER CAR,,,,TRAVELING STRAIGHT AHEAD,2008,COLLISION WITH MOTOR VEHICLE IN TRAFFIC,SCION,TOYOTA,1,,COLLISION WITH MOTOR VEHICLE IN TRAFFIC,,,,RIGHT FRONT,CENTER FRONT,,,EASTBOUND,,,,,,,,,,,NO IMPROPER DRIVING,,,,,,,NOT DISTRACTED,,,OPERATOR/DRIVER,NO INJURY,NEW HAMPSHIRE,,,,,,,,,MALE,"FRONT SEAT - LEFT SIDE, OR MOTORCYLE DRIVER",UNKNOWN,NOT TRAPPED,Y,OPERATOR/DRIVER,NO INJURY,MASSACHUSETTS,,,,,,,,,MALE,"FRONT SEAT - LEFT SIDE, OR MOTORCYLE DRIVER",UNKNOWN,NOT TRAPPED,Y
9/8/15 15:22,Tuesday,PASSENGER CAR,OTHER,,INMAN STREET,,MASSACHUSETTS,"INMAN STREET
Cambridge, MA
(42.36996755200005, -71.10298758999994)",,,UNKNOWN,ROADWAY,COLLISION WITH MOTOR VEHICLE IN TRAFFIC,DAYLIGHT,CLEAR,CLEAR,TRAFFIC CONTROL SIGNAL,YES,DRY,NOT AT INTERSECTION,"ONE-WAY, NOT DIVIDED",,NO,,NON INTERSECTION,,,,,,,WESTBOUND,,SOUTHBOUND,,,CAMBRIDGE CITY HALL,,,NONE,,,PAS,CO,PASSENGER CAR,,,,SLOWING OR STOPPED IN TRAFFIC,2015,OTHER,GRAND CHEROKEE,JEEP,2,,COLLISION WITH MOTOR VEHICLE IN TRAFFIC,COLLISION WITH MOTOR VEHICLE IN TRAFFIC,OTHER,OTHER,CENTER FRONT,CENTER FRONT,CENTER FRONT,,WESTBOUND,,,,,,,,,,,NO IMPROPER DRIVING,NO IMPROPER DRIVING,,,,,,NOT DISTRACTED,,,CON,MA,OTHER,,,,BACKING,2000,OTHER,400SER,INTEL,1,,COLLISION WITH MOTOR VEHICLE IN TRAFFIC,COLLISION WITH MOTOR VEHICLE IN TRAFFIC,COLLISION WITH MOTOR VEHICLE IN TRAFFIC,OTHER,NONE,NONE,NONE,,WESTBOUND,,,,,,,,,,,OTHER IMPROPER ACTION,INATTENTION,Y,,,,,UNKNOWN,,,OPERATOR/DRIVER,NO INJURY,MASSACHUSETTS,UNKNOWN,,,,,,,,MALE,"FRONT SEAT - LEFT SIDE, OR MOTORCYLE DRIVER",UNKNOWN,,Y,OPERATOR/DRIVER,NO INJURY,COLORADO,UNKNOWN,,,,,,,,FEMALE,"FRONT SEAT - LEFT SIDE, OR MOTORCYLE DRIVER",UNKNOWN,,
10/17/15 13:00,Saturday,LIGHT TRUCK,PASSENGER CAR,84,MASS AVE,,AMHERST ST,"84 MASS AVE
Cambridge, MA
(42.35924907900005, -71.09378540299997)",,,"SIDESWIPE, SAME DIRECTION",ROADWAY,,DAYLIGHT,CLEAR,,NO CONTROLS,,DRY,,"TWO-WAY, DIVIDED, UNPROTECTED MEDIAN",NO,NO,,NON INTERSECTION,,,,,,,SOUTHBOUND,,,,,M.I.T,,,NONE,,,PAN,MA,LIGHT TRUCK,,,,TRAVELING STRAIGHT AHEAD,2005,COLLISION WITH PARKED MOTOR VEHICLE,ASTROVAN,CHEVY,1,,COLLISION WITH PARKED MOTOR VEHICLE,,,,RIGHT SIDE,,,,SOUTHBOUND,,,,,,,,,,,NO IMPROPER DRIVING,,,,,,,,,,PAN,MA,PASSENGER CAR,,,,ENTERING TRAFFIC LANE,2002,,ACCORD,HONDA,2,,COLLISION WITH MOTOR VEHICLE IN TRAFFIC,,,,LEFT FRONT,,,,SOUTHBOUND,,,,,,,,,,,FAILED TO YIELD THE RIGHT OF WAY,,,,,,,,,,OPERATOR/DRIVER,NO INJURY,MASSACHUSETTS,"D, CLASS D VEHICLES",,,,,,,,MALE,"FRONT SEAT - LEFT SIDE, OR MOTORCYLE DRIVER",UNKNOWN,NOT TRAPPED,Y,OPERATOR/DRIVER,NO INJURY,MASSACHUSETTS,"D, CLASS D VEHICLES",,,,,,,,FEMALE,"FRONT SEAT - LEFT SIDE, OR MOTORCYLE DRIVER",UNKNOWN,NOT TRAPPED,
8/18/15 12:28,Tuesday,PASSENGER CAR,LIGHT TRUCK,2362,MASS AVE,,,"2362 MASS AVE
Cambridge, MA
(42.39643659800004, -71.12919081999996)",,,REAR-END,,,DAYLIGHT,CLEAR,,NO CONTROLS,,DRY,NOT AT INTERSECTION,"TWO-WAY, DIVIDED, POSITIVE MEDIAN BARRIER",NO,NO,,NON INTERSECTION,,,,,,,EASTBOUND,,,,,,,,,,,PAN,MA,PASSENGER CAR,,,,TRAVELING STRAIGHT AHEAD,2010,,CIVIC,HONDA,1,,COLLISION WITH MOTOR VEHICLE IN TRAFFIC,,,,REAR CENTER,,,,,,,,,,,,,,,,,,,,,,,,,CON,MA,LIGHT TRUCK,,,,TRAVELING STRAIGHT AHEAD,2004,,LGHTCON,FORD,1,,COLLISION WITH MOTOR VEHICLE IN TRAFFIC,,,,CENTER FRONT,,,,,,,,,,,,,,,,,,,,,,,,,OPERATOR/DRIVER,,MASSACHUSETTS,,,,,,,,,FEMALE,,,,Y,OPERATOR/DRIVER,,MASSACHUSETTS,,,,,,,,,MALE,,,,
3/30/16 19:20,Wednesday,PASSENGER CAR,,,MASS. AVE,ROSELAND AVE.,,"MASS. AVE &amp; ROSELAND AVE.
Cambridge, MA
(42.36679362800004, -71.10600609899996)",1,,"SIDESWIPE, SAME DIRECTION",ROADWAY,COLLISION WITH PEDALCYCLE,DARK - LIGHTED ROADWAY,CLEAR,CLEAR,TRAFFIC CONTROL SIGNAL,YES,DRY,T-INTERSECTION,"TWO-WAY, DIVIDED, POSITIVE MEDIAN BARRIER",NO,NO,30,INTERSECTION,MASS. AVE,SOUTHBOUND,ROSELAND AVE.,,,,,,,,,,,,NONE,,BICYCLE,PAN,MA,PASSENGER CAR,,,Y,OVERTAKING / PASSING,2013,COLLISION WITH PEDALCYCLE,XC90,VOLVO,2,,COLLISION WITH PEDALCYCLE,,,,UNKNOWN,,,,SOUTHBOUND,,,,,,,,,,,UNKNOWN,,,,,,,UNKNOWN,,,,,,,,,,,,,,,,,,,,,,,,,,,,,,,,,,,,,,,,,,,,,NON-MOTORIST,NO INJURY,,,,,CYCLIST,"WALKING, RUNNING OR CYCLING",CYCLIST,HELMET,,FEMALE,,,,,UNINVOLVED OWNER,,,"D, CLASS D VEHICLES",,,,,,,,MALE,,,,Y
3/24/16 13:45,Thursday,PASSENGER CAR,,748,MEMORIAL DR,,,"748 MEMORIAL DR
Cambridge, MA
(42.357710574000066, -71.11525686499994)",,1,ANGLE,OUTSIDE ROADWAY,COLLISION WITH PEDESTRIAN,DAYLIGHT,CLOUDY,,NO CONTROLS,,DRY,NOT AT INTERSECTION,"TWO-WAY, NOT DIVIDED",,,,NON INTERSECTION,,,,,,,,,,,,,,,,,,PAN,MA,PASSENGER CAR,,,,BACKING,2013,COLLISION WITH PEDESTRIAN,CAMRY,TOYT,1,,COLLISION WITH PEDESTRIAN,,,,NONE,,,Y,NORTHBOUND,,,,,,,,,,,UNKNOWN,,,,,,,,,NO,,,,,,,,,,,,,,,,,,,,,,,,,,,,,,,,,,,,,,,,,,,OPERATOR/DRIVER,NO INJURY,MASSACHUSETTS,,,,,,,,,MALE,"FRONT SEAT - LEFT SIDE, OR MOTORCYLE DRIVER",UNKNOWN,NOT TRAPPED,,UNINVOLVED OWNER,,,,,,,,,,,FEMALE,,,,Y
6/22/16 16:47,Wednesday,PASSENGER CAR,,699,MT. AUBURN ST.,,,"699 MT. AUBURN ST.
Cambridge, MA
(42.37478664100007, -71.14935960999998)",,,UNKNOWN,ROADWAY,COLLISION WITH MOTOR VEHICLE IN TRAFFIC,DAYLIGHT,CLEAR,,NO CONTROLS,,DRY,,,NO,,,NON INTERSECTION,,,,,,,,,,,,,,,NONE,,,PVN,MA,PASSENGER CAR,,,Y,PARKED,2015,COLLISION WITH MOTOR VEHICLE IN TRAFFIC,CAMRY,TOYOTA,0,,COLLISION WITH MOTOR VEHICLE IN TRAFFIC,,,,RIGHT FRONT,,,,,,,,,,,,,,,NO IMPROPER DRIVING,,,,,,,,,,,,,,,,,,,,,,,,,,,,,,,,,,,,,,,,,,,,,,,,,,,,UNINVOLVED OWNER,,MASSACHUSETTS,"D, CLASS D VEHICLES",,,,,,,,MALE,,,,Y,,,,,,,,,,,,,,,,
9/8/15 7:53,Tuesday,PASSENGER CAR,SINGLE UNIT TRUCK (2 AXLES - 6 TIRES),2,DODGE ST,,,"2 DODGE ST
Cambridge, MA
(42.36474107400005, -71.11227309799995)",,,"SIDESWIPE, SAME DIRECTION",ROADWAY,COLLISION WITH PARKED MOTOR VEHICLE,DARK - LIGHTED ROADWAY,CLEAR,,NO CONTROLS,,DRY,NOT AT INTERSECTION,"TWO-WAY, NOT DIVIDED",NO,NO,,NON INTERSECTION,,,,,,,,,,,,,,,NONE,,,PAN,MA,PASSENGER CAR,,,Y,PARKED,2004,,COUPE,MINI COOPER,0,,COLLISION WITH MOTOR VEHICLE IN TRAFFIC,,,,LEFT FRONT,LEFT SIDE,,,,,,,,,,,,,,,,,,,,,,,,PASS,AZ,SINGLE UNIT TRUCK (2 AXLES - 6 TIRES),,,Y,TRAVELING STRAIGHT AHEAD,2013,COLLISION WITH PARKED MOTOR VEHICLE,,,1,,COLLISION WITH PARKED MOTOR VEHICLE,,,,,,,,,,,,,,,,,,,UNKNOWN,,,,,,,,,,UNINVOLVED OWNER,,MASSACHUSETTS,"D, CLASS D VEHICLES",,CORRECTIVE LENSES,,,,,,MALE,,,,Y,OPERATOR/DRIVER,,CALIFORNIA,,,,,,,,,MALE,"FRONT SEAT - LEFT SIDE, OR MOTORCYLE DRIVER",,,
9/23/15 11:37,Wednesday,LIGHT TRUCK,TRACTOR / SEMI-TRIALER,,CONCORD AVENUE,CONCORD AVE,,"CONCORD AVENUE &amp; CONCORD AVE
Cambridge, MA
(42.36679362800004, -71.10600609899996)",,,HEAD ON,ROADWAY,COLLISION WITH MOTOR VEHICLE IN TRAFFIC,DAYLIGHT,CLEAR,CLEAR,STOP SIGNS,NO,DRY,T-INTERSECTION,"TWO-WAY, DIVIDED, UNPROTECTED MEDIAN",NO,NO,30,INTERSECTION,CONCORD AVENUE,,CONCORD AVE,WESTBOUND,FAWCETT ST,WESTBOUND,,,,,,,,,NONE,,,CON,MA,LIGHT TRUCK,,,,TURNING LEFT,2012,,TRANSIT,FORD,1,,COLLISION WITH MOTOR VEHICLE IN TRAFFIC,COLLISION WITH MOTOR VEHICLE IN TRAFFIC,,,CENTER FRONT,UNDERCARRIAGE,,Y,EASTBOUND,,,,,,,,,,,FAILED TO YIELD THE RIGHT OF WAY,"OPERATING VEHICLE IN ERRATIC, RECKLESS, CARELESS,",,,,,,,,YES VEHICLE OR TRAILER DISABLED,APPORTIONED,NH,TRACTOR / SEMI-TRIALER,,,,TRAVELING STRAIGHT AHEAD,2012,COLLISION WITH MOTOR VEHICLE IN TRAFFIC,TRUCK,KENWORTH,1,,COLLISION WITH MOTOR VEHICLE IN TRAFFIC,,,,RIGHT REAR,,,,WESTBOUND,,,,,,,,,,,NO IMPROPER DRIVING,,,,,,,,,,OPERATOR/DRIVER,NO INJURY,MASSACHUSETTS,,,,,,,,,MALE,"FRONT SEAT - LEFT SIDE, OR MOTORCYLE DRIVER",SHOULDER AND LAP BELT USED,NOT TRAPPED,,OPERATOR/DRIVER,NO INJURY,NEW HAMPSHIRE,,,,,,,,,MALE,"FRONT SEAT - LEFT SIDE, OR MOTORCYLE DRIVER",SHOULDER AND LAP BELT USED,NOT TRAPPED,
2/21/16 16:00,Sunday,PASSENGER CAR,LIGHT TRUCK,,211 ALEWIFEBROOK PARKWAY,,,"211 ALEWIFEBROOK PARKWAY
Cambridge, MA
(42.38935947700003, -71.14278560599996)",,,ANGLE,OUTSIDE ROADWAY,COLLISION WITH PARKED MOTOR VEHICLE,DAYLIGHT,CLEAR,CLEAR,NO CONTROLS,,DRY,NOT AT INTERSECTION,,,,,NON INTERSECTION,,,,,,,,,,,,,,,NONE,,,PAN,MA,PASSENGER CAR,,,,TURNING LEFT,2015,UNKNOWN,CIVIC,HONDA,1,,COLLISION WITH PARKED MOTOR VEHICLE,UNKNOWN,UNKNOWN,,UNKNOWN,,,,NORTHBOUND,,,,,,,,,,,,,,,,,,UNKNOWN,,NO,PAS,MA,LIGHT TRUCK,,,,PARKED,2009,COLLISION WITH MOTOR VEHICLE IN TRAFFIC,400,LEXUS,0,,COLLISION WITH MOTOR VEHICLE IN TRAFFIC,,,,RIGHT REAR,,,,,,,,,,,,,,,NO IMPROPER DRIVING,NO IMPROPER DRIVING,,,,,,NOT DISTRACTED,,NO,UNINVOLVED OWNER,,MASSACHUSETTS,,,,,,,,,FEMALE,,,,Y,OPERATOR/DRIVER,,VERMONT,"D, CLASS D VEHICLES",UNKNOWN,UNKNOWN,,,,,,FEMALE,,,,Y
1/3/16 14:00,Sunday,LIGHT TRUCK,LIGHT TRUCK,120,BRATTLE STREET,,WILLARD STREET,"120 BRATTLE STREET
Cambridge, MA
(42.37660504200005, -71.12825139999995)",,,REAR-END,ROADWAY,COLLISION WITH MOTOR VEHICLE IN TRAFFIC,DAYLIGHT,CLEAR,CLEAR,NO CONTROLS,,DRY,NOT AT INTERSECTION,"TWO-WAY, DIVIDED, UNPROTECTED MEDIAN",NO,NO,,NON INTERSECTION,,,,,,,EASTBOUND,,EASTBOUND,,EASTBOUND,LONGFELLOW PARK,,,NONE,,,PAN,MA,LIGHT TRUCK,,,,SLOWING OR STOPPED IN TRAFFIC,2006,COLLISION WITH MOTOR VEHICLE IN TRAFFIC,SUV,MERZ,2,,COLLISION WITH MOTOR VEHICLE IN TRAFFIC,COLLISION WITH MOTOR VEHICLE IN TRAFFIC,,,RIGHT REAR,REAR CENTER,LEFT REAR,,EASTBOUND,,,,,,,,,,,NO IMPROPER DRIVING,,,,,,,NOT DISTRACTED,,NO,PAN,MA,LIGHT TRUCK,,,,TRAVELING STRAIGHT AHEAD,2015,COLLISION WITH MOTOR VEHICLE IN TRAFFIC,PU,CHEVY,1,,COLLISION WITH MOTOR VEHICLE IN TRAFFIC,COLLISION WITH MOTOR VEHICLE IN TRAFFIC,,,CENTER FRONT,LEFT FRONT,RIGHT FRONT,,EASTBOUND,,,,,,,,,,,INATTENTION,,,,,,,UNKNOWN,,NO,OPERATOR/DRIVER,NO INJURY,MASSACHUSETTS,"D, CLASS D VEHICLES",,,,,,,,FEMALE,"FRONT SEAT - LEFT SIDE, OR MOTORCYLE DRIVER",,,Y,OCCUPANT/PASSENGER,NO INJURY,,,,,,,,,,FEMALE,FRONT SEAT - RIGHT SIDE,SHOULDER AND LAP BELT USED,NOT TRAPPED,
8/3/15 19:09,Monday,LIGHT TRUCK,,160,CAMBRIDGE ST,,,"160 CAMBRIDGE ST
Cambridge, MA
(42.37079252500007, -71.07823368599998)",1,,HEAD ON,,,DAYLIGHT,CLEAR,,NO CONTROLS,,DRY,NOT AT INTERSECTION,"TWO-WAY, DIVIDED, UNPROTECTED MEDIAN",,,,NON INTERSECTION,,,,,,,,,,,,,,,,,,CON,MA,LIGHT TRUCK,,,,TRAVELING STRAIGHT AHEAD,2008,,GRAND,DODGE,1,,COLLISION WITH OTHER MOVABLE OBJECT,,,,RIGHT FRONT,,,,,,,,,,,,,,,,,,,,,,,,,,,,,,,,,,,,,,,,,,,,,,,,,,,,,,,,,,,,,,,,,,,OPERATOR/DRIVER,,MASSACHUSETTS,,,,,,,,,MALE,,,,Y,NON-MOTORIST,NON FATAL INJURY - NON INCAPACITATING,,,,,CYCLIST,"WALKING, RUNNING OR CYCLING",,HELMET,,FEMALE,,,,
10/31/15 13:49,Saturday,PASSENGER CAR,,179,RINDGE AVE,,,"179 RINDGE AVE
Cambridge, MA
(42.39344700400005, -71.13170953899998)",,,"SIDESWIPE, SAME DIRECTION",,,DARK - LIGHTED ROADWAY,CLEAR,,NO CONTROLS,,DRY,NOT AT INTERSECTION,,NO,NO,,NON INTERSECTION,,,,,,,,,,,,,,,,,,PAN,MA,PASSENGER CAR,,,,PARKED,2015,,CIVIC,HONDA,0,,COLLISION WITH MOTOR VEHICLE IN TRAFFIC,,,,LEFT FRONT,LEFT SIDE,,,,,,,,,,,,,,,,,,,,,,,,,,,,,Y,,,,,,1,,,,,,,,,,,,,,,,,,,,,,,,,,,,,,,UNINVOLVED OWNER,,,,,,,,,,,FEMALE,,,,,,,,,,,,,,,,,,,,
2/19/16 20:17,Friday,LIGHT TRUCK,,1035,CAMBRIDGE STREET,,,"1035 CAMBRIDGE STREET
Cambridge, MA
(42.372926617000076, -71.09438681799998)",,,"SIDESWIPE, SAME DIRECTION",ROADWAY,COLLISION WITH PARKED MOTOR VEHICLE,DAYLIGHT,CLEAR,,,,DRY,NOT AT INTERSECTION,,,,,NON INTERSECTION,,,,,,,,,,,,,,,,,,PAN,MA,LIGHT TRUCK,,,Y,PARKED,2012,COLLISION WITH PARKED MOTOR VEHICLE,IMPREZA,SUBARU,0,,COLLISION WITH PARKED MOTOR VEHICLE,,,,RIGHT SIDE,RIGHT REAR,,,,,,,,,,,,,,,,,,,,,,,,,,,,,,,,,,,,,,,,,,,,,,,,,,,,,,,,,,,,,,,,,,UNINVOLVED OWNER,,MASSACHUSETTS,,,,,,,,,FEMALE,,,,,,,,,,,,,,,,,,,,
10/3/15 14:12,Saturday,PASSENGER CAR,PASSENGER CAR,,WINDSOR STREET,MASS AVE,,"WINDSOR STREET &amp; MASS AVE
Cambridge, MA
(42.36679362800004, -71.10600609899996)",,,HEAD ON,ROADWAY,COLLISION WITH MOTOR VEHICLE IN TRAFFIC,DAYLIGHT,CLOUDY,,STOP SIGNS,YES,DRY,T-INTERSECTION,"TWO-WAY, NOT DIVIDED",NO,NO,,INTERSECTION,WINDSOR STREET,SOUTHBOUND,MASS AVE,WESTBOUND,,,,,,,,,,,NONE,,,PAN,MA,PASSENGER CAR,,,,TURNING LEFT,2008,,SCION,TOYOTA,1,,COLLISION WITH MOTOR VEHICLE IN TRAFFIC,,,,CENTER FRONT,LEFT FRONT,RIGHT FRONT,,SOUTHBOUND,,,,,,,,,,,NO IMPROPER DRIVING,,,,,,,UNKNOWN,,,PAN,MA,PASSENGER CAR,,,,TRAVELING STRAIGHT AHEAD,2004,,,KIA,1,,COLLISION WITH MOTOR VEHICLE IN TRAFFIC,,,,RIGHT FRONT,CENTER FRONT,,,WESTBOUND,,,,,,,,,,,NO IMPROPER DRIVING,,,,,,,NOT DISTRACTED,,,OPERATOR/DRIVER,NO INJURY,MASSACHUSETTS,,,,,,,,,FEMALE,"FRONT SEAT - LEFT SIDE, OR MOTORCYLE DRIVER",SHOULDER AND LAP BELT USED,NOT TRAPPED,Y,OPERATOR/DRIVER,NO INJURY,MASSACHUSETTS,,,,,,,,,FEMALE,"FRONT SEAT - LEFT SIDE, OR MOTORCYLE DRIVER",SHOULDER AND LAP BELT USED,NOT TRAPPED,