Date Time,Day of Week,Object 1,Object 2,Street Number,Street Name,Cross Street,Near Street,Location,May involve cyclist,May Involve Pedestrian,Manner of Collision,First Harmful Event Location,First Harmful Event,Ambient Light,Weather Condition 1,Weather Condition 2,Traffic Control Device Type,Traffic Control Device Functionality,Road Surface Condition,Roadway Junction Type,Trafficway Description,School Bus Related,Work Zone,Speed Limit,Street or Intersection,Intersection Name 1,Intersection Direction 1,Intersection Name 2,Intersection Direction 2,Intersection Name 3,Intersection Direction 3,Street Direction,Nearest Intersection Distance,Nearest Intersection Direction,Landmark Distance,Landmark Direction,Landmark,Mile Marker Direction,Non Public Area,Road Contributing,Damaged Property Type,Description of Damaged Property,V1 Registration Type,v1 State Code,V1 Configuration,V1 Emergency Response,V1 Moped,V1 Hit and Run,V1 Action Prior to Crash,V1 Model Year,V1 Most Harmful Event,V1 Model,V1 Make,V1 Occupant Count,V1 Underride Override,V1 First Event,V1 Second Event,V1 Third Event,V1 Fourth Event,V1 Most Damaged Area,V1 Second Damaged Area,V1 Third Damaged Area,V1 Towed,V1 Travel Direction,V1 Interstate,V1 Cargo Body Type,V1 Gross Weight,V1 Haz Placard,V1 Haz Release,V1 Trailer Reg Type,V1 Trailer Reg Plate,V1 Trailer Reg State,V1 Trailer Reg Year,V1 Trailer Len,V1 Driver Contribution,V1 Driver Contribution 2,V1 Is Truck,V1 Has Trailer,V1 Is Bus,V1 Is Hazmat,V1 Reg Year,V1 Driver Distracted,V1 Bus Use,V1 Tow Use,V2 Registration Type,V2 State Code,V2 Configuration,V2 Emergency Response,V2 Moped,V2 Hit and Run,V2 Action Prior to Crash,V2 Model Year,V2 Most Harmful Event,V2 Model,V2 Make,V2 Occupant Count,V2 Underride Override,V2 First Event,V2 Second Event,V2 Third Event,V2 Fourth Event,V2 Most Damaged Area,V2 Second Damaged Area,V2 Third Damaged Area,V2 Towed,V2 Travel Direction,V2 Interstate,V2 Cargo Body Type,V2 Gross Weight,V2 Haz Placard,V2 Haz Release,V2 Trailer Reg Type,V2 Trailer Reg Plate,V2 Trailer Reg State,V2 Trailer Reg Year,V2 Trailer Len,V2 Driver Contribution,V2 Driver Contribution 2,V2 Is Truck,V2 Has Trailer,V2 Is Bus,V2 Is Hazmat,V2 Reg Year,V2 Driver Distracted,V2 Bus Use,V2 Tow Use,P1 Role,P1 Injury,P1 Drivers Lic State,P1 Drivers Lic Class 1,P1 Drivers Lic Class 2,P1 Drivers Lic Restrict,P1 Non Motorist Desc,P1 Non Motorist Action,P1 Non Motorist Location,P1 Safety Equipment,P1 Age,P1 Sex,P1 Seat Position,P1 Safety System,P1 Trapped,P1 Veh Owner,P2 Role,P2 Injury,P2 Drivers Lic State,P2 Drivers Lic Class 1,P2 Drivers Lic Class 2,P2 Drivers Lic Restrict,P2 Non Motorist Desc,P2 Non Motorist Action,P2 Non Motorist Location,P2 Safety Equipment,P2 Age,P2 Sex,P2 Seat Position,P2 Safety System,P2 Trapped,P2 Veh Owner
2/6/16 14:35,Saturday,LIGHT TRUCK,PASSENGER CAR,,MASSACHUSETTS AVE,CAMERON AVE,,"MASSACHUSETTS AVE &amp; CAMERON AVE
Cambridge, MA
(42.36679362800004, -71.10600609899996)",,,"SIDESWIPE, SAME DIRECTION",ROADWAY,COLLISION WITH MOTOR VEHICLE IN TRAFFIC,DAYLIGHT,CLEAR,CLEAR,TRAFFIC CONTROL SIGNAL,YES,WET,FOUR WAY INTERSECTION,"TWO-WAY, DIVIDED, UNPROTECTED MEDIAN",NO,NO,35,INTERSECTION,MASSACHUSETTS AVE,WESTBOUND,CAMERON AVE,SOUTHBOUND,,,,,,,,,,,NONE,,,CON,MA,LIGHT TRUCK,,,,TURNING LEFT,2006,COLLISION WITH MOTOR VEHICLE IN TRAFFIC,SILVERADO,CHEVY,1,,COLLISION WITH MOTOR VEHICLE IN TRAFFIC,COLLISION WITH MOTOR VEHICLE IN TRAFFIC,COLLISION WITH MOTOR VEHICLE IN TRAFFIC,,LEFT FRONT,,,,WESTBOUND,,,,,,,,,,,MADE AN IMPROPER TURN,INATTENTION,,,,,,UNKNOWN,,,PAN,MA,PASSENGER CAR,,,,TRAVELING STRAIGHT AHEAD,2014,COLLISION WITH MOTOR VEHICLE IN TRAFFIC,COOPER,MINI,1,,COLLISION WITH MOTOR VEHICLE IN TRAFFIC,,,,RIGHT SIDE,RIGHT REAR,RIGHT FRONT,Y,WESTBOUND,,,,,,,,,,,NO IMPROPER DRIVING,NO IMPROPER DRIVING,,,,,,NOT DISTRACTED,,YES VEHICLE OR TRAILER DISABLED,OPERATOR/DRIVER,NO INJURY,MASSACHUSETTS,"A, CLASS A VEHICLES",,,,,,,,MALE,"FRONT SEAT - LEFT SIDE, OR MOTORCYLE DRIVER",UNKNOWN,NOT TRAPPED,Y,OPERATOR/DRIVER,NO INJURY,MASSACHUSETTS,"D, CLASS D VEHICLES",,,,,,,,FEMALE,"FRONT SEAT - LEFT SIDE, OR MOTORCYLE DRIVER",UNKNOWN,NOT TRAPPED,
12/28/15 17:04,Monday,PASSENGER CAR,,279,PEARL,,,"279 PEARL
Cambridge, MA
(42.35789001900008, -71.11000811899999)",,,UNKNOWN,ROADWAY,UNKNOWN,UNKNOWN,UNKNOWN,,NO CONTROLS,,UNKNOWN,NOT AT INTERSECTION,"ONE-WAY, NOT DIVIDED",NO,NO,,NON INTERSECTION,,,,,,,SOUTHBOUND,,,,,,,,,,,PASS,NH,PASSENGER CAR,,,Y,PARKED,2012,UNKNOWN,GEN,HYUN,0,,UNKNOWN,,,,LEFT SIDE,,,,,,,,,,,,,,,NO IMPROPER DRIVING,,,,,,,,,,,,,,,,,,,,,,,,,,,,,,,,,,,,,,,,,,,,,,,,,,,,UNINVOLVED OWNER,,NEW HAMPSHIRE,"D, CLASS D VEHICLES",,,,,,,,FEMALE,,,,,,,,,,,,,,,,,,,,
12/9/15 3:45,Wednesday,PASSENGER CAR,PASSENGER CAR,27,PLEASANT ST,,,"27 PLEASANT ST
Cambridge, MA
(42.36464316900003, -71.10755967999995)",,,"SIDESWIPE, SAME DIRECTION",ROADWAY,COLLISION WITH PARKED MOTOR VEHICLE,DARK - LIGHTED ROADWAY,CLEAR,,NO CONTROLS,,DRY,NOT AT INTERSECTION,"ONE-WAY, NOT DIVIDED",NO,NO,,NON INTERSECTION,,,,,,,NORTHBOUND,,,,,,,,NONE,,,PAN,IL,PASSENGER CAR,,,,TRAVELING STRAIGHT AHEAD,2007,COLLISION WITH PARKED MOTOR VEHICLE,ACCORD,HONDA,1,,COLLISION WITH PARKED MOTOR VEHICLE,,,,RIGHT FRONT,,,Y,NORTHBOUND,,,,,,,,,,,FAILURE TO KEEP IN PROPER LANE OR RUNNING OFF ROAD,,,,,,,UNKNOWN,,YES VEHICLE OR TRAILER DISABLED,PAN,MA,PASSENGER CAR,,,,PARKED,2013,COLLISION WITH MOTOR VEHICLE IN TRAFFIC,ELANTRA,HYUNDAI,0,,COLLISION WITH MOTOR VEHICLE IN TRAFFIC,,,,LEFT REAR,LEFT SIDE,,,,,,,,,,,,,,NO IMPROPER DRIVING,,,,,,,,,,OPERATOR/DRIVER,NO INJURY,COLORADO,,,,,,,,,MALE,"FRONT SEAT - LEFT SIDE, OR MOTORCYLE DRIVER",UNKNOWN,NOT TRAPPED,,OPERATOR/DRIVER,,MASSACHUSETTS,"D, CLASS D VEHICLES",,,,,,,,FEMALE,,,,Y
11/5/15 9:15,Thursday,PASSENGER CAR,LIGHT TRUCK,,MASS AVE,RINDGE AVE,,"MASS AVE &amp; RINDGE AVE
Cambridge, MA
(42.36679362800004, -71.10600609899996)",,,"SIDESWIPE, SAME DIRECTION",ROADWAY,COLLISION WITH MOTOR VEHICLE IN TRAFFIC,DAYLIGHT,CLEAR,,TRAFFIC CONTROL SIGNAL,YES,DRY,T-INTERSECTION,"TWO-WAY, DIVIDED, POSITIVE MEDIAN BARRIER",NO,NO,,INTERSECTION,MASS AVE,,RINDGE AVE,,,,,,,,,,,,,,,PAN,MA,PASSENGER CAR,,,,CHANGING LANES,2002,COLLISION WITH MOTOR VEHICLE IN TRAFFIC,PASSAT,VOLK,1,,COLLISION WITH MOTOR VEHICLE IN TRAFFIC,,,,RIGHT SIDE,,,,EASTBOUND,,,,,,,,,,,FAILED TO YIELD THE RIGHT OF WAY,,,,,,,,,,PAN,MA,LIGHT TRUCK,,,,TRAVELING STRAIGHT AHEAD,2004,COLLISION WITH MOTOR VEHICLE IN TRAFFIC,HIGHLA,TOYT,1,,COLLISION WITH MOTOR VEHICLE IN TRAFFIC,,,,RIGHT FRONT,CENTER FRONT,LEFT FRONT,,EASTBOUND,,,,,,,,,,,NO IMPROPER DRIVING,,,,,,,,,,OPERATOR/DRIVER,,MASSACHUSETTS,"D, CLASS D VEHICLES",,,,,,,,FEMALE,,,,Y,OPERATOR/DRIVER,NO INJURY,MASSACHUSETTS,"D, CLASS D VEHICLES",,,,,,,,FEMALE,"FRONT SEAT - LEFT SIDE, OR MOTORCYLE DRIVER",UNKNOWN,NOT TRAPPED,Y
2/17/16 11:30,Wednesday,LIGHT TRUCK,,1105,MASS AVE,,,"1105 MASS AVE
Cambridge, MA
(42.37069345500004, -71.11368106299994)",1,,"SIDESWIPE, SAME DIRECTION",ROADWAY,COLLISION WITH PEDALCYCLE,DAYLIGHT,CLEAR,,NO CONTROLS,,DRY,NOT AT INTERSECTION,"ONE-WAY, NOT DIVIDED",NO,NO,,NON INTERSECTION,,,,,,,WESTBOUND,,,,,,,,NONE,,,PAN,MA,LIGHT TRUCK,,,,PARKED,2014,COLLISION WITH PEDALCYCLE,CRV,HONDA,1,,COLLISION WITH PEDALCYCLE,,,,LEFT SIDE,,,,,,,,,,,,,,,INATTENTION,,,,,,,UNKNOWN,,,,,,,,,,,,,,,,,,,,,,,,,,,,,,,,,,,,,,,,,,,,,OPERATOR/DRIVER,NO INJURY,MASSACHUSETTS,"D, CLASS D VEHICLES",,,,,,,,FEMALE,"FRONT SEAT - LEFT SIDE, OR MOTORCYLE DRIVER",UNKNOWN,NOT TRAPPED,Y,NON-MOTORIST,NON FATAL INJURY - NON INCAPACITATING,MASSACHUSETTS,,,,CYCLIST,"WALKING, RUNNING OR CYCLING",CYCLIST,NONE USED,,MALE,,,,
1/19/16 13:35,Tuesday,PASSENGER CAR,,179,WESTERN AVE,,,"179 WESTERN AVE
Cambridge, MA
(42.36484713700003, -71.10988258899994)",,,"SIDESWIPE, SAME DIRECTION",ROADSIDE,COLLISION WITH PARKED MOTOR VEHICLE,DAYLIGHT,CLOUDY,SNOW,NO CONTROLS,,WET,NOT AT INTERSECTION,"ONE-WAY, NOT DIVIDED",NO,NO,,NON INTERSECTION,,,,,,,SOUTHBOUND,,,,NORTHBOUND,CENTRAL SQUARE,,,NONE,,,PAN,MA,PASSENGER CAR,,,Y,PARKED,2013,COLLISION WITH MOTOR VEHICLE IN TRAFFIC,CAMRY,TOYOTA,0,,COLLISION WITH MOTOR VEHICLE IN TRAFFIC,UNKNOWN,UNKNOWN,UNKNOWN,LEFT SIDE,LEFT REAR,LEFT FRONT,,,,,,,,,,,,,,,,,,,,,,NO,UNK,YT,,,,Y,TRAVELING STRAIGHT AHEAD,,COLLISION WITH PARKED MOTOR VEHICLE,UNK,UNK,,,COLLISION WITH PARKED MOTOR VEHICLE,,,,,,,,,,,,,,,,,,,,,,,,,,,,,UNINVOLVED OWNER,,,"D, CLASS D VEHICLES",,,,,,,,FEMALE,,,,,OPERATOR/DRIVER,,,,,,,,,,,,,,,
11/6/15 3:45,Friday,PASSENGER CAR,PASSENGER CAR,173,RINDGE AV,,,"173 RINDGE AV
Cambridge, MA
(42.39343651400003, -71.13151955699993)",,,"SIDESWIPE, OPPOSITE DIRECTION",ROADWAY,,DARK - LIGHTED ROADWAY,CLOUDY,CLOUDY,NO CONTROLS,,DRY,NOT AT INTERSECTION,"TWO-WAY, DIVIDED, UNPROTECTED MEDIAN",NO,NO,30,NON INTERSECTION,,,,,,,,,,,,,,,NONE,,,PAN,MA,PASSENGER CAR,,,,TRAVELING STRAIGHT AHEAD,2003,COLLISION WITH MOTOR VEHICLE IN TRAFFIC,ACCORD,HONDA,1,,COLLISION WITH MOTOR VEHICLE IN TRAFFIC,COLLISION WITH PARKED MOTOR VEHICLE,,,RIGHT FRONT,LEFT SIDE,LEFT REAR,Y,WESTBOUND,,,,,,,,,,,FAILURE TO KEEP IN PROPER LANE OR RUNNING OFF ROAD,FATIGUED/ASLEEP,,,,,,UNKNOWN,,YES VEHICLE OR TRAILER DISABLED,PAN,MA,PASSENGER CAR,,,,TRAVELING STRAIGHT AHEAD,2001,COLLISION WITH MOTOR VEHICLE IN TRAFFIC,COROLLA,TOYOTA,1,,COLLISION WITH MOTOR VEHICLE IN TRAFFIC,,,,LEFT FRONT,LEFT SIDE,,Y,EASTBOUND,,,,,,,,,,,NO IMPROPER DRIVING,,,,,,,NOT DISTRACTED,,YES VEHICLE OR TRAILER DISABLED,UNINVOLVED OWNER,,,,,,,,,,,MALE,,,,Y,OPERATOR/DRIVER,NON FATAL INJURY - POSSIBLE,MASSACHUSETTS,"D, CLASS D VEHICLES",,NONE,,,,,,FEMALE,"FRONT SEAT - LEFT SIDE, OR MOTORCYLE DRIVER",SHOULDER AND LAP BELT USED,NOT TRAPPED,
3/24/16 10:13,Thursday,PASSENGER CAR,UNKNOWN HEAVY TRUCK,,OXFORD ST,WENDELL ST,,"OXFORD ST &amp; WENDELL ST
Cambridge, MA
(42.36679362800004, -71.10600609899996)",,,"SIDESWIPE, SAME DIRECTION",ROADWAY,COLLISION WITH PARKED MOTOR VEHICLE,DAYLIGHT,CLOUDY,,NO CONTROLS,,DRY,FOUR WAY INTERSECTION,"TWO-WAY, NOT DIVIDED",NO,NO,25,INTERSECTION,OXFORD ST,,WENDELL ST,,,,,,,,,,,,NONE,,,PAN,MA,PASSENGER CAR,,,,PARKED,2002,COLLISION WITH MOTOR VEHICLE IN TRAFFIC,V70,VOLVO,1,,COLLISION WITH MOTOR VEHICLE IN TRAFFIC,,,,LEFT SIDE,,,,,,,,,,,,,,,NO IMPROPER DRIVING,,,,,,,NOT DISTRACTED,,,PAR,MA,UNKNOWN HEAVY TRUCK,Y,,,TURNING LEFT,2009,COLLISION WITH PARKED MOTOR VEHICLE,ARROW,PIERCE,1,,COLLISION WITH PARKED MOTOR VEHICLE,,,,,,,,,,,,,,,,,,,UNKNOWN,,,,,,,NOT DISTRACTED,,,OPERATOR/DRIVER,NO INJURY,MASSACHUSETTS,"D, CLASS D VEHICLES",,,,,,,,FEMALE,"FRONT SEAT - LEFT SIDE, OR MOTORCYLE DRIVER",UNKNOWN,NOT TRAPPED,Y,OPERATOR/DRIVER,NO INJURY,MASSACHUSETTS,UNKNOWN,,,,,,,,MALE,"FRONT SEAT - LEFT SIDE, OR MOTORCYLE DRIVER",UNKNOWN,NOT TRAPPED,
2/20/16 11:47,Saturday,LIGHT TRUCK,,19,BAY ST.,,,"19 BAY ST.
Cambridge, MA
(42.368017389000045, -71.11096770099994)",,,"SIDESWIPE, SAME DIRECTION",ROADWAY,COLLISION WITH PARKED MOTOR VEHICLE,UNKNOWN,CLEAR,CLEAR,NO CONTROLS,,UNKNOWN,NOT AT INTERSECTION,"ONE-WAY, NOT DIVIDED",NO,NO,,NON INTERSECTION,,,,,,,EASTBOUND,,,,,,,,UNKNOWN,,,PAN,MA,LIGHT TRUCK,,,Y,PARKED,2001,COLLISION WITH PARKED MOTOR VEHICLE,SILVERADO,CHEVY,0,,COLLISION WITH PARKED MOTOR VEHICLE,COLLISION WITH PARKED MOTOR VEHICLE,COLLISION WITH PARKED MOTOR VEHICLE,COLLISION WITH PARKED MOTOR VEHICLE,RIGHT FRONT,RIGHT SIDE,RIGHT REAR,,EASTBOUND,,,,,,,,,,,NO IMPROPER DRIVING,NO IMPROPER DRIVING,,,,,,NOT DISTRACTED,,,,,,,,,,,,,,,,,,,,,,,,,,,,,,,,,,,,,,,,,,,,,OPERATOR/DRIVER,NO INJURY,MASSACHUSETTS,"D, CLASS D VEHICLES",,,,,,,40,FEMALE,OTHER,UNKNOWN,NOT TRAPPED,Y,,,,,,,,,,,,,,,,
1/27/16 6:27,Wednesday,PASSENGER CAR,PASSENGER CAR,47,ERIE ST,,,"47 ERIE ST
Cambridge, MA
(42.358054407000054, -71.10424490199995)",,,REAR-END,ROADWAY,,DARK - LIGHTED ROADWAY,CLEAR,,NO CONTROLS,,,,,NO,NO,,NON INTERSECTION,,,,,,,WESTBOUND,,,,,,,,NONE,,,PAN,MA,PASSENGER CAR,,,,BACKING,2015,COLLISION WITH MOTOR VEHICLE IN TRAFFIC,SUV,TOYT,1,,COLLISION WITH MOTOR VEHICLE IN TRAFFIC,,,,LEFT REAR,REAR CENTER,RIGHT REAR,,SOUTHBOUND,,,,,,,,,,,UNKNOWN,,,,,,,UNKNOWN,,,PASS,RI,PASSENGER CAR,,,,SLOWING OR STOPPED IN TRAFFIC,2008,COLLISION WITH MOTOR VEHICLE IN TRAFFIC,SUV,TOY,1,,COLLISION WITH MOTOR VEHICLE IN TRAFFIC,,,,RIGHT FRONT,CENTER FRONT,LEFT FRONT,,NORTHBOUND,,,,,,,,,,,UNKNOWN,,,,,,,UNKNOWN,,,OPERATOR/DRIVER,NO INJURY,MASSACHUSETTS,"D, CLASS D VEHICLES",,,,,,,,MALE,"FRONT SEAT - LEFT SIDE, OR MOTORCYLE DRIVER",UNKNOWN,NOT TRAPPED,Y,OPERATOR/DRIVER,NO INJURY,RHODE ISLAND,"D, CLASS D VEHICLES",,,,,,,,MALE,"FRONT SEAT - LEFT SIDE, OR MOTORCYLE DRIVER",UNKNOWN,NOT TRAPPED,Y
9/3/15 20:58,Thursday,PASSENGER CAR,PASSENGER CAR,74,GORE STREET,,,"74 GORE STREET
Cambridge, MA
(42.37182169100004, -71.08062419599997)",,,UNKNOWN,,,DAYLIGHT,CLEAR,,NO CONTROLS,,DRY,NOT AT INTERSECTION,"TWO-WAY, NOT DIVIDED",NO,NO,,NON INTERSECTION,,,,,,,,,,,,,,,NONE,,,PAN,MA,PASSENGER CAR,,,,PARKED,2012,,ACCORD,HONDA,0,,COLLISION WITH MOTOR VEHICLE IN TRAFFIC,,,,LEFT SIDE,,,,,,,,,,,,,,,,,,,,,,,,,PAN,ME,PASSENGER CAR,,,Y,TRAVELING STRAIGHT AHEAD,2004,COLLISION WITH PARKED MOTOR VEHICLE,IMPALA,CHEVY,,,COLLISION WITH PARKED MOTOR VEHICLE,,,,,,,,UNKNOWN,,,,,,,,,,,UNKNOWN,,,,,,,UNKNOWN,,,UNINVOLVED OWNER,,MASSACHUSETTS,,,,,,,,,MALE,,,,,OPERATOR/DRIVER,,,,,,,,,,,UNKNOWN,,,,
9/7/15 14:30,Monday,PASSENGER CAR,PASSENGER CAR,,MASS AVE,RT 16,,"MASS AVE &amp; RT 16
Cambridge, MA
(42.36679362800004, -71.10600609899996)",,,REAR-END,,,DAYLIGHT,CLEAR,,TRAFFIC CONTROL SIGNAL,YES,DRY,FOUR WAY INTERSECTION,"TWO-WAY, DIVIDED, POSITIVE MEDIAN BARRIER",NO,NO,,INTERSECTION,MASS AVE,WESTBOUND,RT 16,,,,,,,,,,,,,,,PAN,MA,PASSENGER CAR,,,,SLOWING OR STOPPED IN TRAFFIC,2010,,25I,SUBARU,2,,COLLISION WITH MOTOR VEHICLE IN TRAFFIC,,,,REAR CENTER,,,,,,,,,,,,,,,,,,,,,,,,,PAN,MA,PASSENGER CAR,,,,SLOWING OR STOPPED IN TRAFFIC,2013,,STWAG,SUBARY,3,,COLLISION WITH MOTOR VEHICLE IN TRAFFIC,,,,CENTER FRONT,REAR CENTER,,,,,,,,,,,,,,,,,,,,,,,,OPERATOR/DRIVER,,MASSACHUSETTS,,,,,,,,,MALE,,,,Y,OCCUPANT/PASSENGER,,,,,,,,,,,FEMALE,"FRONT SEAT - LEFT SIDE, OR MOTORCYLE DRIVER",UNKNOWN,NOT TRAPPED,
10/6/15 19:16,Tuesday,PASSENGER CAR,,168,ALEWIFE BROOK PARKWAY,,,"168 ALEWIFE BROOK PARKWAY
Cambridge, MA
(42.390198661000056, -71.14197555999993)",,,SINGLE VEHICLE CRASH,OUTSIDE ROADWAY,COLLISION WITH LIGHT POLE OR OTHER POST/SUPPORT,DAYLIGHT,CLEAR,CLEAR,NO CONTROLS,NO,DRY,,,NO,NO,,NON INTERSECTION,,,,,,,,,,,,,,,NONE,,,PAV,MA,PASSENGER CAR,,,,TURNING LEFT,2012,COLLISION WITH LIGHT POLE OR OTHER POST/SUPPORT,RAV4,TOYOTA,1,,COLLISION WITH LIGHT POLE OR OTHER POST/SUPPORT,,,,CENTER FRONT,LEFT FRONT,RIGHT FRONT,Y,WESTBOUND,,,,,,,,,,,UNKNOWN,UNKNOWN,,,,,,UNKNOWN,,YES VEHICLE OR TRAILER DISABLED,,,,,,,,,,,,,,,,,,,,,,,,,,,,,,,,,,,,,,,,,,,OPERATOR/DRIVER,,MASSACHUSETTS,"D, CLASS D VEHICLES",,NONE,,,,,47,FEMALE,,,,Y,,,,,,,,,,,,,,,,
11/14/15 4:00,Saturday,PASSENGER CAR,LIGHT TRUCK,599,MASS. AVE.,,ESSEX ST.,"599 MASS. AVE.
Cambridge, MA
(42.36498467000007, -71.10294533199993)",,,"SIDESWIPE, SAME DIRECTION",ROADWAY,COLLISION WITH MOTOR VEHICLE IN TRAFFIC,DARK - LIGHTED ROADWAY,CLOUDY,,TRAFFIC CONTROL SIGNAL,YES,DRY,T-INTERSECTION,"TWO-WAY, NOT DIVIDED",NO,NO,30,NON INTERSECTION,,,,,,,WESTBOUND,50 FEET,EASTBOUND,50 FEET,WESTBOUND,H&M SUPER MKT.,,,NONE,,,PAN,MA,PASSENGER CAR,,,Y,TRAVELING STRAIGHT AHEAD,2008,COLLISION WITH MOTOR VEHICLE IN TRAFFIC,ACCORD,HONDA,1,,COLLISION WITH MOTOR VEHICLE IN TRAFFIC,,,,RIGHT SIDE,RIGHT FRONT,,Y,EASTBOUND,,,,,,,,,,,"OPERATING VEHICLE IN ERRATIC, RECKLESS, CARELESS,",,,,,,,UNKNOWN,,,PAN,MA,LIGHT TRUCK,Y,,,SLOWING OR STOPPED IN TRAFFIC,2011,,GRAND CHEROKEE,JEEP,1,,,,,,LEFT REAR,LEFT SIDE,,,EASTBOUND,,,,,,,,,,,NO IMPROPER DRIVING,,,,,,,NOT DISTRACTED,,,OPERATOR/DRIVER,NO INJURY,MASSACHUSETTS,"D, CLASS D VEHICLES",,NONE,,,,,,MALE,"FRONT SEAT - LEFT SIDE, OR MOTORCYLE DRIVER",SHOULDER AND LAP BELT USED,NOT TRAPPED,,OPERATOR/DRIVER,NO INJURY,MASSACHUSETTS,"D, CLASS D VEHICLES",,NONE,,,,,,MALE,"FRONT SEAT - LEFT SIDE, OR MOTORCYLE DRIVER",SHOULDER AND LAP BELT USED,NOT TRAPPED,Y
3/21/16 12:20,Monday,LIGHT TRUCK,PASSENGER CAR,,SCIARAPPA ST,SPRING ST,,"SCIARAPPA ST &amp; SPRING ST
Cambridge, MA
(42.36679362800004, -71.10600609899996)",,,ANGLE,ROADWAY,COLLISION WITH MOTOR VEHICLE IN TRAFFIC,DAYLIGHT,CLOUDY,CLEAR,STOP SIGNS,YES,WET,FOUR WAY INTERSECTION,"TWO-WAY, NOT DIVIDED",NO,NO,,INTERSECTION,SCIARAPPA ST,NORTHBOUND,SPRING ST,WESTBOUND,,,,,,,,,,,,,,PAN,MA,LIGHT TRUCK,,,,SLOWING OR STOPPED IN TRAFFIC,2001,COLLISION WITH MOTOR VEHICLE IN TRAFFIC,YUKON,GMC,1,,COLLISION WITH MOTOR VEHICLE IN TRAFFIC,,,,CENTER FRONT,,,Y,NORTHBOUND,,,,,,,,,,,FAILED TO YIELD THE RIGHT OF WAY,,,,,,,,,YES OTHER REASON NOT DISABLED,PAN,MA,PASSENGER CAR,,,,TRAVELING STRAIGHT AHEAD,2000,COLLISION WITH MOTOR VEHICLE IN TRAFFIC,CIVIC,HOND,1,,COLLISION WITH MOTOR VEHICLE IN TRAFFIC,,,,LEFT SIDE,LEFT REAR,RIGHT REAR,Y,WESTBOUND,,,,,,,,,,,NO IMPROPER DRIVING,,,,,,,,,YES VEHICLE OR TRAILER DISABLED,OPERATOR/DRIVER,NO INJURY,MASSACHUSETTS,"D, CLASS D VEHICLES",,,,,,,,MALE,"FRONT SEAT - LEFT SIDE, OR MOTORCYLE DRIVER",UNKNOWN,NOT TRAPPED,Y,OPERATOR/DRIVER,NO INJURY,MASSACHUSETTS,,,,,,,,,MALE,"FRONT SEAT - LEFT SIDE, OR MOTORCYLE DRIVER",UNKNOWN,NOT TRAPPED,Y
11/6/15 12:54,Friday,PASSENGER CAR,PASSENGER CAR,,FAWCETT STREET,CONCORD AVENUE,,"FAWCETT STREET &amp; CONCORD AVENUE
Cambridge, MA
(42.36679362800004, -71.10600609899996)",,,ANGLE,ROADWAY,,DAYLIGHT,CLEAR,CLEAR,STOP SIGNS,YES,DRY,T-INTERSECTION,"TWO-WAY, DIVIDED, UNPROTECTED MEDIAN",NO,NO,,INTERSECTION,FAWCETT STREET,SOUTHBOUND,CONCORD AVENUE,WESTBOUND,,,,,,,,,,,NONE,,,PAN,MA,PASSENGER CAR,,,,BACKING,2014,COLLISION WITH MOTOR VEHICLE IN TRAFFIC,XVCROS,SUBARU,1,,COLLISION WITH MOTOR VEHICLE IN TRAFFIC,,,,LEFT REAR,,,,NORTHBOUND,,,,,,,,,,,INATTENTION,,,,,,,NOT DISTRACTED,,,PAN,MA,PASSENGER CAR,,,,SLOWING OR STOPPED IN TRAFFIC,2015,COLLISION WITH MOTOR VEHICLE IN TRAFFIC,OUTLANDER,MITSBUISHI,4,,COLLISION WITH MOTOR VEHICLE IN TRAFFIC,,,,RIGHT FRONT,,,,SOUTHBOUND,,,,,,,,,,,NO IMPROPER DRIVING,,,,,,,NOT DISTRACTED,,,OPERATOR/DRIVER,,MASSACHUSETTS,"D, CLASS D VEHICLES",,,,,,,,FEMALE,"FRONT SEAT - LEFT SIDE, OR MOTORCYLE DRIVER",SHOULDER AND LAP BELT USED,NOT TRAPPED,Y,OPERATOR/DRIVER,,MASSACHUSETTS,,,,,,,,,MALE,,,,Y
9/21/15 12:24,Monday,PASSENGER CAR,PASSENGER CAR,351,BROADWAY,,INMAN/BROADWAY,"351 BROADWAY
Cambridge, MA
(42.370365940000056, -71.10360036199995)",,,"SIDESWIPE, OPPOSITE DIRECTION",ROADWAY,COLLISION WITH PARKED MOTOR VEHICLE,DAYLIGHT,CLEAR,CLEAR,STOP SIGNS,NO,DRY,T-INTERSECTION,"TWO-WAY, DIVIDED, UNPROTECTED MEDIAN",NO,NO,,NON INTERSECTION,,,,,,,EASTBOUND,,EASTBOUND,,,,,,NONE,,,PAN,MA,PASSENGER CAR,,,,TURNING LEFT,2003,COLLISION WITH PARKED MOTOR VEHICLE,COROLLA,TOYOTA,1,,RAN OFF ROAD LEFT,COLLISION WITH PARKED MOTOR VEHICLE,,,LEFT FRONT,LEFT SIDE,UNKNOWN,Y,EASTBOUND,,,,,,,,,,,OVER CORRECTING / OVER STEERING,FATIGUED/ASLEEP,,,,,,OTHER ACTIVITY,,YES OTHER REASON NOT DISABLED,PAN,CT,PASSENGER CAR,,,,PARKED,2015,COLLISION WITH MOTOR VEHICLE IN TRAFFIC,CR-V,HONDA,0,,COLLISION WITH MOTOR VEHICLE IN TRAFFIC,COLLISION WITH OTHER MOVABLE OBJECT,,,LEFT SIDE,,,,UNKNOWN,,,,,,,,,,,NO IMPROPER DRIVING,NO IMPROPER DRIVING,,,,,,NOT DISTRACTED,,,OPERATOR/DRIVER,NO INJURY,MASSACHUSETTS,,,,,,,,84,MALE,"FRONT SEAT - LEFT SIDE, OR MOTORCYLE DRIVER",SHOULDER AND LAP BELT USED,NOT TRAPPED,Y,WITNESS,,MASSACHUSETTS,,,,,,,,,MALE,,,,