Date Time,Day of Week,Object 1,Object 2,Street Number,Street Name,Cross Street,Near Street,Location,May involve cyclist,May Involve Pedestrian,Manner of Collision,First Harmful Event Location,First Harmful Event,Ambient Light,Weather Condition 1,Weather Condition 2,Traffic Control Device Type,Traffic Control Device Functionality,Road Surface Condition,Roadway Junction Type,Trafficway Description,School Bus Related,Work Zone,Speed Limit,Street or Intersection,Intersection Name 1,Intersection Direction 1,Intersection Name 2,Intersection Direction 2,Intersection Name 3,Intersection Direction 3,Street Direction,Nearest Intersection Distance,Nearest Intersection Direction,Landmark Distance,Landmark Direction,Landmark,Mile Marker Direction,Non Public Area,Road Contributing,Damaged Property Type,Description of Damaged Property,V1 Registration Type,v1 State Code,V1 Configuration,V1 Emergency Response,V1 Moped,V1 Hit and Run,V1 Action Prior to Crash,V1 Model Year,V1 Most Harmful Event,V1 Model,V1 Make,V1 Occupant Count,V1 Underride Override,V1 First Event,V1 Second Event,V1 Third Event,V1 Fourth Event,V1 Most Damaged Area,V1 Second Damaged Area,V1 Third Damaged Area,V1 Towed,V1 Travel Direction,V1 Interstate,V1 Cargo Body Type,V1 Gross Weight,V1 Haz Placard,V1 Haz Release,V1 Trailer Reg Type,V1 Trailer Reg Plate,V1 Trailer Reg State,V1 Trailer Reg Year,V1 Trailer Len,V1 Driver Contribution,V1 Driver Contribution 2,V1 Is Truck,V1 Has Trailer,V1 Is Bus,V1 Is Hazmat,V1 Reg Year,V1 Driver Distracted,V1 Bus Use,V1 Tow Use,V2 Registration Type,V2 State Code,V2 Configuration,V2 Emergency Response,V2 Moped,V2 Hit and Run,V2 Action Prior to Crash,V2 Model Year,V2 Most Harmful Event,V2 Model,V2 Make,V2 Occupant Count,V2 Underride Override,V2 First Event,V2 Second Event,V2 Third Event,V2 Fourth Event,V2 Most Damaged Area,V2 Second Damaged Area,V2 Third Damaged Area,V2 Towed,V2 Travel Direction,V2 Interstate,V2 Cargo Body Type,V2 Gross Weight,V2 Haz Placard,V2 Haz Release,V2 Trailer Reg Type,V2 Trailer Reg Plate,V2 Trailer Reg State,V2 Trailer Reg Year,V2 Trailer Len,V2 Driver Contribution,V2 Driver Contribution 2,V2 Is Truck,V2 Has Trailer,V2 Is Bus,V2 Is Hazmat,V2 Reg Year,V2 Driver Distracted,V2 Bus Use,V2 Tow Use,P1 Role,P1 Injury,P1 Drivers Lic State,P1 Drivers Lic Class 1,P1 Drivers Lic Class 2,P1 Drivers Lic Restrict,P1 Non Motorist Desc,P1 Non Motorist Action,P1 Non Motorist Location,P1 Safety Equipment,P1 Age,P1 Sex,P1 Seat Position,P1 Safety System,P1 Trapped,P1 Veh Owner,P2 Role,P2 Injury,P2 Drivers Lic State,P2 Drivers Lic Class 1,P2 Drivers Lic Class 2,P2 Drivers Lic Restrict,P2 Non Motorist Desc,P2 Non Motorist Action,P2 Non Motorist Location,P2 Safety Equipment,P2 Age,P2 Sex,P2 Seat Position,P2 Safety System,P2 Trapped,P2 Veh Owner
8/10/15 16:51,Monday,LIGHT TRUCK,PASSENGER CAR,186,HAMPSHIRE ST,,,"186 HAMPSHIRE ST
Cambridge, MA
(42.37251634900008, -71.09945106199996)",,,REAR-END,ROADWAY,COLLISION WITH MOTOR VEHICLE IN TRAFFIC,DAYLIGHT,CLEAR,CLEAR,NO CONTROLS,,DRY,NOT AT INTERSECTION,"TWO-WAY, NOT DIVIDED",NO,NO,,NON INTERSECTION,,,,,,,WESTBOUND,,,,,,WESTBOUND,,NONE,,,CON,MA,LIGHT TRUCK,,,,SLOWING OR STOPPED IN TRAFFIC,2007,,EXPCUT,CHEV,1,,COLLISION WITH MOTOR VEHICLE IN TRAFFIC,,,,REAR CENTER,NONE,NONE,,WESTBOUND,,,,,,,,,,,UNKNOWN,UNKNOWN,,,,,,UNKNOWN,,NO,PAN,MA,PASSENGER CAR,,,,TRAVELING STRAIGHT AHEAD,2015,COLLISION WITH MOTOR VEHICLE IN TRAFFIC,CIVIC,HONDA,1,,COLLISION WITH MOTOR VEHICLE IN TRAFFIC,,,,CENTER FRONT,RIGHT FRONT,LEFT FRONT,Y,WESTBOUND,,,,,,,,,,,UNKNOWN,UNKNOWN,,,,,,UNKNOWN,,YES OTHER REASON NOT DISABLED,OPERATOR/DRIVER,NO INJURY,MASSACHUSETTS,"D, CLASS D VEHICLES",,,,,,,,MALE,"FRONT SEAT - LEFT SIDE, OR MOTORCYLE DRIVER",UNKNOWN,NOT TRAPPED,Y,OPERATOR/DRIVER,NON FATAL INJURY - NON INCAPACITATING,MASSACHUSETTS,"D, CLASS D VEHICLES",,,,,,,,FEMALE,"FRONT SEAT - LEFT SIDE, OR MOTORCYLE DRIVER",UNKNOWN,NOT TRAPPED,Y
9/6/15 2:44,Sunday,PASSENGER CAR,PASSENGER CAR,27,MAGEE STREET,,,"27 MAGEE STREET
Cambridge, MA
(42.36629706100007, -71.11215654499995)",,,"SIDESWIPE, OPPOSITE DIRECTION",ROADWAY,COLLISION WITH PARKED MOTOR VEHICLE,DARK - LIGHTED ROADWAY,CLEAR,,NO CONTROLS,,DRY,NOT AT INTERSECTION,"TWO-WAY, NOT DIVIDED",NO,YES,10,NON INTERSECTION,,,,,,,WESTBOUND,,,,,,,,TRAFFIC CONGESTION RELATED,,,PAN,MA,PASSENGER CAR,,,,PARKED,2008,COLLISION WITH PARKED MOTOR VEHICLE,COROLLA,TOYOTA,0,,COLLISION WITH PARKED MOTOR VEHICLE,,,,LEFT FRONT,LEFT SIDE,LEFT REAR,,WESTBOUND,,,,,,,,,,,,,,,,,,NOT DISTRACTED,,NO,PAN,MA,PASSENGER CAR,,,,PARKED,1999,COLLISION WITH PARKED MOTOR VEHICLE,ALTIMA,NISSAN,0,,COLLISION WITH PARKED MOTOR VEHICLE,,,,RIGHT FRONT,RIGHT SIDE,,,WESTBOUND,,,,,,,,,,,,,,,,,,,,NO,UNINVOLVED OWNER,,MASSACHUSETTS,"D, CLASS D VEHICLES",,UNKNOWN,,,,,,FEMALE,,,,Y,UNINVOLVED OWNER,,MASSACHUSETTS,"D, CLASS D VEHICLES",,CORRECTIVE LENSES,,,,,,MALE,,,,Y
12/18/15 17:50,Friday,PASSENGER CAR,PASSENGER CAR,,MASS AVE,UPLAND RD,,"MASS AVE &amp; UPLAND RD
Cambridge, MA
(42.36679362800004, -71.10600609899996)",,,REAR-END,ROADWAY,COLLISION WITH MOTOR VEHICLE IN TRAFFIC,DARK - LIGHTED ROADWAY,CLEAR,,TRAFFIC CONTROL SIGNAL,YES,WET,T-INTERSECTION,"TWO-WAY, DIVIDED, POSITIVE MEDIAN BARRIER",NO,NO,30,INTERSECTION,MASS AVE,,UPLAND RD,,,,,,,,,,,,NONE,,,PAN,MA,PASSENGER CAR,,,Y,OVERTAKING / PASSING,2008,COLLISION WITH MOTOR VEHICLE IN TRAFFIC,C350,MERCEDES,2,,COLLISION WITH MOTOR VEHICLE IN TRAFFIC,,,,RIGHT FRONT,RIGHT SIDE,CENTER FRONT,Y,WESTBOUND,,,,,,,,,,,"OPERATING VEHICLE IN ERRATIC, RECKLESS, CARELESS,",,,,,,,OTHER ACTIVITY,,YES VEHICLE OR TRAILER DISABLED,PAN,MA,PASSENGER CAR,,,,SLOWING OR STOPPED IN TRAFFIC,2011,COLLISION WITH MOTOR VEHICLE IN TRAFFIC,3,MAZDA,1,,COLLISION WITH MOTOR VEHICLE IN TRAFFIC,,,,REAR CENTER,LEFT REAR,CENTER FRONT,,WESTBOUND,,,,,,,,,,,NO IMPROPER DRIVING,,,,,,,NOT DISTRACTED,,,OPERATOR/DRIVER,UNKNOWN,MASSACHUSETTS,UNKNOWN,"M, CLASS M VEHICLES",OTHER LIMITED USE,,,,,,MALE,"FRONT SEAT - LEFT SIDE, OR MOTORCYLE DRIVER",UNKNOWN,NOT TRAPPED,,OCCUPANT/PASSENGER,UNKNOWN,MASSACHUSETTS,"D, CLASS D VEHICLES",,OTHER LIMITED USE,,,,,,FEMALE,FRONT SEAT - RIGHT SIDE,UNKNOWN,NOT TRAPPED,Y
12/22/15 12:09,Tuesday,PASSENGER CAR,PASSENGER CAR,1875,MASS AVE,,ROSILAND AVE,"1875 MASS AVE
Cambridge, MA
(42.38805786000006, -71.11928089099996)",,,SINGLE VEHICLE CRASH,ROADSIDE,COLLISION WITH LIGHT POLE OR OTHER POST/SUPPORT,DAYLIGHT,RAIN,CLOUDY,NO CONTROLS,YES,WET,NOT AT INTERSECTION,"TWO-WAY, DIVIDED, POSITIVE MEDIAN BARRIER",NO,NO,,NON INTERSECTION,,,,,,,NORTHBOUND,,EASTBOUND,,,,,,NONE,MUNICIPAL,PARKING METER,PAN,NJ,PASSENGER CAR,,,Y,TRAVELING STRAIGHT AHEAD,2015,COLLISION WITH LIGHT POLE OR OTHER POST/SUPPORT,VERSA,NISSAN,,,RAN OFF ROAD RIGHT,COLLISION WITH CURB,COLLISION WITH LIGHT POLE OR OTHER POST/SUPPORT,COLLISION WITH PEDALCYCLE,RIGHT FRONT,,,,NORTHBOUND,,,,,,,,,,,UNKNOWN,UNKNOWN,,,,,,UNKNOWN,,NO,PAN,MA,PASSENGER CAR,,,,TRAVELING STRAIGHT AHEAD,,COLLISION WITH LIGHT POLE OR OTHER POST/SUPPORT,UNK,UNK,,,RAN OFF ROAD RIGHT,COLLISION WITH CURB,COLLISION WITH LIGHT POLE OR OTHER POST/SUPPORT,COLLISION WITH PEDALCYCLE,UNKNOWN,,,,NORTHBOUND,,,,,,,,,,,UNKNOWN,UNKNOWN,,,,,,UNKNOWN,,,WITNESS,,,,,,,,,,,FEMALE,,,,,,,,,,,,,,,,,,,,
11/20/15 16:22,Friday,PASSENGER CAR,,502,MASSACHUSETTS AVENUE,,,"502 MASSACHUSETTS AVENUE
Cambridge, MA
(42.36416413500007, -71.10170520399998)",1,,"SIDESWIPE, SAME DIRECTION",ROADWAY,COLLISION WITH PEDALCYCLE,DAYLIGHT,CLEAR,CLEAR,NO CONTROLS,YES,DRY,NOT AT INTERSECTION,,NO,NO,5,NON INTERSECTION,,,,,,,EASTBOUND,,,,,,,,,,,PAN,MA,PASSENGER CAR,,,,TRAVELING STRAIGHT AHEAD,2007,,CIVIC,HONDA,2,,COLLISION WITH PEDALCYCLE,,,,,,,,EASTBOUND,,,,,,,,,,,NO IMPROPER DRIVING,NO IMPROPER DRIVING,,,,,,NOT DISTRACTED,,,,,,,,,,,,,,,,,,,,,,,,,,,,,,,,,,,,,,,,,,,,,OPERATOR/DRIVER,,MASSACHUSETTS,"D, CLASS D VEHICLES",,,,,,,,FEMALE,,,,Y,WITNESS,,,,,,,,,,,FEMALE,,,,
12/4/15 19:26,Friday,LIGHT TRUCK,UNKNOWN HEAVY TRUCK,136,MAGAZINE STREET,,PUTNAM AVE,"136 MAGAZINE STREET
Cambridge, MA
(42.358606870000074, -71.11157960599996)",,,"SIDESWIPE, SAME DIRECTION",ROADSIDE,,UNKNOWN,UNKNOWN,,NO CONTROLS,,,NOT AT INTERSECTION,,,NO,,NON INTERSECTION,,,,,,,EASTBOUND,,NORTHBOUND,,,,,,NONE,,,PAN,MA,LIGHT TRUCK,,,,PARKED,2006,,CRV,HONDA,0,,COLLISION WITH MOTOR VEHICLE IN TRAFFIC,,,,LEFT REAR,,,,,,,,,,,,,,,,,,,,,,,,,UNKNOWN,,UNKNOWN HEAVY TRUCK,,,,TRAVELING STRAIGHT AHEAD,,COLLISION WITH PARKED MOTOR VEHICLE,UNKNOWN,SUV  /TRUCK,1,,COLLISION WITH PARKED MOTOR VEHICLE,,,,,,,,EASTBOUND,,,,,,,,,,,UNKNOWN,,,,,,,,,,UNINVOLVED OWNER,,,,,,,,,,,FEMALE,,,,,OPERATOR/DRIVER,,,,,,,,,,,UNKNOWN,,,,
10/12/15 12:12,Monday,SINGLE UNIT TRUCK (2 AXLES - 6 TIRES),LIGHT TRUCK,,LAWN ST,MAY ST,,"LAWN ST &amp; MAY ST
Cambridge, MA
(42.36679362800004, -71.10600609899996)",,,"SIDESWIPE, SAME DIRECTION",ROADWAY,COLLISION WITH PARKED MOTOR VEHICLE,DAYLIGHT,CLEAR,,STOP SIGNS,YES,DRY,FOUR WAY INTERSECTION,,NO,NO,,INTERSECTION,LAWN ST,EASTBOUND,MAY ST,SOUTHBOUND,,,,,,,,,,,NONE,,,,MA,SINGLE UNIT TRUCK (2 AXLES - 6 TIRES),,,,SLOWING OR STOPPED IN TRAFFIC,2001,COLLISION WITH PARKED MOTOR VEHICLE,CUSTOM CHASSIS,FREIGHTLINER,1,,COLLISION WITH PARKED MOTOR VEHICLE,,,,RIGHT SIDE,,,,EASTBOUND,,,,,,,,,,,OVER CORRECTING / OVER STEERING,,,,,,,NOT DISTRACTED,,NO,PAN,MA,LIGHT TRUCK,,,,PARKED,2014,COLLISION WITH MOTOR VEHICLE IN TRAFFIC,SOUL,KIA,0,,COLLISION WITH MOTOR VEHICLE IN TRAFFIC,,,,CENTER FRONT,LEFT FRONT,,Y,EASTBOUND,,,,,,,,,,,NO IMPROPER DRIVING,,,,,,,,,YES VEHICLE OR TRAILER DISABLED,OPERATOR/DRIVER,NO INJURY,MASSACHUSETTS,"D, CLASS D VEHICLES",,NONE,,,,,,MALE,FRONT SEAT - RIGHT SIDE,SHOULDER AND LAP BELT USED,NOT TRAPPED,,UNINVOLVED OWNER,,,,,,,,,,,,,,,Y
10/28/15 5:53,Wednesday,LIGHT TRUCK,LIGHT TRUCK,124,MT. AUBURN ST.,,,"124 MT. AUBURN ST.
Cambridge, MA
(42.373342713000056, -71.12295987699997)",,,"SIDESWIPE, SAME DIRECTION",,COLLISION WITH MOTOR VEHICLE IN TRAFFIC,DAWN,,CLOUDY,,YES,,T-INTERSECTION,,,,,NON INTERSECTION,,,,,,,,,,,,,EASTBOUND,,,,,CON,MA,LIGHT TRUCK,,,,MAKING U-TURN,2013,,ECONOLINE VAN,FORD,1,,COLLISION WITH MOTOR VEHICLE IN TRAFFIC,,,,LEFT FRONT,RIGHT FRONT,,Y,,,,,,,,,,,,,,,,,,,,,YES VEHICLE OR TRAILER DISABLED,PAN,MA,LIGHT TRUCK,,,,TRAVELING STRAIGHT AHEAD,2004,,LGTCON,FORD,2,,COLLISION WITH MOTOR VEHICLE IN TRAFFIC,,,,LEFT SIDE,CENTER FRONT,LEFT FRONT,,,,,,,,,,,,,,,,,,,,,,NO,OPERATOR/DRIVER,,MASSACHUSETTS,"D, CLASS D VEHICLES",,,,,,,,MALE,,,,,OPERATOR/DRIVER,,MASSACHUSETTS,,,,,,,,,MALE,,,,
1/12/16 6:24,Tuesday,PASSENGER CAR,LIGHT TRUCK,90,JFK ST.,,,"90 JFK ST.
Cambridge, MA
(42.37023093800008, -71.12204303999994)",,,,,,DARK - LIGHTED ROADWAY,CLEAR,CLEAR,NO CONTROLS,,DRY,,"TWO-WAY, NOT DIVIDED",NO,NO,,NON INTERSECTION,,,,,,,,,,,,,,,,,,PAN,MA,PASSENGER CAR,,,,TRAVELING STRAIGHT AHEAD,2011,,SEDAN,HONDA,1,,COLLISION WITH MOTOR VEHICLE IN TRAFFIC,,,,CENTER FRONT,RIGHT FRONT,LEFT FRONT,Y,,,,,,,,,,,,UNKNOWN,,,,,,,,,YES VEHICLE OR TRAILER DISABLED,CON,MA,LIGHT TRUCK,,,,TURNING LEFT,2013,,VAN,CHEV,1,,COLLISION WITH MOTOR VEHICLE IN TRAFFIC,,,,REAR CENTER,,,,,,,,,,,,,,,NO IMPROPER DRIVING,,,,,,,,,,OPERATOR/DRIVER,,,,,,,,,,,MALE,,,,,OPERATOR/DRIVER,,MASSACHUSETTS,,,,,,,,,FEMALE,,,,Y
12/15/15 19:42,Tuesday,,,85,BISHOP ALLEN DRIVE,,NORFOLD,"85 BISHOP ALLEN DRIVE
Cambridge, MA
(42.36557443000004, -71.10183574399997)",,,"SIDESWIPE, SAME DIRECTION",ROADWAY,COLLISION WITH MOTOR VEHICLE IN TRAFFIC,DARK - LIGHTED ROADWAY,,CLOUDY,NO CONTROLS,,DRY,,"TWO-WAY, NOT DIVIDED",,,30,NON INTERSECTION,,,,,,,WESTBOUND,,WESTBOUND,,,,,,TRAFFIC CONGESTION RELATED,,,PAN,MA,,,,,TRAVELING STRAIGHT AHEAD,2010,COLLISION WITH MOTOR VEHICLE IN TRAFFIC,RAVNEW,TOYOTA,3,,COLLISION WITH MOTOR VEHICLE IN TRAFFIC,,,,RIGHT FRONT,,,,,,,,,,,,,,,NO IMPROPER DRIVING,,,,,,,,,,PAN,MA,,,,,PARKED,3,COLLISION WITH MOTOR VEHICLE IN TRAFFIC,JETTA,VOLK,2,,COLLISION WITH MOTOR VEHICLE IN TRAFFIC,,,,LEFT SIDE,,,,,,,,,,,,,,,,,,,,,,,,,OPERATOR/DRIVER,,MASSACHUSETTS,,,,,,,,,MALE,SECOND SEAT - RIGHT SIDE,CHILD SAFETY SEAT USED,,Y,OPERATOR/DRIVER,,MASSACHUSETTS,,,,,,,,,FEMALE,SECOND SEAT - MIDDLE,CHILD SAFETY SEAT USED,,Y
10/25/15 13:41,Sunday,PASSENGER CAR,PASSENGER CAR,35,WHITE STREET,,SOMERVILLE AVE,"35 WHITE STREET
Cambridge, MA
(42.38907464600004, -71.11810077199993)",,,ANGLE,OUTSIDE ROADWAY,COLLISION WITH MOTOR VEHICLE IN TRAFFIC,DAYLIGHT,CLOUDY,CLEAR,NO CONTROLS,,DRY,NOT AT INTERSECTION,,NO,NO,,NON INTERSECTION,,,,,,,EASTBOUND,,EASTBOUND,,EASTBOUND,CVS,,,NONE,,,PAN,MA,PASSENGER CAR,,,,PARKED,2001,COLLISION WITH MOTOR VEHICLE IN TRAFFIC,SEDAN,SATURN,0,,COLLISION WITH MOTOR VEHICLE IN TRAFFIC,,,,LEFT REAR,LEFT SIDE,,,EASTBOUND,,,,,,,,,,,NO IMPROPER DRIVING,NO IMPROPER DRIVING,,,,,,NOT DISTRACTED,,NO,PAN,MA,PASSENGER CAR,,,,TURNING LEFT,2006,COLLISION WITH PARKED MOTOR VEHICLE,SEDAN,HYUNDAI,1,,COLLISION WITH PARKED MOTOR VEHICLE,COLLISION WITH PARKED MOTOR VEHICLE,COLLISION WITH PARKED MOTOR VEHICLE,,RIGHT FRONT,RIGHT SIDE,,,EASTBOUND,,,,,,,,,,,INATTENTION,,,,,,,UNKNOWN,,NO,UNINVOLVED OWNER,NO INJURY,MASSACHUSETTS,"D, CLASS D VEHICLES",,,,,,,,FEMALE,,,,Y,OPERATOR/DRIVER,NO INJURY,MASSACHUSETTS,"D, CLASS D VEHICLES",,,,,,,,FEMALE,"FRONT SEAT - LEFT SIDE, OR MOTORCYLE DRIVER",UNKNOWN,NOT TRAPPED,Y
10/6/15 17:35,Tuesday,PASSENGER CAR,MOTORCYCLE,1688,CAMBRIDGE ST,,ROBERTS RD,"1688 CAMBRIDGE ST
Cambridge, MA
(42.37510200100007, -71.11151793799996)",,,ANGLE,ROADWAY,COLLISION WITH MOTOR VEHICLE IN TRAFFIC,DUSK,CLEAR,,NO CONTROLS,,DRY,NOT AT INTERSECTION,"TWO-WAY, NOT DIVIDED",NO,NO,35,NON INTERSECTION,,,,,,,WESTBOUND,,NORTHBOUND,,,,,,,,,,NY,PASSENGER CAR,,,,TURNING LEFT,2013,,CIVIC,HONDA,1,,COLLISION WITH MOTOR VEHICLE IN TRAFFIC,,,,LEFT FRONT,,,,EASTBOUND,,,,,,,,,,,UNKNOWN,,,,,,,UNKNOWN,,,,MA,MOTORCYCLE,,,,TRAVELING STRAIGHT AHEAD,1996,COLLISION WITH MOTOR VEHICLE IN TRAFFIC,BANDIT,SUZUKI,1,,COLLISION WITH MOTOR VEHICLE IN TRAFFIC,,,,,,,,WESTBOUND,,,,,,,,,,,UNKNOWN,,,,,,,UNKNOWN,,,OPERATOR/DRIVER,,NEW YORK,,,,,,,,,FEMALE,"FRONT SEAT - LEFT SIDE, OR MOTORCYLE DRIVER",UNKNOWN,NOT TRAPPED,Y,OPERATOR/DRIVER,NON FATAL INJURY - POSSIBLE,MASSACHUSETTS,,,,,,,,,MALE,"FRONT SEAT - LEFT SIDE, OR MOTORCYLE DRIVER",HELMET USED,,
1/19/16 1:11,Tuesday,PASSENGER CAR,,330,MOUNT AUBURN STREET,,,"330 MOUNT AUBURN STREET
Cambridge, MA
(42.374891707000074, -71.13406275099999)",,,SINGLE VEHICLE CRASH,OUTSIDE ROADWAY,OTHER,DARK - LIGHTED ROADWAY,CLEAR,,NO CONTROLS,,ICE,NOT AT INTERSECTION,"TWO-WAY, DIVIDED, UNPROTECTED MEDIAN",NO,NO,,NON INTERSECTION,,,,,,,EASTBOUND,,,,,MOUNT AUBURN HOSPITAL,,,NONE,OTHER,HUBWAY SIGN,PAN,MA,PASSENGER CAR,,,,TRAVELING STRAIGHT AHEAD,2007,"OTHER FIXED OBJECT (WALL, BUILDING, TUNNEL)",TL,ACURA,1,,RAN OFF ROAD RIGHT,"OTHER FIXED OBJECT (WALL, BUILDING, TUNNEL)",,,CENTER FRONT,RIGHT FRONT,LEFT FRONT,Y,EASTBOUND,,,,,,,,,,,UNKNOWN,,,,,,,UNKNOWN,,YES VEHICLE OR TRAILER DISABLED,,,,,,,,,,,,,,,,,,,,,,,,,,,,,,,,,,,,,,,,,,,OPERATOR/DRIVER,NO INJURY,MASSACHUSETTS,"D, CLASS D VEHICLES",,CORRECTIVE LENSES,,,,,,MALE,"FRONT SEAT - LEFT SIDE, OR MOTORCYLE DRIVER",SHOULDER AND LAP BELT USED,NOT TRAPPED,Y,,,,,,,,,,,,,,,,
11/6/15 14:40,Friday,UNKNOWN HEAVY TRUCK,PASSENGER CAR,15,MOUNT AUBURN STREET,,BANKS STREET,"15 MOUNT AUBURN STREET
Cambridge, MA
(42.37049647900005, -71.11440136299996)",,,"SIDESWIPE, SAME DIRECTION",ROADWAY,COLLISION WITH PARKED MOTOR VEHICLE,DAWN,CLEAR,,,NO,DRY,NOT AT INTERSECTION,"ONE-WAY, NOT DIVIDED",NO,NO,,NON INTERSECTION,,,,,,,EASTBOUND,25 FEET,,,,,,,NONE,,,,MA,UNKNOWN HEAVY TRUCK,,,,TRAVELING STRAIGHT AHEAD,2014,,,TRASH TRUCK,1,,COLLISION WITH PARKED MOTOR VEHICLE,,,,LEFT FRONT,,,,EASTBOUND,,GARBAGE TRUCK,,,,,,,,,OVER CORRECTING / OVER STEERING,DISTRACTED,Y,,,,,EXTERNAL DISTRACTION,,NO,PAS,RI,PASSENGER CAR,,,,PARKED,2008,,CHEROKEE,JEEP,0,,UNKNOWN,UNKNOWN,UNKNOWN,,RIGHT FRONT,RIGHT SIDE,RIGHT REAR,Y,,,,,,,PAN,901493,RHODE ISLAND,2008,,,,,,,,,,,YES VEHICLE OR TRAILER DISABLED,OPERATOR/DRIVER,,MASSACHUSETTS,UNKNOWN,,,,,,,,MALE,"FRONT SEAT - LEFT SIDE, OR MOTORCYLE DRIVER",UNKNOWN,NOT TRAPPED,,UNINVOLVED OWNER,,RHODE ISLAND,,,,,,,,,FEMALE,,,,
12/22/15 13:52,Tuesday,PASSENGER CAR,PASSENGER CAR,,MASSACHUSETTS AVENUE,ROSELAND STREET,,"MASSACHUSETTS AVENUE &amp; ROSELAND STREET
Cambridge, MA
(42.36679362800004, -71.10600609899996)",,,REAR-END,ROADWAY,COLLISION WITH MOTOR VEHICLE IN TRAFFIC,DAYLIGHT,RAIN,CLOUDY,TRAFFIC CONTROL SIGNAL,YES,WET,T-INTERSECTION,"TWO-WAY, DIVIDED, POSITIVE MEDIAN BARRIER",NO,NO,,INTERSECTION,MASSACHUSETTS AVENUE,SOUTHBOUND,ROSELAND STREET,WESTBOUND,,,SOUTHBOUND,,,,,,,,NONE,,,PAN,MA,PASSENGER CAR,,,,TRAVELING STRAIGHT AHEAD,2007,COLLISION WITH MOTOR VEHICLE IN TRAFFIC,FOREST,SUBARU,1,,COLLISION WITH MOTOR VEHICLE IN TRAFFIC,,,,CENTER FRONT,NONE,NONE,,SOUTHBOUND,,,,,,,,,,,FOLLOWED TO CLOSELY,NO IMPROPER DRIVING,,,,,,NOT DISTRACTED,,,PAN,MA,PASSENGER CAR,,,,TRAVELING STRAIGHT AHEAD,2007,COLLISION WITH MOTOR VEHICLE IN TRAFFIC,MATRIX,TOYOTA,1,,COLLISION WITH MOTOR VEHICLE IN TRAFFIC,,,,REAR CENTER,,,,SOUTHBOUND,,,,,,,,,,,NO IMPROPER DRIVING,,,,,,,NOT DISTRACTED,,,OPERATOR/DRIVER,NON FATAL INJURY - NON INCAPACITATING,MASSACHUSETTS,"D, CLASS D VEHICLES",,,,,,,,FEMALE,"FRONT SEAT - LEFT SIDE, OR MOTORCYLE DRIVER",SHOULDER AND LAP BELT USED,NOT TRAPPED,Y,OPERATOR/DRIVER,,MASSACHUSETTS,"D, CLASS D VEHICLES",,,,,,,,FEMALE,"FRONT SEAT - LEFT SIDE, OR MOTORCYLE DRIVER",SHOULDER AND LAP BELT USED,NOT TRAPPED,Y
2/4/16 15:35,Thursday,PASSENGER CAR,PASSENGER CAR,,CEDAR ST,HARVEY ST,,"CEDAR ST &amp; HARVEY ST
Cambridge, MA
(42.36679362800004, -71.10600609899996)",,,ANGLE,ROADWAY,COLLISION WITH MOTOR VEHICLE IN TRAFFIC,DAYLIGHT,CLOUDY,,STOP SIGNS,YES,DRY,FOUR WAY INTERSECTION,"TWO-WAY, NOT DIVIDED",NO,NO,,INTERSECTION,CEDAR ST,,HARVEY ST,,,,,,,,,,,,,,,PAN,MA,PASSENGER CAR,,,,SLOWING OR STOPPED IN TRAFFIC,2015,COLLISION WITH MOTOR VEHICLE IN TRAFFIC,JETTA,VOLK,2,,COLLISION WITH MOTOR VEHICLE IN TRAFFIC,,,,RIGHT SIDE,,,Y,SOUTHBOUND,,,,,,,,,,,FAILED TO YIELD THE RIGHT OF WAY,,,,,,,,,YES VEHICLE OR TRAILER DISABLED,PAN,MA,PASSENGER CAR,,,,TRAVELING STRAIGHT AHEAD,2015,COLLISION WITH MOTOR VEHICLE IN TRAFFIC,GOLF,VOLK,1,,COLLISION WITH MOTOR VEHICLE IN TRAFFIC,,,,LEFT FRONT,,,,EASTBOUND,,,,,,,,,,,,,,,,,,,,,OPERATOR/DRIVER,NO INJURY,MASSACHUSETTS,"D, CLASS D VEHICLES",,,,,,,,FEMALE,"FRONT SEAT - LEFT SIDE, OR MOTORCYLE DRIVER",UNKNOWN,NOT TRAPPED,Y,OCCUPANT/PASSENGER,NO INJURY,,,,,,,,,,FEMALE,FRONT SEAT - RIGHT SIDE,UNKNOWN,NOT TRAPPED,
12/4/15 14:20,Friday,PASSENGER CAR,,,KINNAIRD ST,PUTNAM,,"KINNAIRD ST &amp; PUTNAM
Cambridge, MA
(42.36679362800004, -71.10600609899996)",,,"SIDESWIPE, SAME DIRECTION",ROADWAY,COLLISION WITH PARKED MOTOR VEHICLE,DAYLIGHT,UNKNOWN,,STOP SIGNS,YES,UNKNOWN,T-INTERSECTION,"ONE-WAY, NOT DIVIDED",YES,NO,,INTERSECTION,KINNAIRD ST,WESTBOUND,PUTNAM,SOUTHBOUND,,,,,,,,,,,NONE,,,PAN,MA,PASSENGER CAR,,,Y,PARKED,2006,COLLISION WITH MOTOR VEHICLE IN TRAFFIC,JETTA,VW,0,,COLLISION WITH MOTOR VEHICLE IN TRAFFIC,,,,LEFT REAR,LEFT SIDE,,,,,,,,,,,,,,NO IMPROPER DRIVING,,,,,,,,,,,,,,,,,,,,,,,,,,,,,,,,,,,,,,,,,,,,,,,,,,,,OPERATOR/DRIVER,,,,,,,,,,,FEMALE,,,,Y,,,,,,,,,,,,,,,,