Date Time,Day of Week,Object 1,Object 2,Street Number,Street Name,Cross Street,Near Street,Location,May involve cyclist,May Involve Pedestrian,Manner of Collision,First Harmful Event Location,First Harmful Event,Ambient Light,Weather Condition 1,Weather Condition 2,Traffic Control Device Type,Traffic Control Device Functionality,Road Surface Condition,Roadway Junction Type,Trafficway Description,School Bus Related,Work Zone,Speed Limit,Street or Intersection,Intersection Name 1,Intersection Direction 1,Intersection Name 2,Intersection Direction 2,Intersection Name 3,Intersection Direction 3,Street Direction,Nearest Intersection Distance,Nearest Intersection Direction,Landmark Distance,Landmark Direction,Landmark,Mile Marker Direction,Non Public Area,Road Contributing,Damaged Property Type,Description of Damaged Property,V1 Registration Type,v1 State Code,V1 Configuration,V1 Emergency Response,V1 Moped,V1 Hit and Run,V1 Action Prior to Crash,V1 Model Year,V1 Most Harmful Event,V1 Model,V1 Make,V1 Occupant Count,V1 Underride Override,V1 First Event,V1 Second Event,V1 Third Event,V1 Fourth Event,V1 Most Damaged Area,V1 Second Damaged Area,V1 Third Damaged Area,V1 Towed,V1 Travel Direction,V1 Interstate,V1 Cargo Body Type,V1 Gross Weight,V1 Haz Placard,V1 Haz Release,V1 Trailer Reg Type,V1 Trailer Reg Plate,V1 Trailer Reg State,V1 Trailer Reg Year,V1 Trailer Len,V1 Driver Contribution,V1 Driver Contribution 2,V1 Is Truck,V1 Has Trailer,V1 Is Bus,V1 Is Hazmat,V1 Reg Year,V1 Driver Distracted,V1 Bus Use,V1 Tow Use,V2 Registration Type,V2 State Code,V2 Configuration,V2 Emergency Response,V2 Moped,V2 Hit and Run,V2 Action Prior to Crash,V2 Model Year,V2 Most Harmful Event,V2 Model,V2 Make,V2 Occupant Count,V2 Underride Override,V2 First Event,V2 Second Event,V2 Third Event,V2 Fourth Event,V2 Most Damaged Area,V2 Second Damaged Area,V2 Third Damaged Area,V2 Towed,V2 Travel Direction,V2 Interstate,V2 Cargo Body Type,V2 Gross Weight,V2 Haz Placard,V2 Haz Release,V2 Trailer Reg Type,V2 Trailer Reg Plate,V2 Trailer Reg State,V2 Trailer Reg Year,V2 Trailer Len,V2 Driver Contribution,V2 Driver Contribution 2,V2 Is Truck,V2 Has Trailer,V2 Is Bus,V2 Is Hazmat,V2 Reg Year,V2 Driver Distracted,V2 Bus Use,V2 Tow Use,P1 Role,P1 Injury,P1 Drivers Lic State,P1 Drivers Lic Class 1,P1 Drivers Lic Class 2,P1 Drivers Lic Restrict,P1 Non Motorist Desc,P1 Non Motorist Action,P1 Non Motorist Location,P1 Safety Equipment,P1 Age,P1 Sex,P1 Seat Position,P1 Safety System,P1 Trapped,P1 Veh Owner,P2 Role,P2 Injury,P2 Drivers Lic State,P2 Drivers Lic Class 1,P2 Drivers Lic Class 2,P2 Drivers Lic Restrict,P2 Non Motorist Desc,P2 Non Motorist Action,P2 Non Motorist Location,P2 Safety Equipment,P2 Age,P2 Sex,P2 Seat Position,P2 Safety System,P2 Trapped,P2 Veh Owner
2/7/16 10:03,Sunday,PASSENGER CAR,,76,CHILTON STREET,,,"76 CHILTON STREET
Cambridge, MA
(42.38333599900005, -71.13779828699995)",,,"SIDESWIPE, SAME DIRECTION",ROADWAY,COLLISION WITH PARKED MOTOR VEHICLE,DAYLIGHT,CLOUDY,,NO CONTROLS,,WET,NOT AT INTERSECTION,"ONE-WAY, NOT DIVIDED",NO,NO,25,NON INTERSECTION,,,,,,,NORTHBOUND,,,,,,,,UNKNOWN,,,PAN,MA,PASSENGER CAR,,,,PARKED,2015,,CRV,HONDA,0,,,,,,LEFT FRONT,,,,,,,,,,,,,,,,,,,,,,,,,,,,,,,,,,,,,,,,,,,,,,,,,,,,,,,,,,,,,,,,,,,UNINVOLVED OWNER,,MASSACHUSETTS,"D, CLASS D VEHICLES",,,,,,,,MALE,,,,Y,,,,,,,,,,,,,,,,
8/20/15 16:26,Thursday,LIGHT TRUCK,PASSENGER CAR,,INMAN ST,HARVARD ST,,"INMAN ST &amp; HARVARD ST
Cambridge, MA
(42.36679362800004, -71.10600609899996)",,,REAR-END,ROADWAY,COLLISION WITH MOTOR VEHICLE IN TRAFFIC,DAYLIGHT,CLEAR,CLEAR,TRAFFIC CONTROL SIGNAL,YES,DRY,FOUR WAY INTERSECTION,"ONE-WAY, NOT DIVIDED",NO,NO,,INTERSECTION,INMAN ST,,HARVARD ST,,,,,,,,,,,,NONE,,,PAS,MA,LIGHT TRUCK,,,,BACKING,2004,COLLISION WITH MOTOR VEHICLE IN TRAFFIC,CRV,HONDA,1,,COLLISION WITH MOTOR VEHICLE IN TRAFFIC,,,,REAR CENTER,,,,,,,,,,,,,,,INATTENTION,,,,,,,UNKNOWN,,,PAS,MA,PASSENGER CAR,,,,SLOWING OR STOPPED IN TRAFFIC,2008,COLLISION WITH MOTOR VEHICLE IN TRAFFIC,PRIUS,TOYOTA,1,,COLLISION WITH MOTOR VEHICLE IN TRAFFIC,,,,CENTER FRONT,,,,,,,,,,,,,,,NO IMPROPER DRIVING,,,,,,,NOT DISTRACTED,,,OPERATOR/DRIVER,NON FATAL INJURY - NON INCAPACITATING,MASSACHUSETTS,"D, CLASS D VEHICLES",,,,,,,,FEMALE,"FRONT SEAT - LEFT SIDE, OR MOTORCYLE DRIVER",UNKNOWN,NOT TRAPPED,Y,OPERATOR/DRIVER,NO INJURY,MASSACHUSETTS,"D, CLASS D VEHICLES",,,,,,,,FEMALE,"FRONT SEAT - LEFT SIDE, OR MOTORCYLE DRIVER",SHOULDER AND LAP BELT USED,NOT TRAPPED,Y
8/13/15 5:00,Thursday,LIGHT TRUCK,LIGHT TRUCK,77,MASS AVE,,,"77 MASS AVE
Cambridge, MA
(42.358964652000054, -71.09347506199998)",,,,,,,,,,,,,,,,35,NON INTERSECTION,,,,,,,WESTBOUND,,,,,,,,,,,CON,MA,LIGHT TRUCK,,,,PARKED,2013,,RAM 2500,DODGE,1,,,,,,LEFT REAR,,,,,,,,,,,,,,,NO IMPROPER DRIVING,,,,,,,,,NO,PAN,MA,LIGHT TRUCK,,,Y,ENTERING TRAFFIC LANE,2003,COLLISION WITH PARKED MOTOR VEHICLE,F150,FORD,1,,COLLISION WITH PARKED MOTOR VEHICLE,,,,RIGHT SIDE,RIGHT REAR,,,WESTBOUND,,,,,,,,,,,UNKNOWN,,,,,,,UNKNOWN,,,OPERATOR/DRIVER,,NEW HAMPSHIRE,"C, CLASS C VEHICLES",,,,,,,,MALE,"FRONT SEAT - LEFT SIDE, OR MOTORCYLE DRIVER",UNKNOWN,NOT TRAPPED,,UNINVOLVED OWNER,,MASSACHUSETTS,"D, CLASS D VEHICLES","M, CLASS M VEHICLES",,,,,,,FEMALE,,,,Y
2/19/16 8:35,Friday,PASSENGER CAR,,,ABERDEEN ST,MT. AUBURN ST.,,"ABERDEEN ST &amp; MT. AUBURN ST.
Cambridge, MA
(42.36679362800004, -71.10600609899996)",1,,ANGLE,ROADWAY,COLLISION WITH PEDALCYCLE,DAYLIGHT,CLEAR,,TRAFFIC CONTROL SIGNAL,YES,DRY,T-INTERSECTION,"TWO-WAY, NOT DIVIDED",NO,NO,,INTERSECTION,ABERDEEN ST,SOUTHBOUND,MT. AUBURN ST.,EASTBOUND,,,,,,,,,,,NONE,OTHER,TREK BICYCLE,PAN,MA,PASSENGER CAR,,,,TURNING RIGHT,2013,COLLISION WITH PEDALCYCLE,SUV,BMW,1,,COLLISION WITH PEDALCYCLE,COLLISION WITH PEDALCYCLE,COLLISION WITH PEDALCYCLE,,RIGHT SIDE,,,,SOUTHBOUND,,,,,,,,,,,INATTENTION,,,,,,,UNKNOWN,,,,,,,,,,,,,,,,,,,,,,,,,,,,,,,,,,,,,,,,,,,,,OPERATOR/DRIVER,NO INJURY,MASSACHUSETTS,"D, CLASS D VEHICLES",,,,,,,,FEMALE,"FRONT SEAT - LEFT SIDE, OR MOTORCYLE DRIVER",SHOULDER AND LAP BELT USED,NOT TRAPPED,Y,NON-MOTORIST,NON FATAL INJURY - INCAPACITATING,MASSACHUSETTS,,,,CYCLIST,"WALKING, RUNNING OR CYCLING",CYCLIST,HELMET,,MALE,,,,
10/23/15 19:36,Friday,PASSENGER CAR,PASSENGER CAR,115,PROSPECT STREET,,,"115 PROSPECT STREET
Cambridge, MA
(42.36801855500005, -71.10198726299996)",,,"SIDESWIPE, OPPOSITE DIRECTION",,,DAYLIGHT,CLEAR,,NO CONTROLS,,,,,,,,NON INTERSECTION,,,,,,,,,,,,ST- PAUL 'S CHURCH,,,,,,PAN,MA,PASSENGER CAR,,,,PARKED,2012,,3,MAZDA,0,,COLLISION WITH MOTOR VEHICLE IN TRAFFIC,,,,RIGHT REAR,,,,,,,,,,,,,,,,,,,,,,,,,PAN,MA,PASSENGER CAR,,,Y,BACKING,2008,,VIBE,PONTIAC,1,,COLLISION WITH PARKED MOTOR VEHICLE,,,,,,,,,,,,,,,,,,,OVER CORRECTING / OVER STEERING,,,,,,,UNKNOWN,,,UNINVOLVED OWNER,,MASSACHUSETTS,,,,,,,,,MALE,,,,,OPERATOR/DRIVER,,,,,,,,,,,FEMALE,,,,
12/17/15 11:45,Thursday,LIGHT TRUCK,LIGHT TRUCK,,MASSACHUSETTS AVE,SOMERVILLE AVE,,"MASSACHUSETTS AVE &amp; SOMERVILLE AVE
Cambridge, MA
(42.36679362800004, -71.10600609899996)",,,"SIDESWIPE, SAME DIRECTION",ROADWAY,COLLISION WITH MOTOR VEHICLE IN TRAFFIC,DAYLIGHT,CLOUDY,,TRAFFIC CONTROL SIGNAL,YES,DRY,Y-INTERSECTION,"TWO-WAY, DIVIDED, POSITIVE MEDIAN BARRIER",NO,NO,,INTERSECTION,MASSACHUSETTS AVE,,SOMERVILLE AVE,,,,,,,,,,,,NONE,,,PAN,MA,LIGHT TRUCK,,,,CHANGING LANES,2014,COLLISION WITH MOTOR VEHICLE IN TRAFFIC,GRAND CHEROKEE,JEEP,1,,COLLISION WITH MOTOR VEHICLE IN TRAFFIC,,,,RIGHT FRONT,,,,,,,,,,,,,,,UNKNOWN,,,,,,,UNKNOWN,,,PAN,MA,LIGHT TRUCK,,,,TURNING LEFT,2010,COLLISION WITH MOTOR VEHICLE IN TRAFFIC,CR-V,HONDA,2,,COLLISION WITH MOTOR VEHICLE IN TRAFFIC,,,,LEFT SIDE,,,,,,,,,,,,,,,UNKNOWN,,,,,,,UNKNOWN,,,OPERATOR/DRIVER,NO INJURY,MASSACHUSETTS,"D, CLASS D VEHICLES",,NONE,,,,,,FEMALE,"FRONT SEAT - LEFT SIDE, OR MOTORCYLE DRIVER",UNKNOWN,NOT TRAPPED,Y,UNINVOLVED OWNER,,,,,,,,,,,FEMALE,,,,Y
10/25/15 13:46,Sunday,PASSENGER CAR,PASSENGER CAR,,MASSACHUSETTS AV,ALEWFIFE BK PY,,"MASSACHUSETTS AV &amp; ALEWFIFE BK PY
Cambridge, MA
(42.36679362800004, -71.10600609899996)",,,REAR-END,ROADWAY,COLLISION WITH MOTOR VEHICLE IN TRAFFIC,DAYLIGHT,CLOUDY,,TRAFFIC CONTROL SIGNAL,YES,WET,FOUR WAY INTERSECTION,"TWO-WAY, DIVIDED, POSITIVE MEDIAN BARRIER",NO,NO,,INTERSECTION,MASSACHUSETTS AV,NORTHBOUND,ALEWFIFE BK PY,WESTBOUND,,,,,,,,,,,ROAD SURFACE CONDITION,,,PAN,MA,PASSENGER CAR,,,,SLOWING OR STOPPED IN TRAFFIC,2013,COLLISION WITH MOTOR VEHICLE IN TRAFFIC,FUSION,FORD,1,,COLLISION WITH MOTOR VEHICLE IN TRAFFIC,,,,REAR CENTER,OTHER,,,NORTHBOUND,,,,,,,,,,,NO IMPROPER DRIVING,NO IMPROPER DRIVING,,,,,,NOT DISTRACTED,,NO,PAS,GA,PASSENGER CAR,,,,TRAVELING STRAIGHT AHEAD,2005,COLLISION WITH MOTOR VEHICLE IN TRAFFIC,CIVIC,HONDA,1,,COLLISION WITH MOTOR VEHICLE IN TRAFFIC,,,,CENTER FRONT,RIGHT FRONT,LEFT FRONT,Y,NORTHBOUND,,,,,,,,,,,FOLLOWED TO CLOSELY,DRIVING TOO FAST FOR CONDITIONS,,,,,,NOT DISTRACTED,,YES VEHICLE OR TRAILER DISABLED,OPERATOR/DRIVER,NO INJURY,MASSACHUSETTS,,,,,,,,,FEMALE,"FRONT SEAT - LEFT SIDE, OR MOTORCYLE DRIVER",SHOULDER AND LAP BELT USED,NOT TRAPPED,Y,UNINVOLVED OWNER,,,,,,,,,,,MALE,,,,
8/21/15 21:12,Friday,LIGHT TRUCK,,2284,MASSACHUSETTS AVE.,,,"2284 MASSACHUSETTS AVE.
Cambridge, MA
(42.39479561300004, -71.12735204899997)",,,"SIDESWIPE, SAME DIRECTION",ROADWAY,COLLISION WITH UNKNOWN FIXED OBJECT,DAYLIGHT,CLOUDY,,NO CONTROLS,,WET,,"TWO-WAY, DIVIDED, POSITIVE MEDIAN BARRIER",NO,NO,30,NON INTERSECTION,,,,,,,EASTBOUND,,,,,,,,NONE,OTHER,TEMPORARY PARK,PAN,MA,LIGHT TRUCK,,,Y,TRAVELING STRAIGHT AHEAD,2015,UNKNOWN FIXED OBJECT,SEDONA,KIA,,,UNKNOWN FIXED OBJECT,,,,,,,,,,,,,,,,,,,"OPERATING VEHICLE IN ERRATIC, RECKLESS, CARELESS,",,,,,,,,,,,,,,,,,,,,,,,,,,,,,,,,,,,,,,,,,,,,,,,,,,,,WITNESS,,,,,,,,,,,FEMALE,,,,,,,,,,,,,,,,,,,,
10/7/15 9:00,Wednesday,SINGLE UNIT TRUCK (3 0R MORE AXLES),LIGHT TRUCK,60,WINDSOR STREET,,,"60 WINDSOR STREET
Cambridge, MA
(42.36280395700004, -71.09672371299996)",,,"SIDESWIPE, SAME DIRECTION",ROADWAY,COLLISION WITH OTHER MOVABLE OBJECT,DAYLIGHT,CLEAR,CLEAR,NO CONTROLS,,DRY,NOT AT INTERSECTION,"TWO-WAY, NOT DIVIDED",NO,YES,,NON INTERSECTION,,,,,,,,,,,,,,,UNKNOWN,,,UNKNOWN,AZ,SINGLE UNIT TRUCK (3 0R MORE AXLES),,,Y,UNKNOWN,,COLLISION WITH PARKED MOTOR VEHICLE,,,,,COLLISION WITH PARKED MOTOR VEHICLE,,,,UNKNOWN,,,,,,,,,,,,,,,,,Y,,,,,,,NO,PAN,MA,LIGHT TRUCK,,,,PARKED,2008,,F150,FORD,0,,COLLISION WITH MOTOR VEHICLE IN TRAFFIC,,,,LEFT SIDE,,,,,,,,,,,,,,,UNKNOWN,,,,,,,UNKNOWN,,NO,UNINVOLVED OWNER,,MASSACHUSETTS,,,,,,,,,MALE,,,,Y,,,,,,,,,,,,,,,,
10/27/15 11:10,Tuesday,PASSENGER CAR,BUS SEATS MORE THAN 15 PEOPLE,,GARDEN ST,,CONCORD AVE,"GARDEN ST
Cambridge, MA
(42.38198304900004, -71.12663404399996)",,,REAR-END,ROADWAY,COLLISION WITH MOTOR VEHICLE IN TRAFFIC,DAYLIGHT,CLEAR,,TRAFFIC CONTROL SIGNAL,YES,DRY,NOT AT INTERSECTION,"TWO-WAY, NOT DIVIDED",YES,NO,,NON INTERSECTION,,,,,,,,,,,,,,,,,,PAN,MA,PASSENGER CAR,,,,TRAVELING STRAIGHT AHEAD,2013,COLLISION WITH MOTOR VEHICLE IN TRAFFIC,GTI,VOLK,1,,COLLISION WITH MOTOR VEHICLE IN TRAFFIC,,,,RIGHT FRONT,CENTER FRONT,LEFT FRONT,Y,WESTBOUND,,,,,,,,,,,INATTENTION,,,,,,,,,YES VEHICLE OR TRAILER DISABLED,BUN,MA,BUS SEATS MORE THAN 15 PEOPLE,,,,SLOWING OR STOPPED IN TRAFFIC,2014,COLLISION WITH MOTOR VEHICLE IN TRAFFIC,SFTL,THOM,1,,COLLISION WITH MOTOR VEHICLE IN TRAFFIC,,,,RIGHT REAR,LEFT REAR,,,WESTBOUND,,,,,,,,,,,NO IMPROPER DRIVING,,,,Y,,,,SCHOOL,,OPERATOR/DRIVER,NO INJURY,NEW YORK,,,,,,,,,FEMALE,"FRONT SEAT - LEFT SIDE, OR MOTORCYLE DRIVER",UNKNOWN,NOT TRAPPED,,UNINVOLVED OWNER,,,,,,,,,,,MALE,,,,Y
9/25/15 14:00,Friday,LIGHT TRUCK,SINGLE UNIT TRUCK (2 AXLES - 6 TIRES),346,NORFOLK ST,,CAMBRIDGE,"346 NORFOLK ST
Cambridge, MA
(42.372902141000054, -71.09635190799997)",,,"SIDESWIPE, SAME DIRECTION",ROADWAY,COLLISION WITH PARKED MOTOR VEHICLE,DAYLIGHT,CLEAR,,NO CONTROLS,,DRY,NOT AT INTERSECTION,"TWO-WAY, NOT DIVIDED",NO,NO,,NON INTERSECTION,,,,,,,,,,,,,,,,,,PAN,MA,LIGHT TRUCK,,,,TRAVELING STRAIGHT AHEAD,2006,COLLISION WITH PARKED MOTOR VEHICLE,PACIFIC,CHRYS,1,,COLLISION WITH PARKED MOTOR VEHICLE,,,,RIGHT FRONT,RIGHT SIDE,RIGHT REAR,,SOUTHBOUND,,,,,,,,,,,INATTENTION,,,,,,,,,,CON,MA,SINGLE UNIT TRUCK (2 AXLES - 6 TIRES),,,,PARKED,2014,COLLISION WITH MOTOR VEHICLE IN TRAFFIC,F350,FORD,0,,COLLISION WITH MOTOR VEHICLE IN TRAFFIC,,,,LEFT REAR,,,,,,,,,,,,,,,,,,,,,,,,,OPERATOR/DRIVER,NO INJURY,MASSACHUSETTS,,,,,,,,,MALE,"FRONT SEAT - LEFT SIDE, OR MOTORCYLE DRIVER",UNKNOWN,NOT TRAPPED,,UNINVOLVED OWNER,,,,,,,,,,,FEMALE,,,,Y
10/5/15 7:00,Monday,PASSENGER CAR,,457,CARDINAL MEDEIROS AVE,,,"457 CARDINAL MEDEIROS AVE
Cambridge, MA
(42.371736869000074, -71.08870078699994)",,,"SIDESWIPE, SAME DIRECTION",ROADWAY,COLLISION WITH PARKED MOTOR VEHICLE,DAWN,CLEAR,CLEAR,NO CONTROLS,,DRY,NOT AT INTERSECTION,"TWO-WAY, NOT DIVIDED",NO,NO,25,NON INTERSECTION,,,,,,,WESTBOUND,,,,,,,,NONE,,,PAN,MA,PASSENGER CAR,,,Y,PARKED,2003,COLLISION WITH PARKED MOTOR VEHICLE,ACCORD,HONDA,0,,COLLISION WITH PARKED MOTOR VEHICLE,COLLISION WITH PARKED MOTOR VEHICLE,COLLISION WITH PARKED MOTOR VEHICLE,,LEFT FRONT,LEFT SIDE,,,WESTBOUND,,,,,,,,,,,NO IMPROPER DRIVING,NO IMPROPER DRIVING,,,,,,NOT DISTRACTED,,,,,,,,,,,,,,,,,,,,,,,,,,,,,,,,,,,,,,,,,,,,,OPERATOR/DRIVER,NO INJURY,MASSACHUSETTS,"D, CLASS D VEHICLES",,,,,,,,FEMALE,UNKNOWN,UNKNOWN,NOT TRAPPED,Y,,,,,,,,,,,,,,,,
2/18/16 18:26,Thursday,PASSENGER CAR,LIGHT TRUCK,,CONCORD AVENUE,APPLETON STREET,,"CONCORD AVENUE &amp; APPLETON STREET
Cambridge, MA
(42.36679362800004, -71.10600609899996)",,,HEAD ON,ROADWAY,COLLISION WITH MOTOR VEHICLE IN TRAFFIC,DARK - LIGHTED ROADWAY,CLEAR,,NO CONTROLS,,DRY,T-INTERSECTION,"TWO-WAY, NOT DIVIDED",NO,NO,,INTERSECTION,CONCORD AVENUE,WESTBOUND,APPLETON STREET,NORTHBOUND,,,,,,,,,,,NONE,,,PAN,MA,PASSENGER CAR,,,,TURNING LEFT,2011,COLLISION WITH MOTOR VEHICLE IN TRAFFIC,CT200H,LEXUS,1,,COLLISION WITH MOTOR VEHICLE IN TRAFFIC,,,,RIGHT FRONT,,,,WESTBOUND,,,,,,,,,,,INATTENTION,,,,,,,UNKNOWN,,,PAN,MA,LIGHT TRUCK,,,,TRAVELING STRAIGHT AHEAD,2000,COLLISION WITH MOTOR VEHICLE IN TRAFFIC,TROOPER,ISUZU,1,,COLLISION WITH MOTOR VEHICLE IN TRAFFIC,,,,LEFT SIDE,LEFT REAR,,,WESTBOUND,,,,,,,,,,,NO IMPROPER DRIVING,,,,,,,NOT DISTRACTED,,,OPERATOR/DRIVER,NO INJURY,NEW HAMPSHIRE,,,,,,,,,MALE,"FRONT SEAT - LEFT SIDE, OR MOTORCYLE DRIVER",UNKNOWN,NOT TRAPPED,Y,OPERATOR/DRIVER,NO INJURY,MASSACHUSETTS,,,,,,,,,FEMALE,"FRONT SEAT - LEFT SIDE, OR MOTORCYLE DRIVER",UNKNOWN,NOT TRAPPED,Y
8/9/15 23:43,Sunday,MOTORCYCLE,PASSENGER CAR,873,CAMBRIDGE STREET,,,"873 CAMBRIDGE STREET
Cambridge, MA
(42.37253616300006, -71.09137624399995)",,,REAR TO REAR,ROADSIDE,COLLISION WITH PARKED MOTOR VEHICLE,DAYLIGHT,CLEAR,CLEAR,NO CONTROLS,,DRY,NOT AT INTERSECTION,"TWO-WAY, DIVIDED, UNPROTECTED MEDIAN",NO,NO,,NON INTERSECTION,,,,,,,WESTBOUND,,,,,,,,NONE,,,MCN,MA,MOTORCYCLE,,,Y,PARKED,2004,COLLISION WITH MOTOR VEHICLE IN TRAFFIC,YZF600,YAMAHA,,,COLLISION WITH MOTOR VEHICLE IN TRAFFIC,,,,RIGHT SIDE,LEFT SIDE,,,,,,,,,,,,,,NO IMPROPER DRIVING,,,,,,,,,,PAN,MA,PASSENGER CAR,,,Y,BACKING,2005,COLLISION WITH PARKED MOTOR VEHICLE,V70,VOLVO,2,,COLLISION WITH PARKED MOTOR VEHICLE,,,,,,,,UNKNOWN,,,,,,,,,,,"OPERATING VEHICLE IN ERRATIC, RECKLESS, CARELESS,",OTHER IMPROPER ACTION,,,,,,UNKNOWN,,,OPERATOR/DRIVER,,MASSACHUSETTS,"D, CLASS D VEHICLES","M, CLASS M VEHICLES",,,,,,,MALE,,,,Y,WITNESS,,,,,,,,,,,MALE,,,,
8/11/15 11:50,Tuesday,LIGHT TRUCK,LIGHT TRUCK,,CARDINAL MEDEIROS AVE,CAMBRIDGE ST,,"CARDINAL MEDEIROS AVE &amp; CAMBRIDGE ST
Cambridge, MA
(42.36679362800004, -71.10600609899996)",,,ANGLE,ROADWAY,,DAYLIGHT,RAIN,,STOP SIGNS,YES,WET,T-INTERSECTION,"TWO-WAY, DIVIDED, UNPROTECTED MEDIAN",NO,NO,15,INTERSECTION,CARDINAL MEDEIROS AVE,NORTHBOUND,CAMBRIDGE ST,EASTBOUND,,,,,,,,,,,NONE,,,PAN,MA,LIGHT TRUCK,,,,ENTERING TRAFFIC LANE,2014,COLLISION WITH MOTOR VEHICLE IN TRAFFIC,CHCHEROKEE,JEEP,1,,COLLISION WITH MOTOR VEHICLE IN TRAFFIC,,,,LEFT REAR,LEFT SIDE,,,NORTHBOUND,,,,,,,,,,,NO IMPROPER DRIVING,,,,,,,NOT DISTRACTED,,,PAN,MA,LIGHT TRUCK,,,,TRAVELING STRAIGHT AHEAD,2004,COLLISION WITH MOTOR VEHICLE IN TRAFFIC,LIBERTY,JEEP,3,,COLLISION WITH MOTOR VEHICLE IN TRAFFIC,,,,RIGHT FRONT,,,,EASTBOUND,,,,,,,,,,,NO IMPROPER DRIVING,NO IMPROPER DRIVING,,,,,,NOT DISTRACTED,,,OPERATOR/DRIVER,NO INJURY,MASSACHUSETTS,"D, CLASS D VEHICLES",,NONE,,,,,,FEMALE,"FRONT SEAT - LEFT SIDE, OR MOTORCYLE DRIVER",SHOULDER AND LAP BELT USED,NOT TRAPPED,Y,OPERATOR/DRIVER,NO INJURY,MASSACHUSETTS,"D, CLASS D VEHICLES",,NONE,,,,,,MALE,"FRONT SEAT - LEFT SIDE, OR MOTORCYLE DRIVER",SHOULDER AND LAP BELT USED,NOT TRAPPED,Y
10/21/15 13:19,Wednesday,LIGHT TRUCK,LIGHT TRUCK,,MASS AVE,,,"MASS AVE
Cambridge, MA
(42.393434712000044, -71.12577890299997)",,,REAR-END,ROADWAY,COLLISION WITH MOTOR VEHICLE IN TRAFFIC,DAYLIGHT,CLOUDY,RAIN,NO CONTROLS,,WET,,,NO,NO,,NON INTERSECTION,,,,,,,WESTBOUND,,,,,,,,NONE,,,CON,MA,LIGHT TRUCK,,,,SLOWING OR STOPPED IN TRAFFIC,2013,,F250,FORD,1,,,,,,REAR CENTER,,,,WESTBOUND,,,,,,,,,,,,,,,,,,,,,PAS,MA,LIGHT TRUCK,,,,TRAVELING STRAIGHT AHEAD,2014,,SRX,CADILLAC,1,,COLLISION WITH MOTOR VEHICLE IN TRAFFIC,,,,RIGHT FRONT,CENTER FRONT,LEFT FRONT,,WESTBOUND,,,,,,,,,,,,,,,,,,,,,OPERATOR/DRIVER,UNKNOWN,MASSACHUSETTS,"D, CLASS D VEHICLES",,,,,,,,MALE,"FRONT SEAT - LEFT SIDE, OR MOTORCYLE DRIVER",UNKNOWN,NOT TRAPPED,,OPERATOR/DRIVER,NO INJURY,MASSACHUSETTS,"D, CLASS D VEHICLES",,CORRECTIVE LENSES,,,,,,FEMALE,"FRONT SEAT - LEFT SIDE, OR MOTORCYLE DRIVER",UNKNOWN,NOT TRAPPED,
8/4/15 17:20,Tuesday,LIGHT TRUCK,LIGHT TRUCK,,,,,"Cambridge, MA
(42.36679362800004, -71.10600609899996)",,,,,,,,,,,,,,,,,,,,,,,,,,,,,,,,,,,PAS,NH,LIGHT TRUCK,,,,CHANGING LANES,2012,,CANYON,GMC,1,,COLLISION WITH MOTOR VEHICLE IN TRAFFIC,,,,LEFT REAR,,,,WESTBOUND,,,,,,,,,,,UNKNOWN,UNKNOWN,,,,,,UNKNOWN,,,PAS,NH,LIGHT TRUCK,,,,TRAVELING STRAIGHT AHEAD,2004,COLLISION WITH MOTOR VEHICLE IN TRAFFIC,SILVERADO,CHEVROLET,1,,COLLISION WITH MOTOR VEHICLE IN TRAFFIC,,,,RIGHT FRONT,,,,WESTBOUND,,,,,,,,,,,NO IMPROPER DRIVING,,,,,,,UNKNOWN,,,OPERATOR/DRIVER,NO INJURY,MASSACHUSETTS,"D, CLASS D VEHICLES",,NONE,,,,,,MALE,"FRONT SEAT - LEFT SIDE, OR MOTORCYLE DRIVER",SHOULDER AND LAP BELT USED,NOT TRAPPED,,OPERATOR/DRIVER,NO INJURY,NEW HAMPSHIRE,"D, CLASS D VEHICLES",,NONE,,,,,,MALE,"FRONT SEAT - LEFT SIDE, OR MOTORCYLE DRIVER",SHOULDER AND LAP BELT USED,NOT TRAPPED,
12/6/15 10:50,Sunday,PASSENGER CAR,LIGHT TRUCK,,FOREST STREET,OXFORD STREET,,"FOREST STREET &amp; OXFORD STREET
Cambridge, MA
(42.36679362800004, -71.10600609899996)",,,"SIDESWIPE, OPPOSITE DIRECTION",,COLLISION WITH MOTOR VEHICLE IN TRAFFIC,DAYLIGHT,CLEAR,CLEAR,NO CONTROLS,NO,DRY,FOUR WAY INTERSECTION,"TWO-WAY, DIVIDED, UNPROTECTED MEDIAN",NO,NO,,INTERSECTION,FOREST STREET,,OXFORD STREET,,,,,,,,,,,,NONE,,,PAN,MA,PASSENGER CAR,,,,PARKED,2002,COLLISION WITH MOTOR VEHICLE IN TRAFFIC,PROTEGE,MAZDA,0,,COLLISION WITH MOTOR VEHICLE IN TRAFFIC,,,,CENTER FRONT,LEFT FRONT,,,,,,,,,,,,,,NO IMPROPER DRIVING,NO IMPROPER DRIVING,,,,,,NOT DISTRACTED,,,PAN,MA,LIGHT TRUCK,,,,BACKING,,,UNK,UNK,1,,COLLISION WITH PARKED MOTOR VEHICLE,,,,UNKNOWN,,,,UNKNOWN,,,,,,,,,,,UNKNOWN,UNKNOWN,,,,,,UNKNOWN,,,UNINVOLVED OWNER,,,,,,,,,,,FEMALE,,,,Y,WITNESS,,,,,,,,,,,MALE,,,,