Date Time,Day of Week,Object 1,Object 2,Street Number,Street Name,Cross Street,Near Street,Location,May involve cyclist,May Involve Pedestrian,Manner of Collision,First Harmful Event Location,First Harmful Event,Ambient Light,Weather Condition 1,Weather Condition 2,Traffic Control Device Type,Traffic Control Device Functionality,Road Surface Condition,Roadway Junction Type,Trafficway Description,School Bus Related,Work Zone,Speed Limit,Street or Intersection,Intersection Name 1,Intersection Direction 1,Intersection Name 2,Intersection Direction 2,Intersection Name 3,Intersection Direction 3,Street Direction,Nearest Intersection Distance,Nearest Intersection Direction,Landmark Distance,Landmark Direction,Landmark,Mile Marker Direction,Non Public Area,Road Contributing,Damaged Property Type,Description of Damaged Property,V1 Registration Type,v1 State Code,V1 Configuration,V1 Emergency Response,V1 Moped,V1 Hit and Run,V1 Action Prior to Crash,V1 Model Year,V1 Most Harmful Event,V1 Model,V1 Make,V1 Occupant Count,V1 Underride Override,V1 First Event,V1 Second Event,V1 Third Event,V1 Fourth Event,V1 Most Damaged Area,V1 Second Damaged Area,V1 Third Damaged Area,V1 Towed,V1 Travel Direction,V1 Interstate,V1 Cargo Body Type,V1 Gross Weight,V1 Haz Placard,V1 Haz Release,V1 Trailer Reg Type,V1 Trailer Reg Plate,V1 Trailer Reg State,V1 Trailer Reg Year,V1 Trailer Len,V1 Driver Contribution,V1 Driver Contribution 2,V1 Is Truck,V1 Has Trailer,V1 Is Bus,V1 Is Hazmat,V1 Reg Year,V1 Driver Distracted,V1 Bus Use,V1 Tow Use,V2 Registration Type,V2 State Code,V2 Configuration,V2 Emergency Response,V2 Moped,V2 Hit and Run,V2 Action Prior to Crash,V2 Model Year,V2 Most Harmful Event,V2 Model,V2 Make,V2 Occupant Count,V2 Underride Override,V2 First Event,V2 Second Event,V2 Third Event,V2 Fourth Event,V2 Most Damaged Area,V2 Second Damaged Area,V2 Third Damaged Area,V2 Towed,V2 Travel Direction,V2 Interstate,V2 Cargo Body Type,V2 Gross Weight,V2 Haz Placard,V2 Haz Release,V2 Trailer Reg Type,V2 Trailer Reg Plate,V2 Trailer Reg State,V2 Trailer Reg Year,V2 Trailer Len,V2 Driver Contribution,V2 Driver Contribution 2,V2 Is Truck,V2 Has Trailer,V2 Is Bus,V2 Is Hazmat,V2 Reg Year,V2 Driver Distracted,V2 Bus Use,V2 Tow Use,P1 Role,P1 Injury,P1 Drivers Lic State,P1 Drivers Lic Class 1,P1 Drivers Lic Class 2,P1 Drivers Lic Restrict,P1 Non Motorist Desc,P1 Non Motorist Action,P1 Non Motorist Location,P1 Safety Equipment,P1 Age,P1 Sex,P1 Seat Position,P1 Safety System,P1 Trapped,P1 Veh Owner,P2 Role,P2 Injury,P2 Drivers Lic State,P2 Drivers Lic Class 1,P2 Drivers Lic Class 2,P2 Drivers Lic Restrict,P2 Non Motorist Desc,P2 Non Motorist Action,P2 Non Motorist Location,P2 Safety Equipment,P2 Age,P2 Sex,P2 Seat Position,P2 Safety System,P2 Trapped,P2 Veh Owner
2/28/16 20:13,Sunday,PASSENGER CAR,PASSENGER CAR,1716,CAMBRIDGE,,,"1716 CAMBRIDGE
Cambridge, MA
(42.37522102100007, -71.11240049899999)",,,REAR-END,ROADWAY,,DARK - LIGHTED ROADWAY,CLEAR,,NO CONTROLS,NO,DRY,NOT AT INTERSECTION,"TWO-WAY, DIVIDED, UNPROTECTED MEDIAN",NO,NO,,NON INTERSECTION,,,,,,,EASTBOUND,,,,,,,,NONE,,,PASS,NY,PASSENGER CAR,,,,PARKED,2015,COLLISION WITH MOTOR VEHICLE IN TRAFFIC,CIVIC,HONDA,0,,COLLISION WITH MOTOR VEHICLE IN TRAFFIC,,,,REAR CENTER,,,,,,,,,,,,,,,NO IMPROPER DRIVING,,,,,,,,,,PAN,MA,PASSENGER CAR,,,,UNKNOWN,2005,COLLISION WITH MOTOR VEHICLE IN TRAFFIC,CAM,TOYT,0,,COLLISION WITH MOTOR VEHICLE IN TRAFFIC,,,,CENTER FRONT,,,,,,,,,,,,,,,,,,,,,,,,,UNINVOLVED OWNER,,NEW YORK,"D, CLASS D VEHICLES",,,,,,,,MALE,,,,Y,OPERATOR/DRIVER,NO INJURY,MASSACHUSETTS,"D, CLASS D VEHICLES",,,,,,,,MALE,"FRONT SEAT - LEFT SIDE, OR MOTORCYLE DRIVER",UNKNOWN,NOT TRAPPED,Y
12/12/15 4:38,Saturday,PASSENGER CAR,PASSENGER CAR,,MASSACHUSETTS AVENUE,PROSPECT STREET,,"MASSACHUSETTS AVENUE &amp; PROSPECT STREET
Cambridge, MA
(42.36679362800004, -71.10600609899996)",,,REAR-END,ROADWAY,COLLISION WITH MOTOR VEHICLE IN TRAFFIC,DARK - LIGHTED ROADWAY,CLEAR,CLEAR,TRAFFIC CONTROL SIGNAL,YES,DRY,FOUR WAY INTERSECTION,"TWO-WAY, NOT DIVIDED",NO,NO,,INTERSECTION,MASSACHUSETTS AVENUE,EASTBOUND,PROSPECT STREET,SOUTHBOUND,RIVER STREET,NORTHBOUND,,,,,,,,,NONE,,,PAN,MA,PASSENGER CAR,,,,TRAVELING STRAIGHT AHEAD,2003,COLLISION WITH MOTOR VEHICLE IN TRAFFIC,CRV,HONDA,1,,COLLISION WITH MOTOR VEHICLE IN TRAFFIC,,,,CENTER FRONT,RIGHT FRONT,LEFT FRONT,Y,EASTBOUND,,,,,,,,,,,"OPERATING VEHICLE IN ERRATIC, RECKLESS, CARELESS,",,,,,,,,,YES VEHICLE OR TRAILER DISABLED,PAN,MA,PASSENGER CAR,,,,SLOWING OR STOPPED IN TRAFFIC,2003,COLLISION WITH MOTOR VEHICLE IN TRAFFIC,CAMRY,TOYOTA,1,,COLLISION WITH MOTOR VEHICLE IN TRAFFIC,,,,RIGHT REAR,REAR CENTER,LEFT REAR,,EASTBOUND,,,,,,PAN,2LE459,MASSACHUSETTS,2003,,NO IMPROPER DRIVING,,,,,,,,,,OPERATOR/DRIVER,NO INJURY,MASSACHUSETTS,,,,,,,,,MALE,"FRONT SEAT - LEFT SIDE, OR MOTORCYLE DRIVER",UNKNOWN,NOT TRAPPED,Y,OPERATOR/DRIVER,,MASSACHUSETTS,,,,,,,,,MALE,"FRONT SEAT - LEFT SIDE, OR MOTORCYLE DRIVER",UNKNOWN,NOT TRAPPED,
3/9/16 11:11,Wednesday,PASSENGER CAR,PASSENGER CAR,,BRATTLE ST,CHANNING ST,,"BRATTLE ST &amp; CHANNING ST
Cambridge, MA
(42.36679362800004, -71.10600609899996)",,,ANGLE,ROADWAY,,DAYLIGHT,CLEAR,,NO CONTROLS,,DRY,T-INTERSECTION,"TWO-WAY, NOT DIVIDED",NO,NO,,INTERSECTION,BRATTLE ST,NORTHBOUND,CHANNING ST,WESTBOUND,,,,,,,,,,,NONE,,,PAN,MA,PASSENGER CAR,,,,TURNING LEFT,2001,COLLISION WITH MOTOR VEHICLE IN TRAFFIC,CIVIC,HONDA,1,,COLLISION WITH MOTOR VEHICLE IN TRAFFIC,,,,RIGHT FRONT,,,,NORTHBOUND,,,,,,,,,,,FAILED TO YIELD THE RIGHT OF WAY,"OPERATING VEHICLE IN ERRATIC, RECKLESS, CARELESS,",,,,,,,,,PAN,MA,PASSENGER CAR,,,,TRAVELING STRAIGHT AHEAD,2005,COLLISION WITH MOTOR VEHICLE IN TRAFFIC,TL,ACURA,1,,,,,,CENTER FRONT,LEFT FRONT,,,,,,,,,,,,,,NO IMPROPER DRIVING,,,,,,,,,,OPERATOR/DRIVER,NO INJURY,,,,,,,,,,FEMALE,"FRONT SEAT - LEFT SIDE, OR MOTORCYLE DRIVER",SHOULDER AND LAP BELT USED,NOT TRAPPED,Y,OPERATOR/DRIVER,NO INJURY,MASSACHUSETTS,"D, CLASS D VEHICLES",,,,,,,,FEMALE,"FRONT SEAT - LEFT SIDE, OR MOTORCYLE DRIVER",SHOULDER AND LAP BELT USED,NOT TRAPPED,Y
8/10/15 0:27,Monday,PASSENGER CAR,PASSENGER CAR,,LOT 5 @ NORFOLK STREET,,,"LOT 5 @ NORFOLK STREET
Cambridge, MA
(42.36679362800004, -71.10600609899996)",,,UNKNOWN,ROADSIDE,,DARK - LIGHTED ROADWAY,CLEAR,,NO CONTROLS,,DRY,NOT AT INTERSECTION,,NO,NO,,NON INTERSECTION,,,,,,,,,,,,,,,,,,PAN,MA,PASSENGER CAR,,,Y,PARKED,2013,COLLISION WITH MOTOR VEHICLE IN TRAFFIC,CIVIC,HONDA,,,COLLISION WITH MOTOR VEHICLE IN TRAFFIC,,,,LEFT FRONT,,,,,,,,,,,,,,,,,,,,,,,,NO,,,PASSENGER CAR,,,Y,,,,,,,,,,,,,,,,,,,,,,,,,,,,,,,,,,,,,OPERATOR/DRIVER,,MASSACHUSETTS,,,,,,,,,FEMALE,,,,Y,,,,,,,,,,,,,,,,
8/18/15 14:48,Tuesday,LIGHT TRUCK,PASSENGER CAR,,BINNEY ST,FULKERSON ST,,"BINNEY ST &amp; FULKERSON ST
Cambridge, MA
(42.36679362800004, -71.10600609899996)",,,REAR-END,ROADWAY,COLLISION WITH MOTOR VEHICLE IN TRAFFIC,DAYLIGHT,CLOUDY,CLEAR,TRAFFIC CONTROL SIGNAL,YES,DRY,T-INTERSECTION,"ONE-WAY, NOT DIVIDED",,YES,,INTERSECTION,BINNEY ST,NORTHBOUND,FULKERSON ST,WESTBOUND,,,,,,,,,,,NONE,,,CON,MA,LIGHT TRUCK,,,,SLOWING OR STOPPED IN TRAFFIC,2000,COLLISION WITH MOTOR VEHICLE IN TRAFFIC,DRWSUP,FORD,1,,COLLISION WITH MOTOR VEHICLE IN TRAFFIC,,,,REAR CENTER,,,,NORTHBOUND,,,,,,,,,,,NO IMPROPER DRIVING,,,,,,,,,,TAN,MA,PASSENGER CAR,,,,TRAVELING STRAIGHT AHEAD,2012,COLLISION WITH MOTOR VEHICLE IN TRAFFIC,CAMRY,TOYOTA,1,,COLLISION WITH MOTOR VEHICLE IN TRAFFIC,,,,CENTER FRONT,RIGHT FRONT,LEFT FRONT,Y,NORTHBOUND,,,,,,,,,,,OTHER IMPROPER ACTION,,,,,,,,,UNKNOWN,OPERATOR/DRIVER,NO INJURY,MASSACHUSETTS,"A, CLASS A VEHICLES",,,,,,,,MALE,"FRONT SEAT - LEFT SIDE, OR MOTORCYLE DRIVER",UNKNOWN,NOT TRAPPED,,OPERATOR/DRIVER,NO INJURY,MASSACHUSETTS,"D, CLASS D VEHICLES",,,,,,,,MALE,"FRONT SEAT - LEFT SIDE, OR MOTORCYLE DRIVER",UNKNOWN,NOT TRAPPED,
10/18/16 17:18,Tuesday,PASSENGER CAR,,,UPLAND RD,,WASHINGTON STREET,"UPLAND RD
Cambridge, MA
(42.387057613000025, -71.12470812999999)",1,,ANGLE,,,DAYLIGHT,CLEAR,,STOP SIGNS,,DRY,T-INTERSECTION,"TWO-WAY, NOT DIVIDED",NO,NO,,NON INTERSECTION,,,,,,,WESTBOUND,,SOUTHBOUND,,,,,,NONE,,,PAN,MA,PASSENGER CAR,,,,TURNING LEFT,2010,,PRIUS,TOYOTA,1,,COLLISION WITH PEDALCYCLE,,,,RIGHT FRONT,,,,SOUTHBOUND,,,,,,,,,,,UNKNOWN,,,,,,,UNKNOWN,,,,,,,,,,,,,,,,,,,,,,,,,,,,,,,,,,,,,,,,,,,,,OPERATOR/DRIVER,,MASSACHUSETTS,"D, CLASS D VEHICLES",,,,,,,,MALE,,,,Y,NON-MOTORIST,,MASSACHUSETTS,"D, CLASS D VEHICLES",,,,,,,,FEMALE,,,,
11/23/15 18:26,Monday,,PASSENGER CAR,,CARNDINAL MEDERIROS AVE,HAMPSHIRE ST.,,"CARNDINAL MEDERIROS AVE &amp; HAMPSHIRE ST.
Cambridge, MA
(42.36679362800004, -71.10600609899996)",,,HEAD ON,ROADWAY,COLLISION WITH MOTOR VEHICLE IN TRAFFIC,DARK - LIGHTED ROADWAY,CLEAR,,TRAFFIC CONTROL SIGNAL,YES,DRY,FOUR WAY INTERSECTION,,NO,NO,30,INTERSECTION,CARNDINAL MEDERIROS AVE,SOUTHBOUND,HAMPSHIRE ST.,EASTBOUND,PORTLAND ST,NORTHBOUND,,,,,,,,,,,,,MA,,,,,TRAVELING STRAIGHT AHEAD,2004,COLLISION WITH MOTOR VEHICLE IN TRAFFIC,RUNNER,TOYOTA,2,,COLLISION WITH MOTOR VEHICLE IN TRAFFIC,,,,CENTER FRONT,RIGHT FRONT,LEFT FRONT,,NORTHBOUND,,,,,,,,,,,UNKNOWN,,,,,,,,,NO,PAN,MA,PASSENGER CAR,,,,TURNING LEFT,2005,COLLISION WITH MOTOR VEHICLE IN TRAFFIC,PILOT,HONDA,1,,COLLISION WITH MOTOR VEHICLE IN TRAFFIC,COLLISION WITH MOTOR VEHICLE IN TRAFFIC,,,CENTER FRONT,RIGHT FRONT,LEFT FRONT,,SOUTHBOUND,,,,,,,,,,,FAILED TO YIELD THE RIGHT OF WAY,,,,,,,UNKNOWN,,YES VEHICLE OR TRAILER DISABLED,OPERATOR/DRIVER,,MASSACHUSETTS,,,,,,,,,FEMALE,"FRONT SEAT - LEFT SIDE, OR MOTORCYLE DRIVER",,,Y,OPERATOR/DRIVER,,MASSACHUSETTS,,,,,,,,,MALE,UNKNOWN,,,Y
1/29/16 16:23,Friday,PASSENGER CAR,SINGLE UNIT TRUCK (2 AXLES - 6 TIRES),,JFK STREET,MT. AUBURN STREET,,"JFK STREET &amp; MT. AUBURN STREET
Cambridge, MA
(42.36679362800004, -71.10600609899996)",,,"SIDESWIPE, SAME DIRECTION",ROADWAY,COLLISION WITH MOTOR VEHICLE IN TRAFFIC,DUSK,CLOUDY,,TRAFFIC CONTROL SIGNAL,YES,DRY,FOUR WAY INTERSECTION,"ONE-WAY, NOT DIVIDED",NO,NO,25,INTERSECTION,JFK STREET,NORTHBOUND,MT. AUBURN STREET,,,,,,,,,,,,NONE,,,PAN,MA,PASSENGER CAR,,,,TURNING RIGHT,2007,COLLISION WITH MOTOR VEHICLE IN TRAFFIC,MURANO,NISSAN,1,,COLLISION WITH MOTOR VEHICLE IN TRAFFIC,,,,RIGHT FRONT,RIGHT SIDE,RIGHT REAR,Y,,,,,,,,,,,,MADE AN IMPROPER TURN,,,,,,,,,YES VEHICLE OR TRAILER DISABLED,,RI,SINGLE UNIT TRUCK (2 AXLES - 6 TIRES),,,,TRAVELING STRAIGHT AHEAD,2002,COLLISION WITH MOTOR VEHICLE IN TRAFFIC,F450,FORD,1,,COLLISION WITH MOTOR VEHICLE IN TRAFFIC,,,,LEFT FRONT,,,,NORTHBOUND,,,,,,,,,,,NO IMPROPER DRIVING,,,,,,,,,,OPERATOR/DRIVER,NO INJURY,MASSACHUSETTS,,,,,,,,,MALE,"FRONT SEAT - LEFT SIDE, OR MOTORCYLE DRIVER",UNKNOWN,NOT TRAPPED,Y,OPERATOR/DRIVER,NO INJURY,RHODE ISLAND,,,,,,,,,MALE,"FRONT SEAT - LEFT SIDE, OR MOTORCYLE DRIVER",UNKNOWN,NOT TRAPPED,
1/26/16 1:13,Tuesday,PASSENGER CAR,PASSENGER CAR,,WASHINTON ST,,WINDSOR ST,"WASHINTON ST
Cambridge, MA
(42.36679362800004, -71.10600609899996)",,,REAR-END,ROADSIDE,COLLISION WITH PARKED MOTOR VEHICLE,DARK - LIGHTED ROADWAY,CLEAR,,NO CONTROLS,,SLUSH,NOT AT INTERSECTION,"ONE-WAY, NOT DIVIDED",NO,NO,20,NON INTERSECTION,,,,,,,EASTBOUND,,,,,,,,NONE,,,PAN,MA,PASSENGER CAR,,,Y,PARKED,2014,COLLISION WITH MOTOR VEHICLE IN TRAFFIC,200,CHRYSLER,0,,COLLISION WITH MOTOR VEHICLE IN TRAFFIC,,,,LEFT REAR,,,,,,,,,,,,,,,,,,,,,,,,,PAN,MA,PASSENGER CAR,,,Y,PARKED,2014,COLLISION WITH MOTOR VEHICLE IN TRAFFIC,JETTA,VOLKSWAGON,0,,COLLISION WITH MOTOR VEHICLE IN TRAFFIC,,,,LEFT SIDE,,,,,,,,,,,,,,,,,,,,,,,,,UNINVOLVED OWNER,,,,,,,,,,,,,,,Y,UNINVOLVED OWNER,,MASSACHUSETTS,,,,,,,,,MALE,,,,Y
12/13/15 0:35,Sunday,LIGHT TRUCK,LIGHT TRUCK,10,MUSEUM WAY,,NORTHPOINT BOULEVARD,"10 MUSEUM WAY
Cambridge, MA
(42.369980148000025, -71.07122416599998)",,,,,COLLISION WITH MOTOR VEHICLE IN TRAFFIC,DARK - LIGHTED ROADWAY,CLEAR,CLEAR,NO CONTROLS,,DRY,NOT AT INTERSECTION,"TWO-WAY, DIVIDED, UNPROTECTED MEDIAN",,,,NON INTERSECTION,,,,,,,,,,,,,,,NONE,,,PAN,MA,LIGHT TRUCK,,,,TURNING LEFT,2011,,SIENNA,TOYOTA,6,,COLLISION WITH MOTOR VEHICLE IN TRAFFIC,,,,LEFT SIDE,,,,,,,,,,,,,,,,,,,,,,,,,PAN,MA,LIGHT TRUCK,,,,BACKING,2002,,SEQUOIA,TOYOTA,1,,COLLISION WITH MOTOR VEHICLE IN TRAFFIC,,,,LEFT REAR,,,,,,,,,,,,,,,,,,,,,,,,,OPERATOR/DRIVER,,MASSACHUSETTS,,,,,,,,,MALE,"FRONT SEAT - LEFT SIDE, OR MOTORCYLE DRIVER",,,Y,OCCUPANT/PASSENGER,,,,,,,,,,,FEMALE,FRONT SEAT - RIGHT SIDE,,,
4/4/16 17:01,Monday,LIGHT TRUCK,PASSENGER CAR,459,BROADWAY,,,"459 BROADWAY
Cambridge, MA
(42.373595023000064, -71.11176371599998)",,,REAR-END,ROADSIDE,COLLISION WITH PARKED MOTOR VEHICLE,DAYLIGHT,SNOW,,NO CONTROLS,,SNOW,NOT AT INTERSECTION,"TWO-WAY, NOT DIVIDED",NO,NO,,NON INTERSECTION,,,,,,,WESTBOUND,,,,,,,,NONE,,,PAN,MA,LIGHT TRUCK,,,,TRAVELING STRAIGHT AHEAD,2002,COLLISION WITH PARKED MOTOR VEHICLE,PATHFINDER,NISSAN,3,,COLLISION WITH PARKED MOTOR VEHICLE,,,,RIGHT FRONT,CENTER FRONT,LEFT FRONT,,WESTBOUND,,,,,,,,,,,OTHER IMPROPER ACTION,,,,,,,,,,PAN,MA,PASSENGER CAR,,,,PARKED,2002,,ACCORD,HONDA,0,,COLLISION WITH MOTOR VEHICLE IN TRAFFIC,,,,RIGHT REAR,REAR CENTER,LEFT REAR,,,,,,,,,,,,,NO IMPROPER DRIVING,,,,,,,,,,OPERATOR/DRIVER,NO INJURY,MASSACHUSETTS,"D, CLASS D VEHICLES",,,,,,,,MALE,"FRONT SEAT - LEFT SIDE, OR MOTORCYLE DRIVER",SHOULDER AND LAP BELT USED,NOT TRAPPED,Y,OCCUPANT/PASSENGER,NO INJURY,,,,,,,,,,FEMALE,FRONT SEAT - RIGHT SIDE,SHOULDER AND LAP BELT USED,NOT TRAPPED,
10/21/15 10:38,Wednesday,SINGLE UNIT TRUCK (2 AXLES - 6 TIRES),,,ELLERY STREET,BROADWAY,,"ELLERY STREET &amp; BROADWAY
Cambridge, MA
(42.36679362800004, -71.10600609899996)",,1,SINGLE VEHICLE CRASH,,,DAYLIGHT,RAIN,,STOP SIGNS,YES,WET,FOUR WAY INTERSECTION,"TWO-WAY, NOT DIVIDED",NO,NO,,INTERSECTION,ELLERY STREET,SOUTHBOUND,BROADWAY,EASTBOUND,,,,,,,,,,,,,,CON,MA,SINGLE UNIT TRUCK (2 AXLES - 6 TIRES),,,,TURNING LEFT,2014,COLLISION WITH PEDESTRIAN,M2106,FRHT,1,,COLLISION WITH PEDESTRIAN,COLLISION WITH PEDESTRIAN,,,LEFT SIDE,,,,,,,,,,,,,,,NO IMPROPER DRIVING,,Y,,,,,,NOT A BUS,,,,,,,,,,,,,,,,,,,,,,,,,,,,,,,,,,,,,,,,,,,,OPERATOR/DRIVER,,MASSACHUSETTS,,,,,,,,,MALE,"FRONT SEAT - LEFT SIDE, OR MOTORCYLE DRIVER",SHOULDER AND LAP BELT USED,,,NON-MOTORIST,NON FATAL INJURY - NON INCAPACITATING,,,,,PEDESTRIAN,ENTERING OR CROSSING SPECIFIED LOCATION,PEDESTRIAN,UNKNOWN,,FEMALE,,,,
11/7/15 10:52,Saturday,PASSENGER CAR,,,HAMPSHIRE ST,NORFOLK ST,,"HAMPSHIRE ST &amp; NORFOLK ST
Cambridge, MA
(42.36679362800004, -71.10600609899996)",,,"SIDESWIPE, SAME DIRECTION",ROADWAY,COLLISION WITH PARKED MOTOR VEHICLE,DAYLIGHT,CLEAR,CLEAR,STOP SIGNS,,DRY,FOUR WAY INTERSECTION,"ONE-WAY, NOT DIVIDED",YES,NO,,INTERSECTION,HAMPSHIRE ST,SOUTHBOUND,NORFOLK ST,SOUTHBOUND,,,,,,,,,,,NONE,,,PAN,MA,PASSENGER CAR,,,Y,PARKED,2010,COLLISION WITH PARKED MOTOR VEHICLE,PRIUS,TOYOTA,0,,COLLISION WITH PARKED MOTOR VEHICLE,COLLISION WITH PARKED MOTOR VEHICLE,COLLISION WITH PARKED MOTOR VEHICLE,COLLISION WITH PARKED MOTOR VEHICLE,LEFT REAR,LEFT SIDE,,,SOUTHBOUND,,,,,,,39154,MASSACHUSETTS,,,UNKNOWN,UNKNOWN,,,Y,,,UNKNOWN,SCHOOL,,,,,,,,,,,,,,,,,,,,,,,,,,,,,,,,,,,,,,,,,,,,UNINVOLVED OWNER,,,,,,,,,,,MALE,,,,Y,,,,,,,,,,,,,,,,
10/18/15 14:35,Sunday,BUS SEATS MORE THAN 15 PEOPLE,PASSENGER CAR,1705,MASS AVE,,,"1705 MASS AVE
Cambridge, MA
(42.38330569500005, -71.11950406999995)",,,"SIDESWIPE, SAME DIRECTION",,,DAYLIGHT,CLOUDY,CLOUDY,NO CONTROLS,NO,DRY,NOT AT INTERSECTION,"TWO-WAY, DIVIDED, POSITIVE MEDIAN BARRIER",NO,NO,,NON INTERSECTION,,,,,,,WESTBOUND,,,,,,,,,,,BUS,NY,BUS SEATS MORE THAN 15 PEOPLE,,,,TRAVELING STRAIGHT AHEAD,2009,,BS,CHEVY,1,,COLLISION WITH MOTOR VEHICLE IN TRAFFIC,,,,RIGHT REAR,,,,,,,,,,,,,,,UNKNOWN,,,,,,,UNKNOWN,,,PAN,MA,PASSENGER CAR,,,,TURNING LEFT,2010,,3,MAZDA,1,,COLLISION WITH MOTOR VEHICLE IN TRAFFIC,,,,LEFT FRONT,,,,,,,,,,,,,,,UNKNOWN,,,,,,,UNKNOWN,,,OPERATOR/DRIVER,,NEW YORK,,,,,,,,,MALE,,,,,OPERATOR/DRIVER,,MASSACHUSETTS,,,,,,,,,MALE,,,,Y
1/10/16 13:19,Sunday,LIGHT TRUCK,LIGHT TRUCK,84,PRESCOTT ST.,,,"84 PRESCOTT ST.
Cambridge, MA
(42.37459099900008, -71.11354469599996)",,,"SIDESWIPE, SAME DIRECTION",ROADWAY,COLLISION WITH PARKED MOTOR VEHICLE,DARK - LIGHTED ROADWAY,UNKNOWN,UNKNOWN,NO CONTROLS,,UNKNOWN,NOT AT INTERSECTION,"ONE-WAY, NOT DIVIDED",NO,NO,,NON INTERSECTION,,,,,,,EASTBOUND,,,,,,,,UNKNOWN,,,PAN,MA,LIGHT TRUCK,,,Y,PARKED,2014,COLLISION WITH PARKED MOTOR VEHICLE,CRV,HONDA,0,,COLLISION WITH PARKED MOTOR VEHICLE,COLLISION WITH PARKED MOTOR VEHICLE,COLLISION WITH PARKED MOTOR VEHICLE,COLLISION WITH PARKED MOTOR VEHICLE,LEFT FRONT,LEFT SIDE,,,EASTBOUND,,,,,,,,,,,NO IMPROPER DRIVING,NO IMPROPER DRIVING,,,,,,NOT DISTRACTED,,NO,PAN,MA,LIGHT TRUCK,,,Y,UNKNOWN,2005,COLLISION WITH PARKED MOTOR VEHICLE,HIGHLANDER,TOYOTA,1,,COLLISION WITH PARKED MOTOR VEHICLE,COLLISION WITH PARKED MOTOR VEHICLE,COLLISION WITH PARKED MOTOR VEHICLE,COLLISION WITH PARKED MOTOR VEHICLE,,,,,EASTBOUND,,,,,,,,,,,UNKNOWN,UNKNOWN,,,,,,UNKNOWN,,NO,OPERATOR/DRIVER,NO INJURY,MASSACHUSETTS,"D, CLASS D VEHICLES",,,,,,,45,MALE,OTHER,NONE USED - VEHICLE OCCUPANT,NOT TRAPPED,Y,,,,,,,,,,,,,,,,
1/23/16 11:36,Saturday,LIGHT TRUCK,,176,ELM ST.,,,"176 ELM ST.
Cambridge, MA
(42.39256622400006, -71.12006480899998)",,,"SIDESWIPE, SAME DIRECTION",ROADWAY,COLLISION WITH PARKED MOTOR VEHICLE,DAYLIGHT,CLOUDY,CLOUDY,NO CONTROLS,,DRY,NOT AT INTERSECTION,"ONE-WAY, NOT DIVIDED",NO,NO,,NON INTERSECTION,,,,,,,EASTBOUND,,,,,,,,NONE,,,PAN,MA,LIGHT TRUCK,,,Y,PARKED,2005,COLLISION WITH PARKED MOTOR VEHICLE,VAN,ECOVAN,0,,COLLISION WITH PARKED MOTOR VEHICLE,COLLISION WITH PARKED MOTOR VEHICLE,COLLISION WITH PARKED MOTOR VEHICLE,COLLISION WITH PARKED MOTOR VEHICLE,LEFT SIDE,,,,EASTBOUND,,,,,,,,,,,NO IMPROPER DRIVING,NO IMPROPER DRIVING,,,,,,NOT DISTRACTED,,NO,,,,,,,,,,,,,,,,,,,,,,,,,,,,,,,,,,,,,,,,,,,OPERATOR/DRIVER,NO INJURY,MASSACHUSETTS,"D, CLASS D VEHICLES",,,,,,,54,MALE,UNKNOWN,UNKNOWN,NOT TRAPPED,Y,WITNESS,,MASSACHUSETTS,"D, CLASS D VEHICLES",,,,,,,49,MALE,,,,
2/20/16 2:35,Saturday,LIGHT TRUCK,PASSENGER CAR,,PROSPECT,PROSPECT,,"PROSPECT &amp; PROSPECT
Cambridge, MA
(42.36679362800004, -71.10600609899996)",,,HEAD ON,ROADWAY,COLLISION WITH MOTOR VEHICLE IN TRAFFIC,DARK - LIGHTED ROADWAY,RAIN,UNKNOWN,TRAFFIC CONTROL SIGNAL,YES,WET,FOUR WAY INTERSECTION,"TWO-WAY, NOT DIVIDED",NO,NO,,INTERSECTION,PROSPECT,SOUTHBOUND,PROSPECT,NORTHBOUND,HAMPSHIRE,EASTBOUND,,,,,,,,,NONE,,,PAN,MA,LIGHT TRUCK,,,,TURNING LEFT,2003,COLLISION WITH MOTOR VEHICLE IN TRAFFIC,TAHOE,CHEVY,1,,COLLISION WITH MOTOR VEHICLE IN TRAFFIC,,,,RIGHT REAR,,,,EASTBOUND,,,,,,,,,,,UNKNOWN,,,,,,,UNKNOWN,,,PAN,MA,PASSENGER CAR,,,,TRAVELING STRAIGHT AHEAD,2010,COLLISION WITH MOTOR VEHICLE IN TRAFFIC,RAV4,TOYOTA,2,,COLLISION WITH MOTOR VEHICLE IN TRAFFIC,,,,RIGHT FRONT,CENTER FRONT,,Y,NORTHBOUND,,,,,,,,,,,UNKNOWN,,,,,,,UNKNOWN,,YES OTHER REASON NOT DISABLED,OPERATOR/DRIVER,,MASSACHUSETTS,,,,,,,,,MALE,"FRONT SEAT - LEFT SIDE, OR MOTORCYLE DRIVER",UNKNOWN,NOT TRAPPED,Y,OPERATOR/DRIVER,,MASSACHUSETTS,,,,,,,,,FEMALE,"FRONT SEAT - LEFT SIDE, OR MOTORCYLE DRIVER",UNKNOWN,NOT TRAPPED,Y