Date Time,Day of Week,Object 1,Object 2,Street Number,Street Name,Cross Street,Near Street,Location,May involve cyclist,May Involve Pedestrian,Manner of Collision,First Harmful Event Location,First Harmful Event,Ambient Light,Weather Condition 1,Weather Condition 2,Traffic Control Device Type,Traffic Control Device Functionality,Road Surface Condition,Roadway Junction Type,Trafficway Description,School Bus Related,Work Zone,Speed Limit,Street or Intersection,Intersection Name 1,Intersection Direction 1,Intersection Name 2,Intersection Direction 2,Intersection Name 3,Intersection Direction 3,Street Direction,Nearest Intersection Distance,Nearest Intersection Direction,Landmark Distance,Landmark Direction,Landmark,Mile Marker Direction,Non Public Area,Road Contributing,Damaged Property Type,Description of Damaged Property,V1 Registration Type,v1 State Code,V1 Configuration,V1 Emergency Response,V1 Moped,V1 Hit and Run,V1 Action Prior to Crash,V1 Model Year,V1 Most Harmful Event,V1 Model,V1 Make,V1 Occupant Count,V1 Underride Override,V1 First Event,V1 Second Event,V1 Third Event,V1 Fourth Event,V1 Most Damaged Area,V1 Second Damaged Area,V1 Third Damaged Area,V1 Towed,V1 Travel Direction,V1 Interstate,V1 Cargo Body Type,V1 Gross Weight,V1 Haz Placard,V1 Haz Release,V1 Trailer Reg Type,V1 Trailer Reg Plate,V1 Trailer Reg State,V1 Trailer Reg Year,V1 Trailer Len,V1 Driver Contribution,V1 Driver Contribution 2,V1 Is Truck,V1 Has Trailer,V1 Is Bus,V1 Is Hazmat,V1 Reg Year,V1 Driver Distracted,V1 Bus Use,V1 Tow Use,V2 Registration Type,V2 State Code,V2 Configuration,V2 Emergency Response,V2 Moped,V2 Hit and Run,V2 Action Prior to Crash,V2 Model Year,V2 Most Harmful Event,V2 Model,V2 Make,V2 Occupant Count,V2 Underride Override,V2 First Event,V2 Second Event,V2 Third Event,V2 Fourth Event,V2 Most Damaged Area,V2 Second Damaged Area,V2 Third Damaged Area,V2 Towed,V2 Travel Direction,V2 Interstate,V2 Cargo Body Type,V2 Gross Weight,V2 Haz Placard,V2 Haz Release,V2 Trailer Reg Type,V2 Trailer Reg Plate,V2 Trailer Reg State,V2 Trailer Reg Year,V2 Trailer Len,V2 Driver Contribution,V2 Driver Contribution 2,V2 Is Truck,V2 Has Trailer,V2 Is Bus,V2 Is Hazmat,V2 Reg Year,V2 Driver Distracted,V2 Bus Use,V2 Tow Use,P1 Role,P1 Injury,P1 Drivers Lic State,P1 Drivers Lic Class 1,P1 Drivers Lic Class 2,P1 Drivers Lic Restrict,P1 Non Motorist Desc,P1 Non Motorist Action,P1 Non Motorist Location,P1 Safety Equipment,P1 Age,P1 Sex,P1 Seat Position,P1 Safety System,P1 Trapped,P1 Veh Owner,P2 Role,P2 Injury,P2 Drivers Lic State,P2 Drivers Lic Class 1,P2 Drivers Lic Class 2,P2 Drivers Lic Restrict,P2 Non Motorist Desc,P2 Non Motorist Action,P2 Non Motorist Location,P2 Safety Equipment,P2 Age,P2 Sex,P2 Seat Position,P2 Safety System,P2 Trapped,P2 Veh Owner
2/3/16 12:00,Wednesday,PASSENGER CAR,,,PALERMO ST,,WILLOW ST,"PALERMO ST
Cambridge, MA
(42.37188082600005, -71.09291799199997)",,,UNKNOWN,ROADWAY,COLLISION WITH PARKED MOTOR VEHICLE,UNKNOWN,UNKNOWN,,,,UNKNOWN,NOT AT INTERSECTION,"TWO-WAY, NOT DIVIDED",NO,NO,,NON INTERSECTION,,,,,,,,,,,,,,,,,,PAN,MA,PASSENGER CAR,,,Y,PARKED,2011,COLLISION WITH MOTOR VEHICLE IN TRAFFIC,200,CHRY,0,,COLLISION WITH MOTOR VEHICLE IN TRAFFIC,,,,LEFT FRONT,,,,,,,,,,,,,,,,,,,,,,,,,PAN,OT,,,,Y,,,,,,,,,,,,,,,,,,,,,,,,,,,,,,,,,,,,,UNINVOLVED OWNER,,,,,,,,,,,FEMALE,,,,Y,,,,,,,,,,,,,,,,
12/10/15 20:30,Thursday,PASSENGER CAR,,2429,MASSACHUSETTS AVENUE,,CEDAR STREET/MASSACHUSETTS AVE,"2429 MASSACHUSETTS AVENUE
Cambridge, MA
(42.39787253500003, -71.13070951099996)",1,,"SIDESWIPE, SAME DIRECTION",ROADSIDE,COLLISION WITH PEDALCYCLE,DARK - LIGHTED ROADWAY,CLEAR,,NO CONTROLS,,DRY,NOT AT INTERSECTION,"TWO-WAY, DIVIDED, POSITIVE MEDIAN BARRIER",NO,NO,,NON INTERSECTION,,,,,,,WESTBOUND,,,,,,,,NONE,,,PAN,NJ,PASSENGER CAR,,,,TURNING RIGHT,2012,COLLISION WITH PEDALCYCLE,PRIUS,TOYOTA,1,,COLLISION WITH PEDALCYCLE,,,,,,,,WESTBOUND,,,,,,,,,,,UNKNOWN,,,,,,,NOT DISTRACTED,,,,,,,,,,,,,,,,,,,,,,,,,,,,,,,,,,,,,,,,,,,,,OPERATOR/DRIVER,NO INJURY,NEW JERSEY,,,,,,,,,FEMALE,"FRONT SEAT - LEFT SIDE, OR MOTORCYLE DRIVER",SHOULDER AND LAP BELT USED,NOT TRAPPED,Y,WITNESS,,,,,,,,,,,MALE,,,,
3/29/16 22:22,Tuesday,PASSENGER CAR,,,PORTLAND,MAIN,,"PORTLAND &amp; MAIN
Cambridge, MA
(42.36679362800004, -71.10600609899996)",,1,SINGLE VEHICLE CRASH,ROADWAY,COLLISION WITH PEDESTRIAN,DARK - LIGHTED ROADWAY,CLEAR,CLEAR,TRAFFIC CONTROL SIGNAL,YES,DRY,FOUR WAY INTERSECTION,"TWO-WAY, NOT DIVIDED",NO,NO,30,INTERSECTION,PORTLAND,WESTBOUND,MAIN,,,,,,,,,,,,NONE,,,PAN,MA,PASSENGER CAR,,,,TRAVELING STRAIGHT AHEAD,2000,,SL70,VOLVO,1,,COLLISION WITH PEDESTRIAN,,,,NONE,,,,WESTBOUND,,,,,,,,,,,NO IMPROPER DRIVING,,,,,,,NOT DISTRACTED,,,,,,,,,,,,,,,,,,,,,,,,,,,,,,,,,,,,,,,,,,,,,OPERATOR/DRIVER,NO INJURY,MASSACHUSETTS,"D, CLASS D VEHICLES",,,,,,,,MALE,"FRONT SEAT - LEFT SIDE, OR MOTORCYLE DRIVER",,,,UNINVOLVED OWNER,,,,,,,,,,,FEMALE,,,,Y
10/29/15 15:06,Thursday,LIGHT TRUCK,LIGHT TRUCK,2,GARDEN STREET,,APPIAN WAY,"2 GARDEN STREET
Cambridge, MA
(42.375833458000045, -71.12072321799997)",,,"SIDESWIPE, SAME DIRECTION",,,DAYLIGHT,CLEAR,,NO CONTROLS,NO,DRY,NOT AT INTERSECTION,"TWO-WAY, DIVIDED, UNPROTECTED MEDIAN",NO,NO,,NON INTERSECTION,,,,,,,,,,,,,,,,,,CON,MA,LIGHT TRUCK,,,,PARKED,2012,,ECOVAV,FORD,1,,COLLISION WITH MOTOR VEHICLE IN TRAFFIC,,,,LEFT SIDE,,,,,,,,,,,,,,,,,,,,,,,,,PAN,MA,LIGHT TRUCK,,,Y,TRAVELING STRAIGHT AHEAD,,,,,1,,,,,,UNKNOWN,,,,,,,,,,,,,,,,,,,,,,,,,OPERATOR/DRIVER,,MASSACHUSETTS,,,,,,,,,MALE,,,,,UNINVOLVED OWNER,,,,,,,,,,,,,,,Y
8/15/15 17:32,Saturday,PASSENGER CAR,,1687,MASSACHUSETTS AV,,,"1687 MASSACHUSETTS AV
Cambridge, MA
(42.38276605300007, -71.11956351199996)",1,,"SIDESWIPE, SAME DIRECTION",SHOULDER - TRAVEL LANE,COLLISION WITH PEDALCYCLE,DAYLIGHT,CLOUDY,,NO CONTROLS,,DRY,NOT AT INTERSECTION,"TWO-WAY, DIVIDED, POSITIVE MEDIAN BARRIER",NO,NO,,NON INTERSECTION,,,,,,,NORTHBOUND,,,,,,,,NONE,,,PAV,MA,PASSENGER CAR,,,,PARKED,2015,,F-TYPE,JAGUAR,1,,COLLISION WITH PEDALCYCLE,,,,LEFT SIDE,,,,,,,,,,,,,,,,,,,,,,,,NO,,,,,,,,,,,,,,,,,,,,,,,,,,,,,,,,,,,,,,,,,,,OPERATOR/DRIVER,NO INJURY,MASSACHUSETTS,,,,,,,,,MALE,OTHER,NONE USED - VEHICLE OCCUPANT,NOT TRAPPED,Y,NON-MOTORIST,,,,,,CYCLIST,"WALKING, RUNNING OR CYCLING",CYCLIST,NONE USED,,FEMALE,,,,
9/21/15 23:32,Monday,PASSENGER CAR,LIGHT TRUCK,131,SHERMAN STREET,,,"131 SHERMAN STREET
Cambridge, MA
(42.390167192000035, -71.13273753899995)",,,ANGLE,ROADSIDE,COLLISION WITH PARKED MOTOR VEHICLE,DUSK,CLEAR,,NO CONTROLS,,DRY,NOT AT INTERSECTION,"TWO-WAY, NOT DIVIDED",NO,NO,,NON INTERSECTION,,,,,,,SOUTHBOUND,,,,,JOSE'S MEXICAN RESTAURANT,,,NONE,,,PAN,MA,PASSENGER CAR,,,,TRAVELING STRAIGHT AHEAD,2008,COLLISION WITH PARKED MOTOR VEHICLE,ALTIMA,NISSAN,1,,COLLISION WITH PARKED MOTOR VEHICLE,COLLISION WITH PARKED MOTOR VEHICLE,,,RIGHT FRONT,,,,SOUTHBOUND,,,,,,,,,,,FAILURE TO KEEP IN PROPER LANE OR RUNNING OFF ROAD,,,,,,,UNKNOWN,,YES VEHICLE OR TRAILER DISABLED,PAN,MA,LIGHT TRUCK,,,,PARKED,2015,,CRV,HONDA,0,,COLLISION WITH MOTOR VEHICLE IN TRAFFIC,,,,LEFT REAR,,,,,,,,,,,,,,,NO IMPROPER DRIVING,,,,,,,,,,OPERATOR/DRIVER,,,,,,,,,,,MALE,,,,Y,UNINVOLVED OWNER,,,,,,,,,,,,,,,
3/12/16 20:11,Saturday,PASSENGER CAR,TRUCK TRAILER,,HAMPSHIRE ST,COLUMBIA ST,,"HAMPSHIRE ST &amp; COLUMBIA ST
Cambridge, MA
(42.36679362800004, -71.10600609899996)",,,"SIDESWIPE, SAME DIRECTION",ROADWAY,,DARK - LIGHTED ROADWAY,CLEAR,,TRAFFIC CONTROL SIGNAL,YES,DRY,FOUR WAY INTERSECTION,"TWO-WAY, NOT DIVIDED",NO,NO,,INTERSECTION,HAMPSHIRE ST,,COLUMBIA ST,,,,,,,,,,,,NONE,,,PAN,MA,PASSENGER CAR,,,,PARKED,2007,,CALIBER,DODGE,0,,COLLISION WITH MOTOR VEHICLE IN TRAFFIC,,,,LEFT SIDE,,,,,,,,,,,,,,,,,,,,,,,,,APPORTIONED,NE,TRUCK TRAILER,,,,TURNING LEFT,2016,COLLISION WITH OTHER MOVABLE OBJECT,TR,PETERBUILT,1,,COLLISION WITH OTHER MOVABLE OBJECT,,,,RIGHT REAR,,,,,,OTHER,,,,APP,7225FH,OKLAHOMA,2006,,UNKNOWN,,Y,Y,,,,UNKNOWN,,,UNINVOLVED OWNER,,MASSACHUSETTS,,,,,,,,,MALE,,,,Y,UNINVOLVED OWNER,,,,,,,,,,,,,,,Y
11/3/16 11:47,Thursday,,,55,HOWARD STREET,,,"55 HOWARD STREET
Cambridge, MA
(42.36583434400006, -71.11096653499999)",,,UNKNOWN,UNKNOWN,,UNKNOWN,UNKNOWN,,NO CONTROLS,,UNKNOWN,,"TWO-WAY, NOT DIVIDED",NO,NO,0,NON INTERSECTION,,,,,,,NORTHBOUND,,,,,,,,NONE,,,PAN,MA,,,,Y,PARKED,2004,UNKNOWN,CIVIC,HONDA,0,,UNKNOWN,,,,LEFT FRONT,,,,,,,,,,,,,,,,,,,,,,,,,,,,,,,,,,,,,,,,,,,,,,,,,,,,,,,,,,,,,,,,,,,UNINVOLVED OWNER,,MASSACHUSETTS,,,,,,,,,FEMALE,,,,Y,,,,,,,,,,,,,,,,
8/11/15 11:07,Tuesday,SINGLE UNIT TRUCK (2 AXLES - 6 TIRES),PASSENGER CAR,,CONCORD AVE,GARDEN STREET,,"CONCORD AVE &amp; GARDEN STREET
Cambridge, MA
(42.36679362800004, -71.10600609899996)",,,REAR-END,ROADWAY,COLLISION WITH MOTOR VEHICLE IN TRAFFIC,DAYLIGHT,CLOUDY,CLOUDY,TRAFFIC CONTROL SIGNAL,YES,DRY,Y-INTERSECTION,"TWO-WAY, NOT DIVIDED",NO,NO,,INTERSECTION,CONCORD AVE,SOUTHBOUND,GARDEN STREET,SOUTHBOUND,,,,,,,,,,,NONE,,,CON,MA,SINGLE UNIT TRUCK (2 AXLES - 6 TIRES),,,,SLOWING OR STOPPED IN TRAFFIC,2008,COLLISION WITH MOTOR VEHICLE IN TRAFFIC,TRUCK,INPL-700,1,,COLLISION WITH MOTOR VEHICLE IN TRAFFIC,,,,NONE,,,,SOUTHBOUND,,,,,,,,,,,UNKNOWN,,,,,,,UNKNOWN,,NO,PAN,MA,PASSENGER CAR,,,,SLOWING OR STOPPED IN TRAFFIC,2012,COLLISION WITH MOTOR VEHICLE IN TRAFFIC,STATION WAGON,VOLK,0,,COLLISION WITH MOTOR VEHICLE IN TRAFFIC,,,,REAR CENTER,,,,SOUTHBOUND,,,,,,,,,,,NO IMPROPER DRIVING,,,,,,,UNKNOWN,,NO,UNINVOLVED OWNER,,,,,,,,,,,,,,,Y,OPERATOR/DRIVER,NO INJURY,MASSACHUSETTS,"B, CLASS B VEHICLES","M, CLASS M VEHICLES",,,,,,,MALE,"FRONT SEAT - LEFT SIDE, OR MOTORCYLE DRIVER",UNKNOWN,NOT TRAPPED,
3/21/16 8:15,Monday,PASSENGER CAR,,283,WASHINGTON STREET,,,"283 WASHINGTON STREET
Cambridge, MA
(42.36511637600006, -71.09742536399995)",,,"SIDESWIPE, SAME DIRECTION",ROADWAY,,UNKNOWN,SNOW,,NO CONTROLS,,SNOW,,"ONE-WAY, NOT DIVIDED",NO,NO,,NON INTERSECTION,,,,,,,NORTHBOUND,,,,,,,,,,,PAN,MA,PASSENGER CAR,,,Y,PARKED,2013,OTHER,JETTA,VOLK,0,,OTHER,,,,LEFT SIDE,,,,,,,,,,,,,,,NO IMPROPER DRIVING,,,,,,,,,,,,,,,,,,,,,,,,,,,,,,,,,,,,,,,,,,,,,,,,,,,,UNINVOLVED OWNER,,MASSACHUSETTS,"D, CLASS D VEHICLES",,,,,,,,MALE,,,,Y,,,,,,,,,,,,,,,,
7/14/16 10:52,Thursday,PASSENGER CAR,PASSENGER CAR,0,GARDEN ST.,,MASS AVE,"0 GARDEN ST.
Cambridge, MA
(42.38198304900004, -71.12663404399996)",,,,,,,,,,,,,,,,,NON INTERSECTION,,,,,,,EASTBOUND,,NORTHBOUND,,,,,,,,,PAN,MA,PASSENGER CAR,,,,TRAVELING STRAIGHT AHEAD,2012,COLLISION WITH PARKED MOTOR VEHICLE,HIGHLANDER,TOYOTA,1,,COLLISION WITH PARKED MOTOR VEHICLE,,,,RIGHT SIDE,,,,EASTBOUND,,,,,,,,,,,INATTENTION,,,,,,,UNKNOWN,,,MVN,MA,PASSENGER CAR,,,,PARKED,2015,COLLISION WITH PARKED MOTOR VEHICLE,EXPLORER,FORD,1,,,,,,LEFT SIDE,,,,EASTBOUND,,,,,,,,,,,NO IMPROPER DRIVING,,,,,,,,,,OPERATOR/DRIVER,NO INJURY,MASSACHUSETTS,"D, CLASS D VEHICLES",,,,,,,,FEMALE,"FRONT SEAT - LEFT SIDE, OR MOTORCYLE DRIVER",SHOULDER AND LAP BELT USED,NOT TRAPPED,Y,OPERATOR/DRIVER,NO INJURY,MASSACHUSETTS,"D, CLASS D VEHICLES",,,,,,,,FEMALE,"FRONT SEAT - LEFT SIDE, OR MOTORCYLE DRIVER",SHOULDER AND LAP BELT USED,NOT TRAPPED,
9/10/16 8:04,Saturday,PASSENGER CAR,PASSENGER CAR,,BROOKLINE STREET,PUTNAM AVE,,"BROOKLINE STREET &amp; PUTNAM AVE
Cambridge, MA
(42.36679362800004, -71.10600609899996)",,,,,,DAYLIGHT,CLEAR,CLEAR,STOP SIGNS,YES,DRY,FOUR WAY INTERSECTION,,,,,INTERSECTION,BROOKLINE STREET,EASTBOUND,PUTNAM AVE,NORTHBOUND,,,,,,,,,,,,,,PAN,NY,PASSENGER CAR,,,,OTHER,2006,OTHER,AVALON,TOYOTA,2,,COLLISION WITH MOTOR VEHICLE IN TRAFFIC,,,,CENTER FRONT,,,Y,,,,,,,,,,,,UNKNOWN,,,,,,,,,YES VEHICLE OR TRAILER DISABLED,PAN,MA,PASSENGER CAR,,,,OTHER,2009,OTHER,Q7,AUDI,1,,COLLISION WITH MOTOR VEHICLE IN TRAFFIC,,,,LEFT FRONT,,,Y,NORTHBOUND,,,,,,,,,,,UNKNOWN,,,,,,,UNKNOWN,,YES VEHICLE OR TRAILER DISABLED,OPERATOR/DRIVER,NO INJURY,NEW YORK,,,,,,,,,MALE,"FRONT SEAT - LEFT SIDE, OR MOTORCYLE DRIVER",UNKNOWN,,Y,OPERATOR/DRIVER,NO INJURY,MASSACHUSETTS,,,,,,,,,FEMALE,"FRONT SEAT - LEFT SIDE, OR MOTORCYLE DRIVER",UNKNOWN,,Y
9/8/16 21:55,Thursday,LIGHT TRUCK,,,SIDNEY STREET,,GREEN STREET,"SIDNEY STREET
Cambridge, MA
(42.35896029400004, -71.10414634499995)",,1,ANGLE,ROADWAY,,DUSK,CLEAR,,NO CONTROLS,,DRY,NOT AT INTERSECTION,"TWO-WAY, NOT DIVIDED",NO,NO,,NON INTERSECTION,,,,,,,EASTBOUND,,NORTHBOUND,,,,,,NONE,,,PAN,MA,LIGHT TRUCK,,,,TRAVELING STRAIGHT AHEAD,2000,,SIENNA,TOYOTA,1,,COLLISION WITH PEDESTRIAN,,,,,,,,EASTBOUND,,,,,,,,,,,FAILED TO YIELD THE RIGHT OF WAY,,,,,,,UNKNOWN,,,,,,,,,,,,,,,,,,,,,,,,,,,,,,,,,,,,,,,,,,,,,OPERATOR/DRIVER,,MASSACHUSETTS,"D, CLASS D VEHICLES",,,,,,,,MALE,,,,Y,WITNESS,,MASSACHUSETTS,"D, CLASS D VEHICLES",,,,,,,,FEMALE,,,,
8/13/16 23:15,Saturday,PASSENGER CAR,PASSENGER CAR,,MASSACHUSETTS AVE,HOLLIS ST,,"MASSACHUSETTS AVE &amp; HOLLIS ST
Cambridge, MA
(42.36679362800004, -71.10600609899996)",,,REAR-END,ROADWAY,COLLISION WITH MOTOR VEHICLE IN TRAFFIC,DARK - LIGHTED ROADWAY,RAIN,,TRAFFIC CONTROL SIGNAL,YES,WET,FOUR WAY INTERSECTION,"TWO-WAY, DIVIDED, POSITIVE MEDIAN BARRIER",NO,NO,30,INTERSECTION,MASSACHUSETTS AVE,EASTBOUND,HOLLIS ST,NORTHBOUND,,,,,,,,,,,NONE,,,PAN,MA,PASSENGER CAR,,,Y,SLOWING OR STOPPED IN TRAFFIC,2016,COLLISION WITH MOTOR VEHICLE IN TRAFFIC,ACCORD,HONDA,3,,COLLISION WITH MOTOR VEHICLE IN TRAFFIC,,,,REAR CENTER,,,,,,,,,,,,,,,,,,,,,,,,,PAN,MA,PASSENGER CAR,,,Y,SLOWING OR STOPPED IN TRAFFIC,1997,COLLISION WITH MOTOR VEHICLE IN TRAFFIC,AVALON,TOYOTA,2,,COLLISION WITH MOTOR VEHICLE IN TRAFFIC,,,,,,,,,,,,,,,,,,,,,,,,,,,,,OPERATOR/DRIVER,NO INJURY,MASSACHUSETTS,"D, CLASS D VEHICLES",,,,,,,,MALE,"FRONT SEAT - LEFT SIDE, OR MOTORCYLE DRIVER",UNKNOWN,,Y,OCCUPANT/PASSENGER,,,,,,,,,,,FEMALE,SECOND SEAT - LEFT SIDE OR MOTORCYLCE PASSENGER,,,
5/25/16 13:00,Wednesday,PASSENGER CAR,PASSENGER CAR,,CAMBRIDGEPARK DRIVE,,,"CAMBRIDGEPARK DRIVE
Cambridge, MA
(42.39467539900005, -71.14456117199995)",,,ANGLE,UNKNOWN,COLLISION WITH PARKED MOTOR VEHICLE,UNKNOWN,UNKNOWN,,NO CONTROLS,,UNKNOWN,NOT AT INTERSECTION,,NO,NO,,NON INTERSECTION,,,,,,,,,,,,,,,UNKNOWN,,,PAN,MA,PASSENGER CAR,,,Y,PARKED,2014,,VOLT,CHEVY,,,COLLISION WITH PARKED MOTOR VEHICLE,,,,RIGHT SIDE,,,,,,,,,,,,,,,,,,,,,,,,,PAN,MA,PASSENGER CAR,,,Y,BACKING,2002,,V70,VOLVO,,,COLLISION WITH PARKED MOTOR VEHICLE,,,,LEFT REAR,,,,,,,,,,,,,,,UNKNOWN,,,,,,,,,,UNINVOLVED OWNER,,,,,,,,,,,FEMALE,,,,Y,UNINVOLVED OWNER,,,,,,,,,,,FEMALE,,,,Y
8/8/16 12:10,Monday,PASSENGER CAR,LIGHT TRUCK,,WARE ST,,HARVARD ST,"WARE ST
Cambridge, MA
(42.37284187700004, -71.11294105599995)",,,"SIDESWIPE, SAME DIRECTION",ROADWAY,COLLISION WITH PARKED MOTOR VEHICLE,DAYLIGHT,CLEAR,,STOP SIGNS,,DRY,NOT AT INTERSECTION,"TWO-WAY, NOT DIVIDED",NO,NO,,NON INTERSECTION,,,,,,,,,,,,,,,,,,PAR,MA,PASSENGER CAR,,,,PARKED,2014,COLLISION WITH MOTOR VEHICLE IN TRAFFIC,JETTA,VOLK,0,,COLLISION WITH MOTOR VEHICLE IN TRAFFIC,,,,RIGHT FRONT,CENTER FRONT,LEFT FRONT,,,,,,,,,,,,,,,,,,,,,,,CON,MA,LIGHT TRUCK,,,,TURNING RIGHT,2015,,F350,FORD,,,COLLISION WITH PARKED MOTOR VEHICLE,,,,,,,,SOUTHBOUND,,DUMP,"10,001 - 26000 POUNDS",,,TRL,C37013,MASSACHUSETTS,2014,OTHER,,,Y,Y,,,,,,,UNINVOLVED OWNER,,,,,,,,,,,FEMALE,,,,Y,OPERATOR/DRIVER,NO INJURY,NEW HAMPSHIRE,,,,,,,,,MALE,"FRONT SEAT - LEFT SIDE, OR MOTORCYLE DRIVER",UNKNOWN,NOT TRAPPED,
9/30/16 10:40,Friday,PASSENGER CAR,,100,CAMBRIDGESIDE PL,,,"100 CAMBRIDGESIDE PL
Cambridge, MA
(42.36702668500004, -71.07601567499995)",,,ANGLE,OUTSIDE ROADWAY,COLLISION WITH MOTOR VEHICLE IN TRAFFIC,DAYLIGHT,CLOUDY,,NO CONTROLS,,DRY,NOT AT INTERSECTION,"TWO-WAY, NOT DIVIDED",NO,NO,,NON INTERSECTION,,,,,,,,,,,,GALLERIA MALL PARKING GARAGE,,,,,,PAN,MA,PASSENGER CAR,,,,OTHER,2015,COLLISION WITH MOTOR VEHICLE IN TRAFFIC,200,CHRY,1,,COLLISION WITH MOTOR VEHICLE IN TRAFFIC,,,,LEFT SIDE,,,,,,,,,,,,,,,,,,,,,,,,,PAN,OT,,,,Y,BACKING,,COLLISION WITH MOTOR VEHICLE IN TRAFFIC,,TOYT,,,COLLISION WITH MOTOR VEHICLE IN TRAFFIC,,,,UNKNOWN,,,,,,,,,,,,,,,OTHER IMPROPER ACTION,,,,,,,,,,OPERATOR/DRIVER,NO INJURY,MASSACHUSETTS,,,,,,,,,MALE,"FRONT SEAT - LEFT SIDE, OR MOTORCYLE DRIVER",UNKNOWN,NOT TRAPPED,Y,,,,,,,,,,,,,,,,
3/13/16 19:13,Sunday,PASSENGER CAR,PASSENGER CAR,,OPPOSITE OF 113 ELM STREET,,HANCOCK/ELM STREET,"OPPOSITE OF 113 ELM STREET
Cambridge, MA
(42.36980648300005, -71.09729948699999)",,,SINGLE VEHICLE CRASH,ROADWAY,COLLISION WITH CURB,DAYLIGHT,CLEAR,,NO CONTROLS,,DRY,NOT AT INTERSECTION,"TWO-WAY, DIVIDED, UNPROTECTED MEDIAN",NO,NO,,NON INTERSECTION,,,,,,,NORTHBOUND,,NORTHBOUND,8' FT,WESTBOUND,PORTER SQUARE MALL PARKING LOT,,,NONE,MUNICIPAL,HEAVY STEEL TRASH BARREL,PAN,MA,PASSENGER CAR,,,Y,TRAVELING STRAIGHT AHEAD,2012,COLLISION WITH OTHER MOVABLE OBJECT,ACCORD,HONDA,1,,CROSS MEDIAN/CENTERLINE,COLLISION WITH CURB,COLLISION WITH TREE,COLLISION WITH OTHER MOVABLE OBJECT,RIGHT SIDE,CENTER FRONT,LEFT FRONT,Y,NORTHBOUND,,,,,,,,,,,"OPERATING VEHICLE IN ERRATIC, RECKLESS, CARELESS,",FAILURE TO KEEP IN PROPER LANE OR RUNNING OFF ROAD,,,,,,UNKNOWN,,YES VEHICLE OR TRAILER DISABLED,PAN,MA,PASSENGER CAR,,,,PARKED,2013,COLLISION WITH OTHER MOVABLE OBJECT,FUSION,FORD,0,,COLLISION WITH OTHER MOVABLE OBJECT,,,,RIGHT FRONT,,,,,,,,,,,,,,,NO IMPROPER DRIVING,,,,,,,,,NO,OPERATOR/DRIVER,NO INJURY,MASSACHUSETTS,"D, CLASS D VEHICLES",,,,,,,,MALE,"FRONT SEAT - LEFT SIDE, OR MOTORCYLE DRIVER",UNKNOWN,NOT TRAPPED,Y,UNINVOLVED OWNER,NO INJURY,MASSACHUSETTS,"D, CLASS D VEHICLES",,,,,,,,MALE,,,,Y
7/1/16 19:45,Friday,PASSENGER CAR,PASSENGER CAR,1552,CAMBRIDGE ST,,,"1552 CAMBRIDGE ST
Cambridge, MA
(42.374452301000076, -71.10661326699994)",,,"SIDESWIPE, OPPOSITE DIRECTION",ROADWAY,COLLISION WITH MOTOR VEHICLE IN TRAFFIC,DAYLIGHT,CLOUDY,,NO CONTROLS,,DRY,NOT AT INTERSECTION,"TWO-WAY, NOT DIVIDED",NO,NO,,NON INTERSECTION,,,,,,,EASTBOUND,,,,,,,,,,,PAN,MA,PASSENGER CAR,,,,BACKING,2016,COLLISION WITH MOTOR VEHICLE IN TRAFFIC,GLC300,MERZ,1,,COLLISION WITH MOTOR VEHICLE IN TRAFFIC,,,,RIGHT REAR,REAR CENTER,LEFT REAR,Y,NORTHBOUND,,,,,,,,,,,UNKNOWN,,,,,,,UNKNOWN,,YES VEHICLE OR TRAILER DISABLED,CON,MA,PASSENGER CAR,,,,TRAVELING STRAIGHT AHEAD,2014,COLLISION WITH MOTOR VEHICLE IN TRAFFIC,F250,FORD,1,,COLLISION WITH MOTOR VEHICLE IN TRAFFIC,,,,RIGHT SIDE,RIGHT REAR,,,EASTBOUND,,,,,,,,,,,NO IMPROPER DRIVING,NO IMPROPER DRIVING,,,,,,NOT DISTRACTED,,NO,OPERATOR/DRIVER,NO INJURY,MASSACHUSETTS,,,,,,,,,FEMALE,"FRONT SEAT - LEFT SIDE, OR MOTORCYLE DRIVER",SHOULDER AND LAP BELT USED,NOT TRAPPED,Y,OPERATOR/DRIVER,NO INJURY,MASSACHUSETTS,,,,,,,,,MALE,"FRONT SEAT - LEFT SIDE, OR MOTORCYLE DRIVER",SHOULDER AND LAP BELT USED,NOT TRAPPED,
9/7/16 13:29,Wednesday,LIGHT TRUCK,PASSENGER CAR,,HOLDEN ST,,SCOTT ST,"HOLDEN ST
Cambridge, MA
(42.37886498000006, -71.10857065099998)",,,REAR-END,ROADWAY,,DAYLIGHT,CLEAR,,NO CONTROLS,,DRY,NOT AT INTERSECTION,"ONE-WAY, NOT DIVIDED",,,,NON INTERSECTION,,,,,,,NORTHBOUND,,EASTBOUND,,,,,,NONE,,,PAN,MA,LIGHT TRUCK,,,,BACKING,2010,COLLISION WITH MOTOR VEHICLE IN TRAFFIC,VAN,FORD,1,,COLLISION WITH MOTOR VEHICLE IN TRAFFIC,,,,REAR CENTER,,,,NORTHBOUND,,,,,,,,,,,INATTENTION,,,,,,,UNKNOWN,,,TAN,MA,PASSENGER CAR,,,,SLOWING OR STOPPED IN TRAFFIC,2008,COLLISION WITH MOTOR VEHICLE IN TRAFFIC,CRO VIC,FORD,1,,COLLISION WITH MOTOR VEHICLE IN TRAFFIC,,,,CENTER FRONT,,,,NORTHBOUND,,,,,,,,,,,NO IMPROPER DRIVING,,,,,,,NOT DISTRACTED,,,UNINVOLVED OWNER,,,,,,,,,,,UNKNOWN,,,,Y,OPERATOR/DRIVER,NO INJURY,MASSACHUSETTS,"D, CLASS D VEHICLES",,,,,,,,MALE,"FRONT SEAT - LEFT SIDE, OR MOTORCYLE DRIVER",SHOULDER AND LAP BELT USED,NOT TRAPPED,