Date Time,Day of Week,Object 1,Object 2,Street Number,Street Name,Cross Street,Near Street,Location,May involve cyclist,May Involve Pedestrian,Manner of Collision,First Harmful Event Location,First Harmful Event,Ambient Light,Weather Condition 1,Weather Condition 2,Traffic Control Device Type,Traffic Control Device Functionality,Road Surface Condition,Roadway Junction Type,Trafficway Description,School Bus Related,Work Zone,Speed Limit,Street or Intersection,Intersection Name 1,Intersection Direction 1,Intersection Name 2,Intersection Direction 2,Intersection Name 3,Intersection Direction 3,Street Direction,Nearest Intersection Distance,Nearest Intersection Direction,Landmark Distance,Landmark Direction,Landmark,Mile Marker Direction,Non Public Area,Road Contributing,Damaged Property Type,Description of Damaged Property,V1 Registration Type,v1 State Code,V1 Configuration,V1 Emergency Response,V1 Moped,V1 Hit and Run,V1 Action Prior to Crash,V1 Model Year,V1 Most Harmful Event,V1 Model,V1 Make,V1 Occupant Count,V1 Underride Override,V1 First Event,V1 Second Event,V1 Third Event,V1 Fourth Event,V1 Most Damaged Area,V1 Second Damaged Area,V1 Third Damaged Area,V1 Towed,V1 Travel Direction,V1 Interstate,V1 Cargo Body Type,V1 Gross Weight,V1 Haz Placard,V1 Haz Release,V1 Trailer Reg Type,V1 Trailer Reg Plate,V1 Trailer Reg State,V1 Trailer Reg Year,V1 Trailer Len,V1 Driver Contribution,V1 Driver Contribution 2,V1 Is Truck,V1 Has Trailer,V1 Is Bus,V1 Is Hazmat,V1 Reg Year,V1 Driver Distracted,V1 Bus Use,V1 Tow Use,V2 Registration Type,V2 State Code,V2 Configuration,V2 Emergency Response,V2 Moped,V2 Hit and Run,V2 Action Prior to Crash,V2 Model Year,V2 Most Harmful Event,V2 Model,V2 Make,V2 Occupant Count,V2 Underride Override,V2 First Event,V2 Second Event,V2 Third Event,V2 Fourth Event,V2 Most Damaged Area,V2 Second Damaged Area,V2 Third Damaged Area,V2 Towed,V2 Travel Direction,V2 Interstate,V2 Cargo Body Type,V2 Gross Weight,V2 Haz Placard,V2 Haz Release,V2 Trailer Reg Type,V2 Trailer Reg Plate,V2 Trailer Reg State,V2 Trailer Reg Year,V2 Trailer Len,V2 Driver Contribution,V2 Driver Contribution 2,V2 Is Truck,V2 Has Trailer,V2 Is Bus,V2 Is Hazmat,V2 Reg Year,V2 Driver Distracted,V2 Bus Use,V2 Tow Use,P1 Role,P1 Injury,P1 Drivers Lic State,P1 Drivers Lic Class 1,P1 Drivers Lic Class 2,P1 Drivers Lic Restrict,P1 Non Motorist Desc,P1 Non Motorist Action,P1 Non Motorist Location,P1 Safety Equipment,P1 Age,P1 Sex,P1 Seat Position,P1 Safety System,P1 Trapped,P1 Veh Owner,P2 Role,P2 Injury,P2 Drivers Lic State,P2 Drivers Lic Class 1,P2 Drivers Lic Class 2,P2 Drivers Lic Restrict,P2 Non Motorist Desc,P2 Non Motorist Action,P2 Non Motorist Location,P2 Safety Equipment,P2 Age,P2 Sex,P2 Seat Position,P2 Safety System,P2 Trapped,P2 Veh Owner
8/9/16 18:31,Tuesday,PASSENGER CAR,LIGHT TRUCK,2,FLAGG STREET,,,"2 FLAGG STREET
Cambridge, MA
(42.36769705800003, -71.11365179999996)",,,,,,UNKNOWN,UNKNOWN,,NO CONTROLS,,UNKNOWN,,,,,,NON INTERSECTION,,,,,,,,,,,,,,,,,,PASSENGER,NY,PASSENGER CAR,,,Y,PARKED,2005,,SUBN,ACURA,0,,COLLISION WITH MOTOR VEHICLE IN TRAFFIC,,,,RIGHT FRONT,,,,,,,,,,,,,,,,,,,,,,,,,CON,MA,LIGHT TRUCK,,,Y,UNKNOWN,,,,,,,COLLISION WITH PARKED MOTOR VEHICLE,,,,,,,,,,,,,,,,,,,,,,,,,,,,,UNINVOLVED OWNER,,,,,,,,,,,MALE,,,,Y,UNINVOLVED OWNER,,,,,,,,,,,UNKNOWN,,,,Y
8/15/16 8:00,Monday,TRUCK TRAILER,,270,ALBANY ST,,,"270 ALBANY ST
Cambridge, MA
(42.35787374900008, -71.10229729499997)",1,,"SIDESWIPE, SAME DIRECTION",SHOULDER - PAVED,COLLISION WITH PEDALCYCLE,DAYLIGHT,CLEAR,CLEAR,NO CONTROLS,,DRY,NOT AT INTERSECTION,"TWO-WAY, NOT DIVIDED",NO,NO,,NON INTERSECTION,,,,,,,,,,,,,,,NONE,OTHER,MAIELLA'S BICYCLE TAKEN FOR SAFEKEEPING,PASS,NH,TRUCK TRAILER,,,,TURNING RIGHT,2006,COLLISION WITH PEDALCYCLE,238 VAN,HINO,1,,COLLISION WITH PEDALCYCLE,,,,,,,,UNKNOWN,,,,,,,,,,,UNKNOWN,,,,,,,UNKNOWN,,,,,,,,,,,,,,,,,,,,,,,,,,,,,,,,,,,,,,,,,,,,,OPERATOR/DRIVER,NO INJURY,NEW HAMPSHIRE,,,,,,,,,MALE,"FRONT SEAT - LEFT SIDE, OR MOTORCYLE DRIVER",UNKNOWN,NOT TRAPPED,,NON-MOTORIST,NON FATAL INJURY - POSSIBLE,MASSACHUSETTS,"D, CLASS D VEHICLES",,NONE,CYCLIST,"WALKING, RUNNING OR CYCLING",SHOULDER,UNKNOWN,,MALE,,,,
5/5/16 10:20,Thursday,BUS SEATS MORE THAN 15 PEOPLE,PASSENGER CAR,,BENT ST,,SECOND ST,"BENT ST
Cambridge, MA
(42.36733549100006, -71.08393042699998)",,,"SIDESWIPE, SAME DIRECTION",ROADWAY,COLLISION WITH PARKED MOTOR VEHICLE,DAYLIGHT,CLOUDY,RAIN,NO CONTROLS,,WET,FOUR WAY INTERSECTION,"TWO-WAY, NOT DIVIDED",NO,NO,,NON INTERSECTION,,,,,,,,,,,,,,,,,,APN,MA,BUS SEATS MORE THAN 15 PEOPLE,,,,LEAVING TRAFFIC LANE,2013,COLLISION WITH PARKED MOTOR VEHICLE,J4500,MCI,1,,COLLISION WITH PARKED MOTOR VEHICLE,,,,RIGHT REAR,,,Y,EASTBOUND,UNKNOWN,BUS SEATS MORE THAN 15 PEOPLE,"MORE THAN 26,000 POUNDS",,,,,,,,UNKNOWN,,,,Y,,,,CHARTER/TOUR,NO,PAN,MA,PASSENGER CAR,,,,PARKED,2005,COLLISION WITH MOTOR VEHICLE IN TRAFFIC,PRIUS,TOYT,1,,COLLISION WITH MOTOR VEHICLE IN TRAFFIC,,,,LEFT SIDE,,,,,,,,,,,,,,,UNKNOWN,,,,,,,,,,OPERATOR/DRIVER,NO INJURY,MASSACHUSETTS,"B, CLASS B VEHICLES",,,,,,,,MALE,"FRONT SEAT - LEFT SIDE, OR MOTORCYLE DRIVER",UNKNOWN,NOT TRAPPED,,UNINVOLVED OWNER,,,,,,,,,,,UNKNOWN,,,,Y
9/6/16 6:34,Tuesday,LIGHT TRUCK,,125,BINNEY ST,,SECOND ST,"125 BINNEY ST
Cambridge, MA
(42.36554645800004, -71.08079669499995)",,,"SIDESWIPE, SAME DIRECTION",ROADWAY,COLLISION WITH PARKED MOTOR VEHICLE,DAYLIGHT,"SLEET, HAIL, FREEZING RAIN OR DRIZZLE",,NO CONTROLS,,WET,NOT AT INTERSECTION,"TWO-WAY, NOT DIVIDED",NO,NO,35,NON INTERSECTION,,,,,,,WESTBOUND,,NORTHBOUND,,,,,,NONE,,,PAN,MA,LIGHT TRUCK,,,,PARKED,2013,COLLISION WITH MOTOR VEHICLE IN TRAFFIC,SILVERADO,CHEVY,1,,COLLISION WITH MOTOR VEHICLE IN TRAFFIC,,,,LEFT SIDE,,,,,,,,,,,,,,,NO IMPROPER DRIVING,,,,,,,NOT DISTRACTED,,,,,,,,,,,,,,,,,,,,,,,,,,,,,,,,,,,,,,,,,,,,,OPERATOR/DRIVER,,MASSACHUSETTS,,,,,,,,,MALE,,,,Y,,,,,,,,,,,,,,,,
8/28/16 21:26,Sunday,PASSENGER CAR,,,MASSACHUSETTS AVE,VASSAR ST.,,"MASSACHUSETTS AVE &amp; VASSAR ST.
Cambridge, MA
(42.36679362800004, -71.10600609899996)",,,"SIDESWIPE, SAME DIRECTION",ROADWAY,COLLISION WITH MOTOR VEHICLE IN TRAFFIC,DARK - LIGHTED ROADWAY,CLEAR,CLEAR,,YES,DRY,FOUR WAY INTERSECTION,,NO,YES,,INTERSECTION,MASSACHUSETTS AVE,WESTBOUND,VASSAR ST.,NORTHBOUND,,,,,,,,,,,WORK ZONE,,,PAN,MA,PASSENGER CAR,,,Y,TRAVELING STRAIGHT AHEAD,2003,COLLISION WITH MOTOR VEHICLE IN TRAFFIC,TAURUS,FORD,1,,COLLISION WITH MOTOR VEHICLE IN TRAFFIC,COLLISION WITH MOTOR VEHICLE IN TRAFFIC,COLLISION WITH MOTOR VEHICLE IN TRAFFIC,COLLISION WITH MOTOR VEHICLE IN TRAFFIC,RIGHT SIDE,,,,EASTBOUND,,,,,,,,,,,NO IMPROPER DRIVING,NO IMPROPER DRIVING,,,,,,NOT DISTRACTED,,,,,,,,,,,,,,,,,,,,,,,,,,,,,,,,,,,,,,,,,,,,,OPERATOR/DRIVER,,MASSACHUSETTS,"D, CLASS D VEHICLES",,,,,,,,FEMALE,"FRONT SEAT - LEFT SIDE, OR MOTORCYLE DRIVER",UNKNOWN,NOT TRAPPED,Y,,,,,,,,,,,,,,,,
10/29/16 9:53,Saturday,LIGHT TRUCK,PASSENGER CAR,,BRATTLE ST,LEXINGTON ST,,"BRATTLE ST &amp; LEXINGTON ST
Cambridge, MA
(42.36679362800004, -71.10600609899996)",,,REAR-END,ROADWAY,COLLISION WITH MOTOR VEHICLE IN TRAFFIC,DAYLIGHT,CLOUDY,CLOUDY,NO CONTROLS,NO,WET,T-INTERSECTION,"TWO-WAY, NOT DIVIDED",NO,NO,,INTERSECTION,BRATTLE ST,EASTBOUND,LEXINGTON ST,EASTBOUND,,,,,,,,,,,UNKNOWN,,,PAN,MA,LIGHT TRUCK,,,,SLOWING OR STOPPED IN TRAFFIC,,COLLISION WITH MOTOR VEHICLE IN TRAFFIC,XTERRA,NISSAN,1,,COLLISION WITH MOTOR VEHICLE IN TRAFFIC,COLLISION WITH MOTOR VEHICLE IN TRAFFIC,COLLISION WITH MOTOR VEHICLE IN TRAFFIC,COLLISION WITH MOTOR VEHICLE IN TRAFFIC,RIGHT REAR,REAR CENTER,,,EASTBOUND,,,,,,,,,,,UNKNOWN,UNKNOWN,,,,,,UNKNOWN,,,PAN,MA,PASSENGER CAR,,,,TRAVELING STRAIGHT AHEAD,2009,COLLISION WITH MOTOR VEHICLE IN TRAFFIC,,LEXUS,1,,COLLISION WITH MOTOR VEHICLE IN TRAFFIC,COLLISION WITH MOTOR VEHICLE IN TRAFFIC,COLLISION WITH MOTOR VEHICLE IN TRAFFIC,COLLISION WITH MOTOR VEHICLE IN TRAFFIC,CENTER FRONT,RIGHT FRONT,LEFT FRONT,Y,EASTBOUND,,,,,,,,,,,UNKNOWN,UNKNOWN,,,,,,UNKNOWN,,YES VEHICLE OR TRAILER DISABLED,WITNESS,,,,,,,,,,,MALE,,,,,OPERATOR/DRIVER,,MASSACHUSETTS,,,,,,,,,MALE,,,,Y
7/12/16 8:45,Tuesday,PASSENGER CAR,,,MASS AVE,STATE ST,,"MASS AVE &amp; STATE ST
Cambridge, MA
(42.36679362800004, -71.10600609899996)",1,,ANGLE,ROADWAY,COLLISION WITH PEDALCYCLE,DAYLIGHT,CLEAR,,NO CONTROLS,,DRY,UNKNOWN,"TWO-WAY, NOT DIVIDED",NO,NO,,INTERSECTION,MASS AVE,,STATE ST,,,,,,,,,,,,,,,PAN,MA,PASSENGER CAR,,,,TURNING LEFT,1995,COLLISION WITH PEDALCYCLE,E320,MERZ,2,,COLLISION WITH PEDALCYCLE,,,,CENTER FRONT,,,Y,NORTHBOUND,,,,,,,,,,,FAILED TO YIELD THE RIGHT OF WAY,,,,,,,,,NO,,,,,,,,,,,,,,,,,,,,,,,,,,,,,,,,,,,,,,,,,,,OPERATOR/DRIVER,NO INJURY,MASSACHUSETTS,,,,,,,,,MALE,"FRONT SEAT - LEFT SIDE, OR MOTORCYLE DRIVER",UNKNOWN,NOT TRAPPED,,OCCUPANT/PASSENGER,NO INJURY,MASSACHUSETTS,,,,,,,,,FEMALE,FRONT SEAT - RIGHT SIDE,UNKNOWN,NOT TRAPPED,
7/13/16 15:15,Wednesday,LIGHT TRUCK,LIGHT TRUCK,,ABERDEEN AV,HURON AV,,"ABERDEEN AV &amp; HURON AV
Cambridge, MA
(42.36679362800004, -71.10600609899996)",,,ANGLE,ROADWAY,COLLISION WITH MOTOR VEHICLE IN TRAFFIC,DAYLIGHT,CLEAR,,TRAFFIC CONTROL SIGNAL,YES,DRY,T-INTERSECTION,"TWO-WAY, DIVIDED, UNPROTECTED MEDIAN",NO,NO,30,INTERSECTION,ABERDEEN AV,NORTHBOUND,HURON AV,EASTBOUND,,,,,,,,,,,NONE,,,PAN,MA,LIGHT TRUCK,,,,TURNING LEFT,2016,COLLISION WITH MOTOR VEHICLE IN TRAFFIC,CHEROKEE,JEEP,3,,COLLISION WITH MOTOR VEHICLE IN TRAFFIC,,,,LEFT FRONT,LEFT SIDE,LEFT REAR,Y,NORTHBOUND,,,,,,,,,,,UNKNOWN,,,,,,,NOT DISTRACTED,,YES VEHICLE OR TRAILER DISABLED,PAN,MA,LIGHT TRUCK,,,,TRAVELING STRAIGHT AHEAD,2014,COLLISION WITH MOTOR VEHICLE IN TRAFFIC,RAV4,TOYOTA,1,,COLLISION WITH MOTOR VEHICLE IN TRAFFIC,,,,RIGHT FRONT,CENTER FRONT,LEFT FRONT,Y,EASTBOUND,,,,,,,,,,,UNKNOWN,,,,,,,NOT DISTRACTED,,YES VEHICLE OR TRAILER DISABLED,OPERATOR/DRIVER,NON FATAL INJURY - POSSIBLE,MASSACHUSETTS,"D, CLASS D VEHICLES",,,,,,,,FEMALE,"FRONT SEAT - LEFT SIDE, OR MOTORCYLE DRIVER",SHOULDER AND LAP BELT USED,NOT TRAPPED,Y,OCCUPANT/PASSENGER,NON FATAL INJURY - POSSIBLE,,,,,,,,,,MALE,SECOND SEAT - LEFT SIDE OR MOTORCYLCE PASSENGER,CHILD SAFETY SEAT USED,NOT TRAPPED,
7/26/16 12:40,Tuesday,,,,PLEASANT ST.,WESTERN AVE,,"PLEASANT ST. &amp; WESTERN AVE
Cambridge, MA
(42.36679362800004, -71.10600609899996)",1,,"SIDESWIPE, SAME DIRECTION",ROADWAY,COLLISION WITH PEDALCYCLE,DAYLIGHT,CLEAR,CLEAR,NO CONTROLS,,DRY,Y-INTERSECTION,"ONE-WAY, NOT DIVIDED",NO,NO,,INTERSECTION,PLEASANT ST.,EASTBOUND,WESTERN AVE,EASTBOUND,,,,,,,,,,,UNKNOWN,,,,,,,,,,,,,,,,,,,,,,,,,,,,,,,,,,,,,,,,,,,,,,,,,,,,,,,,,,,,,,,,,,,,,,,,,,,,,,,,,,,,,,,NON-MOTORIST,NON FATAL INJURY - NON INCAPACITATING,MASSACHUSETTS,,,,CYCLIST,"WALKING, RUNNING OR CYCLING",MARKED CROSSWALK AT INTERSECTION,UNKNOWN,52,FEMALE,,,,,WITNESS,,MASSACHUSETTS,"D, CLASS D VEHICLES",,,,,,,83,MALE,,,,
6/22/16 20:04,Wednesday,PASSENGER CAR,,61,FAIRMONT STREET,,,"61 FAIRMONT STREET
Cambridge, MA
(42.36243501200005, -71.11194271999994)",,,"SIDESWIPE, SAME DIRECTION",,,DAYLIGHT,CLEAR,,NO CONTROLS,,DRY,NOT AT INTERSECTION,UNKNOWN,NO,NO,,NON INTERSECTION,,,,,,,NORTHBOUND,,,,,,,,NONE,,,PAN,MA,PASSENGER CAR,,,,PARKED,2009,,CIVIC,HONDA,0,,COLLISION WITH MOTOR VEHICLE IN TRAFFIC,,,,LEFT SIDE,LEFT FRONT,,,,,,,,,,,,,,,,,,,,,,,,PAN,MA,,,,Y,TRAVELING STRAIGHT AHEAD,0,,UNKNOWN,UNKNOWN,1,,COLLISION WITH PARKED MOTOR VEHICLE,,,,,,,,NORTHBOUND,,,,,,,,,,,,,,,,,,UNKNOWN,,,UNINVOLVED OWNER,,MASSACHUSETTS,"D, CLASS D VEHICLES",,NONE,,,,,,FEMALE,,,,,OPERATOR/DRIVER,,,"D, CLASS D VEHICLES",,,,,,,,UNKNOWN,,,,
9/30/16 2:35,Friday,LIGHT TRUCK,LIGHT TRUCK,,MOUNT AUBURN STREET,DE WOLFE STREET,,"MOUNT AUBURN STREET &amp; DE WOLFE STREET
Cambridge, MA
(42.36679362800004, -71.10600609899996)",,,ANGLE,ROADWAY,COLLISION WITH MOTOR VEHICLE IN TRAFFIC,DARK - ROADWAY NOT LIGHTED,CLEAR,,TRAFFIC CONTROL SIGNAL,NO,DRY,FOUR WAY INTERSECTION,"ONE-WAY, NOT DIVIDED",NO,NO,30,INTERSECTION,MOUNT AUBURN STREET,EASTBOUND,DE WOLFE STREET,SOUTHBOUND,,,,,,,,,,,TRAFFIC CONTROL DEVICE,,,PAS,NY,LIGHT TRUCK,,,,TRAVELING STRAIGHT AHEAD,2004,COLLISION WITH MOTOR VEHICLE IN TRAFFIC,ODYSSEY,HONDA,1,,COLLISION WITH MOTOR VEHICLE IN TRAFFIC,,,,RIGHT SIDE,RIGHT FRONT,,Y,SOUTHBOUND,,,,,,,,,,,"DISREGARDED TRAFFIC SIGNS, SIGNALS, ROAD MARKINGS",FAILED TO YIELD THE RIGHT OF WAY,,,,,,UNKNOWN,,,MVN,MA,LIGHT TRUCK,,,,TRAVELING STRAIGHT AHEAD,2016,,EXPLORER,FORD,2,,COLLISION WITH MOTOR VEHICLE IN TRAFFIC,,,,LEFT FRONT,,,,,,,,,,,,,,,NO IMPROPER DRIVING,,,,,,,,,,OPERATOR/DRIVER,NO INJURY,DISTRICT OF COLUMBIA,,,,,,,,,MALE,"FRONT SEAT - LEFT SIDE, OR MOTORCYLE DRIVER",SHOULDER AND LAP BELT USED,NOT TRAPPED,,OPERATOR/DRIVER,NON FATAL INJURY - NON INCAPACITATING,MASSACHUSETTS,,,,,,,,,MALE,"FRONT SEAT - LEFT SIDE, OR MOTORCYLE DRIVER",SHOULDER AND LAP BELT USED,NOT TRAPPED,
9/13/16 16:20,Tuesday,PASSENGER CAR,LIGHT TRUCK,325,HARVARD STREET,,,"325 HARVARD STREET
Cambridge, MA
(42.37039624300007, -71.10804337699994)",,,UNKNOWN,,,DAYLIGHT,CLEAR,,NO CONTROLS,,DRY,NOT AT INTERSECTION,"TWO-WAY, NOT DIVIDED",NO,NO,,NON INTERSECTION,,,,,,,NORTHBOUND,,,,,,,,NONE,,,PAN,MA,PASSENGER CAR,,,,PARKED,2005,,RSX,ACURA,0,,COLLISION WITH MOTOR VEHICLE IN TRAFFIC,,,,LEFT FRONT,,,,,,,,,,,,,,,,,,,,,,,,,CON,MA,LIGHT TRUCK,,,Y,UNKNOWN,2006,,VAN,FORD,1,,COLLISION WITH PARKED MOTOR VEHICLE,,,,,,,,UNKNOWN,,,,,,,,,,,UNKNOWN,,,,,,,UNKNOWN,,,UNINVOLVED OWNER,,MASSACHUSETTS,"D, CLASS D VEHICLES",,,,,,,,MALE,,,,,OPERATOR/DRIVER,,MASSACHUSETTS,"D, CLASS D VEHICLES",,,,,,,,MALE,,,,
8/20/16 19:50,Saturday,,,13,WALDEN SQUARE ROAD,,,"13 WALDEN SQUARE ROAD
Cambridge, MA
(42.38959258400007, -71.13048339699998)",,,REAR-END,ROADWAY,COLLISION WITH MOTOR VEHICLE IN TRAFFIC,DAYLIGHT,CLEAR,,NO CONTROLS,,,NOT AT INTERSECTION,,,,,NON INTERSECTION,,,,,,,,,,,,,,,NONE,,,PAN,MA,,,,Y,BACKING,2006,COLLISION WITH MOTOR VEHICLE IN TRAFFIC,ACCORD,HONDA,1,,COLLISION WITH MOTOR VEHICLE IN TRAFFIC,,,,CENTER FRONT,LEFT FRONT,,,,,,,,,,,,,,NO IMPROPER DRIVING,,,,,,,,,,,,,,,,,,,,,,,,,,,,,,,,,,,,,,,,,,,,,,,,,,,,OPERATOR/DRIVER,NO INJURY,MASSACHUSETTS,"D, CLASS D VEHICLES",,,,,,,,MALE,"FRONT SEAT - LEFT SIDE, OR MOTORCYLE DRIVER",,,,UNINVOLVED OWNER,,MASSACHUSETTS,"D, CLASS D VEHICLES",,,,,,,,FEMALE,,,,Y
8/19/16 2:44,Friday,LIGHT TRUCK,LIGHT TRUCK,80,HAMPSHIRE ST,,,"80 HAMPSHIRE ST
Cambridge, MA
(42.368156088000035, -71.09408960699994)",,,"SIDESWIPE, OPPOSITE DIRECTION",ROADWAY,COLLISION WITH PARKED MOTOR VEHICLE,DARK - LIGHTED ROADWAY,CLEAR,,NO CONTROLS,,DRY,NOT AT INTERSECTION,"TWO-WAY, NOT DIVIDED",NO,NO,30,NON INTERSECTION,,,,,,,EASTBOUND,,,,,,,,NONE,,,PAN,MA,LIGHT TRUCK,,,,OTHER,2014,COLLISION WITH PARKED MOTOR VEHICLE,WRANGLER,JEEP,2,,COLLISION WITH PARKED MOTOR VEHICLE,,,,LEFT FRONT,CENTER FRONT,,Y,EASTBOUND,,,,,,,,,,,DISTRACTED,WRONG SIDE OR WRONG WAY,,,,,,PASSENGER,,YES OTHER REASON NOT DISABLED,PAN,MA,LIGHT TRUCK,,,,PARKED,2008,COLLISION WITH MOTOR VEHICLE IN TRAFFIC,GRAND CHEROKEE,JEEP,0,,COLLISION WITH MOTOR VEHICLE IN TRAFFIC,,,,LEFT FRONT,LEFT SIDE,,,,,,,,,,,,,,,,,,,,,,,,OPERATOR/DRIVER,NON FATAL INJURY - POSSIBLE,MASSACHUSETTS,,,,,,,,,MALE,"FRONT SEAT - LEFT SIDE, OR MOTORCYLE DRIVER",UNKNOWN,NOT TRAPPED,Y,UNINVOLVED OWNER,,MASSACHUSETTS,,,,,,,,,MALE,,,,Y
9/1/16 22:29,Thursday,LIGHT TRUCK,,44,COLUMBIA STREET,,,"44 COLUMBIA STREET
Cambridge, MA
(42.36445318700004, -71.09927040399998)",,,,,,DUSK,CLOUDY,,NO CONTROLS,,DRY,NOT AT INTERSECTION,"TWO-WAY, NOT DIVIDED",NO,NO,,NON INTERSECTION,,,,,,,EASTBOUND,,,,,,,,,,,APP,AZ,LIGHT TRUCK,,,,PARKED,2010,,BIX TRUCK,GMC,0,,COLLISION WITH MOTOR VEHICLE IN TRAFFIC,,,,OTHER,,,,,,,,,,,,,,,,,,,,,,,,,UNKNOWN,AK,,,,Y,TRAVELING STRAIGHT AHEAD,,,UNKNOWN,UNKNOWN,1,,COLLISION WITH PARKED MOTOR VEHICLE,,,,,,,,EASTBOUND,,,,,,,,,,,UNKNOWN,,,,,,,UNKNOWN,,,OPERATOR/DRIVER,,NEW HAMPSHIRE,"D, CLASS D VEHICLES",,,,,,,,MALE,,,,,OPERATOR/DRIVER,,MASSACHUSETTS,,,,,,,,,UNKNOWN,,,,
5/30/16 18:19,Monday,LIGHT TRUCK,PASSENGER CAR,,WINDSOR ST,EVERTEZE WAY,,"WINDSOR ST &amp; EVERTEZE WAY
Cambridge, MA
(42.36679362800004, -71.10600609899996)",,,REAR-END,ROADWAY,COLLISION WITH PARKED MOTOR VEHICLE,DAYLIGHT,CLOUDY,,NO CONTROLS,,DRY,T-INTERSECTION,"TWO-WAY, NOT DIVIDED",NO,NO,30,INTERSECTION,WINDSOR ST,WESTBOUND,EVERTEZE WAY,NORTHBOUND,,,,,,,,,,,NONE,OTHER,EXTERIOR FENCE/REAR OF BUILDING,PAS,MA,LIGHT TRUCK,,,,TRAVELING STRAIGHT AHEAD,2015,COLLISION WITH PARKED MOTOR VEHICLE,TRAVERSE,CHEVY,1,,COLLISION WITH PARKED MOTOR VEHICLE,,,,RIGHT FRONT,,,Y,WESTBOUND,,,,,,,,,,,"OPERATING VEHICLE IN ERRATIC, RECKLESS, CARELESS,",,,,,,,UNKNOWN,,YES VEHICLE OR TRAILER DISABLED,PAN,MA,PASSENGER CAR,,,,PARKED,2009,COLLISION WITH MOTOR VEHICLE IN TRAFFIC,COROLLA,TOYOTA,0,,COLLISION WITH MOTOR VEHICLE IN TRAFFIC,COLLISION WITH CURB,COLLISION WITH FENCE,,LEFT REAR,RIGHT FRONT,,Y,,,,,,,,,,,,NO IMPROPER DRIVING,,,,,,,,,YES VEHICLE OR TRAILER DISABLED,OPERATOR/DRIVER,NO INJURY,MASSACHUSETTS,"D, CLASS D VEHICLES",,,,,,,,MALE,"FRONT SEAT - LEFT SIDE, OR MOTORCYLE DRIVER",SHOULDER AND LAP BELT USED,NOT TRAPPED,Y,UNINVOLVED OWNER,,MASSACHUSETTS,"D, CLASS D VEHICLES",,,,,,,,MALE,,,,Y
9/7/16 15:09,Wednesday,LIGHT TRUCK,PASSENGER CAR,,BINNEY STREET,THIRD STREET,,"BINNEY STREET &amp; THIRD STREET
Cambridge, MA
(42.36679362800004, -71.10600609899996)",,,"SIDESWIPE, SAME DIRECTION",,COLLISION WITH MOTOR VEHICLE IN TRAFFIC,DAYLIGHT,CLEAR,,TRAFFIC CONTROL SIGNAL,YES,DRY,,,NO,NO,,INTERSECTION,BINNEY STREET,EASTBOUND,THIRD STREET,,,,,,,,,,,,NONE,,,CON,MA,LIGHT TRUCK,,,,MAKING U-TURN,2013,COLLISION WITH MOTOR VEHICLE IN TRAFFIC,NPR,ISU,1,,COLLISION WITH MOTOR VEHICLE IN TRAFFIC,,,,RIGHT FRONT,,,,EASTBOUND,,OTHER,,,,,,,,,FAILURE TO KEEP IN PROPER LANE OR RUNNING OFF ROAD,,Y,,,,,,,,PAN,MA,PASSENGER CAR,,,,TRAVELING STRAIGHT AHEAD,2011,,ROGUE,NISSAN,1,,COLLISION WITH MOTOR VEHICLE IN TRAFFIC,,,,LEFT FRONT,LEFT SIDE,LEFT REAR,Y,,,,,,,,,,,,NO IMPROPER DRIVING,,,,,,,NOT DISTRACTED,,,OPERATOR/DRIVER,,MASSACHUSETTS,,,,,,,,,MALE,"FRONT SEAT - LEFT SIDE, OR MOTORCYLE DRIVER",UNKNOWN,NOT TRAPPED,Y,OPERATOR/DRIVER,,MASSACHUSETTS,,,,,,,,,MALE,"FRONT SEAT - LEFT SIDE, OR MOTORCYLE DRIVER",UNKNOWN,NOT TRAPPED,Y
8/16/16 12:08,Tuesday,LIGHT TRUCK,PASSENGER CAR,,32 FIFTH ST,,,"32 FIFTH ST
Cambridge, MA
(42.37191143700005, -71.08299489099994)",,,"SIDESWIPE, SAME DIRECTION",ROADWAY,COLLISION WITH PARKED MOTOR VEHICLE,DAYLIGHT,CLEAR,CLEAR,NO CONTROLS,YES,DRY,NOT AT INTERSECTION,"TWO-WAY, NOT DIVIDED",,NO,,NON INTERSECTION,,,,,,,SOUTHBOUND,,,,,NEAR GORE ST,,,NONE,,,PAN,MA,LIGHT TRUCK,,,Y,PARKED,2016,COLLISION WITH PARKED MOTOR VEHICLE,SILVERADO PICK UP,CHEVROLET,0,,COLLISION WITH PARKED MOTOR VEHICLE,COLLISION WITH PARKED MOTOR VEHICLE,COLLISION WITH PARKED MOTOR VEHICLE,COLLISION WITH PARKED MOTOR VEHICLE,LEFT REAR,,,,SOUTHBOUND,,,,,,,,,,,UNKNOWN,UNKNOWN,,,,,,UNKNOWN,,,PAN,MA,PASSENGER CAR,,,Y,UNKNOWN,,COLLISION WITH PARKED MOTOR VEHICLE,BONNEVILLE,PONTIAC,1,,COLLISION WITH PARKED MOTOR VEHICLE,COLLISION WITH PARKED MOTOR VEHICLE,COLLISION WITH PARKED MOTOR VEHICLE,COLLISION WITH PARKED MOTOR VEHICLE,RIGHT FRONT,,,,SOUTHBOUND,,,,,,,,,,,UNKNOWN,UNKNOWN,,,,,,UNKNOWN,,,UNINVOLVED OWNER,,MASSACHUSETTS,,,,,,,,,MALE,,,,Y,UNINVOLVED OWNER,,MASSACHUSETTS,,,,,,,,,MALE,,,,Y