Date Time,Day of Week,Object 1,Object 2,Street Number,Street Name,Cross Street,Near Street,Location,May involve cyclist,May Involve Pedestrian,Manner of Collision,First Harmful Event Location,First Harmful Event,Ambient Light,Weather Condition 1,Weather Condition 2,Traffic Control Device Type,Traffic Control Device Functionality,Road Surface Condition,Roadway Junction Type,Trafficway Description,School Bus Related,Work Zone,Speed Limit,Street or Intersection,Intersection Name 1,Intersection Direction 1,Intersection Name 2,Intersection Direction 2,Intersection Name 3,Intersection Direction 3,Street Direction,Nearest Intersection Distance,Nearest Intersection Direction,Landmark Distance,Landmark Direction,Landmark,Mile Marker Direction,Non Public Area,Road Contributing,Damaged Property Type,Description of Damaged Property,V1 Registration Type,v1 State Code,V1 Configuration,V1 Emergency Response,V1 Moped,V1 Hit and Run,V1 Action Prior to Crash,V1 Model Year,V1 Most Harmful Event,V1 Model,V1 Make,V1 Occupant Count,V1 Underride Override,V1 First Event,V1 Second Event,V1 Third Event,V1 Fourth Event,V1 Most Damaged Area,V1 Second Damaged Area,V1 Third Damaged Area,V1 Towed,V1 Travel Direction,V1 Interstate,V1 Cargo Body Type,V1 Gross Weight,V1 Haz Placard,V1 Haz Release,V1 Trailer Reg Type,V1 Trailer Reg Plate,V1 Trailer Reg State,V1 Trailer Reg Year,V1 Trailer Len,V1 Driver Contribution,V1 Driver Contribution 2,V1 Is Truck,V1 Has Trailer,V1 Is Bus,V1 Is Hazmat,V1 Reg Year,V1 Driver Distracted,V1 Bus Use,V1 Tow Use,V2 Registration Type,V2 State Code,V2 Configuration,V2 Emergency Response,V2 Moped,V2 Hit and Run,V2 Action Prior to Crash,V2 Model Year,V2 Most Harmful Event,V2 Model,V2 Make,V2 Occupant Count,V2 Underride Override,V2 First Event,V2 Second Event,V2 Third Event,V2 Fourth Event,V2 Most Damaged Area,V2 Second Damaged Area,V2 Third Damaged Area,V2 Towed,V2 Travel Direction,V2 Interstate,V2 Cargo Body Type,V2 Gross Weight,V2 Haz Placard,V2 Haz Release,V2 Trailer Reg Type,V2 Trailer Reg Plate,V2 Trailer Reg State,V2 Trailer Reg Year,V2 Trailer Len,V2 Driver Contribution,V2 Driver Contribution 2,V2 Is Truck,V2 Has Trailer,V2 Is Bus,V2 Is Hazmat,V2 Reg Year,V2 Driver Distracted,V2 Bus Use,V2 Tow Use,P1 Role,P1 Injury,P1 Drivers Lic State,P1 Drivers Lic Class 1,P1 Drivers Lic Class 2,P1 Drivers Lic Restrict,P1 Non Motorist Desc,P1 Non Motorist Action,P1 Non Motorist Location,P1 Safety Equipment,P1 Age,P1 Sex,P1 Seat Position,P1 Safety System,P1 Trapped,P1 Veh Owner,P2 Role,P2 Injury,P2 Drivers Lic State,P2 Drivers Lic Class 1,P2 Drivers Lic Class 2,P2 Drivers Lic Restrict,P2 Non Motorist Desc,P2 Non Motorist Action,P2 Non Motorist Location,P2 Safety Equipment,P2 Age,P2 Sex,P2 Seat Position,P2 Safety System,P2 Trapped,P2 Veh Owner
5/31/16 15:20,Tuesday,PASSENGER CAR,MOTORCYCLE,,CAMBRIDGE ST,,ELLERY ST,"CAMBRIDGE ST
Cambridge, MA
(42.375468641000055, -71.11429857799999)",,,"SIDESWIPE, SAME DIRECTION",ROADWAY,COLLISION WITH MOTOR VEHICLE IN TRAFFIC,DAYLIGHT,CLEAR,,NO CONTROLS,,DRY,NOT AT INTERSECTION,"TWO-WAY, NOT DIVIDED",NO,NO,,NON INTERSECTION,,,,,,,,,,,,,,,,,,PAN,MA,PASSENGER CAR,,,,OTHER,2005,COLLISION WITH MOTOR VEHICLE IN TRAFFIC,COROLL,TOYT,1,,COLLISION WITH MOTOR VEHICLE IN TRAFFIC,,,,LEFT SIDE,,,Y,,,,,,,,,,,,OTHER IMPROPER ACTION,,,,,,,,,NO,MXN,MA,MOTORCYCLE,,,,TRAVELING STRAIGHT AHEAD,2016,COLLISION WITH PARKED MOTOR VEHICLE,R1200,BMW,1,,COLLISION WITH PARKED MOTOR VEHICLE,,,,RIGHT SIDE,,,Y,EASTBOUND,,,,,,,,,,,NO IMPROPER DRIVING,,,,,,,,,NO,OPERATOR/DRIVER,NO INJURY,MASSACHUSETTS,,,,,,,,,FEMALE,"FRONT SEAT - LEFT SIDE, OR MOTORCYLE DRIVER",UNKNOWN,NOT TRAPPED,Y,OPERATOR/DRIVER,NO INJURY,MASSACHUSETTS,,,,,,,,,MALE,"FRONT SEAT - LEFT SIDE, OR MOTORCYLE DRIVER",UNKNOWN,NOT TRAPPED,
9/8/16 15:22,Thursday,UNKNOWN HEAVY TRUCK,LIGHT TRUCK,,CAMBRIDGE ST,WEBSTER AVE,,"CAMBRIDGE ST &amp; WEBSTER AVE
Cambridge, MA
(42.36679362800004, -71.10600609899996)",,,REAR-END,ROADWAY,COLLISION WITH MOTOR VEHICLE IN TRAFFIC,DAYLIGHT,CLEAR,,TRAFFIC CONTROL SIGNAL,YES,DRY,FOUR WAY INTERSECTION,"TWO-WAY, DIVIDED, UNPROTECTED MEDIAN",NO,NO,,INTERSECTION,CAMBRIDGE ST,SOUTHBOUND,WEBSTER AVE,WESTBOUND,,,,,,,,,,,NONE,,,,MA,UNKNOWN HEAVY TRUCK,,,,TRAVELING STRAIGHT AHEAD,1998,COLLISION WITH MOTOR VEHICLE IN TRAFFIC,FREIGHTLINER,,1,,COLLISION WITH MOTOR VEHICLE IN TRAFFIC,,,,NONE,,,,SOUTHBOUND,,,,,,,,,,,NO IMPROPER DRIVING,,,,,,,NOT DISTRACTED,,,PAN,MA,LIGHT TRUCK,,,,TURNING RIGHT,2012,COLLISION WITH MOTOR VEHICLE IN TRAFFIC,GLK350,MERZ,1,,COLLISION WITH MOTOR VEHICLE IN TRAFFIC,,,,RIGHT REAR,,,,WESTBOUND,,,,,,,,,,,NO IMPROPER DRIVING,,,,,,,NOT DISTRACTED,,,OPERATOR/DRIVER,NO INJURY,MASSACHUSETTS,,,,,,,,,MALE,"FRONT SEAT - LEFT SIDE, OR MOTORCYLE DRIVER",SHOULDER AND LAP BELT USED,NOT TRAPPED,,UNINVOLVED OWNER,,,,,,,,,,,UNKNOWN,,,,Y
4/26/16 17:51,Tuesday,PASSENGER CAR,,,PLEASANT,KINNAIRD,,"PLEASANT &amp; KINNAIRD
Cambridge, MA
(42.36679362800004, -71.10600609899996)",,,UNKNOWN,ROADWAY,,DAYLIGHT,UNKNOWN,,NO CONTROLS,,UNKNOWN,T-INTERSECTION,"ONE-WAY, NOT DIVIDED",YES,NO,,INTERSECTION,PLEASANT,NORTHBOUND,KINNAIRD,EASTBOUND,PLEASANT PL,EASTBOUND,,,,,,,,,UNKNOWN,,,PAN,MA,PASSENGER CAR,,,Y,PARKED,2010,COLLISION WITH MOTOR VEHICLE IN TRAFFIC,FOREST,SUBA,0,,COLLISION WITH MOTOR VEHICLE IN TRAFFIC,,,,LEFT FRONT,LEFT SIDE,,,,,,,,,,,,,,UNKNOWN,,,,,,,,,,,,,,,,,,,,,,,,,,,,,,,,,,,,,,,,,,,,,,,,,,,,UNINVOLVED OWNER,,,,,,,,,,,FEMALE,,,,Y,,,,,,,,,,,,,,,,
7/6/16 16:51,Wednesday,PASSENGER CAR,,1691,CAMBRIDGE ST,,,"1691 CAMBRIDGE ST
Cambridge, MA
(42.37518658700003, -71.11177658099996)",,,,,,DAYLIGHT,CLEAR,,,,,,,,,,NON INTERSECTION,,,,,,,EASTBOUND,,,,,,,,,,,PAN,MA,PASSENGER CAR,,,Y,PARKED,2015,,VENZA,TOYOTA,,,,,,,LEFT REAR,REAR CENTER,,,,,,,,,,,,,,,,,,,,,,,,,,,,,,,,,,,,,,,,,,,,,,,,,,,,,,,,,,,,,,,,,,OPERATOR/DRIVER,,MASSACHUSETTS,,,,,,,,,FEMALE,,,,Y,,,,,,,,,,,,,,,,
9/24/16 17:12,Saturday,LIGHT TRUCK,,,INMAN ST,MASS AVE,,"INMAN ST &amp; MASS AVE
Cambridge, MA
(42.36679362800004, -71.10600609899996)",1,1,ANGLE,ROADWAY,COLLISION WITH PEDESTRIAN,DAYLIGHT,CLEAR,,TRAFFIC CONTROL SIGNAL,YES,DRY,T-INTERSECTION,"TWO-WAY, NOT DIVIDED",NO,NO,30,INTERSECTION,INMAN ST,SOUTHBOUND,MASS AVE,EASTBOUND,,,,,,,,,,,NONE,,,PAN,MA,LIGHT TRUCK,,,,TURNING LEFT,2011,COLLISION WITH PEDESTRIAN,ODYSSEY,HONDA,2,,COLLISION WITH PEDESTRIAN,,,,RIGHT SIDE,,,,EASTBOUND,,,,,,,,,,,NO IMPROPER DRIVING,,,,,,,NOT DISTRACTED,,,,,,,,,,,,,,,,,,,,,,,,,,,,,,,,,,,,,,,,,,,,,OPERATOR/DRIVER,NO INJURY,FLORIDA,"D, CLASS D VEHICLES",,UNKNOWN,,,,,,MALE,"FRONT SEAT - LEFT SIDE, OR MOTORCYLE DRIVER",SHOULDER AND LAP BELT USED,NOT TRAPPED,Y,NON-MOTORIST,,MASSACHUSETTS,UNKNOWN,,UNKNOWN,PEDESTRIAN,"WALKING, RUNNING OR CYCLING",AT INTERSECTION BUT NO CROSSWALK,NONE USED,,FEMALE,,,,
5/6/16 16:35,Friday,SINGLE UNIT TRUCK (2 AXLES - 6 TIRES),,25,AMES STREET,,,"25 AMES STREET
Cambridge, MA
(42.360614492000025, -71.08804170999997)",,,SINGLE VEHICLE CRASH,OUTSIDE ROADWAY,COLLISION WITH LIGHT POLE OR OTHER POST/SUPPORT,DAYLIGHT,CLEAR,,NO CONTROLS,,DRY,DRIVEWAY,"TWO-WAY, DIVIDED, UNPROTECTED MEDIAN",NO,NO,,NON INTERSECTION,,,,,,,SOUTHBOUND,,,,,,,,NONE,OTHER,PYLON,CON,MA,SINGLE UNIT TRUCK (2 AXLES - 6 TIRES),,,,TURNING RIGHT,2017,COLLISION WITH LIGHT POLE OR OTHER POST/SUPPORT,M2,FREIGHTLINER,1,,COLLISION WITH LIGHT POLE OR OTHER POST/SUPPORT,"EQUIPMENT FAILURE (BLOWN TIRE, BRAKE FAILURE, ETC)",,,UNDERCARRIAGE,,,Y,SOUTHBOUND,,,"10,001 - 26000 POUNDS",,,,,,,,OVER CORRECTING / OVER STEERING,,Y,,,,,UNKNOWN,,YES VEHICLE OR TRAILER DISABLED,,,,,,,,,,,,,,,,,,,,,,,,,,,,,,,,,,,,,,,,,,,OPERATOR/DRIVER,NO INJURY,MASSACHUSETTS,,,,,,,,,MALE,"FRONT SEAT - LEFT SIDE, OR MOTORCYLE DRIVER",UNKNOWN,NOT TRAPPED,,UNINVOLVED OWNER,,,,,,,,,,,UNKNOWN,,,,Y
10/3/16 22:16,Monday,PASSENGER CAR,PASSENGER CAR,,PORTER RD,,,"PORTER RD
Cambridge, MA
(42.38902555200008, -71.12113662499996)",,,ANGLE,ROADSIDE,,UNKNOWN,RAIN,RAIN,NO CONTROLS,,SNOW,NOT AT INTERSECTION,"TWO-WAY, NOT DIVIDED",NO,NO,,NON INTERSECTION,,,,,,,,,,,,,,,OBSTRUCTION IN ROADWAY,,,PAN,MA,PASSENGER CAR,,,,PARKED,2013,,CIVIC,HONDA,0,,COLLISION WITH OTHER MOVABLE OBJECT,,,,LEFT SIDE,,,,,,,,,,,,,,,,,,,,,,,,,PAN,MA,PASSENGER CAR,,,Y,BACKING,0,,UNKNOWN,UNKNOWN,1,,COLLISION WITH PARKED MOTOR VEHICLE,,,,,,,,,,,,,,,,,,,UNKNOWN,,,,,,,,,,UNINVOLVED OWNER,,MASSACHUSETTS,"D, CLASS D VEHICLES",,,,,,,,FEMALE,,,,,OPERATOR/DRIVER,,MASSACHUSETTS,"D, CLASS D VEHICLES",,,,,,,,UNKNOWN,,,,
7/27/16 20:10,Wednesday,LIGHT TRUCK,PASSENGER CAR,115,PROSPECT STREET,,,"115 PROSPECT STREET
Cambridge, MA
(42.36801855500005, -71.10198726299996)",,,"SIDESWIPE, SAME DIRECTION",UNKNOWN,,DAYLIGHT,CLEAR,,,NO,UNKNOWN,NOT AT INTERSECTION,,NO,NO,,NON INTERSECTION,,,,,,,,,,,,,,,,,,PAN,MA,LIGHT TRUCK,,,Y,PARKED,2015,,FORESTER,SUBARU,0,,,,,,RIGHT SIDE,,,,,,,,,,,,,,,,,,,,,,,,NO,PAN,MA,PASSENGER CAR,,,,UNKNOWN,,,MINI COOPER,,,,,,,,,,,,,,,,,,,,,,,,,,,,,,,,,OPERATOR/DRIVER,NO INJURY,MASSACHUSETTS,"D, CLASS D VEHICLES",,,,,,,,MALE,,,,Y,UNINVOLVED OWNER,,,,,,,,,,,FEMALE,,,,Y
9/23/16 10:42,Friday,TRUCK TRAILER,,,RINDGE AVENUE,CLIFTON STREET,,"RINDGE AVENUE &amp; CLIFTON STREET
Cambridge, MA
(42.36679362800004, -71.10600609899996)",,,SINGLE VEHICLE CRASH,OUTSIDE ROADWAY,COLLISION WITH LIGHT POLE OR OTHER POST/SUPPORT,DAYLIGHT,CLOUDY,,TRAFFIC CONTROL SIGNAL,YES,DRY,T-INTERSECTION,"TWO-WAY, DIVIDED, UNPROTECTED MEDIAN",NO,YES,,INTERSECTION,RINDGE AVENUE,WESTBOUND,CLIFTON STREET,SOUTHBOUND,,,,,,,,,,,WORK ZONE,MUNICIPAL,CROSSWALK DIRECTIONAL POLE,TR,IN,TRUCK TRAILER,,,,TURNING RIGHT,2013,COLLISION WITH LIGHT POLE OR OTHER POST/SUPPORT,SEMI,FREIGHTLINER,1,,COLLISION WITH LIGHT POLE OR OTHER POST/SUPPORT,,,,NONE,,,,WESTBOUND,,FLATBED,"MORE THAN 26,000 POUNDS",,,SEM,BB14597,NEW YORK,2013,45 FEET,UNKNOWN,,Y,Y,,,2013,UNKNOWN,NOT A BUS,NO,,,,,,,,,,,,,,,,,,,,,,,,,,,,,,,,,,,,,,,,,,,OPERATOR/DRIVER,NO INJURY,NEW YORK,"A, CLASS A VEHICLES",,CORRECTIVE LENSES,,,,,,MALE,"FRONT SEAT - LEFT SIDE, OR MOTORCYLE DRIVER",SHOULDER AND LAP BELT USED,NOT TRAPPED,,UNINVOLVED OWNER,,,,,,,,,,,UNKNOWN,,,,Y
9/20/16 10:37,Tuesday,PASSENGER CAR,,,MASS AV,PORTER RD.,,"MASS AV &amp; PORTER RD.
Cambridge, MA
(42.36679362800004, -71.10600609899996)",1,,ANGLE,ROADWAY,COLLISION WITH PEDALCYCLE,DAYLIGHT,CLOUDY,,NO CONTROLS,,DRY,T-INTERSECTION,"TWO-WAY, DIVIDED, POSITIVE MEDIAN BARRIER",,NO,,INTERSECTION,MASS AV,EASTBOUND,PORTER RD.,SOUTHBOUND,,,,,,,,,,,NONE,,,PAN,MA,PASSENGER CAR,,,,TURNING LEFT,2016,COLLISION WITH PEDALCYCLE,FIT,HONDA,1,,COLLISION WITH PEDALCYCLE,,,,RIGHT SIDE,,,,SOUTHBOUND,,,,,,,,,,,FAILED TO YIELD THE RIGHT OF WAY,,,,,,,UNKNOWN,,NO,,,,,,,,,,,,,,,,,,,,,,,,,,,,,,,,,,,,,,,,,,,OPERATOR/DRIVER,NO INJURY,MASSACHUSETTS,"D, CLASS D VEHICLES",,,,,,,,FEMALE,"FRONT SEAT - LEFT SIDE, OR MOTORCYLE DRIVER",SHOULDER AND LAP BELT USED,NOT TRAPPED,Y,NON-MOTORIST,NON FATAL INJURY - NON INCAPACITATING,,,,,CYCLIST,"WALKING, RUNNING OR CYCLING",SHARED-USE PATH OR TRAILS,HELMET,,MALE,,,,
10/20/16 12:03,Thursday,LIGHT TRUCK,,8,BEECH ST,,,"8 BEECH ST
Cambridge, MA
(42.39057512900007, -71.12056353999998)",,,"SIDESWIPE, SAME DIRECTION",ROADWAY,COLLISION WITH PARKED MOTOR VEHICLE,UNKNOWN,UNKNOWN,,NO CONTROLS,,,NOT AT INTERSECTION,"TWO-WAY, DIVIDED, UNPROTECTED MEDIAN",NO,NO,25,NON INTERSECTION,,,,,,,,,,,,,,,,,,PAN,MA,LIGHT TRUCK,,,,PARKED,2012,COLLISION WITH MOTOR VEHICLE IN TRAFFIC,EQUINOX,CHEVROLET,0,,COLLISION WITH MOTOR VEHICLE IN TRAFFIC,,,,LEFT REAR,LEFT SIDE,LEFT FRONT,,,,,,,,,,,,,NO IMPROPER DRIVING,,,,,,,,,,,,,,,,,,,,,,,,,,,,,,,,,,,,,,,,,,,,,,,,,,,,UNINVOLVED OWNER,,MASSACHUSETTS,"D, CLASS D VEHICLES",,,,,,,,FEMALE,,,,Y,,,,,,,,,,,,,,,,
10/25/16 8:58,Tuesday,PASSENGER CAR,LIGHT TRUCK,,ROGERS ST,SECOND ST,,"ROGERS ST &amp; SECOND ST
Cambridge, MA
(42.36679362800004, -71.10600609899996)",,,ANGLE,ROADWAY,COLLISION WITH MOTOR VEHICLE IN TRAFFIC,DAYLIGHT,CLEAR,,STOP SIGNS,YES,DRY,T-INTERSECTION,"TWO-WAY, DIVIDED, UNPROTECTED MEDIAN",NO,NO,,INTERSECTION,ROGERS ST,NORTHBOUND,SECOND ST,WESTBOUND,,,,,,,,,,,NONE,,,PAS,MA,PASSENGER CAR,,,,TRAVELING STRAIGHT AHEAD,2008,COLLISION WITH MOTOR VEHICLE IN TRAFFIC,PRIUS,TOYOTA,1,,COLLISION WITH MOTOR VEHICLE IN TRAFFIC,,,,LEFT SIDE,,,Y,WESTBOUND,,,,,,,,,,,NO IMPROPER DRIVING,,,,,,,,,YES VEHICLE OR TRAILER DISABLED,PAN,MA,LIGHT TRUCK,,,,TRAVELING STRAIGHT AHEAD,2015,COLLISION WITH MOTOR VEHICLE IN TRAFFIC,EQUINOX,CHEVY,1,,COLLISION WITH MOTOR VEHICLE IN TRAFFIC,,,,CENTER FRONT,RIGHT FRONT,,Y,NORTHBOUND,,,,,,,,,,,FAILED TO YIELD THE RIGHT OF WAY,,,,,,,,,YES VEHICLE OR TRAILER DISABLED,OPERATOR/DRIVER,NON FATAL INJURY - POSSIBLE,MASSACHUSETTS,"D, CLASS D VEHICLES",,,,,,,,FEMALE,"FRONT SEAT - LEFT SIDE, OR MOTORCYLE DRIVER",UNKNOWN,NOT TRAPPED,Y,OPERATOR/DRIVER,NO INJURY,MASSACHUSETTS,,,,,,,,,MALE,"FRONT SEAT - LEFT SIDE, OR MOTORCYLE DRIVER",UNKNOWN,NOT TRAPPED,Y
10/5/16 22:30,Wednesday,LIGHT TRUCK,PASSENGER CAR,,MOUNT AUBURN STREET,FRESH POND PARKWAY,,"MOUNT AUBURN STREET &amp; FRESH POND PARKWAY
Cambridge, MA
(42.36679362800004, -71.10600609899996)",,,REAR-END,ROADWAY,,DARK - LIGHTED ROADWAY,CLEAR,,TRAFFIC CONTROL SIGNAL,YES,DRY,FIVE-POINT OR MORE,"TWO-WAY, NOT DIVIDED",NO,NO,,INTERSECTION,MOUNT AUBURN STREET,WESTBOUND,FRESH POND PARKWAY,,,,,,,,,,,,NONE,,,PAN,MA,LIGHT TRUCK,,,,SLOWING OR STOPPED IN TRAFFIC,2000,COLLISION WITH MOTOR VEHICLE IN TRAFFIC,BLAZER,CHEVROLET,1,,COLLISION WITH MOTOR VEHICLE IN TRAFFIC,,,,RIGHT REAR,REAR CENTER,LEFT REAR,,WESTBOUND,,,,,,,,,,,NO IMPROPER DRIVING,,,,,,,NOT DISTRACTED,,,PAN,MA,PASSENGER CAR,,,,SLOWING OR STOPPED IN TRAFFIC,2004,COLLISION WITH MOTOR VEHICLE IN TRAFFIC,PASSAT,VW,1,,COLLISION WITH MOTOR VEHICLE IN TRAFFIC,,,,CENTER FRONT,RIGHT FRONT,REAR CENTER,Y,WESTBOUND,,,,,,,,,,,NO IMPROPER DRIVING,,,,,,,NOT DISTRACTED,,YES VEHICLE OR TRAILER DISABLED,OPERATOR/DRIVER,NO INJURY,MASSACHUSETTS,"D, CLASS D VEHICLES",,,,,,,,MALE,"FRONT SEAT - LEFT SIDE, OR MOTORCYLE DRIVER",SHOULDER AND LAP BELT USED,NOT TRAPPED,Y,OPERATOR/DRIVER,NO INJURY,MASSACHUSETTS,"D, CLASS D VEHICLES",,,,,,,,FEMALE,"FRONT SEAT - LEFT SIDE, OR MOTORCYLE DRIVER",SHOULDER AND LAP BELT USED,NOT TRAPPED,Y
10/6/16 8:10,Thursday,PASSENGER CAR,,,CAMBRIDGE ST,FELTON ST,,"CAMBRIDGE ST &amp; FELTON ST
Cambridge, MA
(42.36679362800004, -71.10600609899996)",,1,SINGLE VEHICLE CRASH,ROADWAY,COLLISION WITH PEDESTRIAN,DAYLIGHT,CLEAR,,NO CONTROLS,,DRY,T-INTERSECTION,"TWO-WAY, NOT DIVIDED",NO,NO,5,INTERSECTION,CAMBRIDGE ST,EASTBOUND,FELTON ST,SOUTHBOUND,,,,,,,,,,,NONE,,,PAN,MA,PASSENGER CAR,,,,SLOWING OR STOPPED IN TRAFFIC,2010,COLLISION WITH PEDESTRIAN,COROLLA,TOYOTA,1,,COLLISION WITH PEDESTRIAN,,,,RIGHT FRONT,,,,EASTBOUND,,,,,,,,,,,UNKNOWN,,,,,,,UNKNOWN,,,,,,,,,,,,,,,,,,,,,,,,,,,,,,,,,,,,,,,,,,,,,OPERATOR/DRIVER,NO INJURY,MASSACHUSETTS,"D, CLASS D VEHICLES",,CORRECTIVE LENSES,,,,,,FEMALE,"FRONT SEAT - LEFT SIDE, OR MOTORCYLE DRIVER",SHOULDER AND LAP BELT USED,NOT TRAPPED,Y,NON-MOTORIST,,,,,,PEDESTRIAN,ENTERING OR CROSSING SPECIFIED LOCATION,MARKED CROSSWALK AT INTERSECTION,NONE USED,,FEMALE,,,,
6/26/16 9:02,Sunday,PASSENGER CAR,PASSENGER CAR,,BROADWAY,ELLERY STREET,,"BROADWAY &amp; ELLERY STREET
Cambridge, MA
(42.36679362800004, -71.10600609899996)",,,ANGLE,ROADWAY,COLLISION WITH MOTOR VEHICLE IN TRAFFIC,DAYLIGHT,CLEAR,,STOP SIGNS,,DRY,FOUR WAY INTERSECTION,"TWO-WAY, NOT DIVIDED",NO,NO,,INTERSECTION,BROADWAY,WESTBOUND,ELLERY STREET,SOUTHBOUND,,,,,,,,,,,NONE,,,PAS,NY,PASSENGER CAR,,,,SLOWING OR STOPPED IN TRAFFIC,2016,COLLISION WITH MOTOR VEHICLE IN TRAFFIC,C300,MERCEDES,3,,COLLISION WITH MOTOR VEHICLE IN TRAFFIC,,,,CENTER FRONT,,,,SOUTHBOUND,,,,,,,,,,,UNKNOWN,,,,,,,UNKNOWN,,,PAS,NH,PASSENGER CAR,,,,TRAVELING STRAIGHT AHEAD,2002,COLLISION WITH MOTOR VEHICLE IN TRAFFIC,32TL,ACURA,1,,COLLISION WITH MOTOR VEHICLE IN TRAFFIC,,,,RIGHT SIDE,,,,WESTBOUND,,,,,,,,,,,NO IMPROPER DRIVING,,,,,,,UNKNOWN,,,OPERATOR/DRIVER,,,UNKNOWN,,,,,,,,FEMALE,"FRONT SEAT - LEFT SIDE, OR MOTORCYLE DRIVER",SHOULDER AND LAP BELT USED,NOT TRAPPED,,OPERATOR/DRIVER,,MASSACHUSETTS,"D, CLASS D VEHICLES",,,,,,,,MALE,"FRONT SEAT - LEFT SIDE, OR MOTORCYLE DRIVER",UNKNOWN,NOT TRAPPED,
9/13/16 14:20,Tuesday,PASSENGER CAR,PASSENGER CAR,,ELLERY STREET,HARVARD STREET,,"ELLERY STREET &amp; HARVARD STREET
Cambridge, MA
(42.36679362800004, -71.10600609899996)",,,ANGLE,ROADWAY,COLLISION WITH MOTOR VEHICLE IN TRAFFIC,DAYLIGHT,CLEAR,,TRAFFIC CONTROL SIGNAL,YES,DRY,FOUR WAY INTERSECTION,"TWO-WAY, DIVIDED, UNPROTECTED MEDIAN",NO,NO,30,INTERSECTION,ELLERY STREET,SOUTHBOUND,HARVARD STREET,EASTBOUND,,,,,,,,,,,NONE,,,PAS,MA,PASSENGER CAR,,,,TRAVELING STRAIGHT AHEAD,2007,COLLISION WITH MOTOR VEHICLE IN TRAFFIC,PRIUS,TOYOTA,1,,COLLISION WITH MOTOR VEHICLE IN TRAFFIC,,,,RIGHT FRONT,CENTER FRONT,LEFT FRONT,,EASTBOUND,,,,,,,,,,,"DISREGARDED TRAFFIC SIGNS, SIGNALS, ROAD MARKINGS",,,,,,,UNKNOWN,,,PAN,MA,PASSENGER CAR,,,,TRAVELING STRAIGHT AHEAD,2016,COLLISION WITH MOTOR VEHICLE IN TRAFFIC,GOLF,VOLK,2,,COLLISION WITH MOTOR VEHICLE IN TRAFFIC,,,,RIGHT REAR,RIGHT SIDE,RIGHT FRONT,,SOUTHBOUND,,,,,,,,,,,NO IMPROPER DRIVING,,,,,,,UNKNOWN,,,OPERATOR/DRIVER,NO INJURY,MASSACHUSETTS,"D, CLASS D VEHICLES",,,,,,,,MALE,"FRONT SEAT - LEFT SIDE, OR MOTORCYLE DRIVER",UNKNOWN,NOT TRAPPED,Y,OPERATOR/DRIVER,NO INJURY,YUKON TERR,UNKNOWN,,UNKNOWN,,,,,,MALE,"FRONT SEAT - LEFT SIDE, OR MOTORCYLE DRIVER",UNKNOWN,NOT TRAPPED,
4/26/16 13:45,Tuesday,SINGLE UNIT TRUCK (3 0R MORE AXLES),PASSENGER CAR,87,MASS AVE,,VASSAR ST,"87 MASS AVE
Cambridge, MA
(42.35925362000006, -71.09369856599994)",,,"SIDESWIPE, SAME DIRECTION",ROADWAY,COLLISION WITH MOTOR VEHICLE IN TRAFFIC,DAYLIGHT,RAIN,CLOUDY,NO CONTROLS,,WET,NOT AT INTERSECTION,"TWO-WAY, NOT DIVIDED",NO,NO,,NON INTERSECTION,,,,,,,,,,,,,,,,,,APN,MA,SINGLE UNIT TRUCK (3 0R MORE AXLES),,,,TRAVELING STRAIGHT AHEAD,2015,COLLISION WITH MOTOR VEHICLE IN TRAFFIC,CA13DC,FRHT,1,,COLLISION WITH MOTOR VEHICLE IN TRAFFIC,,,,UNKNOWN,,,Y,EASTBOUND,,OTHER,"10,001 - 26000 POUNDS",,,,,,,,NO IMPROPER DRIVING,,Y,,,,,,,NO,PAN,MA,PASSENGER CAR,,,,CHANGING LANES,2014,COLLISION WITH MOTOR VEHICLE IN TRAFFIC,CIVIC,HOND,2,,COLLISION WITH MOTOR VEHICLE IN TRAFFIC,,,,LEFT SIDE,,,Y,EASTBOUND,,,,,,,,,,,UNKNOWN,,,,,,,,,YES VEHICLE OR TRAILER DISABLED,OPERATOR/DRIVER,NO INJURY,MASSACHUSETTS,"A, CLASS A VEHICLES","M, CLASS M VEHICLES",,,,,,,MALE,"FRONT SEAT - LEFT SIDE, OR MOTORCYLE DRIVER",UNKNOWN,NOT TRAPPED,,UNINVOLVED OWNER,,,,,,,,,,,UNKNOWN,,,,Y
4/30/16 18:20,Saturday,LIGHT TRUCK,,,CAMBRIDGE ST.,,SIXTH ST.,"CAMBRIDGE ST.
Cambridge, MA
(42.375468641000055, -71.11429857799999)",1,,"SIDESWIPE, SAME DIRECTION",ROADWAY,COLLISION WITH PEDALCYCLE,DAYLIGHT,CLEAR,,TRAFFIC CONTROL SIGNAL,YES,DRY,FOUR WAY INTERSECTION,"TWO-WAY, NOT DIVIDED",NO,NO,30,NON INTERSECTION,,,,,,,NORTHBOUND,20 FEET PRIOR,,,,,,,NONE,,,PAN,MA,LIGHT TRUCK,,,,TRAVELING STRAIGHT AHEAD,2014,COLLISION WITH PEDALCYCLE,EVOQUE,LANDROVER,1,,COLLISION WITH PEDALCYCLE,,,,RIGHT SIDE,,,,WESTBOUND,,,,,,,,,,,UNKNOWN,,,,,,,UNKNOWN,,,,,,,,,,,,,,,,,,,,,,,,,,,,,,,,,,,,,,,,,,,,,OPERATOR/DRIVER,NO INJURY,MASSACHUSETTS,,,,,,,,,MALE,"FRONT SEAT - LEFT SIDE, OR MOTORCYLE DRIVER",SHOULDER AND LAP BELT USED,NOT TRAPPED,Y,NON-MOTORIST,NO INJURY,CONNECTICUT,,,,CYCLIST,"WALKING, RUNNING OR CYCLING",CYCLIST,HELMET,,MALE,,,,