Date Time,Day of Week,Object 1,Object 2,Street Number,Street Name,Cross Street,Near Street,Location,May involve cyclist,May Involve Pedestrian,Manner of Collision,First Harmful Event Location,First Harmful Event,Ambient Light,Weather Condition 1,Weather Condition 2,Traffic Control Device Type,Traffic Control Device Functionality,Road Surface Condition,Roadway Junction Type,Trafficway Description,School Bus Related,Work Zone,Speed Limit,Street or Intersection,Intersection Name 1,Intersection Direction 1,Intersection Name 2,Intersection Direction 2,Intersection Name 3,Intersection Direction 3,Street Direction,Nearest Intersection Distance,Nearest Intersection Direction,Landmark Distance,Landmark Direction,Landmark,Mile Marker Direction,Non Public Area,Road Contributing,Damaged Property Type,Description of Damaged Property,V1 Registration Type,v1 State Code,V1 Configuration,V1 Emergency Response,V1 Moped,V1 Hit and Run,V1 Action Prior to Crash,V1 Model Year,V1 Most Harmful Event,V1 Model,V1 Make,V1 Occupant Count,V1 Underride Override,V1 First Event,V1 Second Event,V1 Third Event,V1 Fourth Event,V1 Most Damaged Area,V1 Second Damaged Area,V1 Third Damaged Area,V1 Towed,V1 Travel Direction,V1 Interstate,V1 Cargo Body Type,V1 Gross Weight,V1 Haz Placard,V1 Haz Release,V1 Trailer Reg Type,V1 Trailer Reg Plate,V1 Trailer Reg State,V1 Trailer Reg Year,V1 Trailer Len,V1 Driver Contribution,V1 Driver Contribution 2,V1 Is Truck,V1 Has Trailer,V1 Is Bus,V1 Is Hazmat,V1 Reg Year,V1 Driver Distracted,V1 Bus Use,V1 Tow Use,V2 Registration Type,V2 State Code,V2 Configuration,V2 Emergency Response,V2 Moped,V2 Hit and Run,V2 Action Prior to Crash,V2 Model Year,V2 Most Harmful Event,V2 Model,V2 Make,V2 Occupant Count,V2 Underride Override,V2 First Event,V2 Second Event,V2 Third Event,V2 Fourth Event,V2 Most Damaged Area,V2 Second Damaged Area,V2 Third Damaged Area,V2 Towed,V2 Travel Direction,V2 Interstate,V2 Cargo Body Type,V2 Gross Weight,V2 Haz Placard,V2 Haz Release,V2 Trailer Reg Type,V2 Trailer Reg Plate,V2 Trailer Reg State,V2 Trailer Reg Year,V2 Trailer Len,V2 Driver Contribution,V2 Driver Contribution 2,V2 Is Truck,V2 Has Trailer,V2 Is Bus,V2 Is Hazmat,V2 Reg Year,V2 Driver Distracted,V2 Bus Use,V2 Tow Use,P1 Role,P1 Injury,P1 Drivers Lic State,P1 Drivers Lic Class 1,P1 Drivers Lic Class 2,P1 Drivers Lic Restrict,P1 Non Motorist Desc,P1 Non Motorist Action,P1 Non Motorist Location,P1 Safety Equipment,P1 Age,P1 Sex,P1 Seat Position,P1 Safety System,P1 Trapped,P1 Veh Owner,P2 Role,P2 Injury,P2 Drivers Lic State,P2 Drivers Lic Class 1,P2 Drivers Lic Class 2,P2 Drivers Lic Restrict,P2 Non Motorist Desc,P2 Non Motorist Action,P2 Non Motorist Location,P2 Safety Equipment,P2 Age,P2 Sex,P2 Seat Position,P2 Safety System,P2 Trapped,P2 Veh Owner
4/26/16 8:05,Tuesday,LIGHT TRUCK,LIGHT TRUCK,,,,,"BROADWAY
Cambridge, MA
(42.37379119600007, -71.11232017699996)",,,,,,,,,,,,,,,,,,,,,,,,,,,,,2 CAMBRIDGE CTR,,,,,,PAN,MA,LIGHT TRUCK,,,,SLOWING OR STOPPED IN TRAFFIC,2010,COLLISION WITH MOTOR VEHICLE IN TRAFFIC,XC90,VOLV,1,,COLLISION WITH MOTOR VEHICLE IN TRAFFIC,,,,CENTER FRONT,UNKNOWN,,Y,EASTBOUND,,,,,,,,,,,UNKNOWN,,,,,,,,,NO,TAN,MA,LIGHT TRUCK,,,,TRAVELING STRAIGHT AHEAD,2010,COLLISION WITH MOTOR VEHICLE IN TRAFFIC,ESCAPE,FORD,1,,COLLISION WITH MOTOR VEHICLE IN TRAFFIC,,,,CENTER FRONT,,,Y,EASTBOUND,,,,,,,,,,,UNKNOWN,,,,,,,,,NO,OPERATOR/DRIVER,NON FATAL INJURY - POSSIBLE,MASSACHUSETTS,,,,,,,,,MALE,"FRONT SEAT - LEFT SIDE, OR MOTORCYLE DRIVER",UNKNOWN,NOT TRAPPED,Y,OPERATOR/DRIVER,NO INJURY,MASSACHUSETTS,,,,,,,,,MALE,"FRONT SEAT - LEFT SIDE, OR MOTORCYLE DRIVER",UNKNOWN,NOT TRAPPED,
6/23/16 21:45,Thursday,LIGHT TRUCK,SINGLE UNIT TRUCK (2 AXLES - 6 TIRES),1414,CAMBRIDGE STREET,,ANTRIM STREET,"1414 CAMBRIDGE STREET
Cambridge, MA
(42.37379260900008, -71.10148491799998)",1,,ANGLE,,,DAYLIGHT,CLEAR,,NO CONTROLS,,DRY,NOT AT INTERSECTION,,NO,NO,,NON INTERSECTION,,,,,,,WESTBOUND,,SOUTHBOUND,,,INMAN SQ PHARMACY,,,NONE,,,PAN,MA,LIGHT TRUCK,,,,PARKED,1999,,CHEROKKE,JEEP,1,,COLLISION WITH PEDALCYCLE,,,,LEFT FRONT,,,,,,,,,,,,,,,UNKNOWN,,,,,,,,,,CON,MA,SINGLE UNIT TRUCK (2 AXLES - 6 TIRES),,,,TRAVELING STRAIGHT AHEAD,2014,,DUMP TRUCK,INT'L,2,,COLLISION WITH PEDALCYCLE,,,,,,,,WESTBOUND,,,,,,,,,,,NO IMPROPER DRIVING,,,,,,,UNKNOWN,,,OPERATOR/DRIVER,,MASSACHUSETTS,"D, CLASS D VEHICLES",,,,,,,,MALE,,,,Y,OPERATOR/DRIVER,,MASSACHUSETTS,"D, CLASS D VEHICLES",,,,,,,,MALE,,,,
11/3/16 23:42,Thursday,PASSENGER CAR,LIGHT TRUCK,77,MASS AVE,,,"77 MASS AVE
Cambridge, MA
(42.358964652000054, -71.09347506199998)",,,ANGLE,ROADWAY,COLLISION WITH MOTOR VEHICLE IN TRAFFIC,DARK - LIGHTED ROADWAY,CLOUDY,,NO CONTROLS,,WET,NOT AT INTERSECTION,"TWO-WAY, NOT DIVIDED",NO,NO,30,NON INTERSECTION,,,,,,,EASTBOUND,,,,,,,,,,,PAN,MA,PASSENGER CAR,,,Y,LEAVING TRAFFIC LANE,2004,,ACCORD,HONDA,1,,COLLISION WITH MOTOR VEHICLE IN TRAFFIC,,,,LEFT SIDE,LEFT FRONT,,Y,EASTBOUND,,,,,,,,,,,"OPERATING VEHICLE IN ERRATIC, RECKLESS, CARELESS,",,,,,,,UNKNOWN,,,PAN,MA,LIGHT TRUCK,,,,TRAVELING STRAIGHT AHEAD,2015,COLLISION WITH MOTOR VEHICLE IN TRAFFIC,TRANSIT,FORD,1,,COLLISION WITH MOTOR VEHICLE IN TRAFFIC,,,,RIGHT SIDE,RIGHT FRONT,,,EASTBOUND,,,,,,,,,,,NO IMPROPER DRIVING,,,,,,,NOT DISTRACTED,,,OPERATOR/DRIVER,UNKNOWN,MASSACHUSETTS,"D, CLASS D VEHICLES",,,,,,,,FEMALE,"FRONT SEAT - LEFT SIDE, OR MOTORCYLE DRIVER",UNKNOWN,NOT TRAPPED,Y,OPERATOR/DRIVER,,MASSACHUSETTS,"D, CLASS D VEHICLES",,,,,,,,MALE,"FRONT SEAT - LEFT SIDE, OR MOTORCYLE DRIVER",UNKNOWN,NOT TRAPPED,Y
8/4/16 15:20,Thursday,PASSENGER CAR,MOTORCYCLE,,MT AUBURN ST,,DEWOLFE ST,"MT AUBURN ST
Cambridge, MA
(42.37477654200006, -71.13163441299997)",,,UNKNOWN,ROADWAY,COLLISION WITH MOTOR VEHICLE IN TRAFFIC,DAYLIGHT,CLEAR,,NO CONTROLS,,DRY,NOT AT INTERSECTION,"ONE-WAY, NOT DIVIDED",NO,NO,,NON INTERSECTION,,,,,,,,,,,,,,,,,,PAN,MA,PASSENGER CAR,,,,,2009,,COROLL,TOYT,1,,,,,,LEFT REAR,,,,,,,,,,,,,,,,,,,,,,,,,MCN,MA,MOTORCYCLE,,,,TRAVELING STRAIGHT AHEAD,2008,COLLISION WITH MOTOR VEHICLE IN TRAFFIC,FLHX,HD,1,,COLLISION WITH MOTOR VEHICLE IN TRAFFIC,,,,RIGHT SIDE,LEFT SIDE,,Y,EASTBOUND,,,,,,,,,,,,,,,,,,,,YES VEHICLE OR TRAILER DISABLED,OPERATOR/DRIVER,NO INJURY,MASSACHUSETTS,,,,,,,,,MALE,"FRONT SEAT - LEFT SIDE, OR MOTORCYLE DRIVER",UNKNOWN,NOT TRAPPED,Y,OPERATOR/DRIVER,NON FATAL INJURY - POSSIBLE,MASSACHUSETTS,,,,,,,,,MALE,"FRONT SEAT - LEFT SIDE, OR MOTORCYLE DRIVER",UNKNOWN,NOT TRAPPED,Y
9/14/16 17:50,Wednesday,LIGHT TRUCK,SINGLE UNIT TRUCK (2 AXLES - 6 TIRES),,CEDAR ST.,RINDGE AVE.,,"CEDAR ST. &amp; RINDGE AVE.
Cambridge, MA
(42.36679362800004, -71.10600609899996)",,,"SIDESWIPE, SAME DIRECTION",ROADWAY,COLLISION WITH MOTOR VEHICLE IN TRAFFIC,DAYLIGHT,CLEAR,CLEAR,STOP SIGNS,YES,DRY,T-INTERSECTION,"TWO-WAY, NOT DIVIDED",NO,NO,,INTERSECTION,CEDAR ST.,,RINDGE AVE.,,,,,,,,,,,,NONE,,,PAN,MA,LIGHT TRUCK,,,Y,SLOWING OR STOPPED IN TRAFFIC,2004,COLLISION WITH MOTOR VEHICLE IN TRAFFIC,EXPLORER,FORD,2,,COLLISION WITH MOTOR VEHICLE IN TRAFFIC,,,,RIGHT SIDE,RIGHT REAR,,,,,,,,,,,,,,,,,,,,,NOT DISTRACTED,,,UNKNOWN,,SINGLE UNIT TRUCK (2 AXLES - 6 TIRES),,,Y,TURNING RIGHT,,COLLISION WITH MOTOR VEHICLE IN TRAFFIC,BOX TRUCK,UNKNOWN,2,,COLLISION WITH MOTOR VEHICLE IN TRAFFIC,,,,UNKNOWN,,,,,,OTHER,,,,,,,,,UNKNOWN,,Y,,,,,UNKNOWN,,,OPERATOR/DRIVER,,MASSACHUSETTS,"D, CLASS D VEHICLES",,,,,,,,MALE,"FRONT SEAT - LEFT SIDE, OR MOTORCYLE DRIVER",SHOULDER AND LAP BELT USED,NOT TRAPPED,Y,,,,,,,,,,,,,,,,
9/30/16 16:12,Friday,LIGHT TRUCK,,,HURON AVE.,FAYERWEATHER ST.,,"HURON AVE. &amp; FAYERWEATHER ST.
Cambridge, MA
(42.36679362800004, -71.10600609899996)",1,,ANGLE,UNKNOWN,,DAYLIGHT,CLOUDY,,STOP SIGNS,NO,DRY,FOUR WAY INTERSECTION,"TWO-WAY, DIVIDED, UNPROTECTED MEDIAN",NO,NO,,INTERSECTION,HURON AVE.,,FAYERWEATHER ST.,,,,,,,,,,,,UNKNOWN,,,PAS,MA,LIGHT TRUCK,,,,TRAVELING STRAIGHT AHEAD,2014,UNKNOWN,UTIL,CHECY,1,,COLLISION WITH PEDALCYCLE,COLLISION WITH PEDALCYCLE,COLLISION WITH PEDALCYCLE,COLLISION WITH PEDALCYCLE,LEFT REAR,,,,SOUTHBOUND,,,,,,,,,,,NO IMPROPER DRIVING,NO IMPROPER DRIVING,,,,,,NOT DISTRACTED,,,,,,,,,,,,,,,,,,,,,,,,,,,,,,,,,,,,,,,,,,,,,OPERATOR/DRIVER,,MASSACHUSETTS,,,,,,,,,MALE,,,,Y,NON-MOTORIST,,,,,,,,,,,FEMALE,,,,
5/29/16 10:38,Sunday,PASSENGER CAR,TRACTOR / SEMI-TRIALER,,JFK STREET,MT. AUBURN STREET,,"JFK STREET &amp; MT. AUBURN STREET
Cambridge, MA
(42.36679362800004, -71.10600609899996)",,,"SIDESWIPE, SAME DIRECTION",ROADWAY,COLLISION WITH MOTOR VEHICLE IN TRAFFIC,DAYLIGHT,CLOUDY,,TRAFFIC CONTROL SIGNAL,YES,DRY,FOUR WAY INTERSECTION,"TWO-WAY, NOT DIVIDED",NO,NO,,INTERSECTION,JFK STREET,,MT. AUBURN STREET,,,,,,,,,,,,NONE,,,PAS,MA,PASSENGER CAR,,,,BACKING,2014,COLLISION WITH MOTOR VEHICLE IN TRAFFIC,E350,MERZ,4,,COLLISION WITH MOTOR VEHICLE IN TRAFFIC,,,,CENTER FRONT,LEFT FRONT,,Y,,,,,,,,,,,,UNKNOWN,,,,,,,UNKNOWN,,YES VEHICLE OR TRAILER DISABLED,APN,OK,TRACTOR / SEMI-TRIALER,,,,SLOWING OR STOPPED IN TRAFFIC,2016,COLLISION WITH MOTOR VEHICLE IN TRAFFIC,TRAILER,INTL,1,,,,,,RIGHT SIDE,,,,,,,"LESS THAN OR EQUAL TO 10,000 POUNDS",,,,,,,,UNKNOWN,,Y,,,,,,,,OPERATOR/DRIVER,,MASSACHUSETTS,"D, CLASS D VEHICLES",,CORRECTIVE LENSES,,,,,,FEMALE,"FRONT SEAT - LEFT SIDE, OR MOTORCYLE DRIVER",UNKNOWN,NOT TRAPPED,,OCCUPANT/PASSENGER,,,,,,,,,,,FEMALE,FRONT SEAT - RIGHT SIDE,UNKNOWN,NOT TRAPPED,
10/10/16 9:54,Monday,PASSENGER CAR,,,FLAGG ST,PUTNAM AVE,,"FLAGG ST &amp; PUTNAM AVE
Cambridge, MA
(42.36679362800004, -71.10600609899996)",,,"SIDESWIPE, OPPOSITE DIRECTION",,,DARK - LIGHTED ROADWAY,RAIN,,NO CONTROLS,,WET,T-INTERSECTION,"ONE-WAY, NOT DIVIDED",NO,NO,,INTERSECTION,FLAGG ST,SOUTHBOUND,PUTNAM AVE,,,,,,,,,,,,NONE,,,PAN,MA,PASSENGER CAR,,,Y,PARKED,2006,COLLISION WITH MOTOR VEHICLE IN TRAFFIC,CAMRY,TOYOTA,0,,COLLISION WITH MOTOR VEHICLE IN TRAFFIC,,,,LEFT FRONT,LEFT SIDE,,,,,,,,,,,,,,NO IMPROPER DRIVING,,,,,,,,,,,,,,,,,,,,,,,,,,,,,,,,,,,,,,,,,,,,,,,,,,,,UNINVOLVED OWNER,,,,,,,,,,,MALE,,,,Y,,,,,,,,,,,,,,,,
8/10/16 22:27,Wednesday,PASSENGER CAR,LIGHT TRUCK,120,NORFOLK STREET,,,"120 NORFOLK STREET
Cambridge, MA
(42.36708146500007, -71.09997322099997)",,,REAR-END,ROADSIDE,COLLISION WITH PARKED MOTOR VEHICLE,DAYLIGHT,CLEAR,,NO CONTROLS,,DRY,NOT AT INTERSECTION,"ONE-WAY, NOT DIVIDED",NO,NO,,NON INTERSECTION,,,,,,,SOUTHBOUND,,,,,,,,NONE,,,PAN,MA,PASSENGER CAR,,,Y,BACKING,2002,COLLISION WITH PARKED MOTOR VEHICLE,S80,VOLVO,1,,COLLISION WITH PARKED MOTOR VEHICLE,COLLISION WITH PARKED MOTOR VEHICLE,,,,,,,,,,,,,,,,,,UNKNOWN,,,,,,,,,,PAN,MA,LIGHT TRUCK,,,,PARKED,2002,COLLISION WITH MOTOR VEHICLE IN TRAFFIC,S10,CHEVY,1,,COLLISION WITH MOTOR VEHICLE IN TRAFFIC,COLLISION WITH MOTOR VEHICLE IN TRAFFIC,,,CENTER FRONT,,,,,,,,,,,,,,,NO IMPROPER DRIVING,,,,,,,,,,OPERATOR/DRIVER,UNKNOWN,MASSACHUSETTS,,,,,,,,,FEMALE,"FRONT SEAT - LEFT SIDE, OR MOTORCYLE DRIVER",UNKNOWN,NOT TRAPPED,Y,OPERATOR/DRIVER,NO INJURY,MASSACHUSETTS,,,,,,,,,MALE,"FRONT SEAT - LEFT SIDE, OR MOTORCYLE DRIVER",UNKNOWN,NOT TRAPPED,Y
5/19/16 9:22,Thursday,PASSENGER CAR,PASSENGER CAR,,PLEASANT ST,PUTNAM ST,,"PLEASANT ST &amp; PUTNAM ST
Cambridge, MA
(42.36679362800004, -71.10600609899996)",,,ANGLE,ROADWAY,COLLISION WITH MOTOR VEHICLE IN TRAFFIC,DAYLIGHT,CLEAR,CLEAR,FLASHING TRAFIC CONTROL SIGNAL,YES,DRY,FOUR WAY INTERSECTION,"TWO-WAY, NOT DIVIDED",NO,NO,25,INTERSECTION,PLEASANT ST,,PUTNAM ST,,,,,,,,,,,,NONE,OTHER,FENCE/ FRONT STAIRWAY TO HOUSE,PAN,MA,PASSENGER CAR,,,,SLOWING OR STOPPED IN TRAFFIC,2015,COLLISION WITH MOTOR VEHICLE IN TRAFFIC,PRIUS,TOYOTA,1,,COLLISION WITH MOTOR VEHICLE IN TRAFFIC,,,,LEFT FRONT,CENTER FRONT,RIGHT FRONT,,SOUTHBOUND,,,,,,,,,,,NO IMPROPER DRIVING,NO IMPROPER DRIVING,,,,,,NOT DISTRACTED,,,PAN,MA,PASSENGER CAR,,,,OVERTAKING / PASSING,1998,COLLISION WITH MOTOR VEHICLE IN TRAFFIC,CAMRY,TOYOTA,1,,COLLISION WITH MOTOR VEHICLE IN TRAFFIC,COLLISION WITH PARKED MOTOR VEHICLE,"OTHER FIXED OBJECT (WALL, BUILDING, TUNNEL)",COLLISION WITH PARKED MOTOR VEHICLE,RIGHT REAR,RIGHT FRONT,TOTAL / ALL AREAS,Y,SOUTHBOUND,,,,,,,,,,,FAILURE TO KEEP IN PROPER LANE OR RUNNING OFF ROAD,"OPERATING VEHICLE IN ERRATIC, RECKLESS, CARELESS,",,,,,,NOT DISTRACTED,,YES VEHICLE OR TRAILER DISABLED,OPERATOR/DRIVER,NO INJURY,MASSACHUSETTS,"D, CLASS D VEHICLES",,,,,,,,MALE,"FRONT SEAT - LEFT SIDE, OR MOTORCYLE DRIVER",SHOULDER AND LAP BELT USED,NOT TRAPPED,Y,OPERATOR/DRIVER,NO INJURY,MASSACHUSETTS,"D, CLASS D VEHICLES",,,,,,,,FEMALE,"FRONT SEAT - LEFT SIDE, OR MOTORCYLE DRIVER",UNKNOWN,NOT TRAPPED,Y
10/21/16 23:30,Friday,LIGHT TRUCK,,,CAMBRIDGE STREET,COLUMBIA STREET,,"CAMBRIDGE STREET &amp; COLUMBIA STREET
Cambridge, MA
(42.36679362800004, -71.10600609899996)",,1,"SIDESWIPE, OPPOSITE DIRECTION",ROADWAY,COLLISION WITH PEDESTRIAN,DARK - LIGHTED ROADWAY,RAIN,,TRAFFIC CONTROL SIGNAL,YES,WET,FOUR WAY INTERSECTION,"TWO-WAY, DIVIDED, UNPROTECTED MEDIAN",NO,NO,,INTERSECTION,CAMBRIDGE STREET,EASTBOUND,COLUMBIA STREET,NORTHBOUND,WEBSTER AVE,SOUTHBOUND,,,,,,,,,NONE,,,PAN,MA,LIGHT TRUCK,,,,TURNING LEFT,2006,COLLISION WITH PEDESTRIAN,HIGHLANDER,TOYOTA,1,,COLLISION WITH PEDESTRIAN,,,,LEFT SIDE,,,,EASTBOUND,,,,,,,,,,,UNKNOWN,,,,,,,UNKNOWN,,,,,,,,,,,,,,,,,,,,,,,,,,,,,,,,,,,,,,,,,,,,,OPERATOR/DRIVER,,MASSACHUSETTS,,,,,,,,,MALE,"FRONT SEAT - LEFT SIDE, OR MOTORCYLE DRIVER",UNKNOWN,NOT TRAPPED,Y,NON-MOTORIST,NON FATAL INJURY - NON INCAPACITATING,,,,,PEDESTRIAN,ENTERING OR CROSSING SPECIFIED LOCATION,MARKED CROSSWALK AT INTERSECTION,NONE USED,,MALE,,,,
8/20/16 9:15,Saturday,PASSENGER CAR,PASSENGER CAR,,NORFOLK ST,CAMBRIDGE ST,,"NORFOLK ST &amp; CAMBRIDGE ST
Cambridge, MA
(42.36679362800004, -71.10600609899996)",,,"SIDESWIPE, OPPOSITE DIRECTION",UNKNOWN,COLLISION WITH PARKED MOTOR VEHICLE,UNKNOWN,UNKNOWN,,NO CONTROLS,,UNKNOWN,T-INTERSECTION,"ONE-WAY, NOT DIVIDED",NO,NO,,INTERSECTION,NORFOLK ST,,CAMBRIDGE ST,,,,,,,,,,,,UNKNOWN,,,PAN,MA,PASSENGER CAR,,,Y,PARKED,2014,COLLISION WITH PARKED MOTOR VEHICLE,CAMRY,TOYOTA,,,COLLISION WITH PARKED MOTOR VEHICLE,,,,LEFT REAR,,,,,,,,,,,,,,,,,,,,,,,,,PAN,MA,PASSENGER CAR,,,Y,UNKNOWN,2008,COLLISION WITH PARKED MOTOR VEHICLE,ACCORD,HONDA,,,COLLISION WITH PARKED MOTOR VEHICLE,,,,RIGHT SIDE,,,,,,,,,,,,,,,OTHER IMPROPER ACTION,,,,,,,,,,UNINVOLVED OWNER,,,,,,,,,,,MALE,,,,Y,UNINVOLVED OWNER,,,,,,,,,,,FEMALE,,,,Y
4/11/16 11:08,Monday,PASSENGER CAR,,6,CRAWFORD STREET,,BROADWAY ST,"6 CRAWFORD STREET
Cambridge, MA
(42.37094054800008, -71.10724381999995)",,,UNKNOWN,,,DAYLIGHT,RAIN,,NO CONTROLS,,WET,NOT AT INTERSECTION,,,NO,15,NON INTERSECTION,,,,,,,NORTHBOUND,,EASTBOUND,,,,,,,,,PAN,MA,PASSENGER CAR,,,Y,PARKED,2005,,PRIUS,TOYT,0,,COLLISION WITH PARKED MOTOR VEHICLE,,,,REAR CENTER,LEFT REAR,RIGHT REAR,,UNKNOWN,,,,,,,,,,,UNKNOWN,,,,,,,UNKNOWN,,NO,UKNOWN,,,,,Y,UNKNOWN,,,UKN,UKN,,,UNKNOWN,,,,UNKNOWN,,,,,,,,,,,,,,,UNKNOWN,,,,,,,,,,UNINVOLVED OWNER,,MASSACHUSETTS,"D, CLASS D VEHICLES",,,,,,,,MALE,,,,Y,,,,,,,,,,,,,,,,
5/17/16 11:20,Tuesday,PASSENGER CAR,,,MASSACHUSETTS AVENUE,SOMERVILLE AVENUE,,"MASSACHUSETTS AVENUE &amp; SOMERVILLE AVENUE
Cambridge, MA
(42.36679362800004, -71.10600609899996)",,,"SIDESWIPE, OPPOSITE DIRECTION",ROADWAY,COLLISION WITH MOTOR VEHICLE IN TRAFFIC,DAYLIGHT,CLEAR,,TRAFFIC CONTROL SIGNAL,YES,DRY,UNKNOWN,UNKNOWN,NO,NO,,INTERSECTION,MASSACHUSETTS AVENUE,,SOMERVILLE AVENUE,,PORTER SQUARE,,,,,,,,,,UNKNOWN,,,PAN,MA,PASSENGER CAR,,,Y,TRAVELING STRAIGHT AHEAD,2012,,JETTA,VW,1,,COLLISION WITH MOTOR VEHICLE IN TRAFFIC,,,,RIGHT FRONT,OTHER,,,,,,,,,,,,,,UNKNOWN,,,,,,,,,NO,CON,MA,,,,,,2015,,TRUCK,ISU,,,,,,,,,,,,,,,,,,,,,,,,,,,,,,,,OPERATOR/DRIVER,NO INJURY,MASSACHUSETTS,,,,,,,,,FEMALE,"FRONT SEAT - LEFT SIDE, OR MOTORCYLE DRIVER",,,Y,UNINVOLVED OWNER,,,,,,,,,,,UNKNOWN,,,,Y
4/22/16 4:28,Friday,PASSENGER CAR,PASSENGER CAR,,WESTERN AVE,HOWARD STREET,,"WESTERN AVE &amp; HOWARD STREET
Cambridge, MA
(42.36679362800004, -71.10600609899996)",,,ANGLE,ROADWAY,COLLISION WITH MOTOR VEHICLE IN TRAFFIC,DARK - LIGHTED ROADWAY,CLEAR,,TRAFFIC CONTROL SIGNAL,YES,DRY,T-INTERSECTION,"ONE-WAY, NOT DIVIDED",NO,NO,,INTERSECTION,WESTERN AVE,WESTBOUND,HOWARD STREET,SOUTHBOUND,,,,,,,,,,,,,,PAN,MA,PASSENGER CAR,,,,TRAVELING STRAIGHT AHEAD,1997,COLLISION WITH MOTOR VEHICLE IN TRAFFIC,CAMRY,TOYOTA,1,,COLLISION WITH MOTOR VEHICLE IN TRAFFIC,,,,TOTAL / ALL AREAS,,,Y,WESTBOUND,,,,,,,,,,,UNKNOWN,,,,,,,UNKNOWN,,YES VEHICLE OR TRAILER DISABLED,PAN,MA,PASSENGER CAR,,,,TRAVELING STRAIGHT AHEAD,2011,COLLISION WITH MOTOR VEHICLE IN TRAFFIC,OPTIMA,KIA,1,,COLLISION WITH MOTOR VEHICLE IN TRAFFIC,COLLISION WITH MOTOR VEHICLE IN TRAFFIC,,,TOTAL / ALL AREAS,,,Y,SOUTHBOUND,,,,,,,,,,,UNKNOWN,,,,,,,UNKNOWN,,YES VEHICLE OR TRAILER DISABLED,OPERATOR/DRIVER,,MASSACHUSETTS,"D, CLASS D VEHICLES",,,,,,,,MALE,,,,,OPERATOR/DRIVER,,MASSACHUSETTS,,,,,,,,,MALE,,,,Y
5/25/16 21:58,Wednesday,PASSENGER CAR,PASSENGER CAR,,MASS AVVE,ALBANY ST,,"MASS AVVE &amp; ALBANY ST
Cambridge, MA
(42.36679362800004, -71.10600609899996)",,,"SIDESWIPE, SAME DIRECTION",ROADWAY,COLLISION WITH MOTOR VEHICLE IN TRAFFIC,DAYLIGHT,CLEAR,,TRAFFIC CONTROL SIGNAL,YES,DRY,FOUR WAY INTERSECTION,"TWO-WAY, NOT DIVIDED",,,,INTERSECTION,MASS AVVE,EASTBOUND,ALBANY ST,NORTHBOUND,,,,,,,,,,,NONE,,,PAN,MA,PASSENGER CAR,,,,TRAVELING STRAIGHT AHEAD,2014,COLLISION WITH MOTOR VEHICLE IN TRAFFIC,RAV4,TOYOTA,3,,COLLISION WITH MOTOR VEHICLE IN TRAFFIC,,,,RIGHT FRONT,,,,EASTBOUND,,,,,,,,,,,NO IMPROPER DRIVING,,,,,,,NOT DISTRACTED,,,TAN,MA,PASSENGER CAR,,,,ENTERING TRAFFIC LANE,15,COLLISION WITH MOTOR VEHICLE IN TRAFFIC,SIENNA,TOYOTA,1,,COLLISION WITH MOTOR VEHICLE IN TRAFFIC,,,,LEFT REAR,,,,,,,,,,,,,,,"OPERATING VEHICLE IN ERRATIC, RECKLESS, CARELESS,",,,,,,,,,,OPERATOR/DRIVER,,MASSACHUSETTS,,,,,,,,,FEMALE,,,,Y,OCCUPANT/PASSENGER,,MASSACHUSETTS,,,,,,,,,FEMALE,,,,
6/15/16 11:00,Wednesday,LIGHT TRUCK,PASSENGER CAR,29,RESERVOIR ST,,,"29 RESERVOIR ST
Cambridge, MA
(42.37928693500004, -71.13632621799997)",,,ANGLE,ROADWAY,COLLISION WITH PARKED MOTOR VEHICLE,DAYLIGHT,CLEAR,,NO CONTROLS,,DRY,NOT AT INTERSECTION,"TWO-WAY, NOT DIVIDED",NO,YES,,NON INTERSECTION,,,,,,,,,,,,,,,,,,PAN,MA,LIGHT TRUCK,,,,PARKED,2002,COLLISION WITH MOTOR VEHICLE IN TRAFFIC,RAV4,TOYT,0,,COLLISION WITH MOTOR VEHICLE IN TRAFFIC,,,,LEFT FRONT,,,,,,,,,,,,,,,,,,,,,,,,,PAN,MA,PASSENGER CAR,,,Y,BACKING,2010,COLLISION WITH PARKED MOTOR VEHICLE,CIVIC,HOND,,,COLLISION WITH PARKED MOTOR VEHICLE,,,,RIGHT REAR,,,,WESTBOUND,,,,,,,,,,,OTHER IMPROPER ACTION,,,,,,,,,,UNINVOLVED OWNER,,,,,,,,,,,MALE,,,,Y,UNINVOLVED OWNER,,,,,,,,,,,MALE,,,,Y