Date Time,Day of Week,Object 1,Object 2,Street Number,Street Name,Cross Street,Near Street,Location,May involve cyclist,May Involve Pedestrian,Manner of Collision,First Harmful Event Location,First Harmful Event,Ambient Light,Weather Condition 1,Weather Condition 2,Traffic Control Device Type,Traffic Control Device Functionality,Road Surface Condition,Roadway Junction Type,Trafficway Description,School Bus Related,Work Zone,Speed Limit,Street or Intersection,Intersection Name 1,Intersection Direction 1,Intersection Name 2,Intersection Direction 2,Intersection Name 3,Intersection Direction 3,Street Direction,Nearest Intersection Distance,Nearest Intersection Direction,Landmark Distance,Landmark Direction,Landmark,Mile Marker Direction,Non Public Area,Road Contributing,Damaged Property Type,Description of Damaged Property,V1 Registration Type,v1 State Code,V1 Configuration,V1 Emergency Response,V1 Moped,V1 Hit and Run,V1 Action Prior to Crash,V1 Model Year,V1 Most Harmful Event,V1 Model,V1 Make,V1 Occupant Count,V1 Underride Override,V1 First Event,V1 Second Event,V1 Third Event,V1 Fourth Event,V1 Most Damaged Area,V1 Second Damaged Area,V1 Third Damaged Area,V1 Towed,V1 Travel Direction,V1 Interstate,V1 Cargo Body Type,V1 Gross Weight,V1 Haz Placard,V1 Haz Release,V1 Trailer Reg Type,V1 Trailer Reg Plate,V1 Trailer Reg State,V1 Trailer Reg Year,V1 Trailer Len,V1 Driver Contribution,V1 Driver Contribution 2,V1 Is Truck,V1 Has Trailer,V1 Is Bus,V1 Is Hazmat,V1 Reg Year,V1 Driver Distracted,V1 Bus Use,V1 Tow Use,V2 Registration Type,V2 State Code,V2 Configuration,V2 Emergency Response,V2 Moped,V2 Hit and Run,V2 Action Prior to Crash,V2 Model Year,V2 Most Harmful Event,V2 Model,V2 Make,V2 Occupant Count,V2 Underride Override,V2 First Event,V2 Second Event,V2 Third Event,V2 Fourth Event,V2 Most Damaged Area,V2 Second Damaged Area,V2 Third Damaged Area,V2 Towed,V2 Travel Direction,V2 Interstate,V2 Cargo Body Type,V2 Gross Weight,V2 Haz Placard,V2 Haz Release,V2 Trailer Reg Type,V2 Trailer Reg Plate,V2 Trailer Reg State,V2 Trailer Reg Year,V2 Trailer Len,V2 Driver Contribution,V2 Driver Contribution 2,V2 Is Truck,V2 Has Trailer,V2 Is Bus,V2 Is Hazmat,V2 Reg Year,V2 Driver Distracted,V2 Bus Use,V2 Tow Use,P1 Role,P1 Injury,P1 Drivers Lic State,P1 Drivers Lic Class 1,P1 Drivers Lic Class 2,P1 Drivers Lic Restrict,P1 Non Motorist Desc,P1 Non Motorist Action,P1 Non Motorist Location,P1 Safety Equipment,P1 Age,P1 Sex,P1 Seat Position,P1 Safety System,P1 Trapped,P1 Veh Owner,P2 Role,P2 Injury,P2 Drivers Lic State,P2 Drivers Lic Class 1,P2 Drivers Lic Class 2,P2 Drivers Lic Restrict,P2 Non Motorist Desc,P2 Non Motorist Action,P2 Non Motorist Location,P2 Safety Equipment,P2 Age,P2 Sex,P2 Seat Position,P2 Safety System,P2 Trapped,P2 Veh Owner
9/21/16 8:24,Wednesday,SINGLE UNIT TRUCK (2 AXLES - 6 TIRES),BUS SEATS MORE THAN 15 PEOPLE,,MASSACHUSETTS AVE,MAGOUN ST,,"MASSACHUSETTS AVE &amp; MAGOUN ST
Cambridge, MA
(42.36679362800004, -71.10600609899996)",,,"SIDESWIPE, SAME DIRECTION",ROADWAY,COLLISION WITH MOTOR VEHICLE IN TRAFFIC,DAYLIGHT,CLEAR,CLEAR,NO CONTROLS,,DRY,T-INTERSECTION,"TWO-WAY, DIVIDED, POSITIVE MEDIAN BARRIER",YES,NO,30,INTERSECTION,MASSACHUSETTS AVE,WESTBOUND,MAGOUN ST,,,,,,,,,,,,NONE,,,APN,MA,SINGLE UNIT TRUCK (2 AXLES - 6 TIRES),,,,TRAVELING STRAIGHT AHEAD,2003,COLLISION WITH MOTOR VEHICLE IN TRAFFIC,600,MACK,1,,COLLISION WITH MOTOR VEHICLE IN TRAFFIC,,,,RIGHT FRONT,,,,WESTBOUND,,GARBAGE TRUCK,"MORE THAN 26,000 POUNDS",,,,,,,,NO IMPROPER DRIVING,,Y,,,,2016,NOT DISTRACTED,NOT A BUS,,BUN,MA,BUS SEATS MORE THAN 15 PEOPLE,,,,TURNING LEFT,2016,COLLISION WITH MOTOR VEHICLE IN TRAFFIC,CHASSI,FRHT,10,,COLLISION WITH MOTOR VEHICLE IN TRAFFIC,,,,LEFT SIDE,,,,SOUTHBOUND,,BUS SEATS MORE THAN 15 PEOPLE,"10,001 - 26000 POUNDS",,,,,,,,FAILURE TO KEEP IN PROPER LANE OR RUNNING OFF ROAD,,,,Y,,2016,NOT DISTRACTED,SCHOOL,,OPERATOR/DRIVER,NO INJURY,MASSACHUSETTS,"A, CLASS A VEHICLES",,,,,,,,MALE,"FRONT SEAT - LEFT SIDE, OR MOTORCYLE DRIVER",UNKNOWN,NOT TRAPPED,,OPERATOR/DRIVER,NO INJURY,MASSACHUSETTS,"B, CLASS B VEHICLES",,,,,,,,MALE,"FRONT SEAT - LEFT SIDE, OR MOTORCYLE DRIVER",UNKNOWN,NOT TRAPPED,
4/13/16 17:51,Wednesday,PASSENGER CAR,,33,MASSACHUSETTS AVE,,,"33 MASSACHUSETTS AVE
Cambridge, MA
(42.35825487900007, -71.09306976499994)",1,,ANGLE,,,DAYLIGHT,CLEAR,,NO CONTROLS,,DRY,NOT AT INTERSECTION,"TWO-WAY, NOT DIVIDED",NO,NO,,NON INTERSECTION,,,,,,,NORTHBOUND,,,,,,,,NONE,,,PAN,MA,PASSENGER CAR,,,,SLOWING OR STOPPED IN TRAFFIC,2012,,VENZA,TOYOTA,2,,COLLISION WITH PEDALCYCLE,,,,,,,,NORTHBOUND,,,,,,,,,,,OTHER IMPROPER ACTION,,,,,,,UNKNOWN,,,,,,,,,,,,,,,,,,,,,,,,,,,,,,,,,,,,,,,,,,,,,OPERATOR/DRIVER,,MASSACHUSETTS,"D, CLASS D VEHICLES",,,,,,,,MALE,,,,Y,NON-MOTORIST,,MASSACHUSETTS,,,,,,,,,FEMALE,,,,
7/31/16 21:12,Sunday,PASSENGER CAR,PASSENGER CAR,53,HUBBARD AVE,,RAYMOND ST,"53 HUBBARD AVE
Cambridge, MA
(42.388766220000036, -71.12797633399998)",,,"SIDESWIPE, SAME DIRECTION",ROADWAY,COLLISION WITH PARKED MOTOR VEHICLE,DAYLIGHT,CLEAR,,NO CONTROLS,,DRY,NOT AT INTERSECTION,"TWO-WAY, NOT DIVIDED",,,,NON INTERSECTION,,,,,,,WESTBOUND,,WESTBOUND,,,,,,,,,PAS,MA,PASSENGER CAR,,,,TRAVELING STRAIGHT AHEAD,2006,COLLISION WITH PARKED MOTOR VEHICLE,SIENNA,TOYOTA,4,,COLLISION WITH PARKED MOTOR VEHICLE,COLLISION WITH PARKED MOTOR VEHICLE,,,RIGHT FRONT,CENTER FRONT,,Y,WESTBOUND,,,,,,,,,,,UNKNOWN,,,,,,,UNKNOWN,,YES VEHICLE OR TRAILER DISABLED,PAN,MA,PASSENGER CAR,,,,PARKED,2015,COLLISION WITH MOTOR VEHICLE IN TRAFFIC,CRV,HONDA,0,,COLLISION WITH MOTOR VEHICLE IN TRAFFIC,,,,LEFT SIDE,LEFT REAR,,Y,,,,,,,,,,,,,,,,,,,,,YES VEHICLE OR TRAILER DISABLED,OPERATOR/DRIVER,NON FATAL INJURY - NON INCAPACITATING,MASSACHUSETTS,"D, CLASS D VEHICLES",,,,,,,,FEMALE,"FRONT SEAT - LEFT SIDE, OR MOTORCYLE DRIVER",UNKNOWN,NOT TRAPPED,Y,UNINVOLVED OWNER,,MASSACHUSETTS,"D, CLASS D VEHICLES",,,,,,,,FEMALE,,,,Y
6/21/16 13:10,Tuesday,PASSENGER CAR,LIGHT TRUCK,,CONCORD AVE,,FERN ST,"CONCORD AVE
Cambridge, MA
(42.38675507500005, -71.14068255199999)",,,REAR-END,ROADWAY,COLLISION WITH MOTOR VEHICLE IN TRAFFIC,DAYLIGHT,CLEAR,,NO CONTROLS,,DRY,NOT AT INTERSECTION,"TWO-WAY, NOT DIVIDED",NO,NO,,NON INTERSECTION,,,,,,,,,,,,,,,,,,PAN,MA,PASSENGER CAR,,,,TRAVELING STRAIGHT AHEAD,1998,COLLISION WITH MOTOR VEHICLE IN TRAFFIC,CAMRY,TOYT,1,,COLLISION WITH MOTOR VEHICLE IN TRAFFIC,,,,LEFT FRONT,CENTER FRONT,RIGHT FRONT,,EASTBOUND,,,,,,,,,,,,,,,,,,,,NO,CON,MA,LIGHT TRUCK,,,,SLOWING OR STOPPED IN TRAFFIC,2006,COLLISION WITH MOTOR VEHICLE IN TRAFFIC,CFSERI,INTL,1,,COLLISION WITH MOTOR VEHICLE IN TRAFFIC,,,,NONE,,,Y,EASTBOUND,,,"10,001 - 26000 POUNDS",,,,,,,,NO IMPROPER DRIVING,,Y,,,,,,,NO,OPERATOR/DRIVER,NO INJURY,MASSACHUSETTS,"D, CLASS D VEHICLES",,,,,,,,MALE,"FRONT SEAT - LEFT SIDE, OR MOTORCYLE DRIVER",UNKNOWN,NOT TRAPPED,Y,OPERATOR/DRIVER,NO INJURY,MASSACHUSETTS,,,,,,,,,MALE,"FRONT SEAT - LEFT SIDE, OR MOTORCYLE DRIVER",UNKNOWN,NOT TRAPPED,
10/6/16 19:06,Thursday,PASSENGER CAR,,7,FELTON STREET,,,"7 FELTON STREET
Cambridge, MA
(42.37425489100008, -71.11263020699994)",1,,ANGLE,,,DAYLIGHT,CLEAR,,NO CONTROLS,,,NOT AT INTERSECTION,"ONE-WAY, NOT DIVIDED",NO,NO,,NON INTERSECTION,,,,,,,WESTBOUND,,,,,PARKING GARAGE,,,NONE,,,PAN,MA,PASSENGER CAR,,,,TURNING RIGHT,2006,,G6,PONTIAC,1,,COLLISION WITH PEDALCYCLE,,,,RIGHT SIDE,,,,WESTBOUND,,,,,,,,,,,FAILED TO YIELD THE RIGHT OF WAY,,,,,,,UNKNOWN,,,,,,,,,,,,,,,,,,,,,,,,,,,,,,,,,,,,,,,,,,,,,OPERATOR/DRIVER,,MASSACHUSETTS,"D, CLASS D VEHICLES",,,,,,,,FEMALE,,,,,NON-MOTORIST,,MASSACHUSETTS,"D, CLASS D VEHICLES",,,,,,,,FEMALE,,,,
5/31/16 17:34,Tuesday,LIGHT TRUCK,,,MASSACHUSETTS AVE,,RIVER ST / PROSPECT STREET,"MASSACHUSETTS AVE
Cambridge, MA
(42.393434712000044, -71.12577890299997)",,,,,,DAYLIGHT,CLEAR,,TRAFFIC CONTROL SIGNAL,YES,DRY,NOT AT INTERSECTION,"TWO-WAY, NOT DIVIDED",NO,NO,,NON INTERSECTION,,,,,,,SOUTHBOUND,,,,,,,,NONE,,,PAN,MA,LIGHT TRUCK,,,,TRAVELING STRAIGHT AHEAD,2007,,PILOT,HONDA,2,,,,,,,,,,SOUTHBOUND,,,,,,,,,,,NO IMPROPER DRIVING,,,,,,,NOT DISTRACTED,,,,,,,,,,,,,,,,,,,,,,,,,,,,,,,,,,,,,,,,,,,,,OPERATOR/DRIVER,,MASSACHUSETTS,"D, CLASS D VEHICLES",,,,,,,,MALE,,,,Y,OCCUPANT/PASSENGER,,,,,,,,,,,MALE,,,,
9/12/16 14:11,Monday,LIGHT TRUCK,LIGHT TRUCK,,CONCORD AVE,,,"Cambridge, MA
(42.36679362800004, -71.10600609899996)",,,"SIDESWIPE, SAME DIRECTION",,,DAYLIGHT,CLEAR,CLEAR,NO CONTROLS,,DRY,TRAFFIC CIRCLE,"ONE-WAY, NOT DIVIDED",NO,NO,,INTERSECTION,CONCORD AVE,EASTBOUND,,,,,,,,,,,,,NONE,,,PAN,MA,LIGHT TRUCK,,,,LEAVING TRAFFIC LANE,2016,COLLISION WITH MOTOR VEHICLE IN TRAFFIC,RAV4,TOYOTA,1,,COLLISION WITH MOTOR VEHICLE IN TRAFFIC,COLLISION WITH MOTOR VEHICLE IN TRAFFIC,COLLISION WITH MOTOR VEHICLE IN TRAFFIC,COLLISION WITH MOTOR VEHICLE IN TRAFFIC,LEFT FRONT,,,,EASTBOUND,,,,,,,,,,,NO IMPROPER DRIVING,NO IMPROPER DRIVING,,,,,,NOT DISTRACTED,,,PAN,MA,LIGHT TRUCK,,,,OVERTAKING / PASSING,2005,COLLISION WITH MOTOR VEHICLE IN TRAFFIC,SILVERADO,CHEVY,1,,COLLISION WITH MOTOR VEHICLE IN TRAFFIC,COLLISION WITH MOTOR VEHICLE IN TRAFFIC,COLLISION WITH MOTOR VEHICLE IN TRAFFIC,COLLISION WITH MOTOR VEHICLE IN TRAFFIC,RIGHT REAR,,,,EASTBOUND,,,,,,,,,,,UNKNOWN,UNKNOWN,,,,,,NOT DISTRACTED,,,OPERATOR/DRIVER,,MASSACHUSETTS,"D, CLASS D VEHICLES",,NONE,,,,,,MALE,,,,,OPERATOR/DRIVER,,MASSACHUSETTS,"D, CLASS D VEHICLES","M, CLASS M VEHICLES",UNKNOWN,,,,,,FEMALE,,,,
8/29/16 20:00,Monday,LIGHT TRUCK,,100,CAMBRIDGE SIDE PLACWE,,,"100 CAMBRIDGE SIDE PLACWE
Cambridge, MA
(42.37069956600004, -71.07747672599999)",,,,,,DAYLIGHT,CLEAR,,,,,,,NO,NO,,NON INTERSECTION,,,,,,,,,,,,GALLERIA MALL ( PARKING GARAGE),,,,,,PAN,MA,LIGHT TRUCK,,,,PARKED,2010,,PU,FORD,0,,COLLISION WITH MOTOR VEHICLE IN TRAFFIC,,,,LEFT REAR,LEFT SIDE,,,,,,,,,,,,,,,,,,,,,,,,PAN,MA,,,,Y,UNKNOWN,0,,UNKNOWN,UNKNOWN,1,,COLLISION WITH PARKED MOTOR VEHICLE,,,,,,,,,,,,,,,,,,,UNKNOWN,,,,,,,,,,UNINVOLVED OWNER,,MASSACHUSETTS,"D, CLASS D VEHICLES",,,,,,,,MALE,,,,,OPERATOR/DRIVER,,MASSACHUSETTS,,,,,,,,,UNKNOWN,,,,
6/6/16 10:45,Monday,LIGHT TRUCK,PASSENGER CAR,350,ALLSTON ST,,PUTNAM AVE,"350 ALLSTON ST
Cambridge, MA
(42.36143445500005, -71.11309596499996)",,,ANGLE,ROADWAY,COLLISION WITH PARKED MOTOR VEHICLE,DAYLIGHT,CLEAR,CLOUDY,NO CONTROLS,,DRY,NOT AT INTERSECTION,"ONE-WAY, NOT DIVIDED",NO,NO,,NON INTERSECTION,,,,,,,,,,,,,,,,,,PAN,MA,LIGHT TRUCK,,,,TRAVELING STRAIGHT AHEAD,2006,COLLISION WITH PARKED MOTOR VEHICLE,EXPLOR,FORD,1,,COLLISION WITH PARKED MOTOR VEHICLE,,,,RIGHT FRONT,CENTER FRONT,,,NORTHBOUND,,,,,,,,,,,OTHER IMPROPER ACTION,,,,,,,,,NO,PAN,MA,PASSENGER CAR,,,,PARKED,2006,COLLISION WITH MOTOR VEHICLE IN TRAFFIC,IMPREZ,SUBA,0,,COLLISION WITH MOTOR VEHICLE IN TRAFFIC,,,,TOTAL / ALL AREAS,,,Y,,,,,,,,,,,,,,,,,,,,,YES VEHICLE OR TRAILER DISABLED,OPERATOR/DRIVER,,MASSACHUSETTS,,,,,,,,,MALE,,,,,UNINVOLVED OWNER,,MASSACHUSETTS,,,,,,,,,MALE,,,,Y
6/28/16 11:36,Tuesday,LIGHT TRUCK,LIGHT TRUCK,,LAKEVIEW AV,WORTHINGTON ST.,,"LAKEVIEW AV &amp; WORTHINGTON ST.
Cambridge, MA
(42.36679362800004, -71.10600609899996)",,,ANGLE,ROADWAY,,DAYLIGHT,CLOUDY,,STOP SIGNS,YES,WET,T-INTERSECTION,"ONE-WAY, NOT DIVIDED",NO,NO,,INTERSECTION,LAKEVIEW AV,NORTHBOUND,WORTHINGTON ST.,EASTBOUND,,,,,,,,,,,UNKNOWN,MUNICIPAL,TREES  (SEE NARRATIVE),PAN,MA,LIGHT TRUCK,,,,TRAVELING STRAIGHT AHEAD,2009,COLLISION WITH MOTOR VEHICLE IN TRAFFIC,HIGHLANDER,TOYOTA,4,,COLLISION WITH MOTOR VEHICLE IN TRAFFIC,RAN OFF ROAD LEFT,COLLISION WITH CURB,COLLISION WITH TREE,CENTER FRONT,LEFT SIDE,RIGHT SIDE,Y,NORTHBOUND,,,,,,,,,,,NO IMPROPER DRIVING,,,,,,,UNKNOWN,,YES VEHICLE OR TRAILER DISABLED,PAN,MA,LIGHT TRUCK,,,,ENTERING TRAFFIC LANE,2007,COLLISION WITH MOTOR VEHICLE IN TRAFFIC,ODYSSEY,HONDA,1,,COLLISION WITH MOTOR VEHICLE IN TRAFFIC,,,,RIGHT FRONT,CENTER FRONT,LEFT FRONT,,EASTBOUND,,,,,,,,,,,FAILED TO YIELD THE RIGHT OF WAY,,,,,,,UNKNOWN,,NO,UNINVOLVED OWNER,,,,,,,,,,,MALE,,,,Y,OPERATOR/DRIVER,NO INJURY,MASSACHUSETTS,"D, CLASS D VEHICLES",,,,,,,,FEMALE,"FRONT SEAT - LEFT SIDE, OR MOTORCYLE DRIVER",,NOT TRAPPED,
10/28/16 9:15,Friday,LIGHT TRUCK,LIGHT TRUCK,,MASS AVENUE,MASS AVENUE,,"MASS AVENUE &amp; MASS AVENUE
Cambridge, MA
(42.36679362800004, -71.10600609899996)",,,"SIDESWIPE, SAME DIRECTION",ROADWAY,COLLISION WITH MOTOR VEHICLE IN TRAFFIC,DAYLIGHT,"SLEET, HAIL, FREEZING RAIN OR DRIZZLE",CLOUDY,NO CONTROLS,,UNKNOWN,Y-INTERSECTION,"TWO-WAY, NOT DIVIDED",NO,NO,25,INTERSECTION,MASS AVENUE,NORTHBOUND,MASS AVENUE,NORTHBOUND,,,,,,,,,,,UNKNOWN,,,CON,MA,LIGHT TRUCK,,,Y,TRAVELING STRAIGHT AHEAD,2014,COLLISION WITH MOTOR VEHICLE IN TRAFFIC,EXPRESS,CHEVY,1,,COLLISION WITH MOTOR VEHICLE IN TRAFFIC,,,,RIGHT FRONT,,,,NORTHBOUND,,,,,,,,,,,,,,,,,,UNKNOWN,,NO,PAN,MA,LIGHT TRUCK,,,Y,TRAVELING STRAIGHT AHEAD,2003,COLLISION WITH MOTOR VEHICLE IN TRAFFIC,ESCALADE,CADILLAC,1,,COLLISION WITH MOTOR VEHICLE IN TRAFFIC,,,,UNKNOWN,,,,NORTHBOUND,,,,,,,,,,,,,,,,,,UNKNOWN,,,OPERATOR/DRIVER,NO INJURY,MASSACHUSETTS,"D, CLASS D VEHICLES",,,,,,,,MALE,"FRONT SEAT - LEFT SIDE, OR MOTORCYLE DRIVER",SHOULDER AND LAP BELT USED,NOT TRAPPED,,UNINVOLVED OWNER,,NEW HAMPSHIRE,,,,,,,,,UNKNOWN,,,,Y
10/19/16 19:52,Wednesday,PASSENGER CAR,PASSENGER CAR,9,WOODBRIDGE STREET,,,"9 WOODBRIDGE STREET
Cambridge, MA
(42.395924929000046, -71.12791572599997)",,,,,,DAYLIGHT,CLEAR,,,NO,DRY,NOT AT INTERSECTION,"ONE-WAY, NOT DIVIDED",NO,NO,,NON INTERSECTION,,,,,,,EASTBOUND,,,,,,,,NONE,,,PAN,MA,PASSENGER CAR,,,,PARKED,2015,,3,MAZDA,0,,COLLISION WITH MOTOR VEHICLE IN TRAFFIC,,,,LEFT FRONT,,,,,,,,,,,,,,,,,,,,,,,,,PAN,MA,PASSENGER CAR,,,Y,UNKNOWN,0,,UNKNOWN,UNKNOWN,1,,COLLISION WITH PARKED MOTOR VEHICLE,,,,,,,,,,,,,,,,,,,,,,,,,,UNKNOWN,,,UNINVOLVED OWNER,,MASSACHUSETTS,"D, CLASS D VEHICLES",,,,,,,,MALE,,,,,OPERATOR/DRIVER,,MASSACHUSETTS,"D, CLASS D VEHICLES",,,,,,,,UNKNOWN,,,,
4/15/16 15:20,Friday,PASSENGER CAR,PASSENGER CAR,600,MAIN ST,,,"600 MAIN ST
Cambridge, MA
(42.36285174400007, -71.09224223599995)",,,"SIDESWIPE, SAME DIRECTION",UNKNOWN,COLLISION WITH MOTOR VEHICLE IN TRAFFIC,DAYLIGHT,CLEAR,,NO CONTROLS,,DRY,NOT AT INTERSECTION,"TWO-WAY, DIVIDED, UNPROTECTED MEDIAN",NO,NO,,NON INTERSECTION,,,,,,,SOUTHBOUND,,,,,,,,NONE,,,PAN,MA,PASSENGER CAR,,,,TRAVELING STRAIGHT AHEAD,2004,COLLISION WITH MOTOR VEHICLE IN TRAFFIC,MARQUI,MERCURY,1,,COLLISION WITH MOTOR VEHICLE IN TRAFFIC,,,,RIGHT FRONT,,,,SOUTHBOUND,,,,,,,,,,,NO IMPROPER DRIVING,,,,,,,NOT DISTRACTED,,,PAN,MA,PASSENGER CAR,,,,PARKED,2012,COLLISION WITH MOTOR VEHICLE IN TRAFFIC,PRIUS,TOYOTA,1,,COLLISION WITH MOTOR VEHICLE IN TRAFFIC,,,,LEFT FRONT,LEFT SIDE,,,SOUTHBOUND,,,,,,,,,,,FAILED TO YIELD THE RIGHT OF WAY,,,,,,,UNKNOWN,,,OPERATOR/DRIVER,NON FATAL INJURY - POSSIBLE,MASSACHUSETTS,,,,,,,,,MALE,"FRONT SEAT - LEFT SIDE, OR MOTORCYLE DRIVER",SHOULDER AND LAP BELT USED,NOT TRAPPED,Y,OPERATOR/DRIVER,,MASSACHUSETTS,,,,,,,,,MALE,"FRONT SEAT - LEFT SIDE, OR MOTORCYLE DRIVER",SHOULDER AND LAP BELT USED,NOT TRAPPED,
9/15/16 19:18,Thursday,LIGHT TRUCK,OTHER,,FIFTH STREET,,CAMBRIDGE STREET,"FIFTH STREET
Cambridge, MA
(42.36507728200007, -71.08461179099999)",,,,,,DAYLIGHT,CLEAR,,STOP SIGNS,,DRY,T-INTERSECTION,"TWO-WAY, NOT DIVIDED",NO,NO,,NON INTERSECTION,,,,,,,NORTHBOUND,,WESTBOUND,,,,,,NONE,,,PAN,MA,LIGHT TRUCK,,,,TRAVELING STRAIGHT AHEAD,2014,,EXPEDITION,FORD,1,,COLLISION WITH MOPED,,,,RIGHT FRONT,OTHER,,,NORTHBOUND,,,,,,,,,,,NO IMPROPER DRIVING,,,,,,,NOT DISTRACTED,,,,MA,OTHER,,,,TRAVELING STRAIGHT AHEAD,0,,SCOOTER,CYGNAS,1,,COLLISION WITH MOTOR VEHICLE IN TRAFFIC,,,,,,,Y,WESTBOUND,,,,,,,,,,,"OPERATING VEHICLE IN ERRATIC, RECKLESS, CARELESS,",DRIVING TOO FAST FOR CONDITIONS,,,,,,UNKNOWN,,YES VEHICLE OR TRAILER DISABLED,OPERATOR/DRIVER,,MASSACHUSETTS,"D, CLASS D VEHICLES",,,,,,,,FEMALE,,,,Y,OPERATOR/DRIVER,,MASSACHUSETTS,"D, CLASS D VEHICLES",,,,,,,,MALE,,,,Y
4/18/16 9:38,Monday,LIGHT TRUCK,LIGHT TRUCK,250,MASS AVE,,,"250 MASS AVE
Cambridge, MA
(42.361474083000076, -71.09714563599994)",,,HEAD ON,ROADWAY,COLLISION WITH MOTOR VEHICLE IN TRAFFIC,DAYLIGHT,CLEAR,,STOP SIGNS,YES,DRY,NOT AT INTERSECTION,"TWO-WAY, DIVIDED, UNPROTECTED MEDIAN",NO,NO,35,NON INTERSECTION,,,,,,,WESTBOUND,,,,,,,,NONE,,,PAN,VA,LIGHT TRUCK,,,,TURNING LEFT,2014,COLLISION WITH MOTOR VEHICLE IN TRAFFIC,CRV,HONDA,2,,COLLISION WITH MOTOR VEHICLE IN TRAFFIC,COLLISION WITH MOTOR VEHICLE IN TRAFFIC,,,CENTER FRONT,UNDERCARRIAGE,,Y,EASTBOUND,,,,,,,,,,,FAILED TO YIELD THE RIGHT OF WAY,,,,,,,UNKNOWN,,YES VEHICLE OR TRAILER DISABLED,PAN,MA,LIGHT TRUCK,,,,TRAVELING STRAIGHT AHEAD,2002,COLLISION WITH MOTOR VEHICLE IN TRAFFIC,TRIBUTE,MAZDA,3,,COLLISION WITH MOTOR VEHICLE IN TRAFFIC,,,,CENTER FRONT,UNDERCARRIAGE,,Y,,,,,,,,,,,,NO IMPROPER DRIVING,,,,,,,,,YES VEHICLE OR TRAILER DISABLED,OPERATOR/DRIVER,NO INJURY,VIRGINIA,,,,,,,,,FEMALE,"FRONT SEAT - LEFT SIDE, OR MOTORCYLE DRIVER",SHOULDER AND LAP BELT USED,NOT TRAPPED,,OCCUPANT/PASSENGER,,,,,,,,,,,MALE,FRONT SEAT - RIGHT SIDE,SHOULDER AND LAP BELT USED,NOT TRAPPED,
6/20/16 11:15,Monday,PASSENGER CAR,PASSENGER CAR,,GARFIELD ST,,MASS AVE,"GARFIELD ST
Cambridge, MA
(42.38369733600007, -71.11777828399994)",,,ANGLE,ROADWAY,COLLISION WITH PARKED MOTOR VEHICLE,DAYLIGHT,CLEAR,,,,DRY,NOT AT INTERSECTION,"TWO-WAY, NOT DIVIDED",NO,NO,,NON INTERSECTION,,,,,,,,,,,,,,,,,,PAN,MA,PASSENGER CAR,,,,BACKING,2000,COLLISION WITH PARKED MOTOR VEHICLE,CAMRY,TOYT,1,,COLLISION WITH PARKED MOTOR VEHICLE,,,,RIGHT REAR,,,,SOUTHBOUND,,,,,,,,,,,,,,,,,,,,NO,PAN,MA,PASSENGER CAR,,,,PARKED,2002,COLLISION WITH MOTOR VEHICLE IN TRAFFIC,CIVIC,HOND,0,,COLLISION WITH MOTOR VEHICLE IN TRAFFIC,,,,LEFT SIDE,,,,,,,,,,,,,,,,,,,,,,,,NO,OPERATOR/DRIVER,NO INJURY,MASSACHUSETTS,"D, CLASS D VEHICLES",,,,,,,,FEMALE,"FRONT SEAT - LEFT SIDE, OR MOTORCYLE DRIVER",UNKNOWN,NOT TRAPPED,Y,UNINVOLVED OWNER,,,,,,,,,,,FEMALE,,,,Y
9/29/16 18:08,Thursday,PASSENGER CAR,LIGHT TRUCK,29,PUTNAM AVENUE,,GREEN STREET,"29 PUTNAM AVENUE
Cambridge, MA
(42.369133970000064, -71.11349690899993)",,,"SIDESWIPE, SAME DIRECTION",ROADWAY,COLLISION WITH PARKED MOTOR VEHICLE,DARK - LIGHTED ROADWAY,CLEAR,,NO CONTROLS,,DRY,NOT AT INTERSECTION,"TWO-WAY, DIVIDED, UNPROTECTED MEDIAN",NO,NO,30,NON INTERSECTION,,,,,,,EASTBOUND,30,WESTBOUND,,,,,,NONE,,,PAN,MA,PASSENGER CAR,,,,TRAVELING STRAIGHT AHEAD,2015,COLLISION WITH PARKED MOTOR VEHICLE,CAMRY,TOYOTA,3,,COLLISION WITH PARKED MOTOR VEHICLE,,,,CENTER FRONT,RIGHT FRONT,,Y,EASTBOUND,,,,,,,,,,,UNKNOWN,,,,,,,UNKNOWN,,YES VEHICLE OR TRAILER DISABLED,PAN,MA,LIGHT TRUCK,,,,PARKED,2008,,FOREST,SUBARU,0,,,,,,LEFT REAR,LEFT SIDE,LEFT FRONT,,EASTBOUND,,,,,,,,,,,NO IMPROPER DRIVING,,,,,,,NOT DISTRACTED,,NO,OPERATOR/DRIVER,NON FATAL INJURY - POSSIBLE,MASSACHUSETTS,"D, CLASS D VEHICLES",,NONE,,,,,,MALE,"FRONT SEAT - LEFT SIDE, OR MOTORCYLE DRIVER",UNKNOWN,NOT TRAPPED,,OCCUPANT/PASSENGER,NO INJURY,,,,,,,,,,MALE,FRONT SEAT - RIGHT SIDE,UNKNOWN,NOT TRAPPED,
8/28/16 15:59,Sunday,PASSENGER CAR,PASSENGER CAR,2440,MASSACHUSETTS AVE,,CEDAR STREET,"2440 MASSACHUSETTS AVE
Cambridge, MA
(42.398135946000025, -71.13113959299994)",,,REAR-END,ROADWAY,COLLISION WITH MOTOR VEHICLE IN TRAFFIC,DAYLIGHT,CLEAR,,TRAFFIC CONTROL SIGNAL,YES,DRY,NOT AT INTERSECTION,"TWO-WAY, DIVIDED, UNPROTECTED MEDIAN",NO,NO,30,NON INTERSECTION,,,,,,,EASTBOUND,,,,,,,,NONE,,,PAN,MA,PASSENGER CAR,,,,SLOWING OR STOPPED IN TRAFFIC,2007,COLLISION WITH MOTOR VEHICLE IN TRAFFIC,CAMRY,TOYOTA,1,,COLLISION WITH MOTOR VEHICLE IN TRAFFIC,,,,REAR CENTER,,,,EASTBOUND,,,,,,,,,,,NO IMPROPER DRIVING,,,,,,,NOT DISTRACTED,,,PAN,MA,PASSENGER CAR,,,,,2015,COLLISION WITH MOTOR VEHICLE IN TRAFFIC,COROLLA,TOYOTA,1,,COLLISION WITH MOTOR VEHICLE IN TRAFFIC,,,,CENTER FRONT,,,Y,EASTBOUND,,,,,,,,,,,FOLLOWED TO CLOSELY,,,,,,,UNKNOWN,,YES VEHICLE OR TRAILER DISABLED,OPERATOR/DRIVER,NO INJURY,MASSACHUSETTS,"D, CLASS D VEHICLES",,,,,,,,FEMALE,"FRONT SEAT - LEFT SIDE, OR MOTORCYLE DRIVER",UNKNOWN,NOT TRAPPED,Y,OPERATOR/DRIVER,NO INJURY,MASSACHUSETTS,"D, CLASS D VEHICLES",,UNKNOWN,,,,,,MALE,"FRONT SEAT - LEFT SIDE, OR MOTORCYLE DRIVER",UNKNOWN,NOT TRAPPED,Y