Date Time,Day of Week,Object 1,Object 2,Street Number,Street Name,Cross Street,Near Street,Location,May involve cyclist,May Involve Pedestrian,Manner of Collision,First Harmful Event Location,First Harmful Event,Ambient Light,Weather Condition 1,Weather Condition 2,Traffic Control Device Type,Traffic Control Device Functionality,Road Surface Condition,Roadway Junction Type,Trafficway Description,School Bus Related,Work Zone,Speed Limit,Street or Intersection,Intersection Name 1,Intersection Direction 1,Intersection Name 2,Intersection Direction 2,Intersection Name 3,Intersection Direction 3,Street Direction,Nearest Intersection Distance,Nearest Intersection Direction,Landmark Distance,Landmark Direction,Landmark,Mile Marker Direction,Non Public Area,Road Contributing,Damaged Property Type,Description of Damaged Property,V1 Registration Type,v1 State Code,V1 Configuration,V1 Emergency Response,V1 Moped,V1 Hit and Run,V1 Action Prior to Crash,V1 Model Year,V1 Most Harmful Event,V1 Model,V1 Make,V1 Occupant Count,V1 Underride Override,V1 First Event,V1 Second Event,V1 Third Event,V1 Fourth Event,V1 Most Damaged Area,V1 Second Damaged Area,V1 Third Damaged Area,V1 Towed,V1 Travel Direction,V1 Interstate,V1 Cargo Body Type,V1 Gross Weight,V1 Haz Placard,V1 Haz Release,V1 Trailer Reg Type,V1 Trailer Reg Plate,V1 Trailer Reg State,V1 Trailer Reg Year,V1 Trailer Len,V1 Driver Contribution,V1 Driver Contribution 2,V1 Is Truck,V1 Has Trailer,V1 Is Bus,V1 Is Hazmat,V1 Reg Year,V1 Driver Distracted,V1 Bus Use,V1 Tow Use,V2 Registration Type,V2 State Code,V2 Configuration,V2 Emergency Response,V2 Moped,V2 Hit and Run,V2 Action Prior to Crash,V2 Model Year,V2 Most Harmful Event,V2 Model,V2 Make,V2 Occupant Count,V2 Underride Override,V2 First Event,V2 Second Event,V2 Third Event,V2 Fourth Event,V2 Most Damaged Area,V2 Second Damaged Area,V2 Third Damaged Area,V2 Towed,V2 Travel Direction,V2 Interstate,V2 Cargo Body Type,V2 Gross Weight,V2 Haz Placard,V2 Haz Release,V2 Trailer Reg Type,V2 Trailer Reg Plate,V2 Trailer Reg State,V2 Trailer Reg Year,V2 Trailer Len,V2 Driver Contribution,V2 Driver Contribution 2,V2 Is Truck,V2 Has Trailer,V2 Is Bus,V2 Is Hazmat,V2 Reg Year,V2 Driver Distracted,V2 Bus Use,V2 Tow Use,P1 Role,P1 Injury,P1 Drivers Lic State,P1 Drivers Lic Class 1,P1 Drivers Lic Class 2,P1 Drivers Lic Restrict,P1 Non Motorist Desc,P1 Non Motorist Action,P1 Non Motorist Location,P1 Safety Equipment,P1 Age,P1 Sex,P1 Seat Position,P1 Safety System,P1 Trapped,P1 Veh Owner,P2 Role,P2 Injury,P2 Drivers Lic State,P2 Drivers Lic Class 1,P2 Drivers Lic Class 2,P2 Drivers Lic Restrict,P2 Non Motorist Desc,P2 Non Motorist Action,P2 Non Motorist Location,P2 Safety Equipment,P2 Age,P2 Sex,P2 Seat Position,P2 Safety System,P2 Trapped,P2 Veh Owner
5/24/16 9:51,Tuesday,SINGLE UNIT TRUCK (2 AXLES - 6 TIRES),SINGLE UNIT TRUCK (2 AXLES - 6 TIRES),,BRATTLE ST,FARWELL PL.,,"BRATTLE ST &amp; FARWELL PL.
Cambridge, MA
(42.36679362800004, -71.10600609899996)",,,REAR-END,ROADWAY,COLLISION WITH MOTOR VEHICLE IN TRAFFIC,DAYLIGHT,RAIN,CLOUDY,NO CONTROLS,,WET,T-INTERSECTION,"ONE-WAY, NOT DIVIDED",NO,NO,,INTERSECTION,BRATTLE ST,NORTHBOUND,FARWELL PL.,WESTBOUND,,,,,,,,,,,NONE,,,APN,MA,SINGLE UNIT TRUCK (2 AXLES - 6 TIRES),,,,BACKING,2013,COLLISION WITH MOTOR VEHICLE IN TRAFFIC,M2,FRGHT,1,,COLLISION WITH OTHER MOVABLE OBJECT,,,,REAR CENTER,,,,NORTHBOUND,,OTHER,,,,,,,,,INATTENTION,,Y,,,,,OTHER ACTIVITY,,NO,CON,MA,SINGLE UNIT TRUCK (2 AXLES - 6 TIRES),,,,TRAVELING STRAIGHT AHEAD,2015,COLLISION WITH MOTOR VEHICLE IN TRAFFIC,LGHTCON,FORD,1,,COLLISION WITH MOTOR VEHICLE IN TRAFFIC,,,,CENTER FRONT,,,,,,OTHER,,,,,,,,,INATTENTION,,Y,,,,,,,NO,OPERATOR/DRIVER,NO INJURY,MASSACHUSETTS,"A, CLASS A VEHICLES",,,,,,,,MALE,"FRONT SEAT - LEFT SIDE, OR MOTORCYLE DRIVER",SHOULDER AND LAP BELT USED,NOT TRAPPED,,OPERATOR/DRIVER,NO INJURY,MASSACHUSETTS,"B, CLASS B VEHICLES",,,,,,,,MALE,"FRONT SEAT - LEFT SIDE, OR MOTORCYLE DRIVER",SHOULDER AND LAP BELT USED,NOT TRAPPED,
5/20/16 13:52,Friday,OTHER,PASSENGER CAR,19,FOLLEN,,,"19 FOLLEN
Cambridge, MA
(42.378660049000075, -71.12225052899998)",,,SINGLE VEHICLE CRASH,ROADWAY,COLLISION WITH PARKED MOTOR VEHICLE,DAYLIGHT,CLEAR,,,,,NOT AT INTERSECTION,"ONE-WAY, NOT DIVIDED",,,30,NON INTERSECTION,,,,,,,SOUTHBOUND,,,,,,,,NONE,,,CON,MA,OTHER,,,,BACKING,2008,COLLISION WITH PARKED MOTOR VEHICLE,TOW TRUCK,FORD,1,,COLLISION WITH PARKED MOTOR VEHICLE,,,,,,,,,,,,,,,,,,,INATTENTION,,,,,,,,,,PAN,MA,PASSENGER CAR,,,,PARKED,2006,,COOPER,MINI,0,,OTHER,,,,LEFT SIDE,LEFT FRONT,LEFT REAR,,,,,,,,,,,,,,,,,,,,,,,OPERATOR/DRIVER,NO INJURY,MASSACHUSETTS,"B, CLASS B VEHICLES","M, CLASS M VEHICLES",,,,,,,MALE,"FRONT SEAT - LEFT SIDE, OR MOTORCYLE DRIVER",UNKNOWN,NOT TRAPPED,,UNINVOLVED OWNER,,MASSACHUSETTS,"D, CLASS D VEHICLES",,,,,,,,MALE,,,,Y
4/6/16 16:03,Wednesday,LIGHT TRUCK,,,SOMERVILLE AVE,WHITE STREET,,"SOMERVILLE AVE &amp; WHITE STREET
Cambridge, MA
(42.36679362800004, -71.10600609899996)",,1,,,,DAYLIGHT,CLEAR,,TRAFFIC CONTROL SIGNAL,YES,DRY,T-INTERSECTION,,YES,NO,,INTERSECTION,SOMERVILLE AVE,WESTBOUND,WHITE STREET,NORTHBOUND,,,,,,,,,,,,,,,,LIGHT TRUCK,,,Y,TRAVELING STRAIGHT AHEAD,,,,,2,,COLLISION WITH PEDESTRIAN,,,,,,,,,,,,,,,,,,,,,,,,,,,,,,,,,,,,,,,,,,,,,,,,,,,,,,,,,,,,,,,,,,,,,,,NON-MOTORIST,UNKNOWN,,,,,,,,,,FEMALE,,,,,,,,,,,,,,,,,,,,
10/30/16 14:35,Sunday,PASSENGER CAR,,350,REAR OF BROOKLINE ST.,,,"350 REAR OF BROOKLINE ST.
Cambridge, MA
(42.36679362800004, -71.10600609899996)",,,SINGLE VEHICLE CRASH,ROADSIDE,COLLISION WITH LIGHT POLE OR OTHER POST/SUPPORT,DAYLIGHT,CLEAR,CLEAR,NO CONTROLS,,DRY,NOT AT INTERSECTION,,NO,NO,,NON INTERSECTION,,,,,,,WESTBOUND,,,,,,,,UNKNOWN,,,PAN,MA,PASSENGER CAR,,,Y,UNKNOWN,2004,COLLISION WITH LIGHT POLE OR OTHER POST/SUPPORT,CIVIC,HONDA,0,,COLLISION WITH LIGHT POLE OR OTHER POST/SUPPORT,COLLISION WITH LIGHT POLE OR OTHER POST/SUPPORT,COLLISION WITH LIGHT POLE OR OTHER POST/SUPPORT,COLLISION WITH LIGHT POLE OR OTHER POST/SUPPORT,LEFT FRONT,CENTER FRONT,RIGHT FRONT,,UNKNOWN,,,,,,,,,,,"OPERATING VEHICLE IN ERRATIC, RECKLESS, CARELESS,","OPERATING VEHICLE IN ERRATIC, RECKLESS, CARELESS,",,,,,,UNKNOWN,,YES VEHICLE OR TRAILER DISABLED,,,,,,,,,,,,,,,,,,,,,,,,,,,,,,,,,,,,,,,,,,,UNINVOLVED OWNER,,MASSACHUSETTS,,,,,,,,34,MALE,UNKNOWN,UNKNOWN,NOT TRAPPED,Y,,,,,,,,,,,,,,,,
6/27/16 12:22,Monday,LIGHT TRUCK,PASSENGER CAR,3,PHILLIPS PL,,,"3 PHILLIPS PL
Cambridge, MA
(42.37652695100007, -71.12364171399997)",,,REAR-END,,,UNKNOWN,UNKNOWN,,NO CONTROLS,,UNKNOWN,NOT AT INTERSECTION,"ONE-WAY, NOT DIVIDED",NO,NO,,NON INTERSECTION,,,,,,,,,,,,,,,UNKNOWN,,,PAN,MA,LIGHT TRUCK,,,,PARKED,2014,,FORESTER,SUBARU,0,,COLLISION WITH MOTOR VEHICLE IN TRAFFIC,,,,REAR CENTER,,,,,,,,,,,,,,,NO IMPROPER DRIVING,,,,,,,NOT DISTRACTED,,,PAN,MA,PASSENGER CAR,,,Y,UNKNOWN,2007,,CIVIC,HONDA,1,,,,,,UNKNOWN,UNKNOWN,UNKNOWN,,,,,,,,,,,,,UNKNOWN,,,,,,,UNKNOWN,,,UNINVOLVED OWNER,,MASSACHUSETTS,,,,,,,,,FEMALE,,,,Y,UNINVOLVED OWNER,,MASSACHUSETTS,,,,,,,,,FEMALE,,,,Y
5/26/16 12:34,Thursday,PASSENGER CAR,PASSENGER CAR,1414,CAMBRIDGE,,BRATTLE STREET,"1414 CAMBRIDGE
Cambridge, MA
(42.37380418600003, -71.10153871299997)",,,"SIDESWIPE, SAME DIRECTION",,,DAYLIGHT,CLEAR,,NO CONTROLS,,DRY,NOT AT INTERSECTION,"TWO-WAY, DIVIDED, UNPROTECTED MEDIAN",NO,NO,,NON INTERSECTION,,,,,,,EASTBOUND,,,,,,,,NONE,,,PAN,MA,PASSENGER CAR,,,,TRAVELING STRAIGHT AHEAD,2012,COLLISION WITH MOTOR VEHICLE IN TRAFFIC,ACCORD,HONDA,1,,COLLISION WITH MOTOR VEHICLE IN TRAFFIC,,,,RIGHT SIDE,,,,EASTBOUND,,,,,,,,,,,NO IMPROPER DRIVING,NO IMPROPER DRIVING,,,,,,UNKNOWN,,,PAN,MA,PASSENGER CAR,,,,SLOWING OR STOPPED IN TRAFFIC,2015,COLLISION WITH MOTOR VEHICLE IN TRAFFIC,CAMRY,TOYOTA,1,,COLLISION WITH MOTOR VEHICLE IN TRAFFIC,,,,LEFT SIDE,,,,EASTBOUND,,,,,,,,,,,"DISREGARDED TRAFFIC SIGNS, SIGNALS, ROAD MARKINGS",,,,,,,,,,OPERATOR/DRIVER,,MASSACHUSETTS,"D, CLASS D VEHICLES",,,,,,,,MALE,,,,Y,OPERATOR/DRIVER,,MASSACHUSETTS,"D, CLASS D VEHICLES",,,,,,,,MALE,,,,Y
4/7/16 22:10,Thursday,LIGHT TRUCK,LIGHT TRUCK,,WINDSOR STREET,,MAIN STREET,"WINDSOR STREET
Cambridge, MA
(42.365125834000025, -71.09614721399998)",,,"SIDESWIPE, SAME DIRECTION",,,DUSK,RAIN,,,,WET,NOT AT INTERSECTION,"TWO-WAY, NOT DIVIDED",NO,NO,,NON INTERSECTION,,,,,,,,,,,,,,,NONE,,,PAN,MA,LIGHT TRUCK,,,,PARKED,2015,,RAV-4,TOYOTA,0,,COLLISION WITH MOTOR VEHICLE IN TRAFFIC,,,,LEFT FRONT,,,,,,,,,,,,,,,,,,,,,,,,,UNKNOWN,,LIGHT TRUCK,,,,TRAVELING STRAIGHT AHEAD,,,UNKNOWN,UNKNOWN,1,,COLLISION WITH PARKED MOTOR VEHICLE,,,,,,,,NORTHBOUND,,,,,,,,,,,UNKNOWN,,,,,,,UNKNOWN,,,OPERATOR/DRIVER,,MASSACHUSETTS,"D, CLASS D VEHICLES",,,,,,,,MALE,,,,,UNINVOLVED OWNER,,,,,,,,,,,UNKNOWN,,,,
8/27/16 20:02,Saturday,LIGHT TRUCK,PASSENGER CAR,,WEBSTER AVE,,YORK ST,"WEBSTER AVE
Cambridge, MA
(42.36984510100007, -71.09332371599999)",,,"SIDESWIPE, SAME DIRECTION",ROADWAY,COLLISION WITH PARKED MOTOR VEHICLE,DAYLIGHT,CLEAR,CLEAR,NO CONTROLS,,DRY,T-INTERSECTION,"TWO-WAY, NOT DIVIDED",,,30,NON INTERSECTION,WEBSTER AVE,,,,,,,,,,,,,,NONE,,,,AZ,LIGHT TRUCK,,,,TRAVELING STRAIGHT AHEAD,2016,COLLISION WITH PARKED MOTOR VEHICLE,F,FORD,1,,COLLISION WITH PARKED MOTOR VEHICLE,,,,RIGHT REAR,,,,,,,,,,,,,,,UNKNOWN,,,,,,,,,,PAN,MA,PASSENGER CAR,,,,PARKED,2006,COLLISION WITH MOTOR VEHICLE IN TRAFFIC,6,MAZDA,0,,COLLISION WITH MOTOR VEHICLE IN TRAFFIC,,,,LEFT FRONT,,,,,,,,,,,,,,,,,,,,,,,,,OPERATOR/DRIVER,,MASSACHUSETTS,,,,,,,,,MALE,"FRONT SEAT - LEFT SIDE, OR MOTORCYLE DRIVER",UNKNOWN,,,UNINVOLVED OWNER,,,,,,,,,,,,,,,Y
7/10/16 18:23,Sunday,PASSENGER CAR,LIGHT TRUCK,,PLEASANT ST EXT,DRIVEWAY OF 777 MEMORIAL DRIVE,DRIVEWAY OF 777 MEMORIAL DRIVE,"PLEASANT ST EXT &amp; DRIVEWAY OF 777 MEMORIAL DRIVE
Cambridge, MA
(42.36679362800004, -71.10600609899996)",,,ANGLE,ROADWAY,COLLISION WITH MOTOR VEHICLE IN TRAFFIC,DAYLIGHT,CLOUDY,,NO CONTROLS,,DRY,T-INTERSECTION,"TWO-WAY, DIVIDED, UNPROTECTED MEDIAN",NO,NO,,INTERSECTION,PLEASANT ST EXT,EASTBOUND,DRIVEWAY OF 777 MEMORIAL DRIVE,,,,EASTBOUND,,,,,,,,NONE,,,PAN,MA,PASSENGER CAR,,,,TURNING RIGHT,2007,COLLISION WITH MOTOR VEHICLE IN TRAFFIC,3,MAZDA,1,,COLLISION WITH MOTOR VEHICLE IN TRAFFIC,,,,LEFT FRONT,CENTER FRONT,RIGHT FRONT,,EASTBOUND,,,,,,,,,,,NO IMPROPER DRIVING,,,,,,,NOT DISTRACTED,,,PAN,MA,LIGHT TRUCK,,,,TRAVELING STRAIGHT AHEAD,2015,COLLISION WITH MOTOR VEHICLE IN TRAFFIC,RANGE ROVER,LAND ROVER,1,,COLLISION WITH MOTOR VEHICLE IN TRAFFIC,,,,RIGHT FRONT,,,,EASTBOUND,,,,,,,,,,,NO IMPROPER DRIVING,,,,,,,NOT DISTRACTED,,,OPERATOR/DRIVER,NO INJURY,MASSACHUSETTS,"D, CLASS D VEHICLES",,,,,,,,MALE,"FRONT SEAT - LEFT SIDE, OR MOTORCYLE DRIVER",SHOULDER AND LAP BELT USED,NOT TRAPPED,Y,OPERATOR/DRIVER,NO INJURY,MASSACHUSETTS,"D, CLASS D VEHICLES",,,,,,,,MALE,"FRONT SEAT - LEFT SIDE, OR MOTORCYLE DRIVER",SHOULDER AND LAP BELT USED,NOT TRAPPED,Y
9/18/16 16:45,Sunday,LIGHT TRUCK,LIGHT TRUCK,1414,MASS AVE,,CHURCH STREET,"1414 MASS AVE
Cambridge, MA
(42.37383184500004, -71.11891235599995)",,,"SIDESWIPE, SAME DIRECTION",ROADWAY,COLLISION WITH MOTOR VEHICLE IN TRAFFIC,DAYLIGHT,CLOUDY,CLOUDY,TRAFFIC CONTROL SIGNAL,YES,DRY,NOT AT INTERSECTION,"TWO-WAY, NOT DIVIDED",NO,NO,,NON INTERSECTION,,,,,,,NORTHBOUND,,,,,,,,NONE,,,PAN,MA,LIGHT TRUCK,,,Y,TRAVELING STRAIGHT AHEAD,2016,COLLISION WITH MOTOR VEHICLE IN TRAFFIC,SCION,TOYOTA,3,,COLLISION WITH MOTOR VEHICLE IN TRAFFIC,COLLISION WITH MOTOR VEHICLE IN TRAFFIC,COLLISION WITH MOTOR VEHICLE IN TRAFFIC,,LEFT SIDE,,,,NORTHBOUND,,,,,,,,,,,UNKNOWN,,,,,,,UNKNOWN,,,PAN,MA,LIGHT TRUCK,,,Y,UNKNOWN,2015,COLLISION WITH MOTOR VEHICLE IN TRAFFIC,ROGUE,NISSAN,1,,COLLISION WITH MOTOR VEHICLE IN TRAFFIC,COLLISION WITH MOTOR VEHICLE IN TRAFFIC,,,RIGHT FRONT,,,,NORTHBOUND,,,,,,,,,,,UNKNOWN,,,,,,,UNKNOWN,,,OPERATOR/DRIVER,NON FATAL INJURY - POSSIBLE,MASSACHUSETTS,"D, CLASS D VEHICLES",,,,,,,,MALE,"FRONT SEAT - LEFT SIDE, OR MOTORCYLE DRIVER",SHOULDER AND LAP BELT USED,NOT TRAPPED,Y,OCCUPANT/PASSENGER,NON FATAL INJURY - POSSIBLE,,"D, CLASS D VEHICLES",,,,,,,,MALE,SECOND SEAT - LEFT SIDE OR MOTORCYLCE PASSENGER,SHOULDER AND LAP BELT USED,NOT TRAPPED,
4/12/16 21:39,Tuesday,PASSENGER CAR,,,BRATTLE STREET,JFK STREET,,"BRATTLE STREET &amp; JFK STREET
Cambridge, MA
(42.36679362800004, -71.10600609899996)",1,,"SIDESWIPE, SAME DIRECTION",ROADWAY,COLLISION WITH PEDALCYCLE,DAYLIGHT,CLEAR,,TRAFFIC CONTROL SIGNAL,YES,OTHER,Y-INTERSECTION,"ONE-WAY, NOT DIVIDED",NO,NO,,INTERSECTION,BRATTLE STREET,WESTBOUND,JFK STREET,NORTHBOUND,,,,,,,,,,,NONE,,,PAN,MA,PASSENGER CAR,,,,TRAVELING STRAIGHT AHEAD,2013,COLLISION WITH PEDALCYCLE,FOCUS,FORD,1,,COLLISION WITH PEDALCYCLE,COLLISION WITH PEDALCYCLE,,,RIGHT SIDE,,,,WESTBOUND,,,,,,,,,,,UNKNOWN,,,,,,,UNKNOWN,,,,,,,,,,,,,,,,,,,,,,,,,,,,,,,,,,,,,,,,,,,,,OPERATOR/DRIVER,,MASSACHUSETTS,,,,,,,,,FEMALE,"FRONT SEAT - LEFT SIDE, OR MOTORCYLE DRIVER",SHOULDER AND LAP BELT USED,NOT TRAPPED,Y,NON-MOTORIST,NON FATAL INJURY - NON INCAPACITATING,,,,,CYCLIST,ENTERING OR CROSSING SPECIFIED LOCATION,CYCLIST,HELMET,,FEMALE,,,,
6/5/16 22:45,Sunday,PASSENGER CAR,,,MASSACHUSETTS AVE.,ALBANY ST.,,"MASSACHUSETTS AVE. &amp; ALBANY ST.
Cambridge, MA
(42.36679362800004, -71.10600609899996)",1,,ANGLE,ROADWAY,COLLISION WITH PEDALCYCLE,DARK - LIGHTED ROADWAY,RAIN,CLOUDY,TRAFFIC CONTROL SIGNAL,YES,WET,FOUR WAY INTERSECTION,"TWO-WAY, DIVIDED, UNPROTECTED MEDIAN",NO,NO,35,INTERSECTION,MASSACHUSETTS AVE.,SOUTHBOUND,ALBANY ST.,WESTBOUND,,,,,,,,,,,NONE,OTHER,TREK HYBRID BICYCLE,PAN,MA,PASSENGER CAR,,,Y,TURNING LEFT,2016,COLLISION WITH PEDALCYCLE,FUSION,FORD,1,,COLLISION WITH PEDALCYCLE,,,,UNKNOWN,,,,SOUTHBOUND,,,,,,,,,,,"OPERATING VEHICLE IN ERRATIC, RECKLESS, CARELESS,",MADE AN IMPROPER TURN,,,,,,UNKNOWN,,,,,,,,,,,,,,,,,,,,,,,,,,,,,,,,,,,,,,,,,,,,,NON-MOTORIST,,,,,,CYCLIST,"WALKING, RUNNING OR CYCLING",,HELMET,,MALE,,,,,WITNESS,,,,,,,,,,,MALE,,,,
10/8/16 8:49,Saturday,LIGHT TRUCK,SINGLE UNIT TRUCK (3 0R MORE AXLES),,MASS AVE,ALBANY ST,,"MASS AVE &amp; ALBANY ST
Cambridge, MA
(42.36679362800004, -71.10600609899996)",,,"SIDESWIPE, SAME DIRECTION",ROADWAY,COLLISION WITH MOTOR VEHICLE IN TRAFFIC,DAYLIGHT,CLEAR,,TRAFFIC CONTROL SIGNAL,YES,DRY,FOUR WAY INTERSECTION,"TWO-WAY, NOT DIVIDED",NO,NO,,INTERSECTION,MASS AVE,WESTBOUND,ALBANY ST,NORTHBOUND,,,,,,,,,,,NONE,,,PAN,MA,LIGHT TRUCK,,,,TRAVELING STRAIGHT AHEAD,2014,COLLISION WITH MOTOR VEHICLE IN TRAFFIC,SIENNA,TOYOTA,2,,COLLISION WITH MOTOR VEHICLE IN TRAFFIC,COLLISION WITH CURB,,,LEFT REAR,LEFT SIDE,LEFT FRONT,Y,WESTBOUND,,,,,,,,,,,UNKNOWN,,,,,,,UNKNOWN,,YES VEHICLE OR TRAILER DISABLED,OCN,MA,SINGLE UNIT TRUCK (3 0R MORE AXLES),,,,TRAVELING STRAIGHT AHEAD,2007,COLLISION WITH MOTOR VEHICLE IN TRAFFIC,TMS500E,GROVE TRUCK CRANE,1,,COLLISION WITH MOTOR VEHICLE IN TRAFFIC,,,,RIGHT FRONT,,,,WESTBOUND,,OTHER,,,,,,,,,UNKNOWN,,Y,,,,,UNKNOWN,,,OPERATOR/DRIVER,NON FATAL INJURY - POSSIBLE,MASSACHUSETTS,"D, CLASS D VEHICLES",,,,,,,,MALE,"FRONT SEAT - LEFT SIDE, OR MOTORCYLE DRIVER",UNKNOWN,NOT TRAPPED,,OCCUPANT/PASSENGER,NON FATAL INJURY - POSSIBLE,MASSACHUSETTS,"D, CLASS D VEHICLES",,,,,,,,FEMALE,FRONT SEAT - RIGHT SIDE,UNKNOWN,NOT TRAPPED,
5/6/16 20:11,Friday,LIGHT TRUCK,,100,KIRKLAND STREET,,LINE STREET,"100 KIRKLAND STREET
Cambridge, MA
(42.378061959000036, -71.10726479999994)",1,,ANGLE,,,DAYLIGHT,CLOUDY,,STOP SIGNS,,DRY,NOT AT INTERSECTION,"TWO-WAY, NOT DIVIDED",NO,NO,,NON INTERSECTION,,,,,,,EASTBOUND,,NORTHBOUND,,,KIRKLAND COVENIENCE STORE,,,NONE,,,PAN,MA,LIGHT TRUCK,,,Y,TURNING LEFT,2013,,E150 CA (VAN),FORD,1,,COLLISION WITH PEDALCYCLE,,,,,,,,WESTBOUND,,,,,,,,,,,FAILED TO YIELD THE RIGHT OF WAY,,,,,,,UNKNOWN,,,,,,,,,,,,,,,,,,,,,,,,,,,,,,,,,,,,,,,,,,,,,NON-MOTORIST,,,,,,,,,,,FEMALE,,,,,OPERATOR/DRIVER,,,,,,,,,,,MALE,,,,
8/31/16 15:25,Wednesday,SINGLE UNIT TRUCK (3 0R MORE AXLES),PASSENGER CAR,,CAMBRIDGE ST,SPRINGFIELD ST,,"CAMBRIDGE ST &amp; SPRINGFIELD ST
Cambridge, MA
(42.36679362800004, -71.10600609899996)",,,"SIDESWIPE, SAME DIRECTION",ROADWAY,COLLISION WITH MOTOR VEHICLE IN TRAFFIC,DAYLIGHT,,,TRAFFIC CONTROL SIGNAL,YES,DRY,T-INTERSECTION,"TWO-WAY, NOT DIVIDED",NO,NO,35,INTERSECTION,CAMBRIDGE ST,EASTBOUND,SPRINGFIELD ST,NORTHBOUND,,,,,,,,,,,NONE,,,CON,MA,SINGLE UNIT TRUCK (3 0R MORE AXLES),,,,TRAVELING STRAIGHT AHEAD,2001,COLLISION WITH MOTOR VEHICLE IN TRAFFIC,ACL,VOLVO,1,,COLLISION WITH MOTOR VEHICLE IN TRAFFIC,,,,RIGHT FRONT,,,,EASTBOUND,,,,,,,,,,,UNKNOWN,,Y,,,,,UNKNOWN,,,PAN,MA,PASSENGER CAR,,,,CHANGING LANES,2004,COLLISION WITH MOTOR VEHICLE IN TRAFFIC,SONATA,HYUNDAI,1,,COLLISION WITH MOTOR VEHICLE IN TRAFFIC,,,,LEFT REAR,,,,EASTBOUND,,,,,,,,,,,FAILED TO YIELD THE RIGHT OF WAY,,,,,,,UNKNOWN,,,OPERATOR/DRIVER,,MASSACHUSETTS,,,,,,,,,MALE,"FRONT SEAT - LEFT SIDE, OR MOTORCYLE DRIVER",UNKNOWN,NOT TRAPPED,,OPERATOR/DRIVER,NON FATAL INJURY - NON INCAPACITATING,MASSACHUSETTS,"D, CLASS D VEHICLES",,,,,,,,FEMALE,"FRONT SEAT - LEFT SIDE, OR MOTORCYLE DRIVER",UNKNOWN,NOT TRAPPED,Y
8/3/16 19:30,Wednesday,LIGHT TRUCK,LIGHT TRUCK,100,CAMBRIDGE SIDE PLACE GARAGE,,,"100 CAMBRIDGE SIDE PLACE GARAGE
Cambridge, MA
(42.36702668500004, -71.07601567499995)",,,,,,OTHER,OTHER,,,,,,,,,,NON INTERSECTION,,,,,,,,,,,,,,,,,,PAN,MA,LIGHT TRUCK,,,Y,PARKED,2013,,MURANO,NISSAN,1,,COLLISION WITH PARKED MOTOR VEHICLE,,,,LEFT SIDE,,,,,,,,,,,,,,,,,,,,,,,,,PAN,MA,LIGHT TRUCK,,,Y,UNKNOWN,2007,,RAV4,TOYOTA,1,,UNKNOWN,,,,,,,,,,,,,,,,,,,,,,,,,,,,,OPERATOR/DRIVER,,MASSACHUSETTS,,,,,,,,,FEMALE,,,,Y,UNINVOLVED OWNER,,,,,,,,,,,FEMALE,,,,Y
10/16/16 14:51,Sunday,PASSENGER CAR,,125,CAMBRIDGEPARK DRIVE,,,"125 CAMBRIDGEPARK DRIVE
Cambridge, MA
(42.394856134000065, -71.14587543599998)",,,UNKNOWN,ROADWAY,,UNKNOWN,UNKNOWN,,NO CONTROLS,,UNKNOWN,NOT AT INTERSECTION,"TWO-WAY, NOT DIVIDED",NO,NO,30,NON INTERSECTION,,,,,,,,,,,,,,,NONE,,,PAN,NJ,PASSENGER CAR,,,Y,PARKED,2007,UNKNOWN,ACCORD,HONDA,0,,UNKNOWN,,,,CENTER FRONT,LEFT FRONT,,,,,,,,,,,,,,,,,,,,,,,NO,,,,,,,,,,,,,,,,,,,,,,,,,,,,,,,,,,,,,,,,,,,UNINVOLVED OWNER,,,"D, CLASS D VEHICLES",,,,,,,,MALE,,,,Y,,,,,,,,,,,,,,,,
9/8/16 11:20,Thursday,LIGHT TRUCK,PASSENGER CAR,14,CRAIGIE ST,,CONCORD AVE,"14 CRAIGIE ST
Cambridge, MA
(42.37873330600007, -71.12766163999999)",,,"SIDESWIPE, OPPOSITE DIRECTION",ROADWAY,COLLISION WITH MOTOR VEHICLE IN TRAFFIC,DAYLIGHT,CLOUDY,,,,DRY,NOT AT INTERSECTION,"TWO-WAY, NOT DIVIDED",NO,NO,,NON INTERSECTION,,,,,,,,,,,,,,,,,,CON,MA,LIGHT TRUCK,,,,TRAVELING STRAIGHT AHEAD,2016,COLLISION WITH MOTOR VEHICLE IN TRAFFIC,F650,FORD,1,,COLLISION WITH MOTOR VEHICLE IN TRAFFIC,,,,LEFT FRONT,,,,NORTHBOUND,,OTHER,"10,001 - 26000 POUNDS",,,,,,,,,,Y,,,,,,,,PAN,MA,PASSENGER CAR,,,,TRAVELING STRAIGHT AHEAD,2015,COLLISION WITH MOTOR VEHICLE IN TRAFFIC,IS250,LEXS,1,,COLLISION WITH MOTOR VEHICLE IN TRAFFIC,,,,,,,,SOUTHBOUND,,,,,,,,,,,,,,,,,,,,,OPERATOR/DRIVER,NO INJURY,MASSACHUSETTS,"D, CLASS D VEHICLES",,,,,,,,MALE,"FRONT SEAT - LEFT SIDE, OR MOTORCYLE DRIVER",UNKNOWN,NOT TRAPPED,,OPERATOR/DRIVER,,MASSACHUSETTS,"D, CLASS D VEHICLES",,,,,,,,FEMALE,,,,Y