Date Time,Day of Week,Object 1,Object 2,Street Number,Street Name,Cross Street,Near Street,Location,May involve cyclist,May Involve Pedestrian,Manner of Collision,First Harmful Event Location,First Harmful Event,Ambient Light,Weather Condition 1,Weather Condition 2,Traffic Control Device Type,Traffic Control Device Functionality,Road Surface Condition,Roadway Junction Type,Trafficway Description,School Bus Related,Work Zone,Speed Limit,Street or Intersection,Intersection Name 1,Intersection Direction 1,Intersection Name 2,Intersection Direction 2,Intersection Name 3,Intersection Direction 3,Street Direction,Nearest Intersection Distance,Nearest Intersection Direction,Landmark Distance,Landmark Direction,Landmark,Mile Marker Direction,Non Public Area,Road Contributing,Damaged Property Type,Description of Damaged Property,V1 Registration Type,v1 State Code,V1 Configuration,V1 Emergency Response,V1 Moped,V1 Hit and Run,V1 Action Prior to Crash,V1 Model Year,V1 Most Harmful Event,V1 Model,V1 Make,V1 Occupant Count,V1 Underride Override,V1 First Event,V1 Second Event,V1 Third Event,V1 Fourth Event,V1 Most Damaged Area,V1 Second Damaged Area,V1 Third Damaged Area,V1 Towed,V1 Travel Direction,V1 Interstate,V1 Cargo Body Type,V1 Gross Weight,V1 Haz Placard,V1 Haz Release,V1 Trailer Reg Type,V1 Trailer Reg Plate,V1 Trailer Reg State,V1 Trailer Reg Year,V1 Trailer Len,V1 Driver Contribution,V1 Driver Contribution 2,V1 Is Truck,V1 Has Trailer,V1 Is Bus,V1 Is Hazmat,V1 Reg Year,V1 Driver Distracted,V1 Bus Use,V1 Tow Use,V2 Registration Type,V2 State Code,V2 Configuration,V2 Emergency Response,V2 Moped,V2 Hit and Run,V2 Action Prior to Crash,V2 Model Year,V2 Most Harmful Event,V2 Model,V2 Make,V2 Occupant Count,V2 Underride Override,V2 First Event,V2 Second Event,V2 Third Event,V2 Fourth Event,V2 Most Damaged Area,V2 Second Damaged Area,V2 Third Damaged Area,V2 Towed,V2 Travel Direction,V2 Interstate,V2 Cargo Body Type,V2 Gross Weight,V2 Haz Placard,V2 Haz Release,V2 Trailer Reg Type,V2 Trailer Reg Plate,V2 Trailer Reg State,V2 Trailer Reg Year,V2 Trailer Len,V2 Driver Contribution,V2 Driver Contribution 2,V2 Is Truck,V2 Has Trailer,V2 Is Bus,V2 Is Hazmat,V2 Reg Year,V2 Driver Distracted,V2 Bus Use,V2 Tow Use,P1 Role,P1 Injury,P1 Drivers Lic State,P1 Drivers Lic Class 1,P1 Drivers Lic Class 2,P1 Drivers Lic Restrict,P1 Non Motorist Desc,P1 Non Motorist Action,P1 Non Motorist Location,P1 Safety Equipment,P1 Age,P1 Sex,P1 Seat Position,P1 Safety System,P1 Trapped,P1 Veh Owner,P2 Role,P2 Injury,P2 Drivers Lic State,P2 Drivers Lic Class 1,P2 Drivers Lic Class 2,P2 Drivers Lic Restrict,P2 Non Motorist Desc,P2 Non Motorist Action,P2 Non Motorist Location,P2 Safety Equipment,P2 Age,P2 Sex,P2 Seat Position,P2 Safety System,P2 Trapped,P2 Veh Owner
7/23/16 0:39,Saturday,PASSENGER CAR,PASSENGER CAR,,HAMPSHIRE ST,TREMONT ST,,"HAMPSHIRE ST &amp; TREMONT ST
Cambridge, MA
(42.36679362800004, -71.10600609899996)",,,ANGLE,ROADWAY,COLLISION WITH MOTOR VEHICLE IN TRAFFIC,DARK - LIGHTED ROADWAY,CLEAR,,STOP SIGNS,YES,DRY,FOUR WAY INTERSECTION,"TWO-WAY, DIVIDED, UNPROTECTED MEDIAN",NO,NO,30,INTERSECTION,HAMPSHIRE ST,NORTHBOUND,TREMONT ST,WESTBOUND,,,,,,,,,,,NONE,,,PAN,MA,PASSENGER CAR,,,,TRAVELING STRAIGHT AHEAD,2013,COLLISION WITH MOTOR VEHICLE IN TRAFFIC,CIVIC,HONDA,1,,COLLISION WITH MOTOR VEHICLE IN TRAFFIC,,,,RIGHT SIDE,NONE,,,NORTHBOUND,,,,,,,,,,,NO IMPROPER DRIVING,,,,,,,NOT DISTRACTED,,,PAN,MA,PASSENGER CAR,,,Y,TRAVELING STRAIGHT AHEAD,2004,COLLISION WITH MOTOR VEHICLE IN TRAFFIC,ION,SATURN,2,,COLLISION WITH MOTOR VEHICLE IN TRAFFIC,,,,CENTER FRONT,RIGHT FRONT,,,WESTBOUND,,,,,,,,,,,,,,,,,,,,,OPERATOR/DRIVER,NO INJURY,MASSACHUSETTS,"D, CLASS D VEHICLES",,,,,,,,FEMALE,"FRONT SEAT - LEFT SIDE, OR MOTORCYLE DRIVER",SHOULDER AND LAP BELT USED,NOT TRAPPED,Y,UNINVOLVED OWNER,,MASSACHUSETTS,"D, CLASS D VEHICLES",,,,,,,,MALE,,,,Y
6/2/16 10:03,Thursday,LIGHT TRUCK,,,WINDSOR STREET,,MAIN STREET,"WINDSOR STREET
Cambridge, MA
(42.365125834000025, -71.09614721399998)",,,"SIDESWIPE, SAME DIRECTION",ROADWAY,COLLISION WITH PARKED MOTOR VEHICLE,DAYLIGHT,CLOUDY,,NO CONTROLS,,DRY,NOT AT INTERSECTION,"TWO-WAY, DIVIDED, UNPROTECTED MEDIAN",NO,NO,,NON INTERSECTION,,,,,,,NORTHBOUND,30 FEET,NORTHBOUND,,,ROYAL EAST,,,NONE,,,PAN,MA,LIGHT TRUCK,,,Y,PARKED,2005,COLLISION WITH PARKED MOTOR VEHICLE,RAM PU,DODGE,1,,COLLISION WITH PARKED MOTOR VEHICLE,,,,LEFT SIDE,LEFT FRONT,,,NORTHBOUND,,,,,,,,,,,NO IMPROPER DRIVING,,,,,,,NOT DISTRACTED,,NO,,,,,,,,,,,,,,,,,,,,,,,,,,,,,,,,,,,,,,,,,,,OCCUPANT/PASSENGER,NO INJURY,MASSACHUSETTS,"D, CLASS D VEHICLES",,NONE,,,,,,MALE,"FRONT SEAT - LEFT SIDE, OR MOTORCYLE DRIVER",UNKNOWN,NOT TRAPPED,Y,,,,,,,,,,,,,,,,
6/1/16 6:42,Wednesday,LIGHT TRUCK,PASSENGER CAR,52,LINNAEAN STREET,,,"52 LINNAEAN STREET
Cambridge, MA
(42.38303991300006, -71.12448728299995)",,,"SIDESWIPE, SAME DIRECTION",ROADWAY,COLLISION WITH MOTOR VEHICLE IN TRAFFIC,DAYLIGHT,CLEAR,,NO CONTROLS,,DRY,NOT AT INTERSECTION,"TWO-WAY, DIVIDED, UNPROTECTED MEDIAN",NO,NO,30,NON INTERSECTION,,,,,,,WESTBOUND,,,,,,,,NONE,,,CON,MA,LIGHT TRUCK,,,,TURNING LEFT,2006,COLLISION WITH MOTOR VEHICLE IN TRAFFIC,VAV,FORD,1,,COLLISION WITH MOTOR VEHICLE IN TRAFFIC,,,,RIGHT FRONT,CENTER FRONT,LEFT FRONT,,WESTBOUND,,,,,,,,,,,NO IMPROPER DRIVING,,,,,,,NOT DISTRACTED,,NO,PAN,MA,PASSENGER CAR,,,,OVERTAKING / PASSING,2012,COLLISION WITH MOTOR VEHICLE IN TRAFFIC,IMPREZ,SUBARU,1,,COLLISION WITH MOTOR VEHICLE IN TRAFFIC,,,,RIGHT FRONT,RIGHT SIDE,RIGHT REAR,,WESTBOUND,,,,,,,,,,,"DISREGARDED TRAFFIC SIGNS, SIGNALS, ROAD MARKINGS",WRONG SIDE OR WRONG WAY,,,,,,NOT DISTRACTED,,NO,OPERATOR/DRIVER,NO INJURY,MASSACHUSETTS,"D, CLASS D VEHICLES",,NONE,,,,,,MALE,"FRONT SEAT - LEFT SIDE, OR MOTORCYLE DRIVER",SHOULDER AND LAP BELT USED,NOT TRAPPED,Y,OPERATOR/DRIVER,NO INJURY,MASSACHUSETTS,"D, CLASS D VEHICLES",,CORRECTIVE LENSES,,,,,,FEMALE,"FRONT SEAT - LEFT SIDE, OR MOTORCYLE DRIVER",SHOULDER AND LAP BELT USED,NOT TRAPPED,Y
6/8/16 14:23,Wednesday,PASSENGER CAR,BUS SEATS 7 - 15 PEOPLE,8,TREMONT ST,,,"8 TREMONT ST
Cambridge, MA
(42.36923071000007, -71.09967367899998)",,,"SIDESWIPE, SAME DIRECTION",ROADWAY,COLLISION WITH MOTOR VEHICLE IN TRAFFIC,DAYLIGHT,CLEAR,,NO CONTROLS,,DRY,NOT AT INTERSECTION,"ONE-WAY, NOT DIVIDED",YES,NO,,NON INTERSECTION,,,,,,,,,,,,,,,,,,PAN,MA,PASSENGER CAR,,,,PARKED,2015,COLLISION WITH MOTOR VEHICLE IN TRAFFIC,OUTBACK,SUBARU,3,,COLLISION WITH MOTOR VEHICLE IN TRAFFIC,,,,RIGHT SIDE,,,,,,,,,,,,,,,,,,,,,,,,,,MA,BUS SEATS 7 - 15 PEOPLE,,,,TRAVELING STRAIGHT AHEAD,2014,,QUEST,STAR,1,,COLLISION WITH MOTOR VEHICLE IN TRAFFIC,,,,NONE,NONE,NONE,,,,,,,,,,,,,,,,,Y,,,,,,OPERATOR/DRIVER,,MASSACHUSETTS,"D, CLASS D VEHICLES",,,,,,,,FEMALE,OTHER,,,,OPERATOR/DRIVER,,MASSACHUSETTS,"B, CLASS B VEHICLES",,,,,,,,MALE,"FRONT SEAT - LEFT SIDE, OR MOTORCYLE DRIVER",,,
4/6/16 7:05,Wednesday,PASSENGER CAR,PASSENGER CAR,,BRATTLE STREET,SPARKS STREET,,"BRATTLE STREET &amp; SPARKS STREET
Cambridge, MA
(42.36679362800004, -71.10600609899996)",,,ANGLE,,,DAYLIGHT,CLEAR,,STOP SIGNS,YES,DRY,Y-INTERSECTION,UNKNOWN,NO,NO,,INTERSECTION,BRATTLE STREET,WESTBOUND,SPARKS STREET,SOUTHBOUND,,,,,,,,,,,,,,PAN,MA,PASSENGER CAR,,,,TRAVELING STRAIGHT AHEAD,2004,,SENTRA,NISSAN,1,,COLLISION WITH MOTOR VEHICLE IN TRAFFIC,,,,LEFT FRONT,CENTER FRONT,RIGHT FRONT,Y,WESTBOUND,,,,,,,,,,,,,,,,,,,,UNKNOWN,PAN,CA,PASSENGER CAR,,,,TRAVELING STRAIGHT AHEAD,2002,,ACCORD,HONDA,2,,COLLISION WITH MOTOR VEHICLE IN TRAFFIC,,,,LEFT SIDE,LEFT REAR,LEFT FRONT,,SOUTHBOUND,,,,,,,,,,,,,,,,,,,,,OPERATOR/DRIVER,,MASSACHUSETTS,"D, CLASS D VEHICLES",,,,,,,,FEMALE,"FRONT SEAT - LEFT SIDE, OR MOTORCYLE DRIVER",SHOULDER AND LAP BELT USED,,,OPERATOR/DRIVER,NON FATAL INJURY - POSSIBLE,CONNECTICUT,"D, CLASS D VEHICLES",,,,,,,,FEMALE,"FRONT SEAT - LEFT SIDE, OR MOTORCYLE DRIVER",SHOULDER AND LAP BELT USED,,Y
10/25/16 18:30,Tuesday,PASSENGER CAR,,586,GREEN STREET,,,"586 GREEN STREET
Cambridge, MA
(42.36835306300003, -71.11093040399999)",,,UNKNOWN,ROADSIDE,COLLISION WITH PARKED MOTOR VEHICLE,UNKNOWN,CLEAR,,NO CONTROLS,YES,DRY,NOT AT INTERSECTION,"ONE-WAY, NOT DIVIDED",NO,NO,30,NON INTERSECTION,,,,,,,,,,,,,,,UNKNOWN,,,PAN,MA,PASSENGER CAR,,,,PARKED,2014,UNKNOWN,COROLLA,TOYOTA,0,,UNKNOWN,,,,RIGHT FRONT,,,,WESTBOUND,,,,,,,,,,,NO IMPROPER DRIVING,,,,,,,NOT DISTRACTED,,,,,,,,,,,,,,,,,,,,,,,,,,,,,,,,,,,,,,,,,,,,,OPERATOR/DRIVER,,MASSACHUSETTS,,,,,,,,,FEMALE,,,,Y,,,,,,,,,,,,,,,,
4/29/16 2:21,Friday,LIGHT TRUCK,PASSENGER CAR,1691,CAMBRIDGE ST,,FELTON ST,"1691 CAMBRIDGE ST
Cambridge, MA
(42.37518658700003, -71.11177658099996)",,,ANGLE,ROADWAY,COLLISION WITH PARKED MOTOR VEHICLE,DARK - LIGHTED ROADWAY,CLEAR,,NO CONTROLS,,DRY,NOT AT INTERSECTION,"TWO-WAY, NOT DIVIDED",NO,NO,,NON INTERSECTION,,,,,,,SOUTHBOUND,,WESTBOUND,,,,,,NONE,,,LVN,MA,LIGHT TRUCK,,,Y,PARKED,2015,COLLISION WITH PARKED MOTOR VEHICLE,SUBURBAN,CHEVY,0,,,,,,LEFT REAR,LEFT SIDE,,Y,SOUTHBOUND,,,,,,,,,,,,,,,,,,,,YES VEHICLE OR TRAILER DISABLED,PAN,MA,PASSENGER CAR,,,Y,TRAVELING STRAIGHT AHEAD,2007,COLLISION WITH PARKED MOTOR VEHICLE,TL,ACURA,,,COLLISION WITH PARKED MOTOR VEHICLE,,,,UNKNOWN,,,,SOUTHBOUND,,,,,,,,,,,UNKNOWN,,,,,,,UNKNOWN,,,UNINVOLVED OWNER,,MASSACHUSETTS,"D, CLASS D VEHICLES","M, CLASS M VEHICLES",,,,,,,MALE,,,,Y,WITNESS,,,,,,,,,,,MALE,,,,
6/29/16 14:50,Wednesday,PASSENGER CAR,MOTORCYCLE,,PEARL ST,FRANKLIN ST,,"PEARL ST &amp; FRANKLIN ST
Cambridge, MA
(42.36679362800004, -71.10600609899996)",,,"SIDESWIPE, SAME DIRECTION",ROADWAY,COLLISION WITH MOTOR VEHICLE IN TRAFFIC,DAYLIGHT,,,STOP SIGNS,YES,DRY,FOUR WAY INTERSECTION,"ONE-WAY, NOT DIVIDED",NO,NO,,INTERSECTION,PEARL ST,,FRANKLIN ST,,,,,,,,,,,,NONE,,,PAN,MA,PASSENGER CAR,,,,TRAVELING STRAIGHT AHEAD,2004,COLLISION WITH MOTOR VEHICLE IN TRAFFIC,TAURUS,FORD,1,,COLLISION WITH MOTOR VEHICLE IN TRAFFIC,,,,,,,,SOUTHBOUND,,,,,,,,,,,NO IMPROPER DRIVING,,,,,,,UNKNOWN,,,MCN,MA,MOTORCYCLE,,,,ENTERING TRAFFIC LANE,2014,COLLISION WITH MOTOR VEHICLE IN TRAFFIC,NPS50,HONDA,1,,COLLISION WITH MOTOR VEHICLE IN TRAFFIC,,,,,,,,SOUTHBOUND,,,,,,,,,,,"OPERATING VEHICLE IN ERRATIC, RECKLESS, CARELESS,",,,,,,,UNKNOWN,,,OPERATOR/DRIVER,NO INJURY,MASSACHUSETTS,"D, CLASS D VEHICLES",,CORRECTIVE LENSES,,,,,,MALE,"FRONT SEAT - LEFT SIDE, OR MOTORCYLE DRIVER",UNKNOWN,NOT TRAPPED,Y,OPERATOR/DRIVER,NON FATAL INJURY - NON INCAPACITATING,MASSACHUSETTS,"D, CLASS D VEHICLES","M, CLASS M VEHICLES",,,,,,,FEMALE,"FRONT SEAT - LEFT SIDE, OR MOTORCYLE DRIVER",HELMET USED,NOT TRAPPED,Y
4/24/16 19:22,Sunday,LIGHT TRUCK,LIGHT TRUCK,75,FIRST ST,,,"75 FIRST ST
Cambridge, MA
(42.368417167000075, -71.07749590299994)",,,"SIDESWIPE, SAME DIRECTION",UNKNOWN,,DAYLIGHT,CLEAR,,,NO,UNKNOWN,NOT AT INTERSECTION,"TWO-WAY, NOT DIVIDED",NO,NO,,NON INTERSECTION,,,,,,,,,,,,DAVID'S SHOES,,,,,,PAN,MA,LIGHT TRUCK,,,Y,PARKED,2016,,CRV,HONDA,0,,,,,,LEFT FRONT,,,,,,,,,,,,,,,,,,,,,,,,NO,LVN,MA,LIGHT TRUCK,,,,,2012,,SUV,SUBURB,,,,,,,,,,,,,,,,,,,,,,,,,,,,,,,,UNINVOLVED OWNER,,MASSACHUSETTS,"D, CLASS D VEHICLES",,,,,,,,MALE,,,,Y,WITNESS,,,,,,,,,,,MALE,,,,
10/31/16 11:00,Monday,PASSENGER CAR,SINGLE UNIT TRUCK (2 AXLES - 6 TIRES),,AMHERST ST,,HAYWARD ST,"AMHERST ST
Cambridge, MA
(42.360537058000034, -71.08600834699996)",,,ANGLE,ROADWAY,COLLISION WITH PARKED MOTOR VEHICLE,DAYLIGHT,CLEAR,,NO CONTROLS,,DRY,NOT AT INTERSECTION,"TWO-WAY, NOT DIVIDED",NO,YES,,NON INTERSECTION,,,,,,,,,,,,,,,,,,PAN,MA,PASSENGER CAR,,,,PARKED,2015,COLLISION WITH MOTOR VEHICLE IN TRAFFIC,XCROSS,SUBA,0,,COLLISION WITH MOTOR VEHICLE IN TRAFFIC,,,,LEFT FRONT,,,,,,,,,,,,,,,,,,,,,,,,,CON,MA,SINGLE UNIT TRUCK (2 AXLES - 6 TIRES),,,,BACKING,2000,COLLISION WITH PARKED MOTOR VEHICLE,RD688S,MACK,1,,COLLISION WITH PARKED MOTOR VEHICLE,,,,UNKNOWN,,,,,,,"MORE THAN 26,000 POUNDS",,,,,,,,,,Y,,,,,,,,UNINVOLVED OWNER,,MASSACHUSETTS,,,,,,,,,FEMALE,,,,Y,OPERATOR/DRIVER,NO INJURY,MASSACHUSETTS,,,,,,,,,MALE,"FRONT SEAT - LEFT SIDE, OR MOTORCYLE DRIVER",UNKNOWN,NOT TRAPPED,
6/17/16 21:03,Friday,PASSENGER CAR,LIGHT TRUCK,174,ALEWIFE BROOK PARKWAY,,,"174 ALEWIFE BROOK PARKWAY
Cambridge, MA
(42.39024351900008, -71.14194335399998)",,,,,,DAYLIGHT,CLEAR,,NO CONTROLS,,DRY,NOT AT INTERSECTION,,NO,NO,,NON INTERSECTION,,,,,,,,,,,,FRESH POND MALL,,,,,,PAN,MA,PASSENGER CAR,,,,PARKED,2016,,JETTA,VOLK,0,,COLLISION WITH MOTOR VEHICLE IN TRAFFIC,,,,RIGHT FRONT,,,,,,,,,,,,,,,,,,,,,,,,,PAN,MA,LIGHT TRUCK,,,,TRAVELING STRAIGHT AHEAD,2001,,RAM,DODGE,2,,COLLISION WITH PARKED MOTOR VEHICLE,,,,,,,,UNKNOWN,,,,,,,,,,,,,,,,,,UNKNOWN,,,UNINVOLVED OWNER,,MASSACHUSETTS,"D, CLASS D VEHICLES",,,,,,,,MALE,,,,,OPERATOR/DRIVER,,MASSACHUSETTS,,,,,,,,,FEMALE,,,,
10/28/16 9:00,Friday,LIGHT TRUCK,LIGHT TRUCK,517,CONCORD AVE,,,"517 CONCORD AVE
Cambridge, MA
(42.38756455500004, -71.14225528799994)",,,"SIDESWIPE, OPPOSITE DIRECTION",OUTSIDE ROADWAY,COLLISION WITH MOTOR VEHICLE IN TRAFFIC,DAYLIGHT,CLOUDY,,NO CONTROLS,,WET,NOT AT INTERSECTION,"ONE-WAY, NOT DIVIDED",NO,NO,,NON INTERSECTION,,,,,,,,,,,,DUNKIN DONUTS PARKING LOT,,,,,,CON,MA,LIGHT TRUCK,,,,TURNING RIGHT,2002,COLLISION WITH PARKED MOTOR VEHICLE,FBMODE,HNO,,,COLLISION WITH PARKED MOTOR VEHICLE,,,,NONE,,,,,,,,,,,,,,,UNKNOWN,,,,,,,,,,PAN,MA,LIGHT TRUCK,,,,PARKED,2010,COLLISION WITH MOTOR VEHICLE IN TRAFFIC,SRX,CADI,,,COLLISION WITH MOTOR VEHICLE IN TRAFFIC,,,,RIGHT SIDE,RIGHT REAR,,,,,,,,,,,,,,,,,,,,,,,,OPERATOR/DRIVER,NO INJURY,MASSACHUSETTS,"D, CLASS D VEHICLES",,,,,,,,MALE,"FRONT SEAT - LEFT SIDE, OR MOTORCYLE DRIVER",UNKNOWN,NOT TRAPPED,,UNINVOLVED OWNER,,,,,,,,,,,UNKNOWN,,,,Y
6/17/16 13:02,Friday,PASSENGER CAR,LIGHT TRUCK,6,CONCORD LN,,,"6 CONCORD LN
Cambridge, MA
(42.388031934000026, -71.14244526999994)",,,SINGLE VEHICLE CRASH,ROADWAY,COLLISION WITH MOTOR VEHICLE IN TRAFFIC,DAYLIGHT,CLEAR,CLEAR,NO CONTROLS,,DRY,NOT AT INTERSECTION,"TWO-WAY, NOT DIVIDED",NO,NO,,NON INTERSECTION,,,,,,,NORTHBOUND,,,,,,,,NONE,,,PAN,MA,PASSENGER CAR,,,,TURNING RIGHT,2015,COLLISION WITH MOTOR VEHICLE IN TRAFFIC,IMPREZA,SUBARU,1,,COLLISION WITH MOTOR VEHICLE IN TRAFFIC,,,,RIGHT FRONT,,,,NORTHBOUND,,,,,,,,,,,UNKNOWN,,,,,,,UNKNOWN,,,PAN,RI,LIGHT TRUCK,,,,BACKING,2009,COLLISION WITH MOTOR VEHICLE IN TRAFFIC,TACOMA,TOYOTA,2,,COLLISION WITH MOTOR VEHICLE IN TRAFFIC,,,,RIGHT REAR,,,,UNKNOWN,,,,,,,,,,,UNKNOWN,,,,,,,UNKNOWN,,,OPERATOR/DRIVER,,MASSACHUSETTS,"D, CLASS D VEHICLES",,,,,,,,FEMALE,,,,Y,OPERATOR/DRIVER,,RHODE ISLAND,"D, CLASS D VEHICLES",,,,,,,,MALE,,,,Y
10/23/16 14:10,Sunday,PASSENGER CAR,PASSENGER CAR,105,INMAN STREET,,,"105 INMAN STREET
Cambridge, MA
(42.37219815900005, -71.10145694499994)",,,REAR-END,ROADWAY,COLLISION WITH MOTOR VEHICLE IN TRAFFIC,DAYLIGHT,CLEAR,,NO CONTROLS,NO,DRY,NOT AT INTERSECTION,"ONE-WAY, NOT DIVIDED",NO,NO,,NON INTERSECTION,,,,,,,SOUTHBOUND,,,,,,,,NONE,,,PAN,RI,PASSENGER CAR,,,,SLOWING OR STOPPED IN TRAFFIC,2013,COLLISION WITH MOTOR VEHICLE IN TRAFFIC,X3,BMW,1,,COLLISION WITH MOTOR VEHICLE IN TRAFFIC,,,,REAR CENTER,LEFT REAR,,,SOUTHBOUND,,,,,,,,,,,NO IMPROPER DRIVING,,,,,,,NOT DISTRACTED,,NO,PAN,MA,PASSENGER CAR,,,,TRAVELING STRAIGHT AHEAD,2001,COLLISION WITH MOTOR VEHICLE IN TRAFFIC,TAURUS,FORD,1,,COLLISION WITH MOTOR VEHICLE IN TRAFFIC,,,,CENTER FRONT,,LEFT FRONT,,SOUTHBOUND,,,,,,,,,,,UNKNOWN,,,,,,,UNKNOWN,,NO,OPERATOR/DRIVER,NO INJURY,RHODE ISLAND,"D, CLASS D VEHICLES",,CORRECTIVE LENSES,,,,,56,FEMALE,"FRONT SEAT - LEFT SIDE, OR MOTORCYLE DRIVER",SHOULDER AND LAP BELT USED,NOT TRAPPED,Y,OPERATOR/DRIVER,NO INJURY,MASSACHUSETTS,"D, CLASS D VEHICLES",,CORRECTIVE LENSES,,,,,,FEMALE,"FRONT SEAT - LEFT SIDE, OR MOTORCYLE DRIVER",SHOULDER AND LAP BELT USED,NOT TRAPPED,
9/29/16 20:33,Thursday,LIGHT TRUCK,,,MASS AV,RINDGE AV,,"MASS AV &amp; RINDGE AV
Cambridge, MA
(42.36679362800004, -71.10600609899996)",1,,HEAD ON,ROADWAY,COLLISION WITH PEDALCYCLE,DARK - LIGHTED ROADWAY,CLOUDY,,TRAFFIC CONTROL SIGNAL,YES,DRY,T-INTERSECTION,"TWO-WAY, DIVIDED, POSITIVE MEDIAN BARRIER",NO,NO,30,INTERSECTION,MASS AV,EASTBOUND,RINDGE AV,,,,,,,,,,,,NONE,,,PAN,MA,LIGHT TRUCK,,,,TRAVELING STRAIGHT AHEAD,2016,COLLISION WITH PEDALCYCLE,HIGHLANDER,TOYOTA,1,,COLLISION WITH PEDALCYCLE,,,,CENTER FRONT,LEFT FRONT,,,EASTBOUND,,,,,,,,,,,NO IMPROPER DRIVING,,,,,,,NOT DISTRACTED,,NO,,,,,,,,,,,,,,,,,,,,,,,,,,,,,,,,,,,,,,,,,,,OPERATOR/DRIVER,NO INJURY,MASSACHUSETTS,"D, CLASS D VEHICLES",,,,,,,,MALE,"FRONT SEAT - LEFT SIDE, OR MOTORCYLE DRIVER",SHOULDER AND LAP BELT USED,NOT TRAPPED,Y,NON-MOTORIST,NON FATAL INJURY - POSSIBLE,,,,,CYCLIST,"WALKING, RUNNING OR CYCLING",IN ROADWAY,NONE USED,,MALE,,,,
7/25/16 21:00,Monday,LIGHT TRUCK,PASSENGER CAR,1154,MASSACHUSETTS AVE,,,"1154 MASSACHUSETTS AVE
Cambridge, MA
(42.371226103000026, -71.11443050099996)",,,,,,,,,,,,,,,,,NON INTERSECTION,,,,,,,NORTHBOUND,,,,,,,,,,,PAN,MA,LIGHT TRUCK,,,,TRAVELING STRAIGHT AHEAD,2014,,X3,BMW,1,,COLLISION WITH MOTOR VEHICLE IN TRAFFIC,COLLISION WITH PARKED MOTOR VEHICLE,COLLISION WITH PARKED MOTOR VEHICLE,,RIGHT FRONT,LEFT FRONT,,,NORTHBOUND,,,,,,,,,,,NO IMPROPER DRIVING,,,,,,,NOT DISTRACTED,,YES VEHICLE OR TRAILER DISABLED,PAN,MA,PASSENGER CAR,,,,CHANGING LANES,2003,,ACCORD,HONDA,1,,COLLISION WITH MOTOR VEHICLE IN TRAFFIC,,,,LEFT FRONT,OTHER,,,NORTHBOUND,,,,,,,,,,,"OPERATING VEHICLE IN ERRATIC, RECKLESS, CARELESS,",,,,,,,EXTERNAL DISTRACTION,,YES VEHICLE OR TRAILER DISABLED,OPERATOR/DRIVER,,MASSACHUSETTS,"D, CLASS D VEHICLES",,,,,,,,MALE,,,,,UNINVOLVED OWNER,,,,,,,,,,,UNKNOWN,,,,
8/10/16 17:43,Wednesday,PASSENGER CAR,LIGHT TRUCK,,FIFTH STREET,OTIS STREET,,"FIFTH STREET &amp; OTIS STREET
Cambridge, MA
(42.36679362800004, -71.10600609899996)",,,ANGLE,ROADWAY,COLLISION WITH MOTOR VEHICLE IN TRAFFIC,DAYLIGHT,RAIN,,,YES,WET,FOUR WAY INTERSECTION,"TWO-WAY, NOT DIVIDED",NO,NO,,INTERSECTION,FIFTH STREET,,OTIS STREET,,,,,,,,,,,,NONE,,,PAN,MA,PASSENGER CAR,,,,TURNING LEFT,2005,COLLISION WITH MOTOR VEHICLE IN TRAFFIC,AWD,INFINITY,2,,COLLISION WITH MOTOR VEHICLE IN TRAFFIC,,,,CENTER FRONT,RIGHT FRONT,LEFT FRONT,Y,EASTBOUND,,,,,,,,,,,UNKNOWN,,,,,,,UNKNOWN,,YES VEHICLE OR TRAILER DISABLED,PAN,MA,LIGHT TRUCK,,,,TRAVELING STRAIGHT AHEAD,2007,COLLISION WITH MOTOR VEHICLE IN TRAFFIC,TACOMA,TOYOTA,1,,COLLISION WITH MOTOR VEHICLE IN TRAFFIC,,,,LEFT FRONT,LEFT SIDE,,Y,NORTHBOUND,,,,,,,,,,,UNKNOWN,,,,,,,UNKNOWN,,YES VEHICLE OR TRAILER DISABLED,OPERATOR/DRIVER,NO INJURY,MASSACHUSETTS,"D, CLASS D VEHICLES",,CORRECTIVE LENSES,,,,,,MALE,"FRONT SEAT - LEFT SIDE, OR MOTORCYLE DRIVER",UNKNOWN,NOT TRAPPED,Y,OCCUPANT/PASSENGER,NON FATAL INJURY - NON INCAPACITATING,,,,,,,,,,FEMALE,FRONT SEAT - RIGHT SIDE,UNKNOWN,NOT TRAPPED,