Date Time,Day of Week,Object 1,Object 2,Street Number,Street Name,Cross Street,Near Street,Location,May involve cyclist,May Involve Pedestrian,Manner of Collision,First Harmful Event Location,First Harmful Event,Ambient Light,Weather Condition 1,Weather Condition 2,Traffic Control Device Type,Traffic Control Device Functionality,Road Surface Condition,Roadway Junction Type,Trafficway Description,School Bus Related,Work Zone,Speed Limit,Street or Intersection,Intersection Name 1,Intersection Direction 1,Intersection Name 2,Intersection Direction 2,Intersection Name 3,Intersection Direction 3,Street Direction,Nearest Intersection Distance,Nearest Intersection Direction,Landmark Distance,Landmark Direction,Landmark,Mile Marker Direction,Non Public Area,Road Contributing,Damaged Property Type,Description of Damaged Property,V1 Registration Type,v1 State Code,V1 Configuration,V1 Emergency Response,V1 Moped,V1 Hit and Run,V1 Action Prior to Crash,V1 Model Year,V1 Most Harmful Event,V1 Model,V1 Make,V1 Occupant Count,V1 Underride Override,V1 First Event,V1 Second Event,V1 Third Event,V1 Fourth Event,V1 Most Damaged Area,V1 Second Damaged Area,V1 Third Damaged Area,V1 Towed,V1 Travel Direction,V1 Interstate,V1 Cargo Body Type,V1 Gross Weight,V1 Haz Placard,V1 Haz Release,V1 Trailer Reg Type,V1 Trailer Reg Plate,V1 Trailer Reg State,V1 Trailer Reg Year,V1 Trailer Len,V1 Driver Contribution,V1 Driver Contribution 2,V1 Is Truck,V1 Has Trailer,V1 Is Bus,V1 Is Hazmat,V1 Reg Year,V1 Driver Distracted,V1 Bus Use,V1 Tow Use,V2 Registration Type,V2 State Code,V2 Configuration,V2 Emergency Response,V2 Moped,V2 Hit and Run,V2 Action Prior to Crash,V2 Model Year,V2 Most Harmful Event,V2 Model,V2 Make,V2 Occupant Count,V2 Underride Override,V2 First Event,V2 Second Event,V2 Third Event,V2 Fourth Event,V2 Most Damaged Area,V2 Second Damaged Area,V2 Third Damaged Area,V2 Towed,V2 Travel Direction,V2 Interstate,V2 Cargo Body Type,V2 Gross Weight,V2 Haz Placard,V2 Haz Release,V2 Trailer Reg Type,V2 Trailer Reg Plate,V2 Trailer Reg State,V2 Trailer Reg Year,V2 Trailer Len,V2 Driver Contribution,V2 Driver Contribution 2,V2 Is Truck,V2 Has Trailer,V2 Is Bus,V2 Is Hazmat,V2 Reg Year,V2 Driver Distracted,V2 Bus Use,V2 Tow Use,P1 Role,P1 Injury,P1 Drivers Lic State,P1 Drivers Lic Class 1,P1 Drivers Lic Class 2,P1 Drivers Lic Restrict,P1 Non Motorist Desc,P1 Non Motorist Action,P1 Non Motorist Location,P1 Safety Equipment,P1 Age,P1 Sex,P1 Seat Position,P1 Safety System,P1 Trapped,P1 Veh Owner,P2 Role,P2 Injury,P2 Drivers Lic State,P2 Drivers Lic Class 1,P2 Drivers Lic Class 2,P2 Drivers Lic Restrict,P2 Non Motorist Desc,P2 Non Motorist Action,P2 Non Motorist Location,P2 Safety Equipment,P2 Age,P2 Sex,P2 Seat Position,P2 Safety System,P2 Trapped,P2 Veh Owner
5/9/16 8:00,Monday,PASSENGER CAR,PASSENGER CAR,90,FAWCETT ST,,,"90 FAWCETT ST
Cambridge, MA
(42.39208099800004, -71.14612369399998)",,,"SIDESWIPE, OPPOSITE DIRECTION",UNKNOWN,COLLISION WITH PARKED MOTOR VEHICLE,UNKNOWN,UNKNOWN,,,NO,UNKNOWN,,,,,,NON INTERSECTION,,,,,,,,,,,,,,,,,,PAN,MA,PASSENGER CAR,,,Y,PARKED,2006,,A4,AUDI,,,,,,,RIGHT REAR,,,,,,,,,,,,,,,,,,,,,,,,,PAM,TX,PASSENGER CAR,,,Y,TURNING RIGHT,2014,COLLISION WITH PARKED MOTOR VEHICLE,CAMRY,TOYOTA,,,,,,,,,,,,,,,,,,,,,,OVER CORRECTING / OVER STEERING,,,,,,,,,,UNINVOLVED OWNER,,,,,,,,,,,MALE,,,,Y,UNINVOLVED OWNER,,,,,,,,,,,,,,,Y
8/19/16 19:41,Friday,LIGHT TRUCK,LIGHT TRUCK,,KIRKLAND,QUINCY,,"KIRKLAND &amp; QUINCY
Cambridge, MA
(42.36679362800004, -71.10600609899996)",,,HEAD ON,ROADWAY,COLLISION WITH MOTOR VEHICLE IN TRAFFIC,DAYLIGHT,CLEAR,,TRAFFIC CONTROL SIGNAL,YES,DRY,T-INTERSECTION,"TWO-WAY, DIVIDED, UNPROTECTED MEDIAN",NO,NO,,INTERSECTION,KIRKLAND,,QUINCY,,,,,,,,,,,,NONE,,,PAN,MA,LIGHT TRUCK,,,,TURNING LEFT,2008,COLLISION WITH MOTOR VEHICLE IN TRAFFIC,VUE,SATURN,1,,COLLISION WITH MOTOR VEHICLE IN TRAFFIC,,,,RIGHT FRONT,CENTER FRONT,,,WESTBOUND,,,,,,,,,,,UNKNOWN,,,,,,,NOT DISTRACTED,,,PAN,MA,LIGHT TRUCK,,,,TRAVELING STRAIGHT AHEAD,2011,COLLISION WITH MOTOR VEHICLE IN TRAFFIC,CRV,HONDA,1,,COLLISION WITH MOTOR VEHICLE IN TRAFFIC,,,,CENTER FRONT,RIGHT FRONT,,,,,,,,,,,,,,UNKNOWN,,,,,,,UNKNOWN,,,OPERATOR/DRIVER,NO INJURY,MASSACHUSETTS,"D, CLASS D VEHICLES",,,,,,,,MALE,"FRONT SEAT - LEFT SIDE, OR MOTORCYLE DRIVER",SHOULDER AND LAP BELT USED,,,UNINVOLVED OWNER,,MASSACHUSETTS,"D, CLASS D VEHICLES",,,,,,,,FEMALE,,,,Y
6/12/16 19:13,Sunday,LIGHT TRUCK,,23,JAY ST,,KINNAIRD ST,"23 JAY ST
Cambridge, MA
(42.36506946700007, -71.10995775399994)",,,"SIDESWIPE, OPPOSITE DIRECTION",ROADWAY,COLLISION WITH MOTOR VEHICLE IN TRAFFIC,DAYLIGHT,CLEAR,,NO CONTROLS,,DRY,NOT AT INTERSECTION,"TWO-WAY, NOT DIVIDED",NO,NO,,NON INTERSECTION,,,,,,,NORTHBOUND,,,,,,,,NONE,,,PAN,MA,LIGHT TRUCK,,,Y,TRAVELING STRAIGHT AHEAD,2014,COLLISION WITH MOTOR VEHICLE IN TRAFFIC,CHEROKEE,JEEP,1,,COLLISION WITH MOTOR VEHICLE IN TRAFFIC,,,,LEFT SIDE,,,,NORTHBOUND,,,,,,,,,,,NO IMPROPER DRIVING,,,,,,,NOT DISTRACTED,,,,,,,,,,,,,,,,,,,,,,,,,,,,,,,,,,,,,,,,,,,,,OPERATOR/DRIVER,NO INJURY,MASSACHUSETTS,"D, CLASS D VEHICLES",,,,,,,,MALE,"FRONT SEAT - LEFT SIDE, OR MOTORCYLE DRIVER",UNKNOWN,NOT TRAPPED,,WITNESS,,,,,,,,,,,MALE,,,,
5/3/16 12:08,Tuesday,PASSENGER CAR,,,BROADWAY,INMAM ST,,"BROADWAY &amp; INMAM ST
Cambridge, MA
(42.36679362800004, -71.10600609899996)",1,,ANGLE,ROADWAY,COLLISION WITH PEDALCYCLE,DAYLIGHT,RAIN,CLOUDY,TRAFFIC CONTROL SIGNAL,YES,WET,FOUR WAY INTERSECTION,"TWO-WAY, NOT DIVIDED",NO,NO,,INTERSECTION,BROADWAY,,INMAM ST,,,,,,,,,,,,,,,PAN,MA,PASSENGER CAR,,,,TRAVELING STRAIGHT AHEAD,2016,COLLISION WITH PEDALCYCLE,GTI,VOK,1,,COLLISION WITH PEDALCYCLE,,,,RIGHT SIDE,,,Y,EASTBOUND,,,,,,,,,,,NO IMPROPER DRIVING,,,,,,,,,YES VEHICLE OR TRAILER DISABLED,,,,,,,,,,,,,,,,,,,,,,,,,,,,,,,,,,,,,,,,,,,OPERATOR/DRIVER,NO INJURY,MASSACHUSETTS,"D, CLASS D VEHICLES","M, CLASS M VEHICLES",,,,,,,MALE,"FRONT SEAT - LEFT SIDE, OR MOTORCYLE DRIVER",UNKNOWN,NOT TRAPPED,Y,NON-MOTORIST,NON FATAL INJURY - POSSIBLE,,,,,CYCLIST,"WALKING, RUNNING OR CYCLING",CYCLIST,UNKNOWN,,MALE,,,,
9/13/16 0:10,Tuesday,LIGHT TRUCK,,,THINGVALLA AV.,CORCORAN LN,,"THINGVALLA AV. &amp; CORCORAN LN
Cambridge, MA
(42.36679362800004, -71.10600609899996)",,,"SIDESWIPE, SAME DIRECTION",ROADWAY,COLLISION WITH PARKED MOTOR VEHICLE,DARK - LIGHTED ROADWAY,CLEAR,,NO CONTROLS,,DRY,T-INTERSECTION,"ONE-WAY, NOT DIVIDED",NO,NO,30,INTERSECTION,THINGVALLA AV.,EASTBOUND,CORCORAN LN,,,,EASTBOUND,,,,,,,,NONE,,,PAN,MA,LIGHT TRUCK,,,,PARKED,2010,COLLISION WITH MOTOR VEHICLE IN TRAFFIC,TRANSIT,FORD,0,,COLLISION WITH MOTOR VEHICLE IN TRAFFIC,,,,LEFT FRONT,LEFT SIDE,LEFT REAR,,,,,,,,,,,,,,,,,,,,,,NO,UNKNOWN,,,,,Y,UNKNOWN,,COLLISION WITH PARKED MOTOR VEHICLE,UNKNOWN,UNKNOWN,,,COLLISION WITH PARKED MOTOR VEHICLE,,,,RIGHT FRONT,,,,EASTBOUND,,,,,,,,,,,UNKNOWN,,,,,,,UNKNOWN,,NO,UNINVOLVED OWNER,NO INJURY,MASSACHUSETTS,,,,,,,,,FEMALE,,,,Y,OPERATOR/DRIVER,,,,,,,,,,,,,,,
4/13/16 21:55,Wednesday,PASSENGER CAR,PASSENGER CAR,199,ALEWIFE BROOK PWAY,,,"199 ALEWIFE BROOK PWAY
Cambridge, MA
(42.39017182500004, -71.14208737499996)",,,,,,DAYLIGHT,CLEAR,,NO CONTROLS,,,NOT AT INTERSECTION,,NO,NO,,NON INTERSECTION,,,,,,,,,,,,,,,,,,PAN,NJ,PASSENGER CAR,,,,PARKED,2015,,200,CHRYSLER,0,,COLLISION WITH MOTOR VEHICLE IN TRAFFIC,,,,RIGHT FRONT,,,,,,,,,,,,,,,,,,,,,,,,,PAN,MA,PASSENGER CAR,,,Y,UNKNOWN,2005,,FOCUS,FORD,1,,COLLISION WITH PARKED MOTOR VEHICLE,,,,,,,,UNKNOWN,,,,,,,,,,,UNKNOWN,,,,,,,,,,OPERATOR/DRIVER,,MASSACHUSETTS,"D, CLASS D VEHICLES",,,,,,,,FEMALE,,,,,OPERATOR/DRIVER,,,,,,,,,,,UNKNOWN,,,,
6/23/16 8:45,Thursday,PASSENGER CAR,,335,HARVARD ST,,,"335 HARVARD ST
Cambridge, MA
(42.37064683300008, -71.10893267899996)",,,UNKNOWN,ROADWAY,COLLISION WITH PARKED MOTOR VEHICLE,UNKNOWN,UNKNOWN,,,,UNKNOWN,NOT AT INTERSECTION,"TWO-WAY, NOT DIVIDED",NO,NO,,NON INTERSECTION,,,,,,,,,,,,,,,,,,PAN,MA,PASSENGER CAR,,,,PARKED,2006,COLLISION WITH MOTOR VEHICLE IN TRAFFIC,PRIUS,TOYT,0,,COLLISION WITH MOTOR VEHICLE IN TRAFFIC,,,,LEFT FRONT,,,Y,,,,,,,,,,,,,,,,,,,,,NO,PAN,OT,,,,Y,,,,,,,,,,,,,,,,,,,,,,,,,,,,,,,,,,,,,UNINVOLVED OWNER,,,,,,,,,,,FEMALE,,,,Y,,,,,,,,,,,,,,,,
5/24/16 13:42,Tuesday,PASSENGER CAR,,,RIVER STREET,,BLACKSTONE STREET,"RIVER STREET
Cambridge, MA
(42.363222232000055, -71.11077567499996)",,,SINGLE VEHICLE CRASH,ROADWAY,OTHER,DAYLIGHT,RAIN,CLEAR,NO CONTROLS,,OTHER,NOT AT INTERSECTION,"ONE-WAY, NOT DIVIDED",,,,NON INTERSECTION,,,,,,,EASTBOUND,,NORTHBOUND,,,WHOLEFOOD SUPERMARKET,,,NONE,,,PAN,MA,PASSENGER CAR,,,Y,TRAVELING STRAIGHT AHEAD,2008,,TOWN,CHRYLSER,1,,OTHER,OTHER,,OTHER,RIGHT SIDE,RIGHT FRONT,RIGHT REAR,,EASTBOUND,,,,,,,,,,,UNKNOWN,UNKNOWN,,,,,,UNKNOWN,,,,,,,,,,,,,,,,,,,,,,,,,,,,,,,,,,,,,,,,,,,,,OPERATOR/DRIVER,,MASSACHUSETTS,"D, CLASS D VEHICLES",,,,,,,,FEMALE,,,,Y,,,,,,,,,,,,,,,,
10/2/16 11:55,Sunday,PASSENGER CAR,,,BROADWAY,ELLERY STREET,,"BROADWAY &amp; ELLERY STREET
Cambridge, MA
(42.36679362800004, -71.10600609899996)",,,UNKNOWN,ROADWAY,,DAYLIGHT,CLOUDY,OTHER,STOP SIGNS,,WET,FOUR WAY INTERSECTION,,,,,INTERSECTION,BROADWAY,NORTHBOUND,ELLERY STREET,WESTBOUND,,,,,,,,,,,,,,RGS,FL,PASSENGER CAR,,,,TURNING LEFT,2015,,COROLLA,TOYOTA,2,,UNKNOWN,,,,NONE,,,,WESTBOUND,,,,,,,,,,,UNKNOWN,,,,,,,,,,,,,,,,,,,,,,,,,,,,,,,,,,,,,,,,,,,,,,,,,,,,OPERATOR/DRIVER,,MASSACHUSETTS,,,,,,,,,FEMALE,"FRONT SEAT - LEFT SIDE, OR MOTORCYLE DRIVER",UNKNOWN,,Y,OCCUPANT/PASSENGER,,,,,,,,,,,FEMALE,UNKNOWN,,,
10/16/16 16:39,Sunday,PASSENGER CAR,,47,LINCOLN WAY,,,"47 LINCOLN WAY
Cambridge, MA
(42.387929342000064, -71.12936435799998)",1,,SINGLE VEHICLE CRASH,OUTSIDE ROADWAY,COLLISION WITH PEDALCYCLE,DAYLIGHT,CLEAR,,NO CONTROLS,,DRY,UNKNOWN,UNKNOWN,NO,NO,,NON INTERSECTION,,,,,,,,,,,,,,,NONE,MUNICIPAL,BIKE RACK,PAN,MA,PASSENGER CAR,,,,OTHER,2015,"OTHER FIXED OBJECT (WALL, BUILDING, TUNNEL)",FIT,HONDA,1,,"OTHER FIXED OBJECT (WALL, BUILDING, TUNNEL)",COLLISION WITH PEDALCYCLE,,,CENTER FRONT,RIGHT FRONT,LEFT FRONT,,,,,,,,,,,,,UNKNOWN,,,,,,,UNKNOWN,,,,,,,,,,,,,,,,,,,,,,,,,,,,,,,,,,,,,,,,,,,,,OPERATOR/DRIVER,NON FATAL INJURY - POSSIBLE,MASSACHUSETTS,"D, CLASS D VEHICLES",,,,,,,,FEMALE,"FRONT SEAT - LEFT SIDE, OR MOTORCYLE DRIVER",UNKNOWN,NOT TRAPPED,Y,,,,,,,,,,,,,,,,
9/28/17 14:20,Thursday,PASSENGER CAR,,40,CONCORD AVE,,BOND STREET,"40 CONCORD AVE
Cambridge, MA
(42.37971953700003, -71.12629425899996)",,,UNKNOWN,ROADWAY,UNKNOWN,DAYLIGHT,CLEAR,,NO CONTROLS,NO,DRY,NOT AT INTERSECTION,"TWO-WAY, NOT DIVIDED",NO,NO,20,NON INTERSECTION,,,,,,,SOUTHBOUND,,,,,,,,NONE,,,PAN,MA,PASSENGER CAR,,,Y,PARKED,2017,UNKNOWN,SENTRA,NISS,0,,UNKNOWN,,,,LEFT SIDE,,,Y,UNKNOWN,,,,,,,,,,,NO IMPROPER DRIVING,,,,,,,,,NO,,,,,,,,,,,,,,,,,,,,,,,,,,,,,,,,,,,,,,,,,,,UNINVOLVED OWNER,NO INJURY,NEW JERSEY,"D, CLASS D VEHICLES",,NONE,,,,,,FEMALE,,,,,,,,,,,,,,,,,,,,
9/27/16 9:25,Tuesday,PASSENGER CAR,,,BROADWAY,,MOORE ST,"BROADWAY
Cambridge, MA
(42.37379119600007, -71.11232017699996)",1,,"SIDESWIPE, SAME DIRECTION",ROADWAY,COLLISION WITH PEDALCYCLE,DAYLIGHT,CLOUDY,,NO CONTROLS,,WET,NOT AT INTERSECTION,"TWO-WAY, NOT DIVIDED",NO,NO,,NON INTERSECTION,,,,,,,,,,,,,,,,,,PAN,MA,PASSENGER CAR,,,,SLOWING OR STOPPED IN TRAFFIC,2015,COLLISION WITH PEDALCYCLE,FOCUS,FORD,2,,COLLISION WITH PEDALCYCLE,,,,RIGHT SIDE,,,,EASTBOUND,,,,,,,,,,,OTHER IMPROPER ACTION,,,,,,,,,,,,,,,,,,,,,,,,,,,,,,,,,,,,,,,,,,,,,,,,,,,,OPERATOR/DRIVER,NO INJURY,MASSACHUSETTS,"D, CLASS D VEHICLES","M, CLASS M VEHICLES",,,,,,,MALE,"FRONT SEAT - LEFT SIDE, OR MOTORCYLE DRIVER",UNKNOWN,NOT TRAPPED,Y,OCCUPANT/PASSENGER,NO INJURY,,,,,,,,,,MALE,SECOND SEAT - RIGHT SIDE,UNKNOWN,NOT TRAPPED,
7/8/16 11:50,Friday,LIGHT TRUCK,LIGHT TRUCK,,MASS AVE,DUDLEY ST,,"MASS AVE &amp; DUDLEY ST
Cambridge, MA
(42.36679362800004, -71.10600609899996)",,,REAR-END,ROADWAY,COLLISION WITH MOTOR VEHICLE IN TRAFFIC,DAYLIGHT,CLOUDY,,NO CONTROLS,,DRY,T-INTERSECTION,"TWO-WAY, DIVIDED, POSITIVE MEDIAN BARRIER",NO,NO,,INTERSECTION,MASS AVE,,DUDLEY ST,,,,,,,,,,,,,,,PASS,NJ,LIGHT TRUCK,,,,TRAVELING STRAIGHT AHEAD,2013,COLLISION WITH MOTOR VEHICLE IN TRAFFIC,ROGUE,NISS,1,,COLLISION WITH MOTOR VEHICLE IN TRAFFIC,,,,LEFT FRONT,CENTER FRONT,RIGHT FRONT,Y,EASTBOUND,,,,,,,,,,,,,,,,,,,,YES VEHICLE OR TRAILER DISABLED,PASS,NH,LIGHT TRUCK,,,,TRAVELING STRAIGHT AHEAD,2013,COLLISION WITH MOTOR VEHICLE IN TRAFFIC,RDX,ACURA,1,,COLLISION WITH MOTOR VEHICLE IN TRAFFIC,,,,REAR CENTER,,,Y,EASTBOUND,,,,,,,,,,,,,,,,,,,,NO,OPERATOR/DRIVER,NO INJURY,MASSACHUSETTS,"D, CLASS D VEHICLES",,,,,,,,FEMALE,"FRONT SEAT - LEFT SIDE, OR MOTORCYLE DRIVER",UNKNOWN,NOT TRAPPED,,UNINVOLVED OWNER,,,,,,,,,,,FEMALE,,,,Y
9/7/16 15:39,Wednesday,PASSENGER CAR,PASSENGER CAR,105,PUTNAM AVE,,MARTIN LUTHER SCHOOL,"105 PUTNAM AVE
Cambridge, MA
(42.36692333700006, -71.11357458999998)",,1,REAR-END,ROADWAY,COLLISION WITH PARKED MOTOR VEHICLE,DAYLIGHT,CLEAR,CLEAR,NO CONTROLS,,DRY,NOT AT INTERSECTION,"TWO-WAY, DIVIDED, UNPROTECTED MEDIAN",NO,YES,30,NON INTERSECTION,,,,,,,EASTBOUND,,,,,,,,NONE,,,PAN,MA,PASSENGER CAR,,,,PARKED,2012,COLLISION WITH PARKED MOTOR VEHICLE,PRIUS,TOYOTA,3,,COLLISION WITH PARKED MOTOR VEHICLE,,,,REAR CENTER,,,,EASTBOUND,,,,,,,,,,,NO IMPROPER DRIVING,,,,,,,NOT DISTRACTED,,NO,PAN,MA,PASSENGER CAR,,,,TRAVELING STRAIGHT AHEAD,2005,COLLISION WITH PARKED MOTOR VEHICLE,EXPLORER,FORD,1,,COLLISION WITH PARKED MOTOR VEHICLE,COLLISION WITH PEDESTRIAN,,,NONE,,,,EASTBOUND,,,,,,,,,,,OTHER IMPROPER ACTION,,,,,,,NOT DISTRACTED,,NO,OPERATOR/DRIVER,NON FATAL INJURY - POSSIBLE,MASSACHUSETTS,,,,,,,,,MALE,"FRONT SEAT - LEFT SIDE, OR MOTORCYLE DRIVER",UNKNOWN,NOT TRAPPED,Y,OPERATOR/DRIVER,NO INJURY,YUKON TERR,,,,,,,,,MALE,"FRONT SEAT - LEFT SIDE, OR MOTORCYLE DRIVER",UNKNOWN,NOT TRAPPED,Y
10/4/16 21:35,Tuesday,PASSENGER CAR,,243,COLUMBIA ST,,,"243 COLUMBIA ST
Cambridge, MA
(42.36920623300006, -71.09665028399996)",,,,,,DUSK,CLEAR,,,,DRY,,,,,30,NON INTERSECTION,,,,,,,NORTHBOUND,,,,,,,,,,,LVN,MA,PASSENGER CAR,,,Y,PARKED,2010,,RX350,LEXUS,0,,COLLISION WITH MOTOR VEHICLE IN TRAFFIC,,,,LEFT FRONT,,,,,,,,,,,,,,,,,,,,,,,,,,,,,,,,,,,,,,,,,,,,,,,,,,,,,,,,,,,,,,,,,,,UNINVOLVED OWNER,,MASSACHUSETTS,,,,,,,,,MALE,,,,Y,,,,,,,,,,,,,,,,
9/12/16 15:00,Monday,PASSENGER CAR,,3,DAVENPORT ST,,MASS AVE,"3 DAVENPORT ST
Cambridge, MA
(42.38973477900004, -71.11953437299996)",,,UNKNOWN,ROADWAY,COLLISION WITH PARKED MOTOR VEHICLE,DAYLIGHT,CLEAR,,NO CONTROLS,,DRY,NOT AT INTERSECTION,"TWO-WAY, NOT DIVIDED",NO,NO,,NON INTERSECTION,,,,,,,SOUTHBOUND,,,,,,,,,,,PAN,MA,PASSENGER CAR,,,,PARKED,2014,COLLISION WITH MOTOR VEHICLE IN TRAFFIC,TAURUS,FORD,0,,COLLISION WITH MOTOR VEHICLE IN TRAFFIC,,,,LEFT FRONT,,,,,,,,,,,,,,,,,,,,,,,,,PAN,OT,,,,Y,,,,,,,,,,,,,,,,,,,,,,,,,,,,,,,,,,,,,UNINVOLVED OWNER,,,,,,,,,,,MALE,,,,Y,,,,,,,,,,,,,,,,
5/27/16 16:45,Friday,PASSENGER CAR,PASSENGER CAR,,SEVEN PINES AVE,GOLD STAR ROAD,,"SEVEN PINES AVE &amp; GOLD STAR ROAD
Cambridge, MA
(42.36679362800004, -71.10600609899996)",,,"SIDESWIPE, SAME DIRECTION",ROADSIDE,COLLISION WITH PARKED MOTOR VEHICLE,DAYLIGHT,CLEAR,,,,DRY,T-INTERSECTION,"TWO-WAY, NOT DIVIDED",NO,NO,30,INTERSECTION,SEVEN PINES AVE,,GOLD STAR ROAD,,,,,,,,,,,,NONE,,,PAN,MA,PASSENGER CAR,,,,PARKED,2001,COLLISION WITH MOTOR VEHICLE IN TRAFFIC,GTI,VOLKSWAGON,0,,COLLISION WITH MOTOR VEHICLE IN TRAFFIC,,,,LEFT FRONT,,,,UNKNOWN,,,,,,,,,,,NO IMPROPER DRIVING,,,,,,,NOT DISTRACTED,,,PAS,NJ,PASSENGER CAR,,,Y,PARKED,,COLLISION WITH PARKED MOTOR VEHICLE,,,1,,COLLISION WITH PARKED MOTOR VEHICLE,,,,UNKNOWN,,,,UNKNOWN,,,,,,,,,,,OVER CORRECTING / OVER STEERING,INATTENTION,,,,,,UNKNOWN,,,UNINVOLVED OWNER,NO INJURY,MASSACHUSETTS,"D, CLASS D VEHICLES",,,,,,,,FEMALE,,,,Y,,,,,,,,,,,,,,,,
5/6/16 13:26,Friday,PASSENGER CAR,PASSENGER CAR,,CAMBRIDGE STREET,WINDSOR STREET,,"CAMBRIDGE STREET &amp; WINDSOR STREET
Cambridge, MA
(42.36679362800004, -71.10600609899996)",,,ANGLE,ROADWAY,COLLISION WITH MOTOR VEHICLE IN TRAFFIC,DAYLIGHT,CLEAR,CLEAR,STOP SIGNS,,DRY,FOUR WAY INTERSECTION,,,,,INTERSECTION,CAMBRIDGE STREET,NORTHBOUND,WINDSOR STREET,EASTBOUND,,,,,,,,,,,NONE,,,PAN,MA,PASSENGER CAR,,,,TRAVELING STRAIGHT AHEAD,2005,COLLISION WITH MOTOR VEHICLE IN TRAFFIC,ACCORD,HONDA,1,,COLLISION WITH MOTOR VEHICLE IN TRAFFIC,,,,CENTER FRONT,RIGHT FRONT,LEFT FRONT,,SOUTHBOUND,,,,,,,,,,,UNKNOWN,UNKNOWN,,,,,,UNKNOWN,,,PAN,MA,PASSENGER CAR,,,,OTHER,2013,OTHER,CAROLLA,TOYOTA,2,,OTHER,,,,LEFT SIDE,OTHER,OTHER,,WESTBOUND,,,,,,,,,,,UNKNOWN,UNKNOWN,,,,,,UNKNOWN,,,OPERATOR/DRIVER,,MASSACHUSETTS,,,,,,,,,FEMALE,"FRONT SEAT - LEFT SIDE, OR MOTORCYLE DRIVER",UNKNOWN,,Y,OCCUPANT/PASSENGER,NON FATAL INJURY - POSSIBLE,,,,,,,,,,FEMALE,FRONT SEAT - RIGHT SIDE,SHOULDER AND LAP BELT USED,,
6/21/16 7:45,Tuesday,PASSENGER CAR,,26,CHAUNCY ST,,,"26 CHAUNCY ST
Cambridge, MA
(42.379312576000075, -71.12332002699998)",1,,"SIDESWIPE, SAME DIRECTION",ROADWAY,COLLISION WITH PEDALCYCLE,DAYLIGHT,CLOUDY,,NO CONTROLS,,DRY,NOT AT INTERSECTION,"ONE-WAY, NOT DIVIDED",NO,NO,,NON INTERSECTION,,,,,,,,,,,,,,,,,,PAN,MA,PASSENGER CAR,,,,TRAVELING STRAIGHT AHEAD,2008,COLLISION WITH PEDALCYCLE,SEBRIN,CHRY,,,COLLISION WITH PEDALCYCLE,,,,RIGHT SIDE,,,,NORTHBOUND,,,,,,,,,,,UNKNOWN,,,,,,,,,NO,,,,,,,,,,,,,,,,,,,,,,,,,,,,,,,,,,,,,,,,,,,OPERATOR/DRIVER,NO INJURY,MASSACHUSETTS,"D, CLASS D VEHICLES",,,,,,,,MALE,"FRONT SEAT - LEFT SIDE, OR MOTORCYLE DRIVER",UNKNOWN,NOT TRAPPED,Y,NON-MOTORIST,NON FATAL INJURY - POSSIBLE,,,,,CYCLIST,"WALKING, RUNNING OR CYCLING",SHARED-USE PATH OR TRAILS,UNKNOWN,,MALE,,,,
8/10/16 20:45,Wednesday,PASSENGER CAR,LIGHT TRUCK,14,CENTRE ST,,,"14 CENTRE ST
Cambridge, MA
(42.36928315900008, -71.10809932199999)",,,REAR TO REAR,ROADWAY,COLLISION WITH MOTOR VEHICLE IN TRAFFIC,DAYLIGHT,CLEAR,,NO CONTROLS,,DRY,NOT AT INTERSECTION,"TWO-WAY, NOT DIVIDED",NO,NO,,NON INTERSECTION,,,,,,,EASTBOUND,,,,,,,,NONE,,,PAN,MA,PASSENGER CAR,,,Y,BACKING,2012,COLLISION WITH PARKED MOTOR VEHICLE,CARAVAN,DODGE,1,,COLLISION WITH PARKED MOTOR VEHICLE,,,,,,,,NORTHBOUND,,,,,,,,,,,UNKNOWN,,,,,,,UNKNOWN,,,AMN,MA,LIGHT TRUCK,,,,PARKED,2013,COLLISION WITH MOTOR VEHICLE IN TRAFFIC,CUTVAN,FORD,0,,COLLISION WITH MOTOR VEHICLE IN TRAFFIC,,,,RIGHT REAR,,,,,,,,,,,,,,,NO IMPROPER DRIVING,,,,,,,NOT DISTRACTED,,,UNINVOLVED OWNER,,MASSACHUSETTS,,,,,,,,,FEMALE,,,,Y,OPERATOR/DRIVER,,MASSACHUSETTS,,,,,,,,,MALE,,,,
6/6/16 16:56,Monday,LIGHT TRUCK,LIGHT TRUCK,,SECOND STREET,ROGERS STREET,,"SECOND STREET &amp; ROGERS STREET
Cambridge, MA
(42.36679362800004, -71.10600609899996)",,,ANGLE,,,DAYLIGHT,CLEAR,,STOP SIGNS,,,T-INTERSECTION,"TWO-WAY, NOT DIVIDED",NO,NO,,INTERSECTION,SECOND STREET,NORTHBOUND,ROGERS STREET,WESTBOUND,,,,,,,,,,,NONE,,,PAN,MA,LIGHT TRUCK,,,,TRAVELING STRAIGHT AHEAD,2010,,4 D00R,DODGE,1,,COLLISION WITH MOTOR VEHICLE IN TRAFFIC,,,,RIGHT SIDE,OTHER,,,NORTHBOUND,,,,,,,,,,,NO IMPROPER DRIVING,,,,,,,NOT DISTRACTED,,YES VEHICLE OR TRAILER DISABLED,PAN,MA,LIGHT TRUCK,,,,TRAVELING STRAIGHT AHEAD,2013,,SUV,NISSAN,1,,COLLISION WITH MOTOR VEHICLE IN TRAFFIC,,,,CENTER FRONT,OTHER,,,WESTBOUND,,,,,,,,,,,"DISREGARDED TRAFFIC SIGNS, SIGNALS, ROAD MARKINGS",EXCEEDED AUTH SPEED LIMIT,,,,,,UNKNOWN,,YES VEHICLE OR TRAILER DISABLED,OPERATOR/DRIVER,,MASSACHUSETTS,"D, CLASS D VEHICLES",,,,,,,,MALE,,,,Y,OPERATOR/DRIVER,,MASSACHUSETTS,"D, CLASS D VEHICLES",,,,,,,,FEMALE,OTHER,NONE USED - VEHICLE OCCUPANT,,Y