Date Time,Day of Week,Object 1,Object 2,Street Number,Street Name,Cross Street,Near Street,Location,May involve cyclist,May Involve Pedestrian,Manner of Collision,First Harmful Event Location,First Harmful Event,Ambient Light,Weather Condition 1,Weather Condition 2,Traffic Control Device Type,Traffic Control Device Functionality,Road Surface Condition,Roadway Junction Type,Trafficway Description,School Bus Related,Work Zone,Speed Limit,Street or Intersection,Intersection Name 1,Intersection Direction 1,Intersection Name 2,Intersection Direction 2,Intersection Name 3,Intersection Direction 3,Street Direction,Nearest Intersection Distance,Nearest Intersection Direction,Landmark Distance,Landmark Direction,Landmark,Mile Marker Direction,Non Public Area,Road Contributing,Damaged Property Type,Description of Damaged Property,V1 Registration Type,v1 State Code,V1 Configuration,V1 Emergency Response,V1 Moped,V1 Hit and Run,V1 Action Prior to Crash,V1 Model Year,V1 Most Harmful Event,V1 Model,V1 Make,V1 Occupant Count,V1 Underride Override,V1 First Event,V1 Second Event,V1 Third Event,V1 Fourth Event,V1 Most Damaged Area,V1 Second Damaged Area,V1 Third Damaged Area,V1 Towed,V1 Travel Direction,V1 Interstate,V1 Cargo Body Type,V1 Gross Weight,V1 Haz Placard,V1 Haz Release,V1 Trailer Reg Type,V1 Trailer Reg Plate,V1 Trailer Reg State,V1 Trailer Reg Year,V1 Trailer Len,V1 Driver Contribution,V1 Driver Contribution 2,V1 Is Truck,V1 Has Trailer,V1 Is Bus,V1 Is Hazmat,V1 Reg Year,V1 Driver Distracted,V1 Bus Use,V1 Tow Use,V2 Registration Type,V2 State Code,V2 Configuration,V2 Emergency Response,V2 Moped,V2 Hit and Run,V2 Action Prior to Crash,V2 Model Year,V2 Most Harmful Event,V2 Model,V2 Make,V2 Occupant Count,V2 Underride Override,V2 First Event,V2 Second Event,V2 Third Event,V2 Fourth Event,V2 Most Damaged Area,V2 Second Damaged Area,V2 Third Damaged Area,V2 Towed,V2 Travel Direction,V2 Interstate,V2 Cargo Body Type,V2 Gross Weight,V2 Haz Placard,V2 Haz Release,V2 Trailer Reg Type,V2 Trailer Reg Plate,V2 Trailer Reg State,V2 Trailer Reg Year,V2 Trailer Len,V2 Driver Contribution,V2 Driver Contribution 2,V2 Is Truck,V2 Has Trailer,V2 Is Bus,V2 Is Hazmat,V2 Reg Year,V2 Driver Distracted,V2 Bus Use,V2 Tow Use,P1 Role,P1 Injury,P1 Drivers Lic State,P1 Drivers Lic Class 1,P1 Drivers Lic Class 2,P1 Drivers Lic Restrict,P1 Non Motorist Desc,P1 Non Motorist Action,P1 Non Motorist Location,P1 Safety Equipment,P1 Age,P1 Sex,P1 Seat Position,P1 Safety System,P1 Trapped,P1 Veh Owner,P2 Role,P2 Injury,P2 Drivers Lic State,P2 Drivers Lic Class 1,P2 Drivers Lic Class 2,P2 Drivers Lic Restrict,P2 Non Motorist Desc,P2 Non Motorist Action,P2 Non Motorist Location,P2 Safety Equipment,P2 Age,P2 Sex,P2 Seat Position,P2 Safety System,P2 Trapped,P2 Veh Owner
4/28/16 19:59,Thursday,PASSENGER CAR,,,CAMBRIDGE STREET,,MAPLE AVE,"CAMBRIDGE STREET
Cambridge, MA
(42.375468641000055, -71.11429857799999)",1,,ANGLE,ROADSIDE,,DAYLIGHT,CLEAR,,NO CONTROLS,,DRY,NOT AT INTERSECTION,"TWO-WAY, NOT DIVIDED",NO,NO,,NON INTERSECTION,,,,,,,EASTBOUND,,,,,,,,NONE,OTHER,BICYCLE,PAN,MA,PASSENGER CAR,,,,TURNING LEFT,2013,,CAMRY,TOYOTA,1,,COLLISION WITH PEDALCYCLE,,,,OTHER,,,,SOUTHBOUND,,,,,,,,,,,FAILED TO YIELD THE RIGHT OF WAY,,,,,,,UNKNOWN,,,,,,,,,,,,,,,,,,,,,,,,,,,,,,,,,,,,,,,,,,,,,OPERATOR/DRIVER,,MASSACHUSETTS,"D, CLASS D VEHICLES",,,,,,,,FEMALE,,,,Y,NON-MOTORIST,,,,,,,,,,,MALE,,,,
6/2/16 18:16,Thursday,LIGHT TRUCK,,640,CONCORD AVE,,,"640 CONCORD AVE
Cambridge, MA
(42.38960190800003, -71.14818552299994)",,,UNKNOWN,,,DAYLIGHT,CLEAR,,NO CONTROLS,,,,,NO,NO,,NON INTERSECTION,,,,,,,,,,,,NAVILLE  MANOR NURSING HOME,,,,,,PAN,MA,LIGHT TRUCK,,,,PARKED,2007,,CRV,HONDA,0,,COLLISION WITH MOTOR VEHICLE IN TRAFFIC,,,,LEFT SIDE,,,,,,,,,,,,,,,,,,,,,,,,,PAN,MA,,,,Y,UNKNOWN,,,UNKNOWN,UNKNOWN,1,,COLLISION WITH PARKED MOTOR VEHICLE,,,,,,,,UNKNOWN,,,,,,,,,,,,,,,,,,,,,UNINVOLVED OWNER,,MASSACHUSETTS,"D, CLASS D VEHICLES",,,,,,,,FEMALE,,,,,OPERATOR/DRIVER,,,,,,,,,,,UNKNOWN,,,,
5/26/16 15:59,Thursday,LIGHT TRUCK,PASSENGER CAR,,BROOKLINE STREET,,MEMORIAL DRIVE,"BROOKLINE STREET
Cambridge, MA
(42.35900909600008, -71.10628563399996)",,,"SIDESWIPE, SAME DIRECTION",,,DAYLIGHT,CLEAR,,,,DRY,,,NO,,,NON INTERSECTION,,,,,,,WESTBOUND,,,,,,,,NONE,,,PNA,MD,LIGHT TRUCK,,,,TRAVELING STRAIGHT AHEAD,2007,,MINIVAN,TOYOTA,1,,COLLISION WITH MOTOR VEHICLE IN TRAFFIC,,,,RIGHT SIDE,,,,WESTBOUND,,,,,,,,,,,UNKNOWN,,,,,,,,,,UNKNOWN,,PASSENGER CAR,,,Y,TRAVELING STRAIGHT AHEAD,,,UNKNOWN,UNKNOWN,1,,COLLISION WITH MOTOR VEHICLE IN TRAFFIC,,,,,,,,WESTBOUND,,,,,,,,,,,UNKNOWN,,,,,,,,,,OPERATOR/DRIVER,,MARYLAND,"D, CLASS D VEHICLES",,,,,,,,FEMALE,,,,Y,OPERATOR/DRIVER,,,,,,,,,,,UNKNOWN,,,,
7/22/16 6:11,Friday,SINGLE UNIT TRUCK (2 AXLES - 6 TIRES),,80,PROSPECT ST,,ST PAUL ST,"80 PROSPECT ST
Cambridge, MA
(42.36705232700007, -71.10257236099994)",,,REAR-END,ROADWAY,COLLISION WITH UTILITY POLE,DAYLIGHT,CLEAR,,NO CONTROLS,,DRY,NOT AT INTERSECTION,"TWO-WAY, DIVIDED, UNPROTECTED MEDIAN",NO,NO,,NON INTERSECTION,,,,,,,EASTBOUND,,,,,,,,NONE,,,CON,MA,SINGLE UNIT TRUCK (2 AXLES - 6 TIRES),,,,BACKING,2015,COLLISION WITH UTILITY POLE,M2106,FRHT,1,,COLLISION WITH UTILITY POLE,,,,NONE,,,,EASTBOUND,,,,,,,,,,,NO IMPROPER DRIVING,,,,,,,NOT DISTRACTED,,,,,,,,,,,,,,,,,,,,,,,,,,,,,,,,,,,,,,,,,,,,,OPERATOR/DRIVER,NO INJURY,MASSACHUSETTS,,,,,,,,,MALE,"FRONT SEAT - LEFT SIDE, OR MOTORCYLE DRIVER",SHOULDER AND LAP BELT USED,NOT TRAPPED,,UNINVOLVED OWNER,,,,,,,,,,,,,,,Y
8/15/16 15:01,Monday,PASSENGER CAR,PASSENGER CAR,,PUTNAM AVE,KINNAIRD ST,,"PUTNAM AVE &amp; KINNAIRD ST
Cambridge, MA
(42.36679362800004, -71.10600609899996)",,,ANGLE,ROADWAY,COLLISION WITH MOTOR VEHICLE IN TRAFFIC,DAYLIGHT,CLEAR,CLEAR,STOP SIGNS,YES,DRY,T-INTERSECTION,"TWO-WAY, DIVIDED, UNPROTECTED MEDIAN",NO,NO,,INTERSECTION,PUTNAM AVE,SOUTHBOUND,KINNAIRD ST,WESTBOUND,,,,,,,,,,,NONE,,,PAN,MA,PASSENGER CAR,,,,TURNING LEFT,2011,,GOLF,VOLK,1,,COLLISION WITH MOTOR VEHICLE IN TRAFFIC,,,,RIGHT FRONT,,,,WESTBOUND,,,,,,,,,,,FAILED TO YIELD THE RIGHT OF WAY,,,,,,,UNKNOWN,,,PAN,MA,PASSENGER CAR,,,,TRAVELING STRAIGHT AHEAD,2005,,S60,VOLVO,1,,COLLISION WITH MOTOR VEHICLE IN TRAFFIC,,,,LEFT SIDE,,,,SOUTHBOUND,,,,,,,,,,,NO IMPROPER DRIVING,,,,,,,,,,OPERATOR/DRIVER,NO INJURY,MASSACHUSETTS,"D, CLASS D VEHICLES",,NONE,,,,,,MALE,"FRONT SEAT - LEFT SIDE, OR MOTORCYLE DRIVER",UNKNOWN,NOT TRAPPED,,OPERATOR/DRIVER,NO INJURY,MASSACHUSETTS,"D, CLASS D VEHICLES","M, CLASS M VEHICLES",NONE,,,,,,MALE,"FRONT SEAT - LEFT SIDE, OR MOTORCYLE DRIVER",UNKNOWN,NOT TRAPPED,Y
6/2/16 7:25,Thursday,SINGLE UNIT TRUCK (3 0R MORE AXLES),,,BINNEY ST,FIRST ST,,"BINNEY ST &amp; FIRST ST
Cambridge, MA
(42.36679362800004, -71.10600609899996)",,,SINGLE VEHICLE CRASH,ROADWAY,COLLISION WITH LIGHT POLE OR OTHER POST/SUPPORT,DAYLIGHT,CLOUDY,,,YES,DRY,FOUR WAY INTERSECTION,"TWO-WAY, DIVIDED, UNPROTECTED MEDIAN",NO,,,INTERSECTION,BINNEY ST,,FIRST ST,,,,,,,,,,,,NONE,MUNICIPAL,TRAFFIC SIGNAL,APN,MA,SINGLE UNIT TRUCK (3 0R MORE AXLES),,,,ENTERING TRAFFIC LANE,,COLLISION WITH LIGHT POLE OR OTHER POST/SUPPORT,,TRUCK,1,,COLLISION WITH LIGHT POLE OR OTHER POST/SUPPORT,,,,,,,,,,,,,,,,,,,OTHER IMPROPER ACTION,,,,,,,,,,,,,,,,,,,,,,,,,,,,,,,,,,,,,,,,,,,,,,,,,,,,OPERATOR/DRIVER,,NEW HAMPSHIRE,"A, CLASS A VEHICLES",,,,,,,,FEMALE,,,,,UNINVOLVED OWNER,,,,,,,,,,,,,,,Y
5/17/16 18:21,Tuesday,LIGHT TRUCK,LIGHT TRUCK,,ALEWIFE GARAGE,CAMBRIDGE PARK PL,,"ALEWIFE GARAGE &amp; CAMBRIDGE PARK PL
Cambridge, MA
(42.36679362800004, -71.10600609899996)",,,"SIDESWIPE, SAME DIRECTION",ROADWAY,COLLISION WITH MOTOR VEHICLE IN TRAFFIC,DAYLIGHT,CLEAR,,NO CONTROLS,,,T-INTERSECTION,"TWO-WAY, DIVIDED, POSITIVE MEDIAN BARRIER",NO,NO,30,INTERSECTION,ALEWIFE GARAGE,WESTBOUND,CAMBRIDGE PARK PL,SOUTHBOUND,,,,,,,,,,,NONE,,,CON,MA,LIGHT TRUCK,,,,TURNING LEFT,2011,COLLISION WITH MOTOR VEHICLE IN TRAFFIC,TRANSIT,FORD,2,,COLLISION WITH MOTOR VEHICLE IN TRAFFIC,,,,RIGHT FRONT,,,,WESTBOUND,,,,,,,,,,,FAILED TO YIELD THE RIGHT OF WAY,,,,,,,UNKNOWN,,,CON,MA,LIGHT TRUCK,,,,TRAVELING STRAIGHT AHEAD,2000,,LAND CRUISER,TOYOTA,1,,COLLISION WITH MOTOR VEHICLE IN TRAFFIC,,,,LEFT SIDE,,,,SOUTHBOUND,,,,,,,,,,,NO IMPROPER DRIVING,,,,,,,UNKNOWN,,,OPERATOR/DRIVER,NO INJURY,MASSACHUSETTS,"D, CLASS D VEHICLES",,NONE,,,,,,FEMALE,"FRONT SEAT - LEFT SIDE, OR MOTORCYLE DRIVER",UNKNOWN,NOT TRAPPED,Y,OPERATOR/DRIVER,NO INJURY,MASSACHUSETTS,"D, CLASS D VEHICLES",,NONE,,,,,,MALE,"FRONT SEAT - LEFT SIDE, OR MOTORCYLE DRIVER",UNKNOWN,NOT TRAPPED,Y
8/5/16 18:53,Friday,PASSENGER CAR,LIGHT TRUCK,,FELTON,BROADWAY,,"FELTON &amp; BROADWAY
Cambridge, MA
(42.36679362800004, -71.10600609899996)",,,"SIDESWIPE, SAME DIRECTION",ROADWAY,COLLISION WITH PARKED MOTOR VEHICLE,DAYLIGHT,CLEAR,CLEAR,STOP SIGNS,YES,DRY,T-INTERSECTION,"ONE-WAY, NOT DIVIDED",NO,NO,,INTERSECTION,FELTON,SOUTHBOUND,BROADWAY,WESTBOUND,,,,,,,,,,,NONE,,,PAN,MA,PASSENGER CAR,,,,PARKED,2009,,335 XI,BMW,0,,,,,,RIGHT FRONT,RIGHT SIDE,CENTER FRONT,,,,,,,,,,,,OTHER,,,,,,,,,,,CON,MA,LIGHT TRUCK,,,,TURNING RIGHT,2016,,F350,FORD,1,,COLLISION WITH PARKED MOTOR VEHICLE,,,,LEFT REAR,,,,SOUTHBOUND,,,,,,SMN,95220,MASSACHUSETTS,2011,,UNKNOWN,,,Y,,,,,,,UNINVOLVED OWNER,,MASSACHUSETTS,"D, CLASS D VEHICLES",,,,,,,,MALE,,,,Y,OPERATOR/DRIVER,,MASSACHUSETTS,"A, CLASS A VEHICLES",,,,,,,,MALE,"FRONT SEAT - LEFT SIDE, OR MOTORCYLE DRIVER",,,
7/13/16 10:30,Wednesday,LIGHT TRUCK,PASSENGER CAR,,HUDSON,,WRIGHT ST,"HUDSON
Cambridge, MA
(42.38209646300004, -71.12148265599996)",,,ANGLE,ROADWAY,COLLISION WITH PARKED MOTOR VEHICLE,DAYLIGHT,CLEAR,,NO CONTROLS,,DRY,NOT AT INTERSECTION,"TWO-WAY, NOT DIVIDED",NO,NO,,NON INTERSECTION,,,,,,,,,,,,,,,,,,PAN,MA,LIGHT TRUCK,,,,BACKING,2014,COLLISION WITH PARKED MOTOR VEHICLE,TK,CHEV,1,,COLLISION WITH PARKED MOTOR VEHICLE,,,,NONE,,,,NORTHBOUND,UNKNOWN,OTHER,"10,001 - 26000 POUNDS",,,TRL,XFZ6921,PENNSYLVANIA,2009,OTHER,,,Y,Y,,,,,,NO,PAN,MA,PASSENGER CAR,,,,PARKED,2009,COLLISION WITH MOTOR VEHICLE IN TRAFFIC,PRIUS,TOYT,0,,COLLISION WITH MOTOR VEHICLE IN TRAFFIC,,,,LEFT REAR,,,,,,,,,,,,,,,,,,,,,,,,,OPERATOR/DRIVER,NO INJURY,MASSACHUSETTS,,,,,,,,,MALE,"FRONT SEAT - LEFT SIDE, OR MOTORCYLE DRIVER",UNKNOWN,NOT TRAPPED,,UNINVOLVED OWNER,,,,,,,,,,,UNKNOWN,,,,Y
8/6/16 17:41,Saturday,PASSENGER CAR,PASSENGER CAR,,MAIN ST,PORTLAND ST,,"MAIN ST &amp; PORTLAND ST
Cambridge, MA
(42.36679362800004, -71.10600609899996)",,,ANGLE,ROADWAY,,DAYLIGHT,CLEAR,,TRAFFIC CONTROL SIGNAL,YES,DRY,T-INTERSECTION,"TWO-WAY, DIVIDED, UNPROTECTED MEDIAN",NO,NO,,INTERSECTION,MAIN ST,NORTHBOUND,PORTLAND ST,,,,,,,,,,,,NONE,,,CON,MA,PASSENGER CAR,,,,TRAVELING STRAIGHT AHEAD,2015,COLLISION WITH MOTOR VEHICLE IN TRAFFIC,43OO,INTL,2,,COLLISION WITH MOTOR VEHICLE IN TRAFFIC,,,,LEFT FRONT,,,,NORTHBOUND,,,,,,,,,,,,,,,,,,,,,PAN,MA,PASSENGER CAR,,,,TRAVELING STRAIGHT AHEAD,2008,COLLISION WITH MOTOR VEHICLE IN TRAFFIC,SEDAN,SATU,1,,COLLISION WITH MOTOR VEHICLE IN TRAFFIC,,,,RIGHT FRONT,RIGHT SIDE,CENTER FRONT,Y,SOUTHBOUND,,,,,,,,,,,,,,,,,,,,YES VEHICLE OR TRAILER DISABLED,OPERATOR/DRIVER,,MASSACHUSETTS,,,,,,,,,MALE,,,,,OPERATOR/DRIVER,,MASSACHUSETTS,,,,,,,,,MALE,,,,Y
9/16/16 16:27,Friday,PASSENGER CAR,PASSENGER CAR,,MT AUBURN,GERRY'S LANDING,,"MT AUBURN &amp; GERRY'S LANDING
Cambridge, MA
(42.36679362800004, -71.10600609899996)",,,"SIDESWIPE, SAME DIRECTION",ROADWAY,,DAYLIGHT,CLEAR,CLEAR,NO CONTROLS,,UNKNOWN,OFF RAMP,,,,,INTERSECTION,MT AUBURN,EASTBOUND,GERRY'S LANDING,NORTHBOUND,,,,,,,,,,,,OTHER,,PAN,MA,PASSENGER CAR,,,Y,TRAVELING STRAIGHT AHEAD,2013,,OUTBACK,SUBARU,2,,COLLISION WITH MOTOR VEHICLE IN TRAFFIC,OTHER,,,LEFT REAR,,,,NORTHBOUND,,,,,,,,,,,UNKNOWN,UNKNOWN,,,,,,UNKNOWN,,,PAN,MA,PASSENGER CAR,,,Y,OTHER,2006,,CAMRY,TOYOTA,1,,COLLISION WITH MOTOR VEHICLE IN TRAFFIC,,,,UNKNOWN,,,,NORTHBOUND,,,,,,,,,,,UNKNOWN,UNKNOWN,,,,,,UNKNOWN,,,OPERATOR/DRIVER,,MASSACHUSETTS,,,,,,,,,MALE,"FRONT SEAT - LEFT SIDE, OR MOTORCYLE DRIVER",UNKNOWN,,Y,OCCUPANT/PASSENGER,,,,,,,,,,,FEMALE,UNKNOWN,UNKNOWN,,
10/12/16 16:00,Wednesday,LIGHT TRUCK,PASSENGER CAR,8,DANA ST,,,"8 DANA ST
Cambridge, MA
(42.36994052000006, -71.11015299299999)",,,ANGLE,ROADWAY,COLLISION WITH PARKED MOTOR VEHICLE,DARK - LIGHTED ROADWAY,,CLOUDY,,,WET,NOT AT INTERSECTION,,,,30,NON INTERSECTION,,,,,,,SOUTHBOUND,,,,,,,,NONE,,,MVN,MA,LIGHT TRUCK,,,,TURNING RIGHT,2013,COLLISION WITH PARKED MOTOR VEHICLE,EXPLORER,FORED,1,,COLLISION WITH PARKED MOTOR VEHICLE,,,,RIGHT SIDE,RIGHT REAR,,,,,,,,,,,,,,,,,,,,,,,,PAN,MA,PASSENGER CAR,,,,PARKED,2016,COLLISION WITH MOTOR VEHICLE IN TRAFFIC,SONATA,HYUNDAI,0,,COLLISION WITH MOTOR VEHICLE IN TRAFFIC,,,,LEFT FRONT,,,,,,,,,,,,,,,,,,,,,,,,,OPERATOR/DRIVER,,MASSACHUSETTS,,,,,,,,,MALE,,,,,UNINVOLVED OWNER,,MASSACHUSETTS,,,,,,,,,MALE,,,,Y
5/24/16 8:01,Tuesday,LIGHT TRUCK,,,TREMONT ST,BROADWAY,,"TREMONT ST &amp; BROADWAY
Cambridge, MA
(42.36679362800004, -71.10600609899996)",1,,ANGLE,ROADWAY,COLLISION WITH PEDALCYCLE,DAYLIGHT,CLOUDY,RAIN,STOP SIGNS,YES,WET,T-INTERSECTION,"TWO-WAY, NOT DIVIDED",NO,NO,,INTERSECTION,TREMONT ST,SOUTHBOUND,BROADWAY,WESTBOUND,,,,,,,,,,,NONE,,,PAN,MA,LIGHT TRUCK,,,,TURNING LEFT,1999,COLLISION WITH PEDALCYCLE,CARAVAN,DODGE,1,,COLLISION WITH PEDALCYCLE,,,,,,,,SOUTHBOUND,,,,,,,,,,,NO IMPROPER DRIVING,,,,,,,UNKNOWN,,,,,,,,,,,,,,,,,,,,,,,,,,,,,,,,,,,,,,,,,,,,,OPERATOR/DRIVER,NO INJURY,MASSACHUSETTS,"D, CLASS D VEHICLES",,NONE,,,,,,MALE,"FRONT SEAT - LEFT SIDE, OR MOTORCYLE DRIVER",UNKNOWN,NOT TRAPPED,Y,NON-MOTORIST,NON FATAL INJURY - NON INCAPACITATING,,,,,CYCLIST,"WALKING, RUNNING OR CYCLING",CYCLIST,NONE USED,,MALE,,,,
8/22/16 18:40,Monday,LIGHT TRUCK,PASSENGER CAR,25,SECOND ST.,,THORNDIKE ST.,"25 SECOND ST.
Cambridge, MA
(42.37078604900006, -71.07864475299994)",,,REAR-END,ROADWAY,COLLISION WITH MOTOR VEHICLE IN TRAFFIC,DAYLIGHT,CLEAR,,NO CONTROLS,,DRY,NOT AT INTERSECTION,"TWO-WAY, NOT DIVIDED",NO,NO,25,NON INTERSECTION,,,,,,,,10 FEET,WESTBOUND,,,,,,NONE,,,PAN,MA,LIGHT TRUCK,,,,SLOWING OR STOPPED IN TRAFFIC,2012,COLLISION WITH MOTOR VEHICLE IN TRAFFIC,CRV,HONDA,1,,COLLISION WITH MOTOR VEHICLE IN TRAFFIC,,,,REAR CENTER,,,,EASTBOUND,,,,,,,,,,,NO IMPROPER DRIVING,,,,,,,,,,PASS,NY,PASSENGER CAR,,,,TRAVELING STRAIGHT AHEAD,2007,COLLISION WITH MOTOR VEHICLE IN TRAFFIC,COBALT,CHEVY,1,,COLLISION WITH MOTOR VEHICLE IN TRAFFIC,,,,CENTER FRONT,RIGHT FRONT,LEFT FRONT,Y,EASTBOUND,,,,,,,,,,,UNKNOWN,,,,,,,UNKNOWN,,YES VEHICLE OR TRAILER DISABLED,OPERATOR/DRIVER,NO INJURY,MASSACHUSETTS,,,,,,,,,FEMALE,"FRONT SEAT - LEFT SIDE, OR MOTORCYLE DRIVER",SHOULDER AND LAP BELT USED,NOT TRAPPED,Y,OPERATOR/DRIVER,NON FATAL INJURY - POSSIBLE,NEW YORK,,,,,,,,,MALE,"FRONT SEAT - LEFT SIDE, OR MOTORCYLE DRIVER",NONE USED - VEHICLE OCCUPANT,NOT TRAPPED,Y
10/1/16 17:51,Saturday,PASSENGER CAR,PASSENGER CAR,10,MASON STREET,,GARDEN STREET,"10 MASON STREET
Cambridge, MA
(42.37616213900003, -71.12369416299998)",,,ANGLE,ROADWAY,COLLISION WITH MOTOR VEHICLE IN TRAFFIC,DARK - LIGHTED ROADWAY,RAIN,CLOUDY,TRAFFIC CONTROL SIGNAL,YES,WET,NOT AT INTERSECTION,"TWO-WAY, DIVIDED, UNPROTECTED MEDIAN",NO,NO,25,NON INTERSECTION,,,,,,,WESTBOUND,30,WESTBOUND,100,WESTBOUND,CAMBRIDGE COMMON,,,NONE,,,PAN,MA,PASSENGER CAR,,,,TRAVELING STRAIGHT AHEAD,2009,COLLISION WITH MOTOR VEHICLE IN TRAFFIC,ALTIMA,NISSAN,1,,COLLISION WITH MOTOR VEHICLE IN TRAFFIC,COLLISION WITH CURB,COLLISION WITH LIGHT POLE OR OTHER POST/SUPPORT,,LEFT SIDE,LEFT FRONT,CENTER FRONT,,WESTBOUND,,,,,,,,,,,NO IMPROPER DRIVING,,,,,,,UNKNOWN,,NO,PAN,MA,PASSENGER CAR,,,,CHANGING LANES,2015,COLLISION WITH MOTOR VEHICLE IN TRAFFIC,CRUZE,CHEVY,2,,COLLISION WITH MOTOR VEHICLE IN TRAFFIC,,,,RIGHT FRONT,RIGHT SIDE,,,WESTBOUND,,,,,,,,,,,"OPERATING VEHICLE IN ERRATIC, RECKLESS, CARELESS,",DISTRACTED,,,,,,OTHER ACTIVITY ELECTRONIC DEVICE,,NO,OPERATOR/DRIVER,NO INJURY,MASSACHUSETTS,"D, CLASS D VEHICLES",,NONE,,,,,,MALE,"FRONT SEAT - LEFT SIDE, OR MOTORCYLE DRIVER",UNKNOWN,NOT TRAPPED,Y,OPERATOR/DRIVER,NO INJURY,MASSACHUSETTS,"D, CLASS D VEHICLES",,NONE,,,,,,MALE,"FRONT SEAT - LEFT SIDE, OR MOTORCYLE DRIVER",UNKNOWN,NOT TRAPPED,
5/5/16 22:30,Thursday,PASSENGER CAR,,49,WHITE STREET,,,"49 WHITE STREET
Cambridge, MA
(42.389266374000044, -71.11773799099996)",,,,,,DUSK,RAIN,,NO CONTROLS,,,,,NO,NO,,NON INTERSECTION,,,,,,,,,,,,PORTER SQUARE MALL ( SHAWS SUPER MARKET),,,,,,PAN,MA,PASSENGER CAR,,,,PARKED,2011,,COROLLA,TOYOTA,0,,COLLISION WITH MOTOR VEHICLE IN TRAFFIC,,,,RIGHT REAR,,,,,,,,,,,,,,,,,,,,,,,,,UNKNOWN,,,,,Y,OTHER,,,UNKNOWN,UNKNOWN,1,,COLLISION WITH PARKED MOTOR VEHICLE,,,,,,,,UNKNOWN,,,,,,,,,,,OTHER IMPROPER ACTION,,,,,,,UNKNOWN,,,UNINVOLVED OWNER,,MASSACHUSETTS,,,,,,,,,FEMALE,,,,Y,OPERATOR/DRIVER,,,,,,,,,,,UNKNOWN,,,,
7/11/16 20:14,Monday,LIGHT TRUCK,,100,"CAMBRIDGESIDE PLACE, GARAGE",,,"100 CAMBRIDGESIDE PLACE, GARAGE
Cambridge, MA
(42.36702668500004, -71.07601567499995)",,,SINGLE VEHICLE CRASH,OUTSIDE ROADWAY,COLLISION WITH LIGHT POLE OR OTHER POST/SUPPORT,OTHER,CLEAR,,NO CONTROLS,,DRY,NOT AT INTERSECTION,"TWO-WAY, NOT DIVIDED",NO,NO,20,NON INTERSECTION,,,,,,,,,,,,GALLERIA MALL PARKING GARAGE,,,NONE,OTHER,GALLERIA MALL PARKING STRUCTURE,PAN,MA,LIGHT TRUCK,,,,TURNING LEFT,2015,COLLISION WITH LIGHT POLE OR OTHER POST/SUPPORT,CRV,HONDA,1,,COLLISION WITH LIGHT POLE OR OTHER POST/SUPPORT,,,,CENTER FRONT,RIGHT FRONT,,Y,UNKNOWN,,,,,,,,,,,UNKNOWN,,,,,,,UNKNOWN,,YES VEHICLE OR TRAILER DISABLED,,,,,,,,,,,,,,,,,,,,,,,,,,,,,,,,,,,,,,,,,,,OPERATOR/DRIVER,NO INJURY,MASSACHUSETTS,"D, CLASS D VEHICLES",,CORRECTIVE LENSES,,,,,,FEMALE,"FRONT SEAT - LEFT SIDE, OR MOTORCYLE DRIVER",SHOULDER AND LAP BELT USED,NOT TRAPPED,Y,,,,,,,,,,,,,,,,
9/4/16 16:08,Sunday,PASSENGER CAR,PASSENGER CAR,138,ALBANY STREET,,,"138 ALBANY STREET
Cambridge, MA
(42.360282907000055, -71.09716894699994)",,,"SIDESWIPE, SAME DIRECTION",ROADWAY,COLLISION WITH MOTOR VEHICLE IN TRAFFIC,DAYLIGHT,CLEAR,,NO CONTROLS,,DRY,,"TWO-WAY, NOT DIVIDED",NO,NO,,NON INTERSECTION,,,,,,,,,,,,,,,UNKNOWN,,,PAS,PA,PASSENGER CAR,,,,BACKING,2009,COLLISION WITH MOTOR VEHICLE IN TRAFFIC,OUTBACK,SUBARU,1,,COLLISION WITH MOTOR VEHICLE IN TRAFFIC,,,,LEFT FRONT,,,,,,,,,,,,,,,UNKNOWN,,,,,,,UNKNOWN,,,PAN,MA,PASSENGER CAR,,,,TRAVELING STRAIGHT AHEAD,2009,COLLISION WITH MOTOR VEHICLE IN TRAFFIC,ACCORD,HONDA,1,,COLLISION WITH MOTOR VEHICLE IN TRAFFIC,,,,RIGHT FRONT,RIGHT SIDE,,,NORTHBOUND,,,,,,,,,,,UNKNOWN,,,,,,,UNKNOWN,,,OPERATOR/DRIVER,,PENNSYLVANIA,"C, CLASS C VEHICLES",,,,,,,,MALE,"FRONT SEAT - LEFT SIDE, OR MOTORCYLE DRIVER",UNKNOWN,NOT TRAPPED,Y,OPERATOR/DRIVER,,MASSACHUSETTS,"D, CLASS D VEHICLES",,,,,,,,MALE,"FRONT SEAT - LEFT SIDE, OR MOTORCYLE DRIVER",UNKNOWN,NOT TRAPPED,Y