Date Time,Day of Week,Object 1,Object 2,Street Number,Street Name,Cross Street,Near Street,Location,May involve cyclist,May Involve Pedestrian,Manner of Collision,First Harmful Event Location,First Harmful Event,Ambient Light,Weather Condition 1,Weather Condition 2,Traffic Control Device Type,Traffic Control Device Functionality,Road Surface Condition,Roadway Junction Type,Trafficway Description,School Bus Related,Work Zone,Speed Limit,Street or Intersection,Intersection Name 1,Intersection Direction 1,Intersection Name 2,Intersection Direction 2,Intersection Name 3,Intersection Direction 3,Street Direction,Nearest Intersection Distance,Nearest Intersection Direction,Landmark Distance,Landmark Direction,Landmark,Mile Marker Direction,Non Public Area,Road Contributing,Damaged Property Type,Description of Damaged Property,V1 Registration Type,v1 State Code,V1 Configuration,V1 Emergency Response,V1 Moped,V1 Hit and Run,V1 Action Prior to Crash,V1 Model Year,V1 Most Harmful Event,V1 Model,V1 Make,V1 Occupant Count,V1 Underride Override,V1 First Event,V1 Second Event,V1 Third Event,V1 Fourth Event,V1 Most Damaged Area,V1 Second Damaged Area,V1 Third Damaged Area,V1 Towed,V1 Travel Direction,V1 Interstate,V1 Cargo Body Type,V1 Gross Weight,V1 Haz Placard,V1 Haz Release,V1 Trailer Reg Type,V1 Trailer Reg Plate,V1 Trailer Reg State,V1 Trailer Reg Year,V1 Trailer Len,V1 Driver Contribution,V1 Driver Contribution 2,V1 Is Truck,V1 Has Trailer,V1 Is Bus,V1 Is Hazmat,V1 Reg Year,V1 Driver Distracted,V1 Bus Use,V1 Tow Use,V2 Registration Type,V2 State Code,V2 Configuration,V2 Emergency Response,V2 Moped,V2 Hit and Run,V2 Action Prior to Crash,V2 Model Year,V2 Most Harmful Event,V2 Model,V2 Make,V2 Occupant Count,V2 Underride Override,V2 First Event,V2 Second Event,V2 Third Event,V2 Fourth Event,V2 Most Damaged Area,V2 Second Damaged Area,V2 Third Damaged Area,V2 Towed,V2 Travel Direction,V2 Interstate,V2 Cargo Body Type,V2 Gross Weight,V2 Haz Placard,V2 Haz Release,V2 Trailer Reg Type,V2 Trailer Reg Plate,V2 Trailer Reg State,V2 Trailer Reg Year,V2 Trailer Len,V2 Driver Contribution,V2 Driver Contribution 2,V2 Is Truck,V2 Has Trailer,V2 Is Bus,V2 Is Hazmat,V2 Reg Year,V2 Driver Distracted,V2 Bus Use,V2 Tow Use,P1 Role,P1 Injury,P1 Drivers Lic State,P1 Drivers Lic Class 1,P1 Drivers Lic Class 2,P1 Drivers Lic Restrict,P1 Non Motorist Desc,P1 Non Motorist Action,P1 Non Motorist Location,P1 Safety Equipment,P1 Age,P1 Sex,P1 Seat Position,P1 Safety System,P1 Trapped,P1 Veh Owner,P2 Role,P2 Injury,P2 Drivers Lic State,P2 Drivers Lic Class 1,P2 Drivers Lic Class 2,P2 Drivers Lic Restrict,P2 Non Motorist Desc,P2 Non Motorist Action,P2 Non Motorist Location,P2 Safety Equipment,P2 Age,P2 Sex,P2 Seat Position,P2 Safety System,P2 Trapped,P2 Veh Owner
7/26/16 18:07,Tuesday,PASSENGER CAR,,,MASSACHUSETTS AVE,,VASSAR STREET,"MASSACHUSETTS AVE
Cambridge, MA
(42.393434712000044, -71.12577890299997)",1,,ANGLE,ROADWAY,,DAYLIGHT,CLEAR,,TRAFFIC CONTROL SIGNAL,YES,DRY,T-INTERSECTION,"TWO-WAY, NOT DIVIDED",NO,NO,,NON INTERSECTION,,,,,,,SOUTHBOUND,,WESTBOUND,,,,,,NONE,OTHER,BICYCLE,PAN,MA,PASSENGER CAR,,,,TURNING LEFT,2012,,ELANTRA,HYUNDAI,1,,COLLISION WITH PEDALCYCLE,,,,RIGHT SIDE,,,,WESTBOUND,,,,,,,,,,,FAILED TO YIELD THE RIGHT OF WAY,,,,,,,UNKNOWN,,,,,,,,,,,,,,,,,,,,,,,,,,,,,,,,,,,,,,,,,,,,,OPERATOR/DRIVER,,MASSACHUSETTS,"D, CLASS D VEHICLES",,,,,,,,FEMALE,,,,Y,NON-MOTORIST,,NEW HAMPSHIRE,"D, CLASS D VEHICLES",,,,,,,,MALE,,,,
7/18/16 12:00,Monday,PASSENGER CAR,,90,SHERMAN STREET,,,"90 SHERMAN STREET
Cambridge, MA
(42.38846667800004, -71.13246247399996)",,,ANGLE,ROADWAY,COLLISION WITH MOTOR VEHICLE IN TRAFFIC,DAYLIGHT,UNKNOWN,UNKNOWN,NO CONTROLS,,UNKNOWN,NOT AT INTERSECTION,,NO,NO,,NON INTERSECTION,,,,,,,,,,,WESTBOUND,DANEHEY PARK,,,NONE,,,PAN,NH,PASSENGER CAR,,,Y,PARKED,2013,,HATCH,KIA,0,,COLLISION WITH MOTOR VEHICLE IN TRAFFIC,,,,LEFT FRONT,,,,,,,,,,,,,,,,,,,,,,,,NO,,,,,,,,,,,,,,,,,,,,,,,,,,,,,,,,,,,,,,,,,,,OPERATOR/DRIVER,NO INJURY,NEW HAMPSHIRE,"D, CLASS D VEHICLES",,,,,,,,MALE,,,,Y,,,,,,,,,,,,,,,,
6/6/16 10:00,Monday,PASSENGER CAR,,1493,CAMBRIDGE STREET,,,"1493 CAMBRIDGE STREET
Cambridge, MA
(42.374236677000056, -71.10447684299999)",,,UNKNOWN,ROADWAY,COLLISION WITH MOTOR VEHICLE IN TRAFFIC,UNKNOWN,UNKNOWN,,,,UNKNOWN,UNKNOWN,,NO,,,NON INTERSECTION,,,,,,,,,,,,,,,,,,PAN,MA,PASSENGER CAR,,,Y,PARKED,2009,,MILAN,MERCURY,0,,COLLISION WITH MOTOR VEHICLE IN TRAFFIC,,,,LEFT SIDE,OTHER,,,,,,,,,,,,,,UNKNOWN,UNKNOWN,,,,,,UNKNOWN,,NO,,,,,,,,,,,,,,,,,,,,,,,,,,,,,,,,,,,,,,,,,,,UNINVOLVED OWNER,NO INJURY,MASSACHUSETTS,"D, CLASS D VEHICLES",,UNKNOWN,,,,,,FEMALE,,,,Y,,,,,,,,,,,,,,,,
8/17/16 16:30,Wednesday,PASSENGER CAR,BUS SEATS MORE THAN 15 PEOPLE,11,DUNSTER STREET,,,"11 DUNSTER STREET
Cambridge, MA
(42.372995384000035, -71.11898074499999)",,,"SIDESWIPE, SAME DIRECTION",ROADWAY,COLLISION WITH PARKED MOTOR VEHICLE,DAYLIGHT,CLEAR,,NO CONTROLS,,DRY,NOT AT INTERSECTION,"ONE-WAY, NOT DIVIDED",NO,NO,,NON INTERSECTION,,,,,,,,,,,,,,,NONE,,,PAN,MA,PASSENGER CAR,,,,PARKED,2016,COLLISION WITH MOTOR VEHICLE IN TRAFFIC,320I,BMW,0,,COLLISION WITH MOTOR VEHICLE IN TRAFFIC,,,,RIGHT REAR,,,,,,,,,,,,,,,,,,,,,,,,,BS,FL,BUS SEATS MORE THAN 15 PEOPLE,,,,TURNING LEFT,12,COLLISION WITH PARKED MOTOR VEHICLE,,MCI,1,,COLLISION WITH PARKED MOTOR VEHICLE,,,,,,,,,,BUS SEATS MORE THAN 15 PEOPLE,"MORE THAN 26,000 POUNDS",,,,,,,,FAILURE TO KEEP IN PROPER LANE OR RUNNING OFF ROAD,,,,Y,,2017,NOT DISTRACTED,CHARTER/TOUR,,UNINVOLVED OWNER,,MASSACHUSETTS,"D, CLASS D VEHICLES",,,,,,,,MALE,,,,,OPERATOR/DRIVER,NO INJURY,MASSACHUSETTS,"A, CLASS A VEHICLES",,,,,,,,MALE,"FRONT SEAT - LEFT SIDE, OR MOTORCYLE DRIVER",,,
6/8/16 11:42,Wednesday,LIGHT TRUCK,PASSENGER CAR,3,PRENTISS ST,,MASS AVE,"3 PRENTISS ST
Cambridge, MA
(42.38444675200003, -71.11883854999996)",,,ANGLE,ROADWAY,,DAYLIGHT,CLEAR,,NO CONTROLS,,DRY,NOT AT INTERSECTION,"ONE-WAY, NOT DIVIDED",NO,NO,,NON INTERSECTION,,,,,,,WESTBOUND,,NORTHBOUND,,,,,,NONE,,,APN,AZ,LIGHT TRUCK,,,,LEAVING TRAFFIC LANE,2014,COLLISION WITH PARKED MOTOR VEHICLE,E450,FORD,1,,COLLISION WITH PARKED MOTOR VEHICLE,COLLISION WITH PARKED MOTOR VEHICLE,,,RIGHT REAR,,,,WESTBOUND,,,,,,,,,,,MADE AN IMPROPER TURN,OVER CORRECTING / OVER STEERING,Y,,,,,UNKNOWN,,NO,PAN,MA,PASSENGER CAR,,,,PARKED,2010,COLLISION WITH PARKED MOTOR VEHICLE,CARAVAN,DODGE,,,,,,,LEFT FRONT,CENTER FRONT,RIGHT FRONT,,,,,,,,,,,,,NO IMPROPER DRIVING,,,,,,,,,NO,OPERATOR/DRIVER,NO INJURY,PENNSYLVANIA,"D, CLASS D VEHICLES",,,,,,,,MALE,"FRONT SEAT - LEFT SIDE, OR MOTORCYLE DRIVER",SHOULDER AND LAP BELT USED,NOT TRAPPED,,UNINVOLVED OWNER,,,,,,,,,,,MALE,,,,Y
7/13/16 20:41,Wednesday,PASSENGER CAR,,,1688 MASS AVE,,,"1688 MASS AVE
Cambridge, MA
(42.38270311400004, -71.11964742999999)",1,,SINGLE VEHICLE CRASH,ROADWAY,COLLISION WITH PEDALCYCLE,DAYLIGHT,CLEAR,,NO CONTROLS,,DRY,NOT AT INTERSECTION,"TWO-WAY, DIVIDED, POSITIVE MEDIAN BARRIER",NO,NO,30,NON INTERSECTION,,,,,,,,,,,,TEMPLE BAR,,,NONE,,,PAN,MA,PASSENGER CAR,,,,PARKED,2016,COLLISION WITH PEDALCYCLE,COROLLA,TOYOTA,3,,COLLISION WITH PEDALCYCLE,,,,,,,,EASTBOUND,,,,,,,,,,,NO IMPROPER DRIVING,,,,,,,NOT DISTRACTED,,,,,,,,,,,,,,,,,,,,,,,,,,,,,,,,,,,,,,,,,,,,,OPERATOR/DRIVER,NO INJURY,NEW MEXICO,"D, CLASS D VEHICLES",,NONE,,,,,,FEMALE,"FRONT SEAT - LEFT SIDE, OR MOTORCYLE DRIVER",SHOULDER AND LAP BELT USED,NOT TRAPPED,,NON-MOTORIST,NO INJURY,,,,,CYCLIST,"WALKING, RUNNING OR CYCLING",SHARED-USE PATH OR TRAILS,HELMET,,MALE,,,,
4/30/16 14:27,Saturday,PASSENGER CAR,PASSENGER CAR,411,BROADWAY,,,"411 BROADWAY
Cambridge, MA
(42.372445252000034, -71.10884992599995)",1,,"SIDESWIPE, SAME DIRECTION",ROADWAY,COLLISION WITH PARKED MOTOR VEHICLE,DAYLIGHT,CLEAR,,NO CONTROLS,,DRY,NOT AT INTERSECTION,"TWO-WAY, NOT DIVIDED",NO,NO,,NON INTERSECTION,,,,,,,WESTBOUND,,,,,,,,NONE,,,TAN,MA,PASSENGER CAR,,,,PARKED,2007,COLLISION WITH PEDALCYCLE,CROVIC,FORD,2,,COLLISION WITH PEDALCYCLE,,,,OTHER,,,,,,,,,,,,,,,NO IMPROPER DRIVING,,,,,,,OTHER ACTIVITY,,NO,PAN,MA,PASSENGER CAR,,,,TRAVELING STRAIGHT AHEAD,2013,COLLISION WITH PEDALCYCLE,COOPER,MINI,1,,COLLISION WITH PEDALCYCLE,,,,RIGHT FRONT,RIGHT SIDE,,,WESTBOUND,,,,,,,,,,,NO IMPROPER DRIVING,,,,,,,NOT DISTRACTED,,NO,OPERATOR/DRIVER,NO INJURY,MASSACHUSETTS,"D, CLASS D VEHICLES",,CORRECTIVE LENSES,,,,,,MALE,"FRONT SEAT - LEFT SIDE, OR MOTORCYLE DRIVER",UNKNOWN,NOT TRAPPED,,UNINVOLVED OWNER,,,,,,,,,,,,,,,Y
8/30/16 20:49,Tuesday,PASSENGER CAR,,4,WASHINGTON AVE,,LINNAEAN STREET,"4 WASHINGTON AVE
Cambridge, MA
(42.38417634900003, -71.12242140099994)",,,UNKNOWN,,,DAYLIGHT,CLEAR,,NO CONTROLS,,DRY,NOT AT INTERSECTION,"TWO-WAY, NOT DIVIDED",NO,NO,,NON INTERSECTION,,,,,,,NORTHBOUND,,,,,,,,NONE,,,PAN,MA,PASSENGER CAR,,,,PARKED,2007,,ACCORD,HONDA,0,,COLLISION WITH MOTOR VEHICLE IN TRAFFIC,,,,LEFT FRONT,,,,,,,,,,,,,,,,,,,,,,,,,PAN,MA,,,,Y,UNKNOWN,0,,UNKNOWN,UNKNOWN,1,,COLLISION WITH PARKED MOTOR VEHICLE,,,,,,,,,,,,,,,,,,,,,,,,,,UNKNOWN,,,UNINVOLVED OWNER,,MASSACHUSETTS,"D, CLASS D VEHICLES",,,,,,,,MALE,,,,,OPERATOR/DRIVER,,MASSACHUSETTS,,,,,,,,,UNKNOWN,,,,
8/16/16 8:31,Tuesday,LIGHT TRUCK,LIGHT TRUCK,,HURON AVE,,ABERDEEN AVE,"HURON AVE
Cambridge, MA
(42.380560528000046, -71.14197653499997)",,,"SIDESWIPE, SAME DIRECTION",ROADWAY,COLLISION WITH MOTOR VEHICLE IN TRAFFIC,DAYLIGHT,CLEAR,,,YES,DRY,NOT AT INTERSECTION,"TWO-WAY, NOT DIVIDED",NO,NO,30,NON INTERSECTION,,,,,,,EASTBOUND,,SOUTHBOUND,,,,,,NONE,,,PAN,MA,LIGHT TRUCK,,,Y,TRAVELING STRAIGHT AHEAD,2014,COLLISION WITH MOTOR VEHICLE IN TRAFFIC,X3,BMW,1,,COLLISION WITH MOTOR VEHICLE IN TRAFFIC,,,,RIGHT FRONT,RIGHT REAR,,,EASTBOUND,,,,,,,,,,,UNKNOWN,,,,,,,UNKNOWN,,,PAN,MA,LIGHT TRUCK,,,,SLOWING OR STOPPED IN TRAFFIC,2011,COLLISION WITH MOTOR VEHICLE IN TRAFFIC,WRANGLER,JEEP,2,,COLLISION WITH MOTOR VEHICLE IN TRAFFIC,,,,LEFT REAR,LEFT SIDE,,,EASTBOUND,,,,,,,,,,,NO IMPROPER DRIVING,,,,,,,NOT DISTRACTED,,,OPERATOR/DRIVER,,MASSACHUSETTS,"D, CLASS D VEHICLES",,NONE,,,,,,FEMALE,,,,Y,OPERATOR/DRIVER,NO INJURY,MASSACHUSETTS,,,NONE,,,,,,FEMALE,"FRONT SEAT - LEFT SIDE, OR MOTORCYLE DRIVER",SHOULDER AND LAP BELT USED,NOT TRAPPED,
5/15/16 3:04,Sunday,PASSENGER CAR,PASSENGER CAR,,MASS AVE,LINNEAN ST,,"MASS AVE &amp; LINNEAN ST
Cambridge, MA
(42.36679362800004, -71.10600609899996)",,,REAR-END,ROADWAY,COLLISION WITH MOTOR VEHICLE IN TRAFFIC,DARK - LIGHTED ROADWAY,CLEAR,,TRAFFIC CONTROL SIGNAL,YES,DRY,T-INTERSECTION,"TWO-WAY, DIVIDED, POSITIVE MEDIAN BARRIER",NO,NO,,INTERSECTION,MASS AVE,,LINNEAN ST,,,,,,,,,,,,NONE,,,LVR,MA,PASSENGER CAR,,,,SLOWING OR STOPPED IN TRAFFIC,2010,COLLISION WITH MOTOR VEHICLE IN TRAFFIC,PRIUS,TOYOTA,3,,COLLISION WITH MOTOR VEHICLE IN TRAFFIC,,,,REAR CENTER,,,,,,,,,,,,,,,NO IMPROPER DRIVING,,,,,,,,,,PAN,MA,PASSENGER CAR,,,,TRAVELING STRAIGHT AHEAD,2005,COLLISION WITH MOTOR VEHICLE IN TRAFFIC,ACCORD,HONDA,1,,COLLISION WITH MOTOR VEHICLE IN TRAFFIC,,,,CENTER FRONT,,,,,,,,,,,,,,,DISTRACTED,,,,,,,TALKING ON HAND-HELD ELECTRONIC DEVICE,,,OPERATOR/DRIVER,NON FATAL INJURY - POSSIBLE,MASSACHUSETTS,,,,,,,,,MALE,,,,,OPERATOR/DRIVER,,MASSACHUSETTS,,,,,,,,,FEMALE,,,,Y
10/7/16 13:08,Friday,LIGHT TRUCK,,359,GREEN STREET,,,"359 GREEN STREET
Cambridge, MA
(42.365683991000026, -71.10565519799997)",1,,SINGLE VEHICLE CRASH,OUTSIDE ROADWAY,COLLISION WITH PEDALCYCLE,DAYLIGHT,CLEAR,CLEAR,NO CONTROLS,NO,DRY,NOT AT INTERSECTION,UNKNOWN,NO,NO,25,NON INTERSECTION,,,,,,,SOUTHBOUND,,,,,PILGRIM PARKING LOT,,,OTHER,,,MVN,MA,LIGHT TRUCK,,,,TRAVELING STRAIGHT AHEAD,2016,COLLISION WITH PEDALCYCLE,EXPLORER,FORD,1,,COLLISION WITH PEDALCYCLE,,,,NONE,,,,SOUTHBOUND,,,,,,,,,,,NO IMPROPER DRIVING,,,,,,,NOT DISTRACTED,,NO,,,,,,,,,,,,,,,,,,,,,,,,,,,,,,,,,,,,,,,,,,,OPERATOR/DRIVER,NO INJURY,MASSACHUSETTS,,,,,,,,,MALE,"FRONT SEAT - LEFT SIDE, OR MOTORCYLE DRIVER",SHOULDER AND LAP BELT USED,NOT TRAPPED,,UNINVOLVED OWNER,,,,,,,,,,,UNKNOWN,,,,Y
9/7/16 17:02,Wednesday,PASSENGER CAR,,,CAMBRIDGE STREET,,CARMELIA AVENUE,"CAMBRIDGE STREET
Cambridge, MA
(42.375468641000055, -71.11429857799999)",,,"SIDESWIPE, OPPOSITE DIRECTION",ROADWAY,COLLISION WITH MOTOR VEHICLE IN TRAFFIC,DAYLIGHT,CLEAR,,TRAFFIC CONTROL SIGNAL,,,T-INTERSECTION,"TWO-WAY, NOT DIVIDED",NO,NO,,NON INTERSECTION,,,,,,,WESTBOUND,,,,,,WESTBOUND,,NONE,,,PAN,MA,PASSENGER CAR,,,,TRAVELING STRAIGHT AHEAD,2014,COLLISION WITH MOTOR VEHICLE IN TRAFFIC,PRIUS,TOYOTA,1,,COLLISION WITH MOTOR VEHICLE IN TRAFFIC,,,,LEFT REAR,LEFT SIDE,,,WESTBOUND,,,,,,,,,,,NO IMPROPER DRIVING,,,,,,,NOT DISTRACTED,,,MVN,MA,,,,,TRAVELING STRAIGHT AHEAD,2012,COLLISION WITH MOTOR VEHICLE IN TRAFFIC,DRWSUP,FORD,4,,COLLISION WITH MOTOR VEHICLE IN TRAFFIC,,,,LEFT FRONT,,,,EASTBOUND,,,,,,,,,,,NO IMPROPER DRIVING,,,,,,,NOT DISTRACTED,,,OPERATOR/DRIVER,NO INJURY,MASSACHUSETTS,,,,,,,,,MALE,"FRONT SEAT - LEFT SIDE, OR MOTORCYLE DRIVER",UNKNOWN,NOT TRAPPED,Y,OPERATOR/DRIVER,NO INJURY,MASSACHUSETTS,,,,,,,,,MALE,"FRONT SEAT - LEFT SIDE, OR MOTORCYLE DRIVER",SHOULDER AND LAP BELT USED,NOT TRAPPED,
9/23/16 16:57,Friday,LIGHT TRUCK,,,CAMBRIDGE STREET,,BROADWAY,"CAMBRIDGE STREET
Cambridge, MA
(42.375468641000055, -71.11429857799999)",1,,REAR-END,ROADWAY,COLLISION WITH PEDALCYCLE,DAYLIGHT,CLOUDY,,,,DRY,,"TWO-WAY, DIVIDED, POSITIVE MEDIAN BARRIER",NO,NO,,NON INTERSECTION,,,,,,,,,,,,FIRE HQ,,,,,,PAN,MA,LIGHT TRUCK,,,,TRAVELING STRAIGHT AHEAD,2006,COLLISION WITH PEDALCYCLE,HIGHLANDER,TOYOTA,1,,COLLISION WITH PEDALCYCLE,,,,NONE,,,,,,,,,,,,,,,NO IMPROPER DRIVING,,,,,,,,,,,,,,,,,,,,,,,,,,,,,,,,,,,,,,,,,,,,,,,,,,,,OPERATOR/DRIVER,,MASSACHUSETTS,,,,,,,,,FEMALE,,,,Y,NON-MOTORIST,NON FATAL INJURY - NON INCAPACITATING,MASSACHUSETTS,,,,CYCLIST,"WALKING, RUNNING OR CYCLING",IN ROADWAY,UNKNOWN,,MALE,,,,
8/10/16 17:52,Wednesday,LIGHT TRUCK,PASSENGER CAR,113,INMAN ST.,,,"113 INMAN ST.
Cambridge, MA
(42.371878802000026, -71.10168772099996)",,,"SIDESWIPE, OPPOSITE DIRECTION",ROADWAY,COLLISION WITH PARKED MOTOR VEHICLE,DAYLIGHT,UNKNOWN,,NO CONTROLS,,UNKNOWN,NOT AT INTERSECTION,"ONE-WAY, NOT DIVIDED",NO,NO,25,NON INTERSECTION,,,,,,,WESTBOUND,,,,,,,,UNKNOWN,,,PAN,MA,LIGHT TRUCK,,,,PARKED,2007,COLLISION WITH MOTOR VEHICLE IN TRAFFIC,X3,BMW,0,,COLLISION WITH MOTOR VEHICLE IN TRAFFIC,,,,LEFT FRONT,,,,EASTBOUND,,,,,,,,,,,,,,,,,,,,,PAN,MA,PASSENGER CAR,,,Y,BACKING,2016,COLLISION WITH PARKED MOTOR VEHICLE,CIVIC,HONDA,1,,COLLISION WITH PARKED MOTOR VEHICLE,,,,RIGHT REAR,,,,,,,,,,,,,,,UNKNOWN,,,,,,,,,,UNINVOLVED OWNER,,MASSACHUSETTS,"D, CLASS D VEHICLES",,,,,,,,FEMALE,,,,Y,UNINVOLVED OWNER,,MASSACHUSETTS,,,,,,,,,MALE,,,,Y
7/1/16 21:30,Friday,LIGHT TRUCK,PASSENGER CAR,,MASSCHUSETTS AVENUE,RIVER ST,,"MASSCHUSETTS AVENUE &amp; RIVER ST
Cambridge, MA
(42.36679362800004, -71.10600609899996)",,,REAR-END,ROADWAY,COLLISION WITH MOTOR VEHICLE IN TRAFFIC,DARK - LIGHTED ROADWAY,RAIN,RAIN,TRAFFIC CONTROL SIGNAL,YES,WET,FOUR WAY INTERSECTION,"TWO-WAY, DIVIDED, UNPROTECTED MEDIAN",NO,NO,,INTERSECTION,MASSCHUSETTS AVENUE,EASTBOUND,RIVER ST,NORTHBOUND,,,,,,,,,,,OTHER,,,LVN,MA,LIGHT TRUCK,,,,TURNING RIGHT,2013,,K1500,CHEV,1,,COLLISION WITH MOTOR VEHICLE IN TRAFFIC,,,,REAR CENTER,,,,EASTBOUND,,,,,,,,,,,,,,,,,,UNKNOWN,,NO,PAN,MA,PASSENGER CAR,,,,TURNING RIGHT,2014,,FOCUS,FORD,1,,COLLISION WITH MOTOR VEHICLE IN TRAFFIC,,,,CENTER FRONT,,,Y,,,,,,,,,,,,,,,,,,,,,YES VEHICLE OR TRAILER DISABLED,OPERATOR/DRIVER,NO INJURY,MASSACHUSETTS,"D, CLASS D VEHICLES",,,,,,,47,MALE,UNKNOWN,UNKNOWN,NOT TRAPPED,,OPERATOR/DRIVER,NO INJURY,MASSACHUSETTS,"D, CLASS D VEHICLES",,,,,,,,FEMALE,UNKNOWN,UNKNOWN,NOT TRAPPED,
7/8/16 7:00,Friday,LIGHT TRUCK,,,ELM ST,,HAMPSHIRE ST,"ELM ST
Cambridge, MA
(42.39161906500004, -71.11915340199994)",,,UNKNOWN,ROADWAY,COLLISION WITH PARKED MOTOR VEHICLE,UNKNOWN,UNKNOWN,,NO CONTROLS,,UNKNOWN,NOT AT INTERSECTION,"ONE-WAY, NOT DIVIDED",NO,NO,,NON INTERSECTION,,,,,,,,,,,,,,,,,,PAN,MA,LIGHT TRUCK,,,,PARKED,2005,COLLISION WITH MOTOR VEHICLE IN TRAFFIC,DURANG,DODG,0,,COLLISION WITH MOTOR VEHICLE IN TRAFFIC,,,,RIGHT REAR,,,,,,,,,,,,,,,,,,,,,,,,,PAN,OT,,,,Y,,,,,,,,,,,,,,,,,,,,,,,,,,,,,,,,,,,,,UNINVOLVED OWNER,,,,,,,,,,,MALE,,,,Y,,,,,,,,,,,,,,,,
5/26/16 9:59,Thursday,PASSENGER CAR,PASSENGER CAR,,MASSACHUSETTS AVENUE,GARDEN STREET,,"MASSACHUSETTS AVENUE &amp; GARDEN STREET
Cambridge, MA
(42.36679362800004, -71.10600609899996)",,,ANGLE,ROADWAY,COLLISION WITH MOTOR VEHICLE IN TRAFFIC,DAYLIGHT,CLEAR,,TRAFFIC CONTROL SIGNAL,YES,DRY,FOUR WAY INTERSECTION,,NO,NO,30,INTERSECTION,MASSACHUSETTS AVENUE,,GARDEN STREET,,,,,,,,,,,,NONE,,,PAN,MA,PASSENGER CAR,,,,TRAVELING STRAIGHT AHEAD,2008,COLLISION WITH MOTOR VEHICLE IN TRAFFIC,CAMRY,TOYOTA,2,,COLLISION WITH MOTOR VEHICLE IN TRAFFIC,,,,LEFT REAR,,,,EASTBOUND,,,,,,,,,,,NO IMPROPER DRIVING,,,,,,,NOT DISTRACTED,,NO,PAN,MA,PASSENGER CAR,,,,TURNING LEFT,2015,COLLISION WITH MOTOR VEHICLE IN TRAFFIC,GRAND CHEROKEE,JEEP,2,,COLLISION WITH MOTOR VEHICLE IN TRAFFIC,,,,RIGHT FRONT,,,,SOUTHBOUND,,,,,,,,,,,"DISREGARDED TRAFFIC SIGNS, SIGNALS, ROAD MARKINGS",,,,,,,,,NO,OPERATOR/DRIVER,NO INJURY,MASSACHUSETTS,"D, CLASS D VEHICLES","M, CLASS M VEHICLES",,,,,,,MALE,"FRONT SEAT - LEFT SIDE, OR MOTORCYLE DRIVER",UNKNOWN,NOT TRAPPED,,OPERATOR/DRIVER,NO INJURY,MASSACHUSETTS,"D, CLASS D VEHICLES",,,,,,,,MALE,"FRONT SEAT - LEFT SIDE, OR MOTORCYLE DRIVER",UNKNOWN,NOT TRAPPED,Y
5/2/16 11:49,Monday,PASSENGER CAR,,,GREEN STREET,MAGAZINE STREET,,"GREEN STREET &amp; MAGAZINE STREET
Cambridge, MA
(42.36679362800004, -71.10600609899996)",1,,ANGLE,ROADWAY,COLLISION WITH PEDALCYCLE,DAYLIGHT,CLOUDY,RAIN,STOP SIGNS,YES,WET,T-INTERSECTION,"ONE-WAY, NOT DIVIDED",NO,NO,30,INTERSECTION,GREEN STREET,WESTBOUND,MAGAZINE STREET,NORTHBOUND,,,,,,,,,,,NONE,,,PAN,MA,PASSENGER CAR,,,,TRAVELING STRAIGHT AHEAD,1999,COLLISION WITH PEDALCYCLE,TOWN CAR,LINCOLN,1,,COLLISION WITH PEDALCYCLE,,,,LEFT SIDE,,,,WESTBOUND,,,,,,,,,,,"DISREGARDED TRAFFIC SIGNS, SIGNALS, ROAD MARKINGS",,,,,,,UNKNOWN,,NO,,,,,,,,,,,,,,,,,,,,,,,,,,,,,,,,,,,,,,,,,,,OPERATOR/DRIVER,NO INJURY,MASSACHUSETTS,"D, CLASS D VEHICLES",,UNKNOWN,,,,,,MALE,"FRONT SEAT - LEFT SIDE, OR MOTORCYLE DRIVER",UNKNOWN,NOT TRAPPED,,UNINVOLVED OWNER,,,,,,,,,,,FEMALE,,,,
5/20/16 13:38,Friday,LIGHT TRUCK,LIGHT TRUCK,699,MT. AUBURN STREET(OPP.),,,"699 MT. AUBURN STREET(OPP.)
Cambridge, MA
(42.37478664100007, -71.14935960999998)",,,"SIDESWIPE, SAME DIRECTION",,,DAYLIGHT,CLEAR,,NO CONTROLS,NO,DRY,NOT AT INTERSECTION,"TWO-WAY, DIVIDED, UNPROTECTED MEDIAN",NO,NO,,NON INTERSECTION,,,,,,,EASTBOUND,,,OPPOSITE,WESTBOUND,STAR MARKET,,,NONE,,,PAN,MA,LIGHT TRUCK,,,,TRAVELING STRAIGHT AHEAD,2011,,ESCAPE,FORD,2,,COLLISION WITH MOTOR VEHICLE IN TRAFFIC,,,,RIGHT FRONT,RIGHT SIDE,,,EASTBOUND,,,,,,,,,,,NO IMPROPER DRIVING,,,,,,,NOT DISTRACTED,,,PAN,MA,LIGHT TRUCK,,,,CHANGING LANES,2013,,RX350,LEXUS,1,,COLLISION WITH MOTOR VEHICLE IN TRAFFIC,,,,LEFT FRONT,,,,EASTBOUND,,,,,,,,,,,NO IMPROPER DRIVING,UNKNOWN,,,,,,UNKNOWN,,,OPERATOR/DRIVER,NON FATAL INJURY - NON INCAPACITATING,MASSACHUSETTS,"D, CLASS D VEHICLES",,,,,,,,FEMALE,,,,Y,OCCUPANT/PASSENGER,NO INJURY,,,,,,,,,,MALE,FRONT SEAT - RIGHT SIDE,SHOULDER AND LAP BELT USED,NOT TRAPPED,