Date Time,Day of Week,Object 1,Object 2,Street Number,Street Name,Cross Street,Near Street,Location,May involve cyclist,May Involve Pedestrian,Manner of Collision,First Harmful Event Location,First Harmful Event,Ambient Light,Weather Condition 1,Weather Condition 2,Traffic Control Device Type,Traffic Control Device Functionality,Road Surface Condition,Roadway Junction Type,Trafficway Description,School Bus Related,Work Zone,Speed Limit,Street or Intersection,Intersection Name 1,Intersection Direction 1,Intersection Name 2,Intersection Direction 2,Intersection Name 3,Intersection Direction 3,Street Direction,Nearest Intersection Distance,Nearest Intersection Direction,Landmark Distance,Landmark Direction,Landmark,Mile Marker Direction,Non Public Area,Road Contributing,Damaged Property Type,Description of Damaged Property,V1 Registration Type,v1 State Code,V1 Configuration,V1 Emergency Response,V1 Moped,V1 Hit and Run,V1 Action Prior to Crash,V1 Model Year,V1 Most Harmful Event,V1 Model,V1 Make,V1 Occupant Count,V1 Underride Override,V1 First Event,V1 Second Event,V1 Third Event,V1 Fourth Event,V1 Most Damaged Area,V1 Second Damaged Area,V1 Third Damaged Area,V1 Towed,V1 Travel Direction,V1 Interstate,V1 Cargo Body Type,V1 Gross Weight,V1 Haz Placard,V1 Haz Release,V1 Trailer Reg Type,V1 Trailer Reg Plate,V1 Trailer Reg State,V1 Trailer Reg Year,V1 Trailer Len,V1 Driver Contribution,V1 Driver Contribution 2,V1 Is Truck,V1 Has Trailer,V1 Is Bus,V1 Is Hazmat,V1 Reg Year,V1 Driver Distracted,V1 Bus Use,V1 Tow Use,V2 Registration Type,V2 State Code,V2 Configuration,V2 Emergency Response,V2 Moped,V2 Hit and Run,V2 Action Prior to Crash,V2 Model Year,V2 Most Harmful Event,V2 Model,V2 Make,V2 Occupant Count,V2 Underride Override,V2 First Event,V2 Second Event,V2 Third Event,V2 Fourth Event,V2 Most Damaged Area,V2 Second Damaged Area,V2 Third Damaged Area,V2 Towed,V2 Travel Direction,V2 Interstate,V2 Cargo Body Type,V2 Gross Weight,V2 Haz Placard,V2 Haz Release,V2 Trailer Reg Type,V2 Trailer Reg Plate,V2 Trailer Reg State,V2 Trailer Reg Year,V2 Trailer Len,V2 Driver Contribution,V2 Driver Contribution 2,V2 Is Truck,V2 Has Trailer,V2 Is Bus,V2 Is Hazmat,V2 Reg Year,V2 Driver Distracted,V2 Bus Use,V2 Tow Use,P1 Role,P1 Injury,P1 Drivers Lic State,P1 Drivers Lic Class 1,P1 Drivers Lic Class 2,P1 Drivers Lic Restrict,P1 Non Motorist Desc,P1 Non Motorist Action,P1 Non Motorist Location,P1 Safety Equipment,P1 Age,P1 Sex,P1 Seat Position,P1 Safety System,P1 Trapped,P1 Veh Owner,P2 Role,P2 Injury,P2 Drivers Lic State,P2 Drivers Lic Class 1,P2 Drivers Lic Class 2,P2 Drivers Lic Restrict,P2 Non Motorist Desc,P2 Non Motorist Action,P2 Non Motorist Location,P2 Safety Equipment,P2 Age,P2 Sex,P2 Seat Position,P2 Safety System,P2 Trapped,P2 Veh Owner
10/3/16 12:08,Monday,LIGHT TRUCK,PASSENGER CAR,,HAMPSHIRE ST.,WINDSORE ST.,,"HAMPSHIRE ST. &amp; WINDSORE ST.
Cambridge, MA
(42.36679362800004, -71.10600609899996)",,,"SIDESWIPE, SAME DIRECTION",ROADWAY,COLLISION WITH PARKED MOTOR VEHICLE,DAYLIGHT,CLEAR,,TRAFFIC CONTROL SIGNAL,YES,DRY,FOUR WAY INTERSECTION,"TWO-WAY, DIVIDED, UNPROTECTED MEDIAN",NO,NO,,INTERSECTION,HAMPSHIRE ST.,,WINDSORE ST.,,,,,,,,,,,,NONE,,,PAN,MA,LIGHT TRUCK,,,,PARKED,2003,,DENALI,GMC,0,,COLLISION WITH PARKED MOTOR VEHICLE,,,,REAR CENTER,CENTER FRONT,LEFT REAR,Y,,,,,,,,,,,,,,,,,,,,,YES VEHICLE OR TRAILER DISABLED,PAN,MA,PASSENGER CAR,,,,PARKED,2005,,CAMARY,TOYT,0,,COLLISION WITH MOTOR VEHICLE IN TRAFFIC,,,,REAR CENTER,CENTER FRONT,,,,,,,,,,,,,,,,,,,,,,,,UNINVOLVED OWNER,,MASSACHUSETTS,,,,,,,,,MALE,,,,Y,UNINVOLVED OWNER,,MASSACHUSETTS,,,,,,,,,FEMALE,,,,Y
5/11/16 5:00,Wednesday,PASSENGER CAR,,8,SCOTT ST,,,"8 SCOTT ST
Cambridge, MA
(42.37879041700006, -71.11025439399998)",,,UNKNOWN,ROADWAY,COLLISION WITH PARKED MOTOR VEHICLE,DARK - UNKNOWN ROADWAY LIGHTING,CLEAR,,NO CONTROLS,,DRY,NOT AT INTERSECTION,"TWO-WAY, NOT DIVIDED",NO,NO,,NON INTERSECTION,,,,,,,,,,,,,,,,,,PAN,MA,PASSENGER CAR,,,,PARKED,2016,COLLISION WITH MOTOR VEHICLE IN TRAFFIC,CLA250,MERZ,0,,COLLISION WITH MOTOR VEHICLE IN TRAFFIC,,,,LEFT SIDE,,,Y,,,,,,,,,,,,,,,,,,,,,NO,PAN,OT,,,,Y,,,,,,,,,,,,,,,,,,,,,,,,,,,,,,,,,,,,,UNINVOLVED OWNER,,,,,,,,,,,UNKNOWN,,,,Y,,,,,,,,,,,,,,,,
8/16/16 18:03,Tuesday,PASSENGER CAR,,39,DANA STREET,,,"39 DANA STREET
Cambridge, MA
(42.371907941000075, -71.10892801699998)",,,UNKNOWN,ROADWAY,COLLISION WITH PARKED MOTOR VEHICLE,UNKNOWN,UNKNOWN,,,,UNKNOWN,NOT AT INTERSECTION,"ONE-WAY, NOT DIVIDED",NO,NO,25,NON INTERSECTION,,,,,,,SOUTHBOUND,,,,,,,,UNKNOWN,,,PAN,CT,PASSENGER CAR,,,,PARKED,2016,,RIO,KIA,0,,UNKNOWN,,,,LEFT SIDE,,,,,,,,,,,,,,,,,,,,,,,,NO,,,,,,,,,,,,,,,,,,,,,,,,,,,,,,,,,,,,,,,,,,,UNINVOLVED OWNER,,,,,,,,,,,MALE,,,,,,,,,,,,,,,,,,,,
10/3/16 17:42,Monday,LIGHT TRUCK,LIGHT TRUCK,535,CAMBRIDGE STREET,,,"535 CAMBRIDGE STREET
Cambridge, MA
(42.371747097000025, -71.08520707399998)",,,UNKNOWN,ROADSIDE,,DAYLIGHT,CLEAR,,NO CONTROLS,,DRY,NOT AT INTERSECTION,"TWO-WAY, NOT DIVIDED",NO,NO,,NON INTERSECTION,,,,,,,WESTBOUND,,,,,,,,NONE,,,PAN,MA,LIGHT TRUCK,,,,PARKED,2015,,EDGE,FORD,0,,COLLISION WITH MOTOR VEHICLE IN TRAFFIC,,,,LEFT REAR,,,,,,,,,,,,,,,,,,,,,,,,,PAN,MA,LIGHT TRUCK,,,Y,UNKNOWN,2012,,RAV4,TOYOTA,1,,COLLISION WITH PARKED MOTOR VEHICLE,,,,,,,,WESTBOUND,,,,,,,,,,,,,,,,,,UNKNOWN,,,UNINVOLVED OWNER,,MASSACHUSETTS,"D, CLASS D VEHICLES",,,,,,,,FEMALE,,,,,UNINVOLVED OWNER,,MASSACHUSETTS,,,,,,,,,FEMALE,,,,Y
10/14/16 13:46,Friday,PASSENGER CAR,LIGHT TRUCK,,BRATTLE ST,SPARKS ST,,"BRATTLE ST &amp; SPARKS ST
Cambridge, MA
(42.36679362800004, -71.10600609899996)",,,ANGLE,ROADWAY,COLLISION WITH MOTOR VEHICLE IN TRAFFIC,DAYLIGHT,CLEAR,,STOP SIGNS,YES,DRY,FOUR WAY INTERSECTION,"TWO-WAY, DIVIDED, UNPROTECTED MEDIAN",NO,NO,25,INTERSECTION,BRATTLE ST,EASTBOUND,SPARKS ST,SOUTHBOUND,,,,,,,,,,,NONE,,,PAN,MA,PASSENGER CAR,,,,TRAVELING STRAIGHT AHEAD,2015,COLLISION WITH MOTOR VEHICLE IN TRAFFIC,FOCUS,FORD,1,,COLLISION WITH MOTOR VEHICLE IN TRAFFIC,,,,RIGHT FRONT,RIGHT SIDE,,,SOUTHBOUND,,,,,,,,,,,NO IMPROPER DRIVING,,,,,,,UNKNOWN,,,PAN,MA,LIGHT TRUCK,,,,TRAVELING STRAIGHT AHEAD,2016,COLLISION WITH MOTOR VEHICLE IN TRAFFIC,X5,BMW,3,,COLLISION WITH MOTOR VEHICLE IN TRAFFIC,,,,CENTER FRONT,RIGHT FRONT,LEFT FRONT,Y,EASTBOUND,,,,,,,,,,,NO IMPROPER DRIVING,,,,,,,NOT DISTRACTED,,YES VEHICLE OR TRAILER DISABLED,OPERATOR/DRIVER,NO INJURY,MASSACHUSETTS,,,,,,,,,MALE,"FRONT SEAT - LEFT SIDE, OR MOTORCYLE DRIVER",SHOULDER AND LAP BELT USED,NOT TRAPPED,,OPERATOR/DRIVER,NO INJURY,NEW HAMPSHIRE,,,,,,,,,FEMALE,"FRONT SEAT - LEFT SIDE, OR MOTORCYLE DRIVER",SHOULDER AND LAP BELT USED,NOT TRAPPED,Y
8/2/16 10:30,Tuesday,PASSENGER CAR,PASSENGER CAR,45,ROBERTS RD,,,"45 ROBERTS RD
Cambridge, MA
(42.37709689700006, -71.10828580799995)",,,UNKNOWN,OUTSIDE ROADWAY,COLLISION WITH MOTOR VEHICLE IN TRAFFIC,DAYLIGHT,RAIN,CLOUDY,,,WET,NOT AT INTERSECTION,"ONE-WAY, NOT DIVIDED",NO,NO,,NON INTERSECTION,,,,,,,,,,,,,,,,OTHER,FENCE,PAN,MA,PASSENGER CAR,,,,OTHER,2005,COLLISION WITH PARKED MOTOR VEHICLE,COLBOLT,CHEV,1,,COLLISION WITH FENCE,COLLISION WITH PARKED MOTOR VEHICLE,COLLISION WITH FENCE,,LEFT FRONT,CENTER FRONT,RIGHT FRONT,,SOUTHBOUND,,,,,,,,,,,,,,,,,,,,,PAN,MA,PASSENGER CAR,,,,PARKED,2009,COLLISION WITH MOTOR VEHICLE IN TRAFFIC,CIVIC,HOND,0,,COLLISION WITH MOTOR VEHICLE IN TRAFFIC,,,,RIGHT SIDE,RIGHT REAR,,,,,,,,,,,,,,,,,,,,,,,,OPERATOR/DRIVER,NO INJURY,MASSACHUSETTS,,,,,,,,,FEMALE,"FRONT SEAT - LEFT SIDE, OR MOTORCYLE DRIVER",UNKNOWN,NOT TRAPPED,Y,UNINVOLVED OWNER,,,,,,,,,,,MALE,,,,Y
5/18/16 8:25,Wednesday,PASSENGER CAR,,125,SIXTH STREET,,,"125 SIXTH STREET
Cambridge, MA
(42.36737751100003, -71.08582597299994)",,,"SIDESWIPE, OPPOSITE DIRECTION",UNKNOWN,COLLISION WITH LIGHT POLE OR OTHER POST/SUPPORT,OTHER,CLEAR,,NO CONTROLS,NO,DRY,NOT AT INTERSECTION,,NO,NO,,NON INTERSECTION,,,,,,,,,,,,GARAGE OF PD,,,NONE,,,PAN,MA,PASSENGER CAR,,,,BACKING,2010,COLLISION WITH LIGHT POLE OR OTHER POST/SUPPORT,FUSION,FORD,1,,COLLISION WITH LIGHT POLE OR OTHER POST/SUPPORT,,,,LEFT REAR,LEFT SIDE,,,,,,,,,,,,,,NO IMPROPER DRIVING,,,,,,,NOT DISTRACTED,,NO,,,,,,,,,,,,,,,,,,,,,,,,,,,,,,,,,,,,,,,,,,,OPERATOR/DRIVER,NO INJURY,MASSACHUSETTS,"D, CLASS D VEHICLES",,,,,,,,FEMALE,"FRONT SEAT - LEFT SIDE, OR MOTORCYLE DRIVER",SHOULDER AND LAP BELT USED,NOT TRAPPED,,UNINVOLVED OWNER,,,,,,,,,,,UNKNOWN,,,,Y
10/20/16 16:55,Thursday,,,,ALBANY ST,MASSACHUSETTS AVE,,"ALBANY ST &amp; MASSACHUSETTS AVE
Cambridge, MA
(42.36679362800004, -71.10600609899996)",1,1,ANGLE,ROADWAY,COLLISION WITH PEDESTRIAN,DAYLIGHT,CLEAR,,TRAFFIC CONTROL SIGNAL,YES,DRY,FOUR WAY INTERSECTION,"TWO-WAY, NOT DIVIDED",,NO,,INTERSECTION,ALBANY ST,EASTBOUND,MASSACHUSETTS AVE,SOUTHBOUND,,,,,,,,,,,NONE,,,,,,,,,,,,,,,,,,,,,,,,,,,,,,,,,,,,,,,,,,,,,,,,,,,,,,,,,,,,,,,,,,,,,,,,,,,,,,,,,,,,,,,NON-MOTORIST,NON FATAL INJURY - NON INCAPACITATING,,,,,PEDESTRIAN,"WALKING, RUNNING OR CYCLING",MARKED CROSSWALK AT INTERSECTION,NONE USED,,FEMALE,,,,,,,,,,,,,,,,,,,,
6/14/16 15:50,Tuesday,LIGHT TRUCK,PASSENGER CAR,,BISHOP ALLEN DRIVE,COLUMBIA STREET,,"BISHOP ALLEN DRIVE &amp; COLUMBIA STREET
Cambridge, MA
(42.36679362800004, -71.10600609899996)",,,ANGLE,ROADWAY,COLLISION WITH MOTOR VEHICLE IN TRAFFIC,DAYLIGHT,CLEAR,,STOP SIGNS,YES,DRY,T-INTERSECTION,"TWO-WAY, NOT DIVIDED",NO,NO,,INTERSECTION,BISHOP ALLEN DRIVE,SOUTHBOUND,COLUMBIA STREET,WESTBOUND,,,,,,,,,,,,,,PAN,NY,LIGHT TRUCK,,,,TRAVELING STRAIGHT AHEAD,2010,COLLISION WITH MOTOR VEHICLE IN TRAFFIC,PICKUP,HONDA,2,,COLLISION WITH MOTOR VEHICLE IN TRAFFIC,,,,RIGHT REAR,,,,WESTBOUND,,,,,,,,,,,NO IMPROPER DRIVING,,,,,,,NOT DISTRACTED,,,PAN,MA,PASSENGER CAR,,,,TRAVELING STRAIGHT AHEAD,2000,COLLISION WITH MOTOR VEHICLE IN TRAFFIC,DURANGO,DODGE,1,,COLLISION WITH MOTOR VEHICLE IN TRAFFIC,,,,,,,,SOUTHBOUND,,,,,,,,,,,NO IMPROPER DRIVING,,,,,,,NOT DISTRACTED,,,OPERATOR/DRIVER,,NEW YORK,"D, CLASS D VEHICLES",,,,,,,,MALE,"FRONT SEAT - LEFT SIDE, OR MOTORCYLE DRIVER",SHOULDER AND LAP BELT USED,,Y,OPERATOR/DRIVER,,MASSACHUSETTS,,,,,,,,,MALE,,,,
6/27/16 16:22,Monday,PASSENGER CAR,PASSENGER CAR,,LINNAEAN ST,HUMBOLDT ST,,"LINNAEAN ST &amp; HUMBOLDT ST
Cambridge, MA
(42.36679362800004, -71.10600609899996)",,,HEAD ON,ROADWAY,COLLISION WITH MOTOR VEHICLE IN TRAFFIC,DAYLIGHT,CLEAR,,NO CONTROLS,,DRY,T-INTERSECTION,"TWO-WAY, NOT DIVIDED",NO,NO,30,INTERSECTION,LINNAEAN ST,,HUMBOLDT ST,,,,,,,,,,,,NONE,,,PAN,MA,PASSENGER CAR,,,,TURNING LEFT,2015,COLLISION WITH MOTOR VEHICLE IN TRAFFIC,V60,VOLVO,1,,COLLISION WITH MOTOR VEHICLE IN TRAFFIC,,,,CENTER FRONT,RIGHT FRONT,LEFT FRONT,Y,NORTHBOUND,,,,,,,,,,,FAILED TO YIELD THE RIGHT OF WAY,,,,,,,NOT DISTRACTED,,YES VEHICLE OR TRAILER DISABLED,PAN,MA,PASSENGER CAR,,,,TRAVELING STRAIGHT AHEAD,2008,COLLISION WITH MOTOR VEHICLE IN TRAFFIC,CAMRY,TOYOTA,2,,COLLISION WITH MOTOR VEHICLE IN TRAFFIC,,,,LEFT FRONT,LEFT SIDE,,,SOUTHBOUND,,,,,,,,,,,NO IMPROPER DRIVING,,,,,,,NOT DISTRACTED,,,OPERATOR/DRIVER,NO INJURY,MASSACHUSETTS,"D, CLASS D VEHICLES",,NONE,,,,,,FEMALE,"FRONT SEAT - LEFT SIDE, OR MOTORCYLE DRIVER",SHOULDER AND LAP BELT USED,NOT TRAPPED,Y,OPERATOR/DRIVER,NO INJURY,MASSACHUSETTS,"D, CLASS D VEHICLES",,NONE,,,,,,MALE,"FRONT SEAT - LEFT SIDE, OR MOTORCYLE DRIVER",SHOULDER AND LAP BELT USED,NOT TRAPPED,
10/4/16 5:11,Tuesday,PASSENGER CAR,MOTORCYCLE,,GARDEN STREET,,FERNALD DR,"GARDEN STREET
Cambridge, MA
(42.38198304900004, -71.12663404399996)",,,,,,,,,,,,,,,,,NON INTERSECTION,,,,,,,NORTHBOUND,,EASTBOUND,,,HARVARD UNIVERSITY PRESS,,,,,,LVN,MA,PASSENGER CAR,,,,TURNING LEFT,2010,,MKS,LINCOLN,1,,COLLISION WITH MOTOR VEHICLE IN TRAFFIC,,,,RIGHT REAR,,,,EASTBOUND,,,,,,,,,,,FAILED TO YIELD THE RIGHT OF WAY,,,,,,,UNKNOWN,,,MCN,MA,MOTORCYCLE,,,,TRAVELING STRAIGHT AHEAD,1999,,MOTORCYCLE,YAMAHA,1,,COLLISION WITH MOTOR VEHICLE IN TRAFFIC,,,,,,,,,,,,,,,,,,,,,,,,,,,,,OPERATOR/DRIVER,,MASSACHUSETTS,,,,,,,,,MALE,,,,Y,OPERATOR/DRIVER,,MASSACHUSETTS,,,,,,,,,MALE,,,,Y
10/15/16 8:50,Saturday,PASSENGER CAR,,,HAMPSHIRE STREET,CAMBRIDGE STREET,,"HAMPSHIRE STREET &amp; CAMBRIDGE STREET
Cambridge, MA
(42.36679362800004, -71.10600609899996)",1,,HEAD ON,ROADWAY,COLLISION WITH PEDALCYCLE,DAYLIGHT,CLEAR,,TRAFFIC CONTROL SIGNAL,YES,DRY,FOUR WAY INTERSECTION,"TWO-WAY, DIVIDED, UNPROTECTED MEDIAN",NO,NO,,INTERSECTION,HAMPSHIRE STREET,NORTHBOUND,CAMBRIDGE STREET,EASTBOUND,,,,,,,,,,,NONE,,,PAN,MA,PASSENGER CAR,,,,TURNING LEFT,2013,COLLISION WITH PEDALCYCLE,AVENGER,DODGE,1,,COLLISION WITH PEDALCYCLE,,,,CENTER FRONT,,,,,,,,,,,,,,,GLARE,,,,,,,,,,,,,,,,,,,,,,,,,,,,,,,,,,,,,,,,,,,,,,,,,,,,OPERATOR/DRIVER,,MASSACHUSETTS,,,,,,,,,FEMALE,,,,Y,NON-MOTORIST,,,,,,CYCLIST,"WALKING, RUNNING OR CYCLING",MARKED CROSSWALK AT INTERSECTION,NONE USED,,MALE,,,,
5/2/16 9:20,Monday,LIGHT TRUCK,,,SIDNEY ST,ERIE ST,,"SIDNEY ST &amp; ERIE ST
Cambridge, MA
(42.36679362800004, -71.10600609899996)",,,ANGLE,ROADWAY,COLLISION WITH LIGHT POLE OR OTHER POST/SUPPORT,DAYLIGHT,CLOUDY,RAIN,STOP SIGNS,,WET,FOUR WAY INTERSECTION,"ONE-WAY, NOT DIVIDED",NO,NO,,INTERSECTION,SIDNEY ST,,ERIE ST,,,,,,,,,,,,,MUNICIPAL,STREET SIGN POLE,PAN,MA,LIGHT TRUCK,,,,TURNING RIGHT,2007,COLLISION WITH LIGHT POLE OR OTHER POST/SUPPORT,PILOT,HOND,2,,COLLISION WITH LIGHT POLE OR OTHER POST/SUPPORT,,,,NONE,,,Y,SOUTHBOUND,,,,,,,,,,,OTHER IMPROPER ACTION,,,,,,,,,NO,,,,,,,,,,,,,,,,,,,,,,,,,,,,,,,,,,,,,,,,,,,OPERATOR/DRIVER,NO INJURY,MASSACHUSETTS,,,,,,,,,MALE,"FRONT SEAT - LEFT SIDE, OR MOTORCYLE DRIVER",UNKNOWN,NOT TRAPPED,,UNINVOLVED OWNER,,,,,,,,,,,FEMALE,,,,Y
7/5/16 1:32,Tuesday,PASSENGER CAR,PASSENGER CAR,47,BISHOP ALLEN DRIVE,,,"47 BISHOP ALLEN DRIVE
Cambridge, MA
(42.36456499700006, -71.10011718399994)",,,ANGLE,ROADWAY,COLLISION WITH PARKED MOTOR VEHICLE,DARK - LIGHTED ROADWAY,CLEAR,,NO CONTROLS,,DRY,NOT AT INTERSECTION,"TWO-WAY, NOT DIVIDED",NO,NO,,NON INTERSECTION,,,,,,,EASTBOUND,,,,,CAMBRIDGE MUNICIPAL PARKING LOT #6,,,NONE,,,PAN,MA,PASSENGER CAR,,,,PARKED,2015,COLLISION WITH MOTOR VEHICLE IN TRAFFIC,RAV4,TOYOTA,0,,COLLISION WITH MOTOR VEHICLE IN TRAFFIC,,,,LEFT REAR,,,,,,,,,,,,,,,NO IMPROPER DRIVING,,,,,,,,,,UNK,OT,PASSENGER CAR,,,Y,UNKNOWN,,COLLISION WITH PARKED MOTOR VEHICLE,CAMRY,TOYOTA,1,,COLLISION WITH PARKED MOTOR VEHICLE,,,,RIGHT FRONT,RIGHT SIDE,,,EASTBOUND,,,,,,,,,,,OVER CORRECTING / OVER STEERING,,,,,,,UNKNOWN,,,UNINVOLVED OWNER,,MASSACHUSETTS,,,,,,,,,FEMALE,,,,Y,WITNESS,,,,,,,,,,,UNKNOWN,,,,
5/31/16 19:32,Tuesday,PASSENGER CAR,LIGHT TRUCK,,MASSACHUSETTS AVE,,JFK STREET,"MASSACHUSETTS AVE
Cambridge, MA
(42.393434712000044, -71.12577890299997)",,,"SIDESWIPE, SAME DIRECTION",ROADWAY,,DAYLIGHT,CLEAR,,,,DRY,,"ONE-WAY, NOT DIVIDED",NO,NO,,NON INTERSECTION,,,,,,,EASTBOUND,,,,,HARVARD SQUARE NEWS STAND,,,NONE,,,PAN,MA,PASSENGER CAR,,,,TRAVELING STRAIGHT AHEAD,2011,,LECERNE,BUICK,1,,COLLISION WITH MOTOR VEHICLE IN TRAFFIC,,,,RIGHT FRONT,RIGHT SIDE,,,EASTBOUND,,,,,,,,,,,UNKNOWN,,,,,,,,,,PAN,MA,LIGHT TRUCK,,,Y,CHANGING LANES,2006,,HIGHLANDER,TOYOTA,1,,COLLISION WITH MOTOR VEHICLE IN TRAFFIC,,,,,,,,EASTBOUND,,,,,,,,,,,UNKNOWN,,,,,,,,,,OPERATOR/DRIVER,,MASSACHUSETTS,"D, CLASS D VEHICLES",,,,,,,,MALE,,,,Y,OPERATOR/DRIVER,,MASSACHUSETTS,,,,,,,,,MALE,,,,
8/6/16 18:10,Saturday,PASSENGER CAR,,,JFK ST,ELLIOT ST,,"JFK ST &amp; ELLIOT ST
Cambridge, MA
(42.36679362800004, -71.10600609899996)",1,,HEAD ON,ROADWAY,COLLISION WITH MOTOR VEHICLE IN TRAFFIC,DAYLIGHT,CLEAR,,TRAFFIC CONTROL SIGNAL,YES,DRY,Y-INTERSECTION,"TWO-WAY, DIVIDED, UNPROTECTED MEDIAN",NO,NO,,INTERSECTION,JFK ST,NORTHBOUND,ELLIOT ST,EASTBOUND,,,,,,,,,,,NONE,,,PAN,MA,PASSENGER CAR,,,,PARKED,2016,IMMERSION,CROSST,SUBARU,5,,COLLISION WITH PEDALCYCLE,,,,LEFT FRONT,CENTER FRONT,,,NORTHBOUND,,,,,,,,,,,NO IMPROPER DRIVING,,,,,,,NOT DISTRACTED,,,,,,,,,,,,,,,,,,,,,,,,,,,,,,,,,,,,,,,,,,,,,OPERATOR/DRIVER,,MASSACHUSETTS,"D, CLASS D VEHICLES",,,,,,,,MALE,,,,Y,NON-MOTORIST,NON FATAL INJURY - NON INCAPACITATING,,,,,CYCLIST,ENTERING OR CROSSING SPECIFIED LOCATION,IN ROADWAY,HELMET,,MALE,,,,
9/30/16 14:30,Friday,TRACTOR / SEMI-TRIALER,,53,KELLY RD,,RIVER ST,"53 KELLY RD
Cambridge, MA
(42.36302424300004, -71.11013317799996)",,,SINGLE VEHICLE CRASH,ROADWAY,OTHER,DAYLIGHT,CLOUDY,,NO CONTROLS,,DRY,NOT AT INTERSECTION,"TWO-WAY, NOT DIVIDED",NO,NO,,NON INTERSECTION,,,,,,,,,,,,,,,,UTILITIES,WIRES,APP,IN,TRACTOR / SEMI-TRIALER,,,,TRAVELING STRAIGHT AHEAD,2017,OTHER,TR,FRT,1,,OTHER,,,,NONE,,,,EASTBOUND,YES,OTHER,"MORE THAN 26,000 POUNDS",,,TRL,96420917,INDIANA,,OTHER,,,Y,Y,,,,,,,,,,,,,,,,,,,,,,,,,,,,,,,,,,,,,,,,,,,,,,,,,OPERATOR/DRIVER,NO INJURY,MASSACHUSETTS,"A, CLASS A VEHICLES",,,,,,,,MALE,"FRONT SEAT - LEFT SIDE, OR MOTORCYLE DRIVER",UNKNOWN,NOT TRAPPED,,WITNESS,,,,,,,,,,,MALE,,,,
10/3/16 9:58,Monday,PASSENGER CAR,PASSENGER CAR,,MT AUBURN ST.,ASH ST,,"MT AUBURN ST. &amp; ASH ST
Cambridge, MA
(42.36679362800004, -71.10600609899996)",,,ANGLE,ROADWAY,COLLISION WITH MOTOR VEHICLE IN TRAFFIC,DAYLIGHT,CLEAR,,NO CONTROLS,,DRY,T-INTERSECTION,"TWO-WAY, DIVIDED, UNPROTECTED MEDIAN",YES,NO,,INTERSECTION,MT AUBURN ST.,WESTBOUND,ASH ST,NORTHBOUND,,,,,,,,,,,NONE,,,PAN,MA,PASSENGER CAR,,,,TRAVELING STRAIGHT AHEAD,2014,COLLISION WITH MOTOR VEHICLE IN TRAFFIC,CAMRY,TOYOTA,1,,COLLISION WITH MOTOR VEHICLE IN TRAFFIC,,,,LEFT FRONT,,,,WESTBOUND,,,,,,,,,,,NO IMPROPER DRIVING,,,,,,,NOT DISTRACTED,,NO,PAN,MA,PASSENGER CAR,,,,TURNING LEFT,2010,COLLISION WITH MOTOR VEHICLE IN TRAFFIC,VERSA,NISSAN,2,,COLLISION WITH MOTOR VEHICLE IN TRAFFIC,,,,RIGHT FRONT,,,,NORTHBOUND,,,,,,,,,,,FAILED TO YIELD THE RIGHT OF WAY,,,,,,,NOT DISTRACTED,,NO,OPERATOR/DRIVER,NO INJURY,MASSACHUSETTS,"D, CLASS D VEHICLES",,,,,,,,MALE,"FRONT SEAT - LEFT SIDE, OR MOTORCYLE DRIVER",SHOULDER AND LAP BELT USED,NOT TRAPPED,,UNINVOLVED OWNER,,,,,,,,,,,UNKNOWN,,,,Y
4/12/16 20:58,Tuesday,PASSENGER CAR,,22,TENNEY STREET,,,"22 TENNEY STREET
Cambridge, MA
(42.392905031000055, -71.12080480499998)",,,"SIDESWIPE, SAME DIRECTION",,,DAYLIGHT,RAIN,,NO CONTROLS,,WET,NOT AT INTERSECTION,"ONE-WAY, NOT DIVIDED",NO,NO,,NON INTERSECTION,,,,,,,EASTBOUND,,,,,,,,NONE,,,PAN,MA,PASSENGER CAR,,,,PARKED,2005,,PRIUS,TOYOTA,0,,COLLISION WITH MOTOR VEHICLE IN TRAFFIC,,,,LEFT SIDE,,,,EASTBOUND,,,,,,,,,,,,,,,,,,,,,UNKNOWN,,,,,Y,TRAVELING STRAIGHT AHEAD,,,UNKNOWN,UNKNOWN,1,,COLLISION WITH PARKED MOTOR VEHICLE,,,,,,,,EASTBOUND,,,,,,,,,,,UNKNOWN,,,,,,,UNKNOWN,,,UNINVOLVED OWNER,,MASSACHUSETTS,"D, CLASS D VEHICLES",,,,,,,,FEMALE,,,,,OPERATOR/DRIVER,,,,,,,,,,,UNKNOWN,,,,