Date Time,Day of Week,Object 1,Object 2,Street Number,Street Name,Cross Street,Near Street,Location,May involve cyclist,May Involve Pedestrian,Manner of Collision,First Harmful Event Location,First Harmful Event,Ambient Light,Weather Condition 1,Weather Condition 2,Traffic Control Device Type,Traffic Control Device Functionality,Road Surface Condition,Roadway Junction Type,Trafficway Description,School Bus Related,Work Zone,Speed Limit,Street or Intersection,Intersection Name 1,Intersection Direction 1,Intersection Name 2,Intersection Direction 2,Intersection Name 3,Intersection Direction 3,Street Direction,Nearest Intersection Distance,Nearest Intersection Direction,Landmark Distance,Landmark Direction,Landmark,Mile Marker Direction,Non Public Area,Road Contributing,Damaged Property Type,Description of Damaged Property,V1 Registration Type,v1 State Code,V1 Configuration,V1 Emergency Response,V1 Moped,V1 Hit and Run,V1 Action Prior to Crash,V1 Model Year,V1 Most Harmful Event,V1 Model,V1 Make,V1 Occupant Count,V1 Underride Override,V1 First Event,V1 Second Event,V1 Third Event,V1 Fourth Event,V1 Most Damaged Area,V1 Second Damaged Area,V1 Third Damaged Area,V1 Towed,V1 Travel Direction,V1 Interstate,V1 Cargo Body Type,V1 Gross Weight,V1 Haz Placard,V1 Haz Release,V1 Trailer Reg Type,V1 Trailer Reg Plate,V1 Trailer Reg State,V1 Trailer Reg Year,V1 Trailer Len,V1 Driver Contribution,V1 Driver Contribution 2,V1 Is Truck,V1 Has Trailer,V1 Is Bus,V1 Is Hazmat,V1 Reg Year,V1 Driver Distracted,V1 Bus Use,V1 Tow Use,V2 Registration Type,V2 State Code,V2 Configuration,V2 Emergency Response,V2 Moped,V2 Hit and Run,V2 Action Prior to Crash,V2 Model Year,V2 Most Harmful Event,V2 Model,V2 Make,V2 Occupant Count,V2 Underride Override,V2 First Event,V2 Second Event,V2 Third Event,V2 Fourth Event,V2 Most Damaged Area,V2 Second Damaged Area,V2 Third Damaged Area,V2 Towed,V2 Travel Direction,V2 Interstate,V2 Cargo Body Type,V2 Gross Weight,V2 Haz Placard,V2 Haz Release,V2 Trailer Reg Type,V2 Trailer Reg Plate,V2 Trailer Reg State,V2 Trailer Reg Year,V2 Trailer Len,V2 Driver Contribution,V2 Driver Contribution 2,V2 Is Truck,V2 Has Trailer,V2 Is Bus,V2 Is Hazmat,V2 Reg Year,V2 Driver Distracted,V2 Bus Use,V2 Tow Use,P1 Role,P1 Injury,P1 Drivers Lic State,P1 Drivers Lic Class 1,P1 Drivers Lic Class 2,P1 Drivers Lic Restrict,P1 Non Motorist Desc,P1 Non Motorist Action,P1 Non Motorist Location,P1 Safety Equipment,P1 Age,P1 Sex,P1 Seat Position,P1 Safety System,P1 Trapped,P1 Veh Owner,P2 Role,P2 Injury,P2 Drivers Lic State,P2 Drivers Lic Class 1,P2 Drivers Lic Class 2,P2 Drivers Lic Restrict,P2 Non Motorist Desc,P2 Non Motorist Action,P2 Non Motorist Location,P2 Safety Equipment,P2 Age,P2 Sex,P2 Seat Position,P2 Safety System,P2 Trapped,P2 Veh Owner
6/29/16 20:06,Wednesday,PASSENGER CAR,,,MASS AVE,LEE STREET,,"MASS AVE &amp; LEE STREET
Cambridge, MA
(42.36679362800004, -71.10600609899996)",1,,ANGLE,ROADWAY,COLLISION WITH PEDALCYCLE,DAYLIGHT,CLEAR,,NO CONTROLS,,DRY,T-INTERSECTION,"TWO-WAY, DIVIDED, UNPROTECTED MEDIAN",NO,NO,,INTERSECTION,MASS AVE,WESTBOUND,LEE STREET,NORTHBOUND,,,,,,,,,,,NONE,,,PAS,MA,PASSENGER CAR,,,,TURNING LEFT,2002,COLLISION WITH PEDALCYCLE,SENTRA,NISSAN,1,,COLLISION WITH PEDALCYCLE,,,,CENTER FRONT,,,,NORTHBOUND,,,,,,,,,,,VISIBILITY OBSTRUCTED,,,,,,,,,,,,,,,,,,,,,,,,,,,,,,,,,,,,,,,,,,,,,,,,,,,,NON-MOTORIST,,MASSACHUSETTS,,,,CYCLIST,ENTERING OR CROSSING SPECIFIED LOCATION,IN ROADWAY,HELMET,,FEMALE,,,,,OPERATOR/DRIVER,NO INJURY,MASSACHUSETTS,,,,,,,,,FEMALE,"FRONT SEAT - LEFT SIDE, OR MOTORCYLE DRIVER",UNKNOWN,NOT TRAPPED,Y
6/5/16 15:03,Sunday,LIGHT TRUCK,,2485,MASSACHUSETTS AVE,,EDMUNDS ST,"2485 MASSACHUSETTS AVE
Cambridge, MA
(42.39899377900008, -71.13212330299996)",,,SINGLE VEHICLE CRASH,MEDIAN,COLLISION WITH MEDIAN BARRIER,DAYLIGHT,CLOUDY,,NO CONTROLS,,WET,NOT AT INTERSECTION,"TWO-WAY, DIVIDED, POSITIVE MEDIAN BARRIER",NO,NO,30,NON INTERSECTION,,,,,,,,,,,,DUNKIN DONUTS,,,NONE,MUNICIPAL,CROSSWALK SIGN,PAN,MA,LIGHT TRUCK,,,,TURNING LEFT,2010,,ELEMENTS,HONDA,1,,COLLISION WITH MEDIAN BARRIER,,,,LEFT FRONT,LEFT SIDE,UNDERCARRIAGE,Y,,,,,,,,,,,,INATTENTION,,,,,,,,,YES VEHICLE OR TRAILER DISABLED,,,,,,,,,,,,,,,,,,,,,,,,,,,,,,,,,,,,,,,,,,,OPERATOR/DRIVER,NO INJURY,MASSACHUSETTS,"D, CLASS D VEHICLES",,,,,,,,MALE,"FRONT SEAT - LEFT SIDE, OR MOTORCYLE DRIVER",UNKNOWN,NOT TRAPPED,Y,,,,,,,,,,,,,,,,
7/31/16 22:08,Sunday,PASSENGER CAR,,,MASS AVE,DUDLEY STREET,,"MASS AVE &amp; DUDLEY STREET
Cambridge, MA
(42.36679362800004, -71.10600609899996)",,1,SINGLE VEHICLE CRASH,ROADWAY,COLLISION WITH PEDESTRIAN,DUSK,CLEAR,CLEAR,UNKNOWN,NO,DRY,T-INTERSECTION,"TWO-WAY, NOT DIVIDED",,NO,,INTERSECTION,MASS AVE,NORTHBOUND,DUDLEY STREET,EASTBOUND,,,,,,,,,,,UNKNOWN,,,PAN,MI,PASSENGER CAR,,,,TRAVELING STRAIGHT AHEAD,2013,,HONDA,,1,,COLLISION WITH PEDESTRIAN,,,,UNKNOWN,,,,,,,,,,,,,,,OTHER IMPROPER ACTION,,,,,,,,,,,,,,,,,,,,,,,,,,,,,,,,,,,,,,,,,,,,,,,,,,,,NON-MOTORIST,NON FATAL INJURY - POSSIBLE,MASSACHUSETTS,,,,,,,,,FEMALE,,,,,WITNESS,,,,,,,,,,,MALE,,,,
5/19/16 2:35,Thursday,LIGHT TRUCK,,,FULKERSON STREET,,BENT STREET,"FULKERSON STREET
Cambridge, MA
(42.36917605600007, -71.08757439899995)",,,SINGLE VEHICLE CRASH,OUTSIDE ROADWAY,COLLISION WITH OTHER MOVABLE OBJECT,DARK - ROADWAY NOT LIGHTED,CLEAR,,NO CONTROLS,,"SAND, MUD, DIRT, OIL, GRAVEL",,UNKNOWN,NO,NO,,NON INTERSECTION,,,,,,,EASTBOUND,50,NORTHBOUND,,,,,,NONE,,,MVN,MA,LIGHT TRUCK,,,,OTHER,2014,COLLISION WITH OTHER MOVABLE OBJECT,INTERSEPTOR,FORD,1,,COLLISION WITH OTHER MOVABLE OBJECT,COLLISION WITH OTHER MOVABLE OBJECT,,,RIGHT FRONT,,,,NORTHBOUND,,,,,,,,,,,NO IMPROPER DRIVING,,,,,,,,,,,,,,,,,,,,,,,,,,,,,,,,,,,,,,,,,,,,,,,,,,,,OPERATOR/DRIVER,,MASSACHUSETTS,"D, CLASS D VEHICLES",,,,,,,,MALE,"FRONT SEAT - LEFT SIDE, OR MOTORCYLE DRIVER",SHOULDER AND LAP BELT USED,NOT TRAPPED,,UNINVOLVED OWNER,,,,,,,,,,,UNKNOWN,,,,Y
6/13/16 20:00,Monday,LIGHT TRUCK,PASSENGER CAR,,MASSACHUSETTS AVE,,HOLYOKE STREET,"MASSACHUSETTS AVE
Cambridge, MA
(42.393434712000044, -71.12577890299997)",,,UNKNOWN,,,DAYLIGHT,UNKNOWN,,,,UNKNOWN,NOT AT INTERSECTION,"ONE-WAY, NOT DIVIDED",NO,NO,,NON INTERSECTION,,,,,,,NORTHBOUND,,WESTBOUND,,,,,,NONE,,,PAN,MA,LIGHT TRUCK,,,,PARKED,2015,,WRANGLER,JEEP,0,,COLLISION WITH MOTOR VEHICLE IN TRAFFIC,,,,LEFT SIDE,,,,,,,,,,,,,,,,,,,,,,,,,PAN,PA,PASSENGER CAR,,,Y,UNKNOWN,2003,,SEDAN,HONDA,1,,COLLISION WITH PARKED MOTOR VEHICLE,,,,,,,,UNKNOWN,,,,,,,,,,,UNKNOWN,,,,,,,,,,UNINVOLVED OWNER,,MASSACHUSETTS,"D, CLASS D VEHICLES",,,,,,,,MALE,,,,,OPERATOR/DRIVER,,PENNSYLVANIA,"D, CLASS D VEHICLES",,,,,,,,UNKNOWN,,,,
4/16/16 16:26,Saturday,PASSENGER CAR,PASSENGER CAR,,ALEWIFE BROOK PKWY,,,"Cambridge, MA
(42.36679362800004, -71.10600609899996)",,,REAR-END,ROADWAY,COLLISION WITH MOTOR VEHICLE IN TRAFFIC,DAYLIGHT,CLEAR,,TRAFFIC CONTROL SIGNAL,YES,DRY,T-INTERSECTION,"TWO-WAY, DIVIDED, POSITIVE MEDIAN BARRIER",NO,NO,30,INTERSECTION,ALEWIFE BROOK PKWY,EASTBOUND,,,,,,,,,,,,OFF-STREET PARKING LOT,NONE,,,PAN,MA,PASSENGER CAR,,,Y,TURNING RIGHT,2005,COLLISION WITH MOTOR VEHICLE IN TRAFFIC,ACCORD,HONDA,2,,COLLISION WITH MOTOR VEHICLE IN TRAFFIC,,,,RIGHT FRONT,,,,EASTBOUND,,,,,,,,,,,UNKNOWN,,,,,,,,,NO,PAN,MA,PASSENGER CAR,,,,SLOWING OR STOPPED IN TRAFFIC,2009,COLLISION WITH MOTOR VEHICLE IN TRAFFIC,FORESTER,SUBARU,1,,COLLISION WITH MOTOR VEHICLE IN TRAFFIC,,,,RIGHT REAR,REAR CENTER,,,EASTBOUND,,,,,,,,,,,NO IMPROPER DRIVING,,,,,,,,,NO,OPERATOR/DRIVER,NO INJURY,MASSACHUSETTS,"D, CLASS D VEHICLES",,,,,,,23,FEMALE,"FRONT SEAT - LEFT SIDE, OR MOTORCYLE DRIVER",SHOULDER AND LAP BELT USED,NOT TRAPPED,,UNINVOLVED OWNER,,,,,,,,,,,FEMALE,,,,Y
5/30/16 12:19,Monday,PASSENGER CAR,,25,OXFORD STREET,,EVERETT STREET,"25 OXFORD STREET
Cambridge, MA
(42.37830046100004, -71.11646780499996)",,,"SIDESWIPE, SAME DIRECTION",ROADSIDE,COLLISION WITH PARKED MOTOR VEHICLE,DAYLIGHT,RAIN,CLOUDY,NO CONTROLS,,WET,NOT AT INTERSECTION,"TWO-WAY, DIVIDED, UNPROTECTED MEDIAN",NO,NO,,NON INTERSECTION,,,,,,,SOUTHBOUND,1000  FEET,SOUTHBOUND,,,,,,NONE,,,PAN,MA,PASSENGER CAR,,,,PARKED,2013,COLLISION WITH PARKED MOTOR VEHICLE,IMPREZA,SUBARU,0,,COLLISION WITH MOTOR VEHICLE IN TRAFFIC,COLLISION WITH PARKED MOTOR VEHICLE,,,LEFT SIDE,,,,,,,,,,,,,,,NO IMPROPER DRIVING,UNKNOWN,,,,,,,,,,,,,,,,,,,,,,,,,,,,,,,,,,,,,,,,,,,,,,,,,,,UNINVOLVED OWNER,,MASSACHUSETTS,,,,,,,,,MALE,,,,Y,,,,,,,,,,,,,,,,
4/23/16 13:53,Saturday,,,255,GARDEN ST,,,"255 GARDEN ST
Cambridge, MA
(42.386475947000065, -71.13578890699995)",,,,,,UNKNOWN,UNKNOWN,UNKNOWN,NO CONTROLS,,,NOT AT INTERSECTION,,,,,NON INTERSECTION,,,,,,,EASTBOUND,,,,,,,,,,,PAN,MA,,,,Y,PARKED,1997,,CELICA,TOYOTA,,,,,,,LEFT REAR,,,,,,,,,,,,,,,,,,,,,,,,,,,,,,,,,,,,,,,,,,,,,,,,,,,,,,,,,,,,,,,,,,,UNINVOLVED OWNER,,MASSACHUSETTS,,,,,,,,,MALE,,,,Y,,,,,,,,,,,,,,,,
7/29/16 10:00,Friday,PASSENGER CAR,LIGHT TRUCK,,MT. AUBURN STREET,FRESH POND PKWY,,"MT. AUBURN STREET &amp; FRESH POND PKWY
Cambridge, MA
(42.36679362800004, -71.10600609899996)",,,REAR-END,UNKNOWN,,DAYLIGHT,UNKNOWN,,TRAFFIC CONTROL SIGNAL,YES,UNKNOWN,,,NO,NO,,INTERSECTION,MT. AUBURN STREET,,FRESH POND PKWY,,,,,,,,,,,,,,,PAN,MA,PASSENGER CAR,,,Y,SLOWING OR STOPPED IN TRAFFIC,2005,,LEGACY,SUBARU,1,,COLLISION WITH MOTOR VEHICLE IN TRAFFIC,,,,REAR CENTER,,,,,,,,,,,,,,,,,,,,,,,,NO,,,LIGHT TRUCK,,,,UNKNOWN,,,VAN,UNKNOWN,,,,,,,,,,,,,,,,,,,,,,,,,,,,,,,,OPERATOR/DRIVER,NO INJURY,MASSACHUSETTS,,,,,,,,,FEMALE,"FRONT SEAT - LEFT SIDE, OR MOTORCYLE DRIVER",UNKNOWN,,Y,,,,,,,,,,,,,,,,
8/19/16 17:45,Friday,PASSENGER CAR,PASSENGER CAR,71,MT AUBURN ST,,,"71 MT AUBURN ST
Cambridge, MA
(42.371955728000046, -71.11849005499994)",,,ANGLE,ROADWAY,COLLISION WITH PARKED MOTOR VEHICLE,DAYLIGHT,CLEAR,,NO CONTROLS,,DRY,NOT AT INTERSECTION,"ONE-WAY, NOT DIVIDED",NO,NO,30,NON INTERSECTION,,,,,,,EASTBOUND,,,,,,,,NONE,,,PAN,MA,PASSENGER CAR,,,,PARKED,2008,COLLISION WITH MOTOR VEHICLE IN TRAFFIC,CIVIC,HONDA,2,,COLLISION WITH MOTOR VEHICLE IN TRAFFIC,,,,LEFT FRONT,,,,,,,,,,,,,,,,,,,,,,,,,PAN,MA,PASSENGER CAR,,,Y,BACKING,2010,COLLISION WITH PARKED MOTOR VEHICLE,328I,BMW,2,,,,,,,,,,WESTBOUND,,,,,,,,,,,UNKNOWN,,,,,,,UNKNOWN,,,OPERATOR/DRIVER,,MASSACHUSETTS,,,,,,,,,FEMALE,FRONT SEAT - RIGHT SIDE,UNKNOWN,NOT TRAPPED,Y,OPERATOR/DRIVER,,MASSACHUSETTS,,,,,,,,,MALE,,,,Y
7/19/16 18:51,Tuesday,PASSENGER CAR,PASSENGER CAR,55,CHESTNUT STREET,,,"55 CHESTNUT STREET
Cambridge, MA
(42.35611495900008, -71.10783591199998)",,,"SIDESWIPE, SAME DIRECTION",,,DAYLIGHT,CLEAR,,NO CONTROLS,,DRY,NOT AT INTERSECTION,"TWO-WAY, NOT DIVIDED",NO,NO,,NON INTERSECTION,,,,,,,EASTBOUND,,,,,,,,NONE,,,PAN,MA,PASSENGER CAR,,,,PARKED,2010,,S40,VOLVO,0,,COLLISION WITH MOTOR VEHICLE IN TRAFFIC,,,,LEFT FRONT,OTHER,,,,,,,,,,,,,,,,,,,,,,,,UNKNOWN,MA,PASSENGER CAR,,,Y,TRAVELING STRAIGHT AHEAD,,,UNKNOWN,UNKNOWN,1,,COLLISION WITH PARKED MOTOR VEHICLE,,,,RIGHT FRONT,,,,EASTBOUND,,,,,,,,,,,,,,,,,,UNKNOWN,,,UNINVOLVED OWNER,,MASSACHUSETTS,"D, CLASS D VEHICLES",,,,,,,,MALE,,,,,OPERATOR/DRIVER,,MASSACHUSETTS,"D, CLASS D VEHICLES",,,,,,,,MALE,,,,
8/17/16 21:23,Wednesday,PASSENGER CAR,,,MASSACHUSETTS AVENUE,LANSDOWNE ST.,,"MASSACHUSETTS AVENUE &amp; LANSDOWNE ST.
Cambridge, MA
(42.36679362800004, -71.10600609899996)",1,,ANGLE,ROADWAY,COLLISION WITH PEDALCYCLE,DAYLIGHT,CLEAR,,TRAFFIC CONTROL SIGNAL,YES,DRY,,,NO,NO,,INTERSECTION,MASSACHUSETTS AVENUE,WESTBOUND,LANSDOWNE ST.,SOUTHBOUND,,,,,,,,,,,NONE,OTHER,TREK MOUNTIAN BIKE,PAN,MA,PASSENGER CAR,,,,TRAVELING STRAIGHT AHEAD,2105,COLLISION WITH PEDALCYCLE,A3,AUDI,1,,COLLISION WITH PEDALCYCLE,,,,RIGHT FRONT,,,,WESTBOUND,,,,,,,,,,,NO IMPROPER DRIVING,,,,,,,NOT DISTRACTED,,,,,,,,,,,,,,,,,,,,,,,,,,,,,,,,,,,,,,,,,,,,,OPERATOR/DRIVER,,MASSACHUSETTS,"D, CLASS D VEHICLES",,CORRECTIVE LENSES,,,,,,MALE,,,,Y,NON-MOTORIST,NON FATAL INJURY - NON INCAPACITATING,,,,,CYCLIST,"WALKING, RUNNING OR CYCLING",IN ROADWAY,NONE USED,,FEMALE,,,,
7/12/16 13:00,Tuesday,PASSENGER CAR,,,HARVARD ST,,COLUMBIA ST,"HARVARD ST
Cambridge, MA
(42.37166044600008, -71.11276929199994)",,,UNKNOWN,ROADWAY,COLLISION WITH PARKED MOTOR VEHICLE,DAYLIGHT,CLEAR,,NO CONTROLS,,DRY,NOT AT INTERSECTION,"ONE-WAY, NOT DIVIDED",NO,NO,,NON INTERSECTION,,,,,,,,,,,,,,,,,,PAN,MA,PASSENGER CAR,,,,PARKED,2016,COLLISION WITH MOTOR VEHICLE IN TRAFFIC,CAMRY,TOYT,0,,COLLISION WITH MOTOR VEHICLE IN TRAFFIC,,,,LEFT REAR,,,,,,,,,,,,,,,,,,,,,,,,NO,PAN,OT,,,,Y,,,,,,,,,,,,,,,,,,,,,,,,,,,,,,,,,,,,,UNINVOLVED OWNER,,,,,,,,,,,MALE,,,,Y,,,,,,,,,,,,,,,,
5/4/16 5:23,Wednesday,PASSENGER CAR,PASSENGER CAR,25,GORE STREET,,SECOND STREET,"25 GORE STREET
Cambridge, MA
(42.37163637100008, -71.07887706099996)",,,"SIDESWIPE, SAME DIRECTION",ROADWAY,COLLISION WITH PARKED MOTOR VEHICLE,DARK - LIGHTED ROADWAY,CLEAR,,,NO,DRY,NOT AT INTERSECTION,"TWO-WAY, NOT DIVIDED",NO,NO,,NON INTERSECTION,,,,,,,WESTBOUND,,EASTBOUND,,,,,,NONE,,,PAN,MA,PASSENGER CAR,,,Y,PARKED,2014,COLLISION WITH MOTOR VEHICLE IN TRAFFIC,MURANO,NISSAN,0,,,COLLISION WITH PARKED MOTOR VEHICLE,,,REAR CENTER,LEFT REAR,CENTER FRONT,,WESTBOUND,,,,,,,,,,,NO IMPROPER DRIVING,,,,,,,NOT DISTRACTED,,,PAN,FL,PASSENGER CAR,,,Y,PARKED,2015,COLLISION WITH OTHER MOVABLE OBJECT,COROLLA,TOYOTA,0,,COLLISION WITH PARKED MOTOR VEHICLE,,,,RIGHT REAR,REAR CENTER,LEFT REAR,,WESTBOUND,,,,,,,,,,,NO IMPROPER DRIVING,NO IMPROPER DRIVING,,,,,,,,,OPERATOR/DRIVER,NO INJURY,MASSACHUSETTS,,,,,,,,,MALE,OTHER,,,Y,OPERATOR/DRIVER,NO INJURY,MASSACHUSETTS,"D, CLASS D VEHICLES",,,,,,,,FEMALE,OTHER,,,Y
5/8/16 11:15,Sunday,PASSENGER CAR,PASSENGER CAR,322,WINDSOR ST,,,"322 WINDSOR ST
Cambridge, MA
(42.36920739900006, -71.09457796499998)",,,"SIDESWIPE, SAME DIRECTION",,,DARK - LIGHTED ROADWAY,CLEAR,,NO CONTROLS,,,NOT AT INTERSECTION,,NO,NO,,NON INTERSECTION,,,,,,,SOUTHBOUND,,,,,,,,,,,PAN,MA,PASSENGER CAR,,,Y,PARKED,2008,COLLISION WITH PARKED MOTOR VEHICLE,PRIUS,TOYOTA,0,,COLLISION WITH PARKED MOTOR VEHICLE,,,,RIGHT SIDE,RIGHT FRONT,,,,,,,,,,,,,,UNKNOWN,,,,,,,,,,PAN,MA,PASSENGER CAR,,,Y,PARKED,2015,COLLISION WITH PARKED MOTOR VEHICLE,GTI,VW,0,,COLLISION WITH PARKED MOTOR VEHICLE,,,,RIGHT SIDE,,,,,,,,,,,,,,,UNKNOWN,,,,,,,,,,UNINVOLVED OWNER,,,,,,,,,,,FEMALE,,,,Y,UNINVOLVED OWNER,,MASSACHUSETTS,,,,,,,,,FEMALE,,,,Y
6/4/16 12:19,Saturday,PASSENGER CAR,OTHER,,MEMORIAL DRIVE,RIVER ST,,"MEMORIAL DRIVE &amp; RIVER ST
Cambridge, MA
(42.36679362800004, -71.10600609899996)",,,"SIDESWIPE, SAME DIRECTION",ROADWAY,COLLISION WITH MOTOR VEHICLE IN TRAFFIC,DAYLIGHT,CLEAR,CLEAR,TRAFFIC CONTROL SIGNAL,NO,DRY,FOUR WAY INTERSECTION,UNKNOWN,,NO,,INTERSECTION,MEMORIAL DRIVE,SOUTHBOUND,RIVER ST,EASTBOUND,MEMORIAL DRIVE,SOUTHBOUND,,,,,,,,,OTHER,,,PAN,MA,PASSENGER CAR,,,,TURNING RIGHT,2000,,CIVIC,HONDA,1,,OTHER,COLLISION WITH MOTOR VEHICLE IN TRAFFIC,,,RIGHT FRONT,RIGHT FRONT,RIGHT FRONT,,EASTBOUND,,,,,,,,,,,UNKNOWN,UNKNOWN,,,,,,UNKNOWN,,,MVN,MA,OTHER,,,,OTHER,2016,,EXPLORER,FORD,1,,COLLISION WITH MOTOR VEHICLE IN TRAFFIC,OTHER,,,LEFT FRONT,LEFT FRONT,LEFT FRONT,,EASTBOUND,,,,,,,,,,,UNKNOWN,UNKNOWN,,,,,,UNKNOWN,,,OPERATOR/DRIVER,,MASSACHUSETTS,,,,,,,,,FEMALE,,,,,OPERATOR/DRIVER,,MASSACHUSETTS,,,,,,,,,MALE,,,,
8/9/16 12:10,Tuesday,SINGLE UNIT TRUCK (2 AXLES - 6 TIRES),LIGHT TRUCK,561,PUTNAM AVE,,,"561 PUTNAM AVE
Cambridge, MA
(42.35721405700008, -71.10778579399994)",,,"SIDESWIPE, SAME DIRECTION",ROADWAY,COLLISION WITH PARKED MOTOR VEHICLE,DAYLIGHT,CLEAR,,NO CONTROLS,,DRY,NOT AT INTERSECTION,"TWO-WAY, NOT DIVIDED",NO,NO,,NON INTERSECTION,,,,,,,,,,,,BROOKLINE ST,,,,,,MVN,MA,SINGLE UNIT TRUCK (2 AXLES - 6 TIRES),,,,TRAVELING STRAIGHT AHEAD,2013,COLLISION WITH PARKED MOTOR VEHICLE,ARRO,PIERCE,,,COLLISION WITH PARKED MOTOR VEHICLE,,,,UNKNOWN,,,,EASTBOUND,,,,,,,,,,,,,,,,,,,,,PAN,MA,LIGHT TRUCK,,,,PARKED,2014,,ESCAPE,FORD,,,COLLISION WITH MOTOR VEHICLE IN TRAFFIC,,,,LEFT SIDE,,,,,,,,,,,,,,,,,,,,,,,,,OPERATOR/DRIVER,NO INJURY,MASSACHUSETTS,,,,,,,,,MALE,"FRONT SEAT - LEFT SIDE, OR MOTORCYLE DRIVER",UNKNOWN,NOT TRAPPED,,UNINVOLVED OWNER,,,,,,,,,,,UNKNOWN,,,,Y
10/24/16 8:15,Monday,LIGHT TRUCK,,,MASS AVE,EDMUNDS,,"MASS AVE &amp; EDMUNDS
Cambridge, MA
(42.36679362800004, -71.10600609899996)",1,,ANGLE,ROADWAY,COLLISION WITH PEDALCYCLE,DAYLIGHT,CLEAR,,NO CONTROLS,,DRY,T-INTERSECTION,"TWO-WAY, DIVIDED, POSITIVE MEDIAN BARRIER",NO,NO,,INTERSECTION,MASS AVE,,EDMUNDS,,,,,,,,,,,,,,,PAS,MA,LIGHT TRUCK,,,,TURNING LEFT,2016,COLLISION WITH PEDALCYCLE,Q5,AUDI,1,,COLLISION WITH PEDALCYCLE,,,,RIGHT SIDE,,,,WESTBOUND,,,,,,,,,,,FAILED TO YIELD THE RIGHT OF WAY,,,,,,,,,,,,,,,,,,,,,,,,,,,,,,,,,,,,,,,,,,,,,,,,,,,,OPERATOR/DRIVER,NO INJURY,MASSACHUSETTS,"D, CLASS D VEHICLES",,,,,,,,MALE,"FRONT SEAT - LEFT SIDE, OR MOTORCYLE DRIVER",UNKNOWN,NOT TRAPPED,Y,NON-MOTORIST,NON FATAL INJURY - POSSIBLE,,,,,CYCLIST,"WALKING, RUNNING OR CYCLING",IN ROADWAY,UNKNOWN,,FEMALE,,,,
9/28/16 16:03,Wednesday,PASSENGER CAR,PASSENGER CAR,,CHERRY STREET,HARVARD STREET,,"CHERRY STREET &amp; HARVARD STREET
Cambridge, MA
(42.36679362800004, -71.10600609899996)",,,UNKNOWN,ROADWAY,COLLISION WITH PARKED MOTOR VEHICLE,DAYLIGHT,CLEAR,,STOP SIGNS,YES,DRY,T-INTERSECTION,"ONE-WAY, NOT DIVIDED",NO,NO,,INTERSECTION,CHERRY STREET,NORTHBOUND,HARVARD STREET,EASTBOUND,,,,,,,,,,,NONE,,,PAN,MA,PASSENGER CAR,,,,PARKED,2013,COLLISION WITH MOTOR VEHICLE IN TRAFFIC,ALTIMA,NISSAN,0,,COLLISION WITH MOTOR VEHICLE IN TRAFFIC,,,,CENTER FRONT,,,,NORTHBOUND,,,,,,,,,,,NO IMPROPER DRIVING,,,,,,,,,,PAN,MA,PASSENGER CAR,,,Y,BACKING,1995,COLLISION WITH PARKED MOTOR VEHICLE,CAMRY,TOYOTA,1,,COLLISION WITH PARKED MOTOR VEHICLE,,,,UNKNOWN,,,,SOUTHBOUND,,,,,,,,,,,UNKNOWN,,,,,,,UNKNOWN,,,UNINVOLVED OWNER,,,,,,,,,,,FEMALE,,,,Y,UNINVOLVED OWNER,,,,,,,,,,,FEMALE,,,,Y
8/30/16 9:54,Tuesday,LIGHT TRUCK,LIGHT TRUCK,,CONCORD AVE,BLANCHARD ROAD,,"CONCORD AVE &amp; BLANCHARD ROAD
Cambridge, MA
(42.36679362800004, -71.10600609899996)",,,ANGLE,,,DAYLIGHT,CLEAR,CLEAR,TRAFFIC CONTROL SIGNAL,YES,DRY,FOUR WAY INTERSECTION,"TWO-WAY, DIVIDED, POSITIVE MEDIAN BARRIER",NO,NO,,INTERSECTION,CONCORD AVE,,BLANCHARD ROAD,,,,,,,,,,,,NONE,,,PAN,MA,LIGHT TRUCK,,,,TRAVELING STRAIGHT AHEAD,2014,COLLISION WITH MOTOR VEHICLE IN TRAFFIC,CX5,MAZDA,1,,COLLISION WITH MOTOR VEHICLE IN TRAFFIC,,,,LEFT SIDE,,,,WESTBOUND,,,,,,,,,,,NO IMPROPER DRIVING,,,,,,,NOT DISTRACTED,,,PAN,MA,LIGHT TRUCK,,,,TURNING LEFT,2016,COLLISION WITH MOTOR VEHICLE IN TRAFFIC,CX5,MAZDA,1,,COLLISION WITH MOTOR VEHICLE IN TRAFFIC,,,,CENTER FRONT,LEFT FRONT,,,EASTBOUND,,,,,,,,,,,GLARE,,,,,,,EXTERNAL DISTRACTION,,,OPERATOR/DRIVER,NON FATAL INJURY - NON INCAPACITATING,MASSACHUSETTS,"D, CLASS D VEHICLES",,,,,,,,FEMALE,,,,Y,OPERATOR/DRIVER,,MASSACHUSETTS,"D, CLASS D VEHICLES",,,,,,,,FEMALE,,,,Y
10/21/16 16:49,Friday,LIGHT TRUCK,LIGHT TRUCK,,MUSEUM WAY,NORTHPOINT BLVD,,"MUSEUM WAY &amp; NORTHPOINT BLVD
Cambridge, MA
(42.36679362800004, -71.10600609899996)",,,REAR-END,ROADWAY,COLLISION WITH MOTOR VEHICLE IN TRAFFIC,DAYLIGHT,CLOUDY,,NO CONTROLS,,WET,T-INTERSECTION,"TWO-WAY, NOT DIVIDED",NO,NO,25,INTERSECTION,MUSEUM WAY,WESTBOUND,NORTHPOINT BLVD,SOUTHBOUND,,,,,,,,,,,NONE,,,CON,MA,LIGHT TRUCK,,,,SLOWING OR STOPPED IN TRAFFIC,2015,COLLISION WITH MOTOR VEHICLE IN TRAFFIC,F250,FORD,5,,COLLISION WITH MOTOR VEHICLE IN TRAFFIC,,,,LEFT REAR,,,,UNKNOWN,,,,,,,,,,,NO IMPROPER DRIVING,,,,,,,UNKNOWN,,NO,PAN,MA,LIGHT TRUCK,,,,TURNING RIGHT,2016,COLLISION WITH MOTOR VEHICLE IN TRAFFIC,ODYSSEY,HONDA,2,,COLLISION WITH MOTOR VEHICLE IN TRAFFIC,,,,RIGHT SIDE,RIGHT FRONT,RIGHT REAR,Y,WESTBOUND,,,,,,,,,,,UNKNOWN,,,,,,,UNKNOWN,,YES VEHICLE OR TRAILER DISABLED,UNINVOLVED OWNER,,,,,,,,,,,UNKNOWN,,,,Y,OPERATOR/DRIVER,NO INJURY,MASSACHUSETTS,,,,,,,,,MALE,"FRONT SEAT - LEFT SIDE, OR MOTORCYLE DRIVER",SHOULDER AND LAP BELT USED,NOT TRAPPED,