Date Time,Day of Week,Object 1,Object 2,Street Number,Street Name,Cross Street,Near Street,Location,May involve cyclist,May Involve Pedestrian,Manner of Collision,First Harmful Event Location,First Harmful Event,Ambient Light,Weather Condition 1,Weather Condition 2,Traffic Control Device Type,Traffic Control Device Functionality,Road Surface Condition,Roadway Junction Type,Trafficway Description,School Bus Related,Work Zone,Speed Limit,Street or Intersection,Intersection Name 1,Intersection Direction 1,Intersection Name 2,Intersection Direction 2,Intersection Name 3,Intersection Direction 3,Street Direction,Nearest Intersection Distance,Nearest Intersection Direction,Landmark Distance,Landmark Direction,Landmark,Mile Marker Direction,Non Public Area,Road Contributing,Damaged Property Type,Description of Damaged Property,V1 Registration Type,v1 State Code,V1 Configuration,V1 Emergency Response,V1 Moped,V1 Hit and Run,V1 Action Prior to Crash,V1 Model Year,V1 Most Harmful Event,V1 Model,V1 Make,V1 Occupant Count,V1 Underride Override,V1 First Event,V1 Second Event,V1 Third Event,V1 Fourth Event,V1 Most Damaged Area,V1 Second Damaged Area,V1 Third Damaged Area,V1 Towed,V1 Travel Direction,V1 Interstate,V1 Cargo Body Type,V1 Gross Weight,V1 Haz Placard,V1 Haz Release,V1 Trailer Reg Type,V1 Trailer Reg Plate,V1 Trailer Reg State,V1 Trailer Reg Year,V1 Trailer Len,V1 Driver Contribution,V1 Driver Contribution 2,V1 Is Truck,V1 Has Trailer,V1 Is Bus,V1 Is Hazmat,V1 Reg Year,V1 Driver Distracted,V1 Bus Use,V1 Tow Use,V2 Registration Type,V2 State Code,V2 Configuration,V2 Emergency Response,V2 Moped,V2 Hit and Run,V2 Action Prior to Crash,V2 Model Year,V2 Most Harmful Event,V2 Model,V2 Make,V2 Occupant Count,V2 Underride Override,V2 First Event,V2 Second Event,V2 Third Event,V2 Fourth Event,V2 Most Damaged Area,V2 Second Damaged Area,V2 Third Damaged Area,V2 Towed,V2 Travel Direction,V2 Interstate,V2 Cargo Body Type,V2 Gross Weight,V2 Haz Placard,V2 Haz Release,V2 Trailer Reg Type,V2 Trailer Reg Plate,V2 Trailer Reg State,V2 Trailer Reg Year,V2 Trailer Len,V2 Driver Contribution,V2 Driver Contribution 2,V2 Is Truck,V2 Has Trailer,V2 Is Bus,V2 Is Hazmat,V2 Reg Year,V2 Driver Distracted,V2 Bus Use,V2 Tow Use,P1 Role,P1 Injury,P1 Drivers Lic State,P1 Drivers Lic Class 1,P1 Drivers Lic Class 2,P1 Drivers Lic Restrict,P1 Non Motorist Desc,P1 Non Motorist Action,P1 Non Motorist Location,P1 Safety Equipment,P1 Age,P1 Sex,P1 Seat Position,P1 Safety System,P1 Trapped,P1 Veh Owner,P2 Role,P2 Injury,P2 Drivers Lic State,P2 Drivers Lic Class 1,P2 Drivers Lic Class 2,P2 Drivers Lic Restrict,P2 Non Motorist Desc,P2 Non Motorist Action,P2 Non Motorist Location,P2 Safety Equipment,P2 Age,P2 Sex,P2 Seat Position,P2 Safety System,P2 Trapped,P2 Veh Owner
9/8/16 18:24,Thursday,PASSENGER CAR,PASSENGER CAR,640,COMCORD AVE,,,"640 COMCORD AVE
Cambridge, MA
(42.38960190800003, -71.14818552299994)",,,UNKNOWN,,,DAYLIGHT,CLEAR,,NO CONTROLS,,,,,,,,NON INTERSECTION,,,,,,,,,,,,NEVILLE MANOR NURSING ( PARKING LOT),,,,,,PAN,MA,PASSENGER CAR,,,,PARKED,2016,,COROLLA,TOYOTA,0,,COLLISION WITH MOTOR VEHICLE IN TRAFFIC,,,,LEFT REAR,,,,,,,,,,,,,,,,,,,,,,,,,PAN,MA,PASSENGER CAR,,,Y,OTHER,0,,UNKNOWN,UNKNOWN,1,,COLLISION WITH PARKED MOTOR VEHICLE,,,,,,,,,,,,,,,,,,,UNKNOWN,,,,,,,,,,UNINVOLVED OWNER,,MASSACHUSETTS,"D, CLASS D VEHICLES",,,,,,,,FEMALE,,,,,OPERATOR/DRIVER,,MASSACHUSETTS,"D, CLASS D VEHICLES",,,,,,,,UNKNOWN,,,,
7/26/16 10:45,Tuesday,LIGHT TRUCK,,35,BROOKLINE ST (OPP),,,"35 BROOKLINE ST (OPP)
Cambridge, MA
(42.36303123600004, -71.10236373099997)",,,"SIDESWIPE, SAME DIRECTION",ROADWAY,COLLISION WITH PARKED MOTOR VEHICLE,DAYLIGHT,CLEAR,,STOP SIGNS,,DRY,NOT AT INTERSECTION,"ONE-WAY, NOT DIVIDED",NO,NO,,NON INTERSECTION,,,,,,,,,,,,,,,,,,PAN,MA,LIGHT TRUCK,,,,PARKED,2009,COLLISION WITH MOTOR VEHICLE IN TRAFFIC,RAM,DODGE,0,,COLLISION WITH MOTOR VEHICLE IN TRAFFIC,,,,LEFT REAR,LEFT SIDE,,,,,,,,,,,,,,,,,,,,,,,,APN,NH,,,,,TURNING LEFT,2016,COLLISION WITH PARKED MOTOR VEHICLE,,MACK,,,COLLISION WITH PARKED MOTOR VEHICLE,,,,UNKNOWN,,,,NORTHBOUND,,,,,,,,,,,OTHER IMPROPER ACTION,,,,,,,,,,UNINVOLVED OWNER,,,,,,,,,,,FEMALE,,,,Y,UNINVOLVED OWNER,,,,,,,,,,,UNKNOWN,,,,Y
5/8/16 18:47,Sunday,PASSENGER CAR,PASSENGER CAR,195,HAMPSHIRE,,PROSPECT STREET,"195 HAMPSHIRE
Cambridge, MA
(42.372993214000076, -71.09989600599994)",,,UNKNOWN,ROADSIDE,COLLISION WITH PARKED MOTOR VEHICLE,DARK - LIGHTED ROADWAY,RAIN,,UNKNOWN,NO,UNKNOWN,NOT AT INTERSECTION,"TWO-WAY, NOT DIVIDED",NO,NO,,NON INTERSECTION,,,,,,,NORTHBOUND,,WESTBOUND,,,,,,NONE,,,PAN,MA,PASSENGER CAR,,,Y,PARKED,2013,,GLK350,MERZ,0,,COLLISION WITH PARKED MOTOR VEHICLE,,,,CENTER FRONT,LEFT FRONT,,,,,,,,,,,,,,,,,,,,,,,NO,UNKNOWN,,PASSENGER CAR,,,Y,UNKNOWN,,COLLISION WITH PARKED MOTOR VEHICLE,UNNOWN,UNKNOWN,,,UNKNOWN,UNKNOWN,UNKNOWN,UNKNOWN,UNKNOWN,,,,UNKNOWN,,,,,,,,,,,UNKNOWN,,,,,,,UNKNOWN,,,UNINVOLVED OWNER,NO INJURY,MASSACHUSETTS,"D, CLASS D VEHICLES",,,,,,,,FEMALE,,,,Y,OPERATOR/DRIVER,UNKNOWN,,UNKNOWN,,,,,,,,MALE,UNKNOWN,UNKNOWN,UNKNOWN,Y
9/29/16 8:27,Thursday,PASSENGER CAR,PASSENGER CAR,,SHERMAN STREET,STEARNS STREET,,"SHERMAN STREET &amp; STEARNS STREET
Cambridge, MA
(42.36679362800004, -71.10600609899996)",,,ANGLE,ROADWAY,,DAYLIGHT,CLOUDY,,,,DRY,FOUR WAY INTERSECTION,"TWO-WAY, NOT DIVIDED",NO,NO,25,INTERSECTION,SHERMAN STREET,NORTHBOUND,STEARNS STREET,WESTBOUND,,,,,,,,,,,UNKNOWN,,,PAN,MA,PASSENGER CAR,,,,TRAVELING STRAIGHT AHEAD,2009,COLLISION WITH MOTOR VEHICLE IN TRAFFIC,SCION,TOYOTA,1,,COLLISION WITH MOTOR VEHICLE IN TRAFFIC,,,,RIGHT SIDE,RIGHT REAR,,,NORTHBOUND,,,,,,,,,,,UNKNOWN,,,,,,,UNKNOWN,,NO,LVN,MA,PASSENGER CAR,,,,TRAVELING STRAIGHT AHEAD,2014,COLLISION WITH MOTOR VEHICLE IN TRAFFIC,COROLLA,TOYOTA,2,,COLLISION WITH MOTOR VEHICLE IN TRAFFIC,,,,LEFT FRONT,CENTER FRONT,RIGHT FRONT,,WESTBOUND,,,,,,,,,,,UNKNOWN,,,,,,,,,NO,OPERATOR/DRIVER,NO INJURY,MASSACHUSETTS,"D, CLASS D VEHICLES",,,,,,,,FEMALE,"FRONT SEAT - LEFT SIDE, OR MOTORCYLE DRIVER",UNKNOWN,NOT TRAPPED,Y,OPERATOR/DRIVER,NO INJURY,MASSACHUSETTS,"D, CLASS D VEHICLES",,,,,,,,MALE,"FRONT SEAT - LEFT SIDE, OR MOTORCYLE DRIVER",UNKNOWN,NOT TRAPPED,
5/2/16 11:01,Monday,TRUCK TRAILER,,,PRESCOTT,BROADWAY,,"PRESCOTT &amp; BROADWAY
Cambridge, MA
(42.36679362800004, -71.10600609899996)",,,SINGLE VEHICLE CRASH,SHOULDER - PAVED,,DAYLIGHT,RAIN,CLOUDY,TRAFFIC CONTROL SIGNAL,YES,WET,T-INTERSECTION,"ONE-WAY, NOT DIVIDED",NO,YES,5,INTERSECTION,PRESCOTT,NORTHBOUND,BROADWAY,EASTBOUND,,,,,,,,,,,OBSTRUCTION IN ROADWAY,MUNICIPAL,WALK SIGNAL LIGHT,APN,MA,TRUCK TRAILER,,,,TURNING RIGHT,2016,COLLISION WITH LIGHT POLE OR OTHER POST/SUPPORT,BOX,FREIGHTLINER,1,,COLLISION WITH LIGHT POLE OR OTHER POST/SUPPORT,,,,RIGHT SIDE,,,,EASTBOUND,,OTHER,"MORE THAN 26,000 POUNDS",,,APN,96785,MASSACHUSETTS,2016,OTHER,,,Y,,,,,NOT DISTRACTED,,,,,,,,,,,,,,,,,,,,,,,,,,,,,,,,,,,,,,,,,,,,,OPERATOR/DRIVER,NO INJURY,MASSACHUSETTS,"A, CLASS A VEHICLES",,,,,,,,MALE,"FRONT SEAT - LEFT SIDE, OR MOTORCYLE DRIVER",UNKNOWN,NOT TRAPPED,,UNINVOLVED OWNER,,,,,,,,,,,UNKNOWN,,,,Y
5/5/16 14:45,Thursday,PASSENGER CAR,,,CAMBRIDGE ST,HAMPSHIRE ST,,"CAMBRIDGE ST &amp; HAMPSHIRE ST
Cambridge, MA
(42.36679362800004, -71.10600609899996)",1,,ANGLE,ROADWAY,COLLISION WITH PEDALCYCLE,DAYLIGHT,CLOUDY,RAIN,TRAFFIC CONTROL SIGNAL,YES,WET,FIVE-POINT OR MORE,"TWO-WAY, NOT DIVIDED",NO,NO,,INTERSECTION,CAMBRIDGE ST,,HAMPSHIRE ST,,,,,,,,,,,,,,,PAN,MA,PASSENGER CAR,,,,TURNING LEFT,2009,COLLISION WITH PEDALCYCLE,ACCORD,HONDA,,,COLLISION WITH PEDALCYCLE,,,,UNKNOWN,,,,EASTBOUND,,,,,,,,,,,FAILED TO YIELD THE RIGHT OF WAY,,,,,,,,,,,,,,,,,,,,,,,,,,,,,,,,,,,,,,,,,,,,,,,,,,,,OPERATOR/DRIVER,NO INJURY,MASSACHUSETTS,"D, CLASS D VEHICLES",,,,,,,,MALE,"FRONT SEAT - LEFT SIDE, OR MOTORCYLE DRIVER",UNKNOWN,NOT TRAPPED,Y,NON-MOTORIST,NON FATAL INJURY - POSSIBLE,,,,,CYCLIST,"WALKING, RUNNING OR CYCLING",CYCLIST,UNKNOWN,,MALE,,,,
7/19/16 11:00,Tuesday,LIGHT TRUCK,,18,FIELD ST,,,"18 FIELD ST
Cambridge, MA
(42.38582208200006, -71.13561873899994)",,,"SIDESWIPE, SAME DIRECTION",ROADWAY,COLLISION WITH PARKED MOTOR VEHICLE,DAYLIGHT,CLEAR,,NO CONTROLS,,,,"ONE-WAY, NOT DIVIDED",NO,NO,,NON INTERSECTION,,,,,,,,,,,,,,,,,,CON,MA,LIGHT TRUCK,,,,PARKED,2016,COLLISION WITH MOTOR VEHICLE IN TRAFFIC,TRANSIT,FORD,,,COLLISION WITH MOTOR VEHICLE IN TRAFFIC,,,,LEFT SIDE,,,,NORTHBOUND,,,,,,,,,,,,,,,,,,,,,PAN,OT,,,,Y,,,,,,,,,,,,,,,,,,,,,,,,,,,,,,,,,,,,,UNINVOLVED OWNER,,,,,,,,,,,,,,,Y,WITNESS,,,,,,,,,,,MALE,,,,
4/19/16 21:34,Tuesday,PASSENGER CAR,PASSENGER CAR,2225,MASSACHUSETTS AVENUE,,,"2225 MASSACHUSETTS AVENUE
Cambridge, MA
(42.39366262800007, -71.12599026499998)",,,"SIDESWIPE, OPPOSITE DIRECTION",ROADWAY,COLLISION WITH MOTOR VEHICLE IN TRAFFIC,DARK - LIGHTED ROADWAY,CLEAR,CLEAR,NO CONTROLS,,DRY,NOT AT INTERSECTION,"TWO-WAY, DIVIDED, UNPROTECTED MEDIAN",NO,NO,30,NON INTERSECTION,,,,,,,WESTBOUND,,,,,,,,NONE,,,PAS,ME,PASSENGER CAR,,,,ENTERING TRAFFIC LANE,2016,COLLISION WITH MOTOR VEHICLE IN TRAFFIC,FIESTA,FORD,2,,COLLISION WITH MOTOR VEHICLE IN TRAFFIC,COLLISION WITH MOTOR VEHICLE IN TRAFFIC,,,CENTER FRONT,,,,,,,,,,,,,,,FAILED TO YIELD THE RIGHT OF WAY,,,,,,,NOT DISTRACTED,,NO,PAN,MA,PASSENGER CAR,,,,TRAVELING STRAIGHT AHEAD,2008,COLLISION WITH MOTOR VEHICLE IN TRAFFIC,ALTIMA,NISSAN,1,,COLLISION WITH MOTOR VEHICLE IN TRAFFIC,,,,RIGHT REAR,,,,,,,,,,,,,,,NO IMPROPER DRIVING,,,,,,,NOT DISTRACTED,,,OPERATOR/DRIVER,NON FATAL INJURY - NON INCAPACITATING,MASSACHUSETTS,,,,,,,,,FEMALE,"FRONT SEAT - LEFT SIDE, OR MOTORCYLE DRIVER",UNKNOWN,NOT TRAPPED,Y,OPERATOR/DRIVER,NO INJURY,ALABAMA,,,,,,,,,FEMALE,"FRONT SEAT - LEFT SIDE, OR MOTORCYLE DRIVER",SHOULDER AND LAP BELT USED,NOT TRAPPED,
8/20/16 22:06,Saturday,LIGHT TRUCK,,,MASSACHUSETTS AVE,BEECH STREET,,"MASSACHUSETTS AVE &amp; BEECH STREET
Cambridge, MA
(42.36679362800004, -71.10600609899996)",,,HEAD ON,ROADWAY,COLLISION WITH MOTOR VEHICLE IN TRAFFIC,DARK - LIGHTED ROADWAY,CLEAR,,TRAFFIC CONTROL SIGNAL,YES,DRY,T-INTERSECTION,"TWO-WAY, DIVIDED, POSITIVE MEDIAN BARRIER",NO,,,INTERSECTION,MASSACHUSETTS AVE,,BEECH STREET,,,,,,,,,,,,,,,PAN,MA,LIGHT TRUCK,,,Y,TRAVELING STRAIGHT AHEAD,2003,COLLISION WITH MOTOR VEHICLE IN TRAFFIC,JETTA,VOLKWAGEN,2,,COLLISION WITH MOTOR VEHICLE IN TRAFFIC,,,,RIGHT FRONT,CENTER FRONT,LEFT FRONT,,,,,,,,,,,,,NO IMPROPER DRIVING,,,,,,,NOT DISTRACTED,,,,,,,,,,,,,,,,,,,,,,,,,,,,,,,,,,,,,,,,,,,,,OPERATOR/DRIVER,,MASSACHUSETTS,"D, CLASS D VEHICLES",,,,,,,,MALE,,,,Y,OCCUPANT/PASSENGER,,MASSACHUSETTS,"D, CLASS D VEHICLES",,,,,,,,FEMALE,FRONT SEAT - RIGHT SIDE,,,
7/5/16 21:54,Tuesday,PASSENGER CAR,PASSENGER CAR,,MASSACHUSETTS AVE,MEMORIAL DRIVE,,"MASSACHUSETTS AVE &amp; MEMORIAL DRIVE
Cambridge, MA
(42.36679362800004, -71.10600609899996)",,,REAR-END,ROADWAY,COLLISION WITH MOTOR VEHICLE IN TRAFFIC,DUSK,CLEAR,,TRAFFIC CONTROL SIGNAL,YES,DRY,FOUR WAY INTERSECTION,"TWO-WAY, DIVIDED, UNPROTECTED MEDIAN",NO,NO,,INTERSECTION,MASSACHUSETTS AVE,EASTBOUND,MEMORIAL DRIVE,SOUTHBOUND,,,,,,,,,,,NONE,,,PAN,MA,PASSENGER CAR,,,,SLOWING OR STOPPED IN TRAFFIC,2013,COLLISION WITH MOTOR VEHICLE IN TRAFFIC,SCION XB,TOYOTA,1,,COLLISION WITH MOTOR VEHICLE IN TRAFFIC,,,,REAR CENTER,RIGHT REAR,LEFT REAR,Y,EASTBOUND,,,,,,,,,,,UNKNOWN,,,,,,,UNKNOWN,,YES OTHER REASON NOT DISABLED,PAN,MA,PASSENGER CAR,,,,SLOWING OR STOPPED IN TRAFFIC,2000,COLLISION WITH MOTOR VEHICLE IN TRAFFIC,RX300,LEXUS,1,,COLLISION WITH MOTOR VEHICLE IN TRAFFIC,,,,CENTER FRONT,,,,EASTBOUND,,,,,,,,,,,UNKNOWN,,,,,,,UNKNOWN,,,OPERATOR/DRIVER,NO INJURY,MASSACHUSETTS,"D, CLASS D VEHICLES",,,,,,,,MALE,"FRONT SEAT - LEFT SIDE, OR MOTORCYLE DRIVER",UNKNOWN,NOT TRAPPED,,OPERATOR/DRIVER,NON FATAL INJURY - POSSIBLE,MASSACHUSETTS,"D, CLASS D VEHICLES",,,,,,,,FEMALE,"FRONT SEAT - LEFT SIDE, OR MOTORCYLE DRIVER",UNKNOWN,NOT TRAPPED,
8/10/16 10:35,Wednesday,LIGHT TRUCK,PASSENGER CAR,41,CHURCH ST,,BRATTLE ST,"41 CHURCH ST
Cambridge, MA
(42.37439535400006, -71.12051959199994)",,,HEAD ON,OUTSIDE ROADWAY,COLLISION WITH PARKED MOTOR VEHICLE,DAYLIGHT,CLEAR,,NO CONTROLS,,DRY,NOT AT INTERSECTION,UNKNOWN,NO,NO,,NON INTERSECTION,,,,,,,NORTHBOUND,,NORTHBOUND,,,,,,NONE,,,PASS,NH,LIGHT TRUCK,,,Y,TRAVELING STRAIGHT AHEAD,2016,COLLISION WITH PARKED MOTOR VEHICLE,TUCSON,HYUNDAI,1,,COLLISION WITH PARKED MOTOR VEHICLE,,,,RIGHT FRONT,,,,NORTHBOUND,,,,,,,,,,,UNKNOWN,,,,,,,UNKNOWN,,,PAN,MA,PASSENGER CAR,,,,PARKED,2010,COLLISION WITH MOTOR VEHICLE IN TRAFFIC,PRIUS,TOYOTA,0,,,,,,RIGHT FRONT,,,,SOUTHBOUND,,,,,,,,,,,NO IMPROPER DRIVING,,,,,,,NOT DISTRACTED,,,OPERATOR/DRIVER,,NEW HAMPSHIRE,UNKNOWN,,UNKNOWN,,,,,,FEMALE,"FRONT SEAT - LEFT SIDE, OR MOTORCYLE DRIVER",UNKNOWN,NOT TRAPPED,Y,UNINVOLVED OWNER,,MASSACHUSETTS,"D, CLASS D VEHICLES",,NONE,,,,,,FEMALE,,,,Y
4/13/16 7:40,Wednesday,PASSENGER CAR,,,MARKET ST,,BROADWAY,"MARKET ST
Cambridge, MA
(42.36785579200006, -71.09541470699997)",1,,HEAD ON,ROADWAY,COLLISION WITH PEDALCYCLE,DAYLIGHT,CLEAR,CLOUDY,NO CONTROLS,,DRY,NOT AT INTERSECTION,"ONE-WAY, NOT DIVIDED",NO,NO,,NON INTERSECTION,,,,,,,,,,,,,,,,,,PAN,MA,PASSENGER CAR,,,,OTHER,1995,COLLISION WITH PEDALCYCLE,INTEGR,ACURA,2,,COLLISION WITH PEDALCYCLE,,,,NONE,,,Y,NORTHBOUND,,,,,,,,,,,NO IMPROPER DRIVING,,,,,,,,,NO,,,,,,,,,,,,,,,,,,,,,,,,,,,,,,,,,,,,,,,,,,,OPERATOR/DRIVER,NO INJURY,MASSACHUSETTS,"D, CLASS D VEHICLES",,,,,,,,FEMALE,"FRONT SEAT - LEFT SIDE, OR MOTORCYLE DRIVER",UNKNOWN,NOT TRAPPED,Y,OCCUPANT/PASSENGER,NO INJURY,MASSACHUSETTS,,,,,,,,,MALE,FRONT SEAT - RIGHT SIDE,UNKNOWN,NOT TRAPPED,
9/9/16 10:15,Friday,PASSENGER CAR,,150,CAMBRIDGE STREET,,SECOND STREET,"150 CAMBRIDGE STREET
Cambridge, MA
(42.37082166300007, -71.07840385399999)",1,,REAR-END,ROADWAY,COLLISION WITH PEDALCYCLE,DAYLIGHT,CLOUDY,,NO CONTROLS,,DRY,NOT AT INTERSECTION,"TWO-WAY, DIVIDED, UNPROTECTED MEDIAN",NO,NO,,NON INTERSECTION,,,,,,,EASTBOUND,75 FEET,NORTHBOUND,,,OPP LECHMERE STATION,,,NONE,,,PAN,MA,PASSENGER CAR,,,,LEAVING TRAFFIC LANE,2014,COLLISION WITH PEDALCYCLE,CRUZ,CHEVY,1,,COLLISION WITH PEDALCYCLE,,,,TOP AND WINDOWS,REAR CENTER,,,EASTBOUND,,,,,,,,,,,NO IMPROPER DRIVING,,,,,,,NOT DISTRACTED,,NO,,,,,,,,,,,,,,,,,,,,,,,,,,,,,,,,,,,,,,,,,,,OPERATOR/DRIVER,,MASSACHUSETTS,"D, CLASS D VEHICLES",,,,,,,,FEMALE,,,,,UNINVOLVED OWNER,,MASSACHUSETTS,"D, CLASS D VEHICLES",,,,,,,,MALE,,,,Y
6/8/16 16:31,Wednesday,PASSENGER CAR,,201,ALEWIFE BROOK PKWAY,,,"201 ALEWIFE BROOK PKWAY
Cambridge, MA
(42.38985016700008, -71.14236484799994)",1,1,REAR-END,ROADWAY,COLLISION WITH PEDESTRIAN,DAYLIGHT,CLEAR,,NO CONTROLS,,DRY,NOT AT INTERSECTION,,,,25,NON INTERSECTION,,,,,,,NORTHBOUND,,,,,,,,NONE,,,PAN,MA,PASSENGER CAR,,,,BACKING,2014,COLLISION WITH PEDESTRIAN,ES300H,LEXUS,1,,COLLISION WITH PEDESTRIAN,,,,NONE,,,,EASTBOUND,,,,,,,,,,,INATTENTION,,,,,,,UNKNOWN,,,,,,,,,,,,,,,,,,,,,,,,,,,,,,,,,,,,,,,,,,,,,OPERATOR/DRIVER,NO INJURY,MASSACHUSETTS,"D, CLASS D VEHICLES",,,,,,,,FEMALE,"FRONT SEAT - LEFT SIDE, OR MOTORCYLE DRIVER",SHOULDER AND LAP BELT USED,NOT TRAPPED,,NON-MOTORIST,NON FATAL INJURY - NON INCAPACITATING,MASSACHUSETTS,,,,PEDESTRIAN,"WALKING, RUNNING OR CYCLING",IN ROADWAY,NONE USED,,FEMALE,,,,
9/26/16 16:52,Monday,PASSENGER CAR,,50,FOSTER ST,,,"50 FOSTER ST
Cambridge, MA
(42.37589290000005, -71.12951716999999)",,,REAR-END,UNKNOWN,,DAYLIGHT,UNKNOWN,,,NO,UNKNOWN,NOT AT INTERSECTION,,NO,NO,,NON INTERSECTION,,,,,,,WESTBOUND,,,,,,,,,,,PAN,MA,PASSENGER CAR,,,Y,PARKED,2015,,MACAN S,PORSCHE,,,UNKNOWN,,,,LEFT REAR,,,,,,,,,,,,,,,,,,,,,,,,,,,,,,,,,,,,,,,,,,,,,,,,,,,,,,,,,,,,,,,,,,,UNINVOLVED OWNER,,,,,,,,,,,FEMALE,,,,Y,,,,,,,,,,,,,,,,
8/21/16 15:05,Sunday,,,,MASS AVE,VASSAR STREET,,"MASS AVE &amp; VASSAR STREET
Cambridge, MA
(42.36679362800004, -71.10600609899996)",1,,"SIDESWIPE, SAME DIRECTION",ROADWAY,COLLISION WITH PEDALCYCLE,DAYLIGHT,CLEAR,,TRAFFIC CONTROL SIGNAL,YES,DRY,FOUR WAY INTERSECTION,"TWO-WAY, DIVIDED, UNPROTECTED MEDIAN",NO,NO,,INTERSECTION,MASS AVE,SOUTHBOUND,VASSAR STREET,WESTBOUND,,,,,,,,,,,NONE,,,,,,,,,,,,,,,,,,,,,,,,,,,,,,,,,,,,,,,,,,,,,,,,,,,,,,,,,,,,,,,,,,,,,,,,,,,,,,,,,,,,,,,NON-MOTORIST,NON FATAL INJURY - POSSIBLE,FLORIDA,"D, CLASS D VEHICLES",,UNKNOWN,CYCLIST,ENTERING OR CROSSING SPECIFIED LOCATION,IN ROADWAY,HELMET,,FEMALE,,,,,,,,,,,,,,,,,,,,
11/4/16 9:18,Friday,LIGHT TRUCK,,,MASS.AVE,VASSAR STREET,,"MASS.AVE &amp; VASSAR STREET
Cambridge, MA
(42.36679362800004, -71.10600609899996)",,1,SINGLE VEHICLE CRASH,ROADWAY,COLLISION WITH PEDESTRIAN,DAYLIGHT,CLEAR,,TRAFFIC CONTROL SIGNAL,YES,DRY,FOUR WAY INTERSECTION,"TWO-WAY, DIVIDED, UNPROTECTED MEDIAN",NO,NO,15,INTERSECTION,MASS.AVE,WESTBOUND,VASSAR STREET,NORTHBOUND,,,,,,,,,,,NONE,,,PAN,MA,LIGHT TRUCK,,,,TURNING LEFT,2016,COLLISION WITH PEDESTRIAN,TAHOH,CHEV,1,,COLLISION WITH PEDESTRIAN,,,,NONE,,,,WESTBOUND,,,,,,,,,,,NO IMPROPER DRIVING,NO IMPROPER DRIVING,,,,,,NOT DISTRACTED,,,,,,,,,,,,,,,,,,,,,,,,,,,,,,,,,,,,,,,,,,,,,OPERATOR/DRIVER,NO INJURY,MASSACHUSETTS,"D, CLASS D VEHICLES",,NONE,,,,,,FEMALE,"FRONT SEAT - LEFT SIDE, OR MOTORCYLE DRIVER",NONE USED - VEHICLE OCCUPANT,NOT TRAPPED,,NON-MOTORIST,NON FATAL INJURY - NON INCAPACITATING,MASSACHUSETTS,"D, CLASS D VEHICLES",,,PEDESTRIAN,ENTERING OR CROSSING SPECIFIED LOCATION,MARKED CROSSWALK AT INTERSECTION,NONE USED,,MALE,,,,
9/30/16 19:37,Friday,LIGHT TRUCK,,2000,MASSACHUSETTS AVE,,,"2000 MASSACHUSETTS AVE
Cambridge, MA
(42.39044342300008, -71.12130365399997)",,,"SIDESWIPE, SAME DIRECTION",ROADSIDE,,DAYLIGHT,RAIN,,NO CONTROLS,,,NOT AT INTERSECTION,"TWO-WAY, DIVIDED, POSITIVE MEDIAN BARRIER",NO,NO,,NON INTERSECTION,,,,,,,SOUTHBOUND,,,,,,,,NONE,,,PAN,CO,LIGHT TRUCK,,,,PARKED,2008,,RAV4,TOYOTA,0,,COLLISION WITH MOTOR VEHICLE IN TRAFFIC,,,,LEFT REAR,,,,,,,,,,,,,,,,,,,,,,,,,PAN,MA,,,,Y,TRAVELING STRAIGHT AHEAD,0,,UNKNOWN,UNKNOWN,1,,COLLISION WITH PARKED MOTOR VEHICLE,,,,,,,,SOUTHBOUND,,,,,,,,,,,FAILURE TO KEEP IN PROPER LANE OR RUNNING OFF ROAD,,,,,,,UNKNOWN,,,UNINVOLVED OWNER,,COLORADO,"D, CLASS D VEHICLES",,,,,,,,FEMALE,,,,,OPERATOR/DRIVER,,MASSACHUSETTS,,,,,,,,,UNKNOWN,,,,
5/17/16 7:38,Tuesday,LIGHT TRUCK,LIGHT TRUCK,,PORTLAND STREET,MAIN STREET,,"PORTLAND STREET &amp; MAIN STREET
Cambridge, MA
(42.36679362800004, -71.10600609899996)",,,ANGLE,ROADWAY,COLLISION WITH MOTOR VEHICLE IN TRAFFIC,DAYLIGHT,CLEAR,,TRAFFIC CONTROL SIGNAL,YES,DRY,FOUR WAY INTERSECTION,"TWO-WAY, NOT DIVIDED",NO,NO,,INTERSECTION,PORTLAND STREET,,MAIN STREET,,,,,,,,,,,,UNKNOWN,,,PAN,MA,LIGHT TRUCK,,,,TRAVELING STRAIGHT AHEAD,2008,COLLISION WITH MOTOR VEHICLE IN TRAFFIC,RX400H,LEXUS,1,,COLLISION WITH MOTOR VEHICLE IN TRAFFIC,,,,RIGHT FRONT,CENTER FRONT,LEFT FRONT,Y,SOUTHBOUND,,,,,,,,,,,NO IMPROPER DRIVING,,,,,,,NOT DISTRACTED,,,PAN,MA,LIGHT TRUCK,,,,TURNING LEFT,2015,COLLISION WITH MOTOR VEHICLE IN TRAFFIC,CRV,HONDA,1,,,,,,RIGHT FRONT,RIGHT SIDE,RIGHT REAR,Y,NORTHBOUND,,,,,,,,,,,NO IMPROPER DRIVING,NO IMPROPER DRIVING,,,,,,NOT DISTRACTED,,,OPERATOR/DRIVER,NO INJURY,MASSACHUSETTS,"D, CLASS D VEHICLES",,CORRECTIVE LENSES,,,,,,FEMALE,"FRONT SEAT - LEFT SIDE, OR MOTORCYLE DRIVER",SHOULDER AND LAP BELT USED,NOT TRAPPED,Y,OPERATOR/DRIVER,NO INJURY,MASSACHUSETTS,,,,,,,,,FEMALE,"FRONT SEAT - LEFT SIDE, OR MOTORCYLE DRIVER",SHOULDER AND LAP BELT USED,NOT TRAPPED,Y