Date Time,Day of Week,Object 1,Object 2,Street Number,Street Name,Cross Street,Near Street,Location,May involve cyclist,May Involve Pedestrian,Manner of Collision,First Harmful Event Location,First Harmful Event,Ambient Light,Weather Condition 1,Weather Condition 2,Traffic Control Device Type,Traffic Control Device Functionality,Road Surface Condition,Roadway Junction Type,Trafficway Description,School Bus Related,Work Zone,Speed Limit,Street or Intersection,Intersection Name 1,Intersection Direction 1,Intersection Name 2,Intersection Direction 2,Intersection Name 3,Intersection Direction 3,Street Direction,Nearest Intersection Distance,Nearest Intersection Direction,Landmark Distance,Landmark Direction,Landmark,Mile Marker Direction,Non Public Area,Road Contributing,Damaged Property Type,Description of Damaged Property,V1 Registration Type,v1 State Code,V1 Configuration,V1 Emergency Response,V1 Moped,V1 Hit and Run,V1 Action Prior to Crash,V1 Model Year,V1 Most Harmful Event,V1 Model,V1 Make,V1 Occupant Count,V1 Underride Override,V1 First Event,V1 Second Event,V1 Third Event,V1 Fourth Event,V1 Most Damaged Area,V1 Second Damaged Area,V1 Third Damaged Area,V1 Towed,V1 Travel Direction,V1 Interstate,V1 Cargo Body Type,V1 Gross Weight,V1 Haz Placard,V1 Haz Release,V1 Trailer Reg Type,V1 Trailer Reg Plate,V1 Trailer Reg State,V1 Trailer Reg Year,V1 Trailer Len,V1 Driver Contribution,V1 Driver Contribution 2,V1 Is Truck,V1 Has Trailer,V1 Is Bus,V1 Is Hazmat,V1 Reg Year,V1 Driver Distracted,V1 Bus Use,V1 Tow Use,V2 Registration Type,V2 State Code,V2 Configuration,V2 Emergency Response,V2 Moped,V2 Hit and Run,V2 Action Prior to Crash,V2 Model Year,V2 Most Harmful Event,V2 Model,V2 Make,V2 Occupant Count,V2 Underride Override,V2 First Event,V2 Second Event,V2 Third Event,V2 Fourth Event,V2 Most Damaged Area,V2 Second Damaged Area,V2 Third Damaged Area,V2 Towed,V2 Travel Direction,V2 Interstate,V2 Cargo Body Type,V2 Gross Weight,V2 Haz Placard,V2 Haz Release,V2 Trailer Reg Type,V2 Trailer Reg Plate,V2 Trailer Reg State,V2 Trailer Reg Year,V2 Trailer Len,V2 Driver Contribution,V2 Driver Contribution 2,V2 Is Truck,V2 Has Trailer,V2 Is Bus,V2 Is Hazmat,V2 Reg Year,V2 Driver Distracted,V2 Bus Use,V2 Tow Use,P1 Role,P1 Injury,P1 Drivers Lic State,P1 Drivers Lic Class 1,P1 Drivers Lic Class 2,P1 Drivers Lic Restrict,P1 Non Motorist Desc,P1 Non Motorist Action,P1 Non Motorist Location,P1 Safety Equipment,P1 Age,P1 Sex,P1 Seat Position,P1 Safety System,P1 Trapped,P1 Veh Owner,P2 Role,P2 Injury,P2 Drivers Lic State,P2 Drivers Lic Class 1,P2 Drivers Lic Class 2,P2 Drivers Lic Restrict,P2 Non Motorist Desc,P2 Non Motorist Action,P2 Non Motorist Location,P2 Safety Equipment,P2 Age,P2 Sex,P2 Seat Position,P2 Safety System,P2 Trapped,P2 Veh Owner
4/29/16 14:59,Friday,MOTORCYCLE,PASSENGER CAR,,MASS AVE,ALABNY ST,,"MASS AVE &amp; ALABNY ST
Cambridge, MA
(42.36679362800004, -71.10600609899996)",,,ANGLE,ROADWAY,COLLISION WITH MOTOR VEHICLE IN TRAFFIC,DAYLIGHT,CLEAR,,,YES,DRY,FOUR WAY INTERSECTION,"TWO-WAY, NOT DIVIDED",,,,INTERSECTION,MASS AVE,,ALABNY ST,,,,,,,,,,,,NONE,,,MCN,MA,MOTORCYCLE,,,,TRAVELING STRAIGHT AHEAD,2009,COLLISION WITH MOTOR VEHICLE IN TRAFFIC,MONSTE,DUCATI,1,,COLLISION WITH MOTOR VEHICLE IN TRAFFIC,,,,CENTER FRONT,RIGHT FRONT,RIGHT REAR,Y,,,,,,,,,,,,NO IMPROPER DRIVING,,,,,,,,,YES VEHICLE OR TRAILER DISABLED,PAN,NY,PASSENGER CAR,,,,TURNING RIGHT,2016,COLLISION WITH MOTOR VEHICLE IN TRAFFIC,ALTIMA,NISSAN,1,,COLLISION WITH MOTOR VEHICLE IN TRAFFIC,,,,RIGHT SIDE,RIGHT REAR,RIGHT FRONT,,,,,,,,,,,,,NO IMPROPER DRIVING,,,,,,,,,,OPERATOR/DRIVER,,MASSACHUSETTS,"M, CLASS M VEHICLES",,,,,,,,MALE,"FRONT SEAT - LEFT SIDE, OR MOTORCYLE DRIVER",,,Y,OPERATOR/DRIVER,,MASSACHUSETTS,,,,,,,,,MALE,,,,
8/3/16 18:21,Wednesday,PASSENGER CAR,LIGHT TRUCK,,SHERMAN ST.,RINDGE AVE.,,"SHERMAN ST. &amp; RINDGE AVE.
Cambridge, MA
(42.36679362800004, -71.10600609899996)",,,REAR-END,ROADWAY,COLLISION WITH MOTOR VEHICLE IN TRAFFIC,DAYLIGHT,CLEAR,,TRAFFIC CONTROL SIGNAL,YES,DRY,T-INTERSECTION,"TWO-WAY, DIVIDED, UNPROTECTED MEDIAN",NO,NO,,INTERSECTION,SHERMAN ST.,,RINDGE AVE.,,,,,,,,,,,,NONE,,,PAN,MA,PASSENGER CAR,,,,SLOWING OR STOPPED IN TRAFFIC,2012,COLLISION WITH MOTOR VEHICLE IN TRAFFIC,CIVIC,HONDA,3,,COLLISION WITH MOTOR VEHICLE IN TRAFFIC,,,,REAR CENTER,,,,,,,,,,,,,,,UNKNOWN,,,,,,,UNKNOWN,,,PAN,MA,LIGHT TRUCK,,,,SLOWING OR STOPPED IN TRAFFIC,2003,COLLISION WITH MOTOR VEHICLE IN TRAFFIC,ODYSSY,HONDA,1,,COLLISION WITH MOTOR VEHICLE IN TRAFFIC,,,,CENTER FRONT,,,,,,,,,,,,,,,UNKNOWN,UNKNOWN,,,,,,UNKNOWN,,,OPERATOR/DRIVER,NON FATAL INJURY - POSSIBLE,MASSACHUSETTS,"D, CLASS D VEHICLES",,,,,,,,FEMALE,"FRONT SEAT - LEFT SIDE, OR MOTORCYLE DRIVER",SHOULDER AND LAP BELT USED,NOT TRAPPED,Y,OCCUPANT/PASSENGER,NO INJURY,,,,,,,,,,MALE,FRONT SEAT - RIGHT SIDE,SHOULDER AND LAP BELT USED,NOT TRAPPED,
6/8/16 14:15,Wednesday,PASSENGER CAR,,,MASS AVE,VASSAR ST,,"MASS AVE &amp; VASSAR ST
Cambridge, MA
(42.36679362800004, -71.10600609899996)",1,,ANGLE,ROADWAY,COLLISION WITH PEDALCYCLE,DAYLIGHT,CLEAR,,TRAFFIC CONTROL SIGNAL,YES,DRY,FOUR WAY INTERSECTION,"TWO-WAY, NOT DIVIDED",NO,NO,,INTERSECTION,MASS AVE,,VASSAR ST,,,,,,,,,,,,,,,PAN,MA,PASSENGER CAR,,,,TURNING RIGHT,2007,COLLISION WITH PEDALCYCLE,COROLL,TOYT,1,,COLLISION WITH PEDALCYCLE,,,,UNKNOWN,,,,EASTBOUND,,,,,,,,,,,FAILED TO YIELD THE RIGHT OF WAY,,,,,,,,,,,,,,,,,,,,,,,,,,,,,,,,,,,,,,,,,,,,,,,,,,,,OPERATOR/DRIVER,NO INJURY,MASSACHUSETTS,,,,,,,,,FEMALE,"FRONT SEAT - LEFT SIDE, OR MOTORCYLE DRIVER",UNKNOWN,NOT TRAPPED,Y,NON-MOTORIST,NON FATAL INJURY - POSSIBLE,,,,,CYCLIST,"WALKING, RUNNING OR CYCLING",AT INTERSECTION BUT NO CROSSWALK,HELMET,,FEMALE,,,,
7/29/16 16:09,Friday,LIGHT TRUCK,,,WASHINTON ST,PORTLAND ST,,"WASHINTON ST &amp; PORTLAND ST
Cambridge, MA
(42.36679362800004, -71.10600609899996)",,,"SIDESWIPE, SAME DIRECTION",SHOULDER - PAVED,COLLISION WITH PARKED MOTOR VEHICLE,DAYLIGHT,CLOUDY,,STOP SIGNS,YES,DRY,T-INTERSECTION,UNKNOWN,NO,NO,,INTERSECTION,WASHINTON ST,EASTBOUND,PORTLAND ST,NORTHBOUND,,,,,,,,,,,NONE,,,PAN,MA,LIGHT TRUCK,,,Y,PARKED,2010,,FJ,TOYOTA,1,,COLLISION WITH PARKED MOTOR VEHICLE,,,,RIGHT FRONT,,,,,,,,,,,,,,,,,,,,,,,,,UNKNOWN,,,,,Y,TRAVELING STRAIGHT AHEAD,,,UNKNOWN,UNKNOWN,,,COLLISION WITH PARKED MOTOR VEHICLE,,,,LEFT FRONT,,,,,,,,,,,,,,,,,,,,,,,,,OPERATOR/DRIVER,,MASSACHUSETTS,,,,,,,,,MALE,,,,Y,,,,,,,,,,,,,,,,
10/27/16 22:56,Thursday,PASSENGER CAR,LIGHT TRUCK,,QUINCY STREET,CAMBRIDGE STREET,,"QUINCY STREET &amp; CAMBRIDGE STREET
Cambridge, MA
(42.36679362800004, -71.10600609899996)",,,ANGLE,ROADWAY,,DUSK,RAIN,,TRAFFIC CONTROL SIGNAL,YES,WET,T-INTERSECTION,"TWO-WAY, NOT DIVIDED",NO,NO,,INTERSECTION,QUINCY STREET,,CAMBRIDGE STREET,EASTBOUND,,,,,,,,,,,NONE,,,LVN,MA,PASSENGER CAR,,,,TRAVELING STRAIGHT AHEAD,2016,,300,CHRYSLER,1,,COLLISION WITH MOTOR VEHICLE IN TRAFFIC,,,,CENTER FRONT,,,,NORTHBOUND,,,,,,,,,,,NO IMPROPER DRIVING,,,,,,,NOT DISTRACTED,,,PAN,MA,LIGHT TRUCK,,,,TRAVELING STRAIGHT AHEAD,2015,,RX350,LEXUS,2,,COLLISION WITH MOTOR VEHICLE IN TRAFFIC,,,,RIGHT SIDE,,,,EASTBOUND,,,,,,,,,,,"DISREGARDED TRAFFIC SIGNS, SIGNALS, ROAD MARKINGS",,,,,,,UNKNOWN,,,OPERATOR/DRIVER,,MASSACHUSETTS,"D, CLASS D VEHICLES",,,,,,,,MALE,,,,,OPERATOR/DRIVER,,MASSACHUSETTS,"D, CLASS D VEHICLES",,,,,,,,MALE,,,,
10/5/16 10:17,Wednesday,PASSENGER CAR,PASSENGER CAR,,BRATTLE ST,LOWELL ST,,"BRATTLE ST &amp; LOWELL ST
Cambridge, MA
(42.36679362800004, -71.10600609899996)",,,REAR-END,ROADWAY,COLLISION WITH MOTOR VEHICLE IN TRAFFIC,DAYLIGHT,CLEAR,CLEAR,NO CONTROLS,NO,DRY,T-INTERSECTION,"TWO-WAY, NOT DIVIDED",NO,YES,,INTERSECTION,BRATTLE ST,WESTBOUND,LOWELL ST,,,,,,,,,,,,UNKNOWN,,,PAN,MA,PASSENGER CAR,,,,TURNING LEFT,2004,COLLISION WITH MOTOR VEHICLE IN TRAFFIC,FORESTER,SUBURU,1,,COLLISION WITH MOTOR VEHICLE IN TRAFFIC,COLLISION WITH MOTOR VEHICLE IN TRAFFIC,COLLISION WITH MOTOR VEHICLE IN TRAFFIC,COLLISION WITH MOTOR VEHICLE IN TRAFFIC,REAR CENTER,,,,WESTBOUND,,,,,,,,,,,NO IMPROPER DRIVING,NO IMPROPER DRIVING,,,,,,NOT DISTRACTED,,,PAN,MA,PASSENGER CAR,,,,SLOWING OR STOPPED IN TRAFFIC,2006,COLLISION WITH MOTOR VEHICLE IN TRAFFIC,CIVIC,HONDA,1,,COLLISION WITH MOTOR VEHICLE IN TRAFFIC,COLLISION WITH MOTOR VEHICLE IN TRAFFIC,COLLISION WITH MOTOR VEHICLE IN TRAFFIC,COLLISION WITH MOTOR VEHICLE IN TRAFFIC,REAR CENTER,REAR CENTER,LEFT REAR,Y,WESTBOUND,,,,,,,,,,,NO IMPROPER DRIVING,NO IMPROPER DRIVING,,,,,,NOT DISTRACTED,,YES VEHICLE OR TRAILER DISABLED,OPERATOR/DRIVER,,MASSACHUSETTS,"D, CLASS D VEHICLES",,,,,,,,FEMALE,"FRONT SEAT - LEFT SIDE, OR MOTORCYLE DRIVER",LAP BELT USED ONLY,NOT TRAPPED,,OPERATOR/DRIVER,,MASSACHUSETTS,,,,,,,,,FEMALE,,,,Y
7/13/16 18:14,Wednesday,LIGHT TRUCK,,,MASS AVE,WINDSOR ST,,"MASS AVE &amp; WINDSOR ST
Cambridge, MA
(42.36679362800004, -71.10600609899996)",1,,ANGLE,ROADWAY,COLLISION WITH MOTOR VEHICLE IN TRAFFIC,DAYLIGHT,CLEAR,,NO CONTROLS,,DRY,T-INTERSECTION,"TWO-WAY, DIVIDED, UNPROTECTED MEDIAN",NO,NO,,INTERSECTION,MASS AVE,,WINDSOR ST,,,,,,,,,,,,NONE,,,PAN,MA,LIGHT TRUCK,,,,TURNING LEFT,2006,COLLISION WITH OTHER MOVABLE OBJECT,TOWN AND COUNTRY,CHRYSLER,1,,COLLISION WITH OTHER MOVABLE OBJECT,,,,RIGHT SIDE,,,,,,,,,,,,,,,NO IMPROPER DRIVING,,,,,,,NOT DISTRACTED,,,,,,,,,,,,,,,,,,,,,,,,,,,,,,,,,,,,,,,,,,,,,OPERATOR/DRIVER,,MASSACHUSETTS,,,,,,,,,FEMALE,,,,Y,NON-MOTORIST,NON FATAL INJURY - NON INCAPACITATING,WASHINGTON,,,,CYCLIST,ENTERING OR CROSSING SPECIFIED LOCATION,,NONE USED,,FEMALE,,,,
6/25/16 12:38,Saturday,PASSENGER CAR,,,MT AUBURN,,,"MT AUBURN
Cambridge, MA
(42.37477654200006, -71.13163441299997)",,,"SIDESWIPE, SAME DIRECTION",,,DAYLIGHT,,CLEAR,,NO,,NOT AT INTERSECTION,,,,,NON INTERSECTION,,,,,,,EASTBOUND,,,,,,,,,,,PAN,RI,PASSENGER CAR,,,Y,TRAVELING STRAIGHT AHEAD,2002,,ALTIMA,NISSAN,2,,,COLLISION WITH MOTOR VEHICLE IN TRAFFIC,,,LEFT REAR,,,,,,,,,,,,,,,,,,,,,,,,,,,,,,,,,,,,,,,,,,,,,,,,,,,,,,,,,,,,,,,,,,,OPERATOR/DRIVER,,RHODE ISLAND,,,,,,,,,MALE,,,,Y,OCCUPANT/PASSENGER,,MASSACHUSETTS,,,,,,,,,FEMALE,"FRONT SEAT - LEFT SIDE, OR MOTORCYLE DRIVER",,,
7/21/16 16:13,Thursday,PASSENGER CAR,TRUCK TRAILER,,OPPOSITE 10 GARDEN STREET,,MASON STREET,"OPPOSITE 10 GARDEN STREET
Cambridge, MA
(42.37688826600004, -71.12251347799997)",,,"SIDESWIPE, SAME DIRECTION",,,DAYLIGHT,CLEAR,CLEAR,NO CONTROLS,,DRY,NOT AT INTERSECTION,"TWO-WAY, DIVIDED, UNPROTECTED MEDIAN",NO,NO,,NON INTERSECTION,,,,,,,WESTBOUND,,,,,,,,NONE,,,PAN,MA,PASSENGER CAR,,,,PARKED,2007,,SENTRA,NISSAN,0,,COLLISION WITH MOTOR VEHICLE IN TRAFFIC,,,,LEFT FRONT,LEFT SIDE,LEFT REAR,,,,,,,,,,,,,,,,,,,,,,,CON,MA,TRUCK TRAILER,,,Y,TRAVELING STRAIGHT AHEAD,2014,,M2,FRHT,1,,COLLISION WITH PARKED MOTOR VEHICLE,,,,UNKNOWN,,,,WESTBOUND,,,,,,CON,S77571,MASSACHUSETTS,2014,OTHER,UNKNOWN,UNKNOWN,,Y,,,,UNKNOWN,,,UNINVOLVED OWNER,,,,,,,,,,,MALE,,,,Y,WITNESS,,MASSACHUSETTS,,,,,,,,,FEMALE,,,,
9/30/16 19:13,Friday,LIGHT TRUCK,LIGHT TRUCK,,MASON ST.,JAMES ST.,,"MASON ST. &amp; JAMES ST.
Cambridge, MA
(42.36679362800004, -71.10600609899996)",,,REAR-END,UNKNOWN,COLLISION WITH MOTOR VEHICLE IN TRAFFIC,DUSK,CLOUDY,RAIN,STOP SIGNS,NO,WET,FOUR WAY INTERSECTION,"TWO-WAY, NOT DIVIDED",NO,NO,,INTERSECTION,MASON ST.,,JAMES ST.,,,,,,,,,,,,UNKNOWN,,,PAS,NH,LIGHT TRUCK,,,,SLOWING OR STOPPED IN TRAFFIC,2016,COLLISION WITH MOTOR VEHICLE IN TRAFFIC,UTIL,JEEP,1,,COLLISION WITH MOTOR VEHICLE IN TRAFFIC,COLLISION WITH MOTOR VEHICLE IN TRAFFIC,COLLISION WITH MOTOR VEHICLE IN TRAFFIC,COLLISION WITH MOTOR VEHICLE IN TRAFFIC,REAR CENTER,,,Y,NORTHBOUND,,,,,,,,,,,NO IMPROPER DRIVING,NO IMPROPER DRIVING,,,,,,NOT DISTRACTED,,YES VEHICLE OR TRAILER DISABLED,PAS,CT,LIGHT TRUCK,,,,TRAVELING STRAIGHT AHEAD,2002,COLLISION WITH MOTOR VEHICLE IN TRAFFIC,UTIL,NISS,1,,COLLISION WITH MOTOR VEHICLE IN TRAFFIC,COLLISION WITH MOTOR VEHICLE IN TRAFFIC,COLLISION WITH MOTOR VEHICLE IN TRAFFIC,COLLISION WITH MOTOR VEHICLE IN TRAFFIC,CENTER FRONT,,,Y,NORTHBOUND,,,,,,,,,,,FOLLOWED TO CLOSELY,UNKNOWN,,,,,,UNKNOWN,,YES VEHICLE OR TRAILER DISABLED,OPERATOR/DRIVER,,MASSACHUSETTS,,,,,,,,,FEMALE,,,,,OPERATOR/DRIVER,,CONNECTICUT,,,,,,,,,MALE,,,,
5/15/16 2:27,Sunday,PASSENGER CAR,PASSENGER CAR,,CAMBRIDGE STREET,MASSACHUSETTS AVENUE,,"CAMBRIDGE STREET &amp; MASSACHUSETTS AVENUE
Cambridge, MA
(42.36679362800004, -71.10600609899996)",,,ANGLE,ROADWAY,COLLISION WITH MOTOR VEHICLE IN TRAFFIC,DARK - LIGHTED ROADWAY,CLEAR,,TRAFFIC CONTROL SIGNAL,YES,DRY,FIVE-POINT OR MORE,,NO,NO,,INTERSECTION,CAMBRIDGE STREET,NORTHBOUND,MASSACHUSETTS AVENUE,NORTHBOUND,PEABODY STREET,NORTHBOUND,,,,,,,,,,MUNICIPAL,CROSSWALK SIGNAL,PAN,MA,PASSENGER CAR,,,,TRAVELING STRAIGHT AHEAD,2006,COLLISION WITH MOTOR VEHICLE IN TRAFFIC,TOWN & COUNTRY,CHRYSLER,1,,COLLISION WITH MOTOR VEHICLE IN TRAFFIC,,,,RIGHT FRONT,,,Y,NORTHBOUND,,,,,,,,,,,NO IMPROPER DRIVING,,,,,,,NOT DISTRACTED,,YES VEHICLE OR TRAILER DISABLED,CON,MA,PASSENGER CAR,,,,ENTERING TRAFFIC LANE,2013,COLLISION WITH MOTOR VEHICLE IN TRAFFIC,NV,NISSAN,1,,COLLISION WITH MOTOR VEHICLE IN TRAFFIC,,,,LEFT FRONT,,,,NORTHBOUND,,,,,,,,,,,"DISREGARDED TRAFFIC SIGNS, SIGNALS, ROAD MARKINGS",,,,,,,NOT DISTRACTED,,,OPERATOR/DRIVER,NO INJURY,MASSACHUSETTS,"D, CLASS D VEHICLES",,,,,,,,FEMALE,"FRONT SEAT - LEFT SIDE, OR MOTORCYLE DRIVER",SHOULDER AND LAP BELT USED,NOT TRAPPED,Y,OPERATOR/DRIVER,NO INJURY,MASSACHUSETTS,"D, CLASS D VEHICLES",,,,,,,,MALE,"FRONT SEAT - LEFT SIDE, OR MOTORCYLE DRIVER",SHOULDER AND LAP BELT USED,NOT TRAPPED,Y
10/5/16 13:44,Wednesday,PASSENGER CAR,,124,MT. AUBURN STREET,,UNIVERSITY DRIVE,"124 MT. AUBURN STREET
Cambridge, MA
(42.373342713000056, -71.12295987699997)",1,,SINGLE VEHICLE CRASH,,COLLISION WITH PEDALCYCLE,DAYLIGHT,CLEAR,,NO CONTROLS,,DRY,NOT AT INTERSECTION,"TWO-WAY, DIVIDED, UNPROTECTED MEDIAN",NO,NO,,NON INTERSECTION,,,,,,,EASTBOUND,,,,,,,,,,,PAN,MA,PASSENGER CAR,,,,PARKED,2012,COLLISION WITH PEDALCYCLE,JETTA,VOLKSWAGON,1,,COLLISION WITH PEDALCYCLE,,,,NONE,NONE,NONE,,EASTBOUND,,,,,,,,,,,OTHER IMPROPER ACTION,OTHER IMPROPER ACTION,,,,,,UNKNOWN,,,,,,,,,,,,,,,,,,,,,,,,,,,,,,,,,,,,,,,,,,,,,OPERATOR/DRIVER,,MASSACHUSETTS,"D, CLASS D VEHICLES",,,,,,,,MALE,"FRONT SEAT - LEFT SIDE, OR MOTORCYLE DRIVER",UNKNOWN,NOT TRAPPED,Y,NON-MOTORIST,NON FATAL INJURY - NON INCAPACITATING,,,,,CYCLIST,"WALKING, RUNNING OR CYCLING",IN ROADWAY,NONE USED,,FEMALE,,,,
4/22/16 22:57,Friday,PASSENGER CAR,PASSENGER CAR,18,HUDSON,,,"18 HUDSON
Cambridge, MA
(42.382057803000066, -71.12148940599997)",,,ANGLE,ROADSIDE,COLLISION WITH PARKED MOTOR VEHICLE,DARK - LIGHTED ROADWAY,CLOUDY,,NO CONTROLS,,WET,NOT AT INTERSECTION,"TWO-WAY, NOT DIVIDED",NO,NO,25,NON INTERSECTION,,,,,,,SOUTHBOUND,,,,,,,,NONE,,,PAN,MA,PASSENGER CAR,,,Y,BACKING,2003,COLLISION WITH PARKED MOTOR VEHICLE,TACOMA,TOYOTA,1,,COLLISION WITH PARKED MOTOR VEHICLE,,,,LEFT REAR,,,,NORTHBOUND,,,,,,,,,,,,,,,,,,UNKNOWN,,,PAN,MA,PASSENGER CAR,,,,PARKED,2002,COLLISION WITH MOTOR VEHICLE IN TRAFFIC,HIGHLANDER,TOYOTA,0,,COLLISION WITH MOTOR VEHICLE IN TRAFFIC,,,,LEFT SIDE,LEFT REAR,REAR CENTER,,,,,,,,,,,,,,,,,,,,,,,UNINVOLVED OWNER,,,,,,,,,,,MALE,,,,,UNINVOLVED OWNER,,,,,,,,,,,MALE,,,,Y
10/1/16 16:49,Saturday,PASSENGER CAR,,,ELLIOT ST,JFK ST,,"ELLIOT ST &amp; JFK ST
Cambridge, MA
(42.36679362800004, -71.10600609899996)",,,"SIDESWIPE, SAME DIRECTION",ROADWAY,COLLISION WITH MOTOR VEHICLE IN TRAFFIC,DAYLIGHT,RAIN,,TRAFFIC CONTROL SIGNAL,YES,WET,T-INTERSECTION,"TWO-WAY, DIVIDED, UNPROTECTED MEDIAN",NO,NO,,INTERSECTION,ELLIOT ST,EASTBOUND,JFK ST,SOUTHBOUND,,,,,,,,,,,NONE,,,PAN,MA,PASSENGER CAR,,,Y,TURNING RIGHT,2006,COLLISION WITH MOTOR VEHICLE IN TRAFFIC,SONATA,HYUNDAI,1,,COLLISION WITH MOTOR VEHICLE IN TRAFFIC,,,,LEFT FRONT,,,,,,,,,,,,,,,NO IMPROPER DRIVING,NO IMPROPER DRIVING,,,,,,,,,,,,,,,,,,,,,,,,,,,,,,,,,,,,,,,,,,,,,,,,,,,OPERATOR/DRIVER,,NEW YORK,"D, CLASS D VEHICLES",,,,,,,,FEMALE,,,,Y,,,,,,,,,,,,,,,,
5/18/16 14:20,Wednesday,PASSENGER CAR,,,BROADWAY,HIGHLAND AVE,,"BROADWAY &amp; HIGHLAND AVE
Cambridge, MA
(42.36679362800004, -71.10600609899996)",1,,SINGLE VEHICLE CRASH,ROADWAY,COLLISION WITH PEDALCYCLE,DAYLIGHT,CLEAR,CLEAR,NO CONTROLS,,DRY,FOUR WAY INTERSECTION,"TWO-WAY, DIVIDED, UNPROTECTED MEDIAN",,,,INTERSECTION,BROADWAY,NORTHBOUND,HIGHLAND AVE,EASTBOUND,,,,,,,,,,,NONE,,,PAN,MA,PASSENGER CAR,,,,TURNING RIGHT,2016,COLLISION WITH PEDALCYCLE,RAV4,TOYOTA,1,,COLLISION WITH PEDALCYCLE,OTHER,,,NONE,,,,NORTHBOUND,,,,,,,,,,,UNKNOWN,UNKNOWN,,,,,,,,,,,,,,,,,,,,,,,,,,,,,,,,,,,,,,,,,,,,,,,,,,,OPERATOR/DRIVER,,MASSACHUSETTS,,,,,,,,,FEMALE,,,,,NON-MOTORIST,UNKNOWN,MASSACHUSETTS,"D, CLASS D VEHICLES",,,CYCLIST,"WALKING, RUNNING OR CYCLING",CYCLIST,HELMET,,MALE,,,,
7/11/16 19:24,Monday,PASSENGER CAR,LIGHT TRUCK,133,APPLETON STREET,,,"133 APPLETON STREET
Cambridge, MA
(42.38108302200004, -71.13416764899995)",,,,,,DAYLIGHT,CLEAR,,,NO,DRY,NOT AT INTERSECTION,"TWO-WAY, NOT DIVIDED",NO,NO,,NON INTERSECTION,,,,,,,SOUTHBOUND,,,,,,,,NONE,,,PAN,MA,PASSENGER CAR,,,,PARKED,2005,,PRIUS,TOYOTA,0,,COLLISION WITH MOTOR VEHICLE IN TRAFFIC,,,,LEFT REAR,LEFT SIDE,,,,,,,,,,,,,,NO IMPROPER DRIVING,,,,,,,,,,PAN,MA,LIGHT TRUCK,,,Y,TRAVELING STRAIGHT AHEAD,2013,,TIGUAN,VOLK,1,,COLLISION WITH PARKED MOTOR VEHICLE,,,,RIGHT FRONT,,,,SOUTHBOUND,,,,,,,,,,,UNKNOWN,,,,,,,UNKNOWN,,,UNINVOLVED OWNER,,MASSACHUSETTS,"D, CLASS D VEHICLES",,,,,,,,MALE,,,,,OPERATOR/DRIVER,,,"D, CLASS D VEHICLES",,,,,,,,MALE,,,,
9/21/16 10:36,Wednesday,PASSENGER CAR,PASSENGER CAR,,UPLAND RD,RAYMOND ST,,"UPLAND RD &amp; RAYMOND ST
Cambridge, MA
(42.36679362800004, -71.10600609899996)",,,REAR-END,ROADWAY,COLLISION WITH MOTOR VEHICLE IN TRAFFIC,DAYLIGHT,CLEAR,,STOP SIGNS,YES,DRY,FOUR WAY INTERSECTION,"TWO-WAY, NOT DIVIDED",NO,NO,30,INTERSECTION,UPLAND RD,WESTBOUND,RAYMOND ST,SOUTHBOUND,,,,,,,,,,,NONE,,,PAN,MA,PASSENGER CAR,,,,SLOWING OR STOPPED IN TRAFFIC,2004,COLLISION WITH MOTOR VEHICLE IN TRAFFIC,MX6,MAZDA,1,,COLLISION WITH MOTOR VEHICLE IN TRAFFIC,,,,REAR CENTER,,,,WESTBOUND,,,,,,,,,,,NO IMPROPER DRIVING,,,,,,,NOT DISTRACTED,,,PAN,MA,PASSENGER CAR,,,Y,TRAVELING STRAIGHT AHEAD,2002,COLLISION WITH MOTOR VEHICLE IN TRAFFIC,TAURUS,FORD,,,COLLISION WITH MOTOR VEHICLE IN TRAFFIC,,,,UNKNOWN,,,,WESTBOUND,,,,,,,,,,,FOLLOWED TO CLOSELY,,,,,,,UNKNOWN,,,OPERATOR/DRIVER,NO INJURY,OREGON,"C, CLASS C VEHICLES","M, CLASS M VEHICLES",UNKNOWN,,,,,,FEMALE,"FRONT SEAT - LEFT SIDE, OR MOTORCYLE DRIVER",SHOULDER AND LAP BELT USED,NOT TRAPPED,,OPERATOR/DRIVER,,MASSACHUSETTS,UNKNOWN,,,,,,,,MALE,UNKNOWN,,,Y
9/7/16 8:05,Wednesday,LIGHT TRUCK,,,FIFTH ST,THORNDIKE ST,,"FIFTH ST &amp; THORNDIKE ST
Cambridge, MA
(42.36679362800004, -71.10600609899996)",1,,HEAD ON,ROADWAY,COLLISION WITH PEDALCYCLE,DAYLIGHT,RAIN,CLOUDY,STOP SIGNS,YES,WET,FOUR WAY INTERSECTION,"TWO-WAY, NOT DIVIDED",NO,NO,,INTERSECTION,FIFTH ST,,THORNDIKE ST,,,,,,,,,,,,,,,PAV,MA,LIGHT TRUCK,,,,TURNING LEFT,2012,COLLISION WITH PEDALCYCLE,RAV4,TOYT,1,,COLLISION WITH PEDALCYCLE,,,,LEFT FRONT,,,,NORTHBOUND,,,,,,,,,,,,,,,,,,,,,,,,,,,,,,,,,,,,,,,,,,,,,,,,,,,,,,,,,,,,,,,OPERATOR/DRIVER,NO INJURY,MASSACHUSETTS,"D, CLASS D VEHICLES","M, CLASS M VEHICLES",,,,,,,FEMALE,"FRONT SEAT - LEFT SIDE, OR MOTORCYLE DRIVER",UNKNOWN,NOT TRAPPED,Y,NON-MOTORIST,NON FATAL INJURY - POSSIBLE,,,,,CYCLIST,"WALKING, RUNNING OR CYCLING",IN ROADWAY,UNKNOWN,,MALE,,,,