Date Time,Day of Week,Object 1,Object 2,Street Number,Street Name,Cross Street,Near Street,Location,May involve cyclist,May Involve Pedestrian,Manner of Collision,First Harmful Event Location,First Harmful Event,Ambient Light,Weather Condition 1,Weather Condition 2,Traffic Control Device Type,Traffic Control Device Functionality,Road Surface Condition,Roadway Junction Type,Trafficway Description,School Bus Related,Work Zone,Speed Limit,Street or Intersection,Intersection Name 1,Intersection Direction 1,Intersection Name 2,Intersection Direction 2,Intersection Name 3,Intersection Direction 3,Street Direction,Nearest Intersection Distance,Nearest Intersection Direction,Landmark Distance,Landmark Direction,Landmark,Mile Marker Direction,Non Public Area,Road Contributing,Damaged Property Type,Description of Damaged Property,V1 Registration Type,v1 State Code,V1 Configuration,V1 Emergency Response,V1 Moped,V1 Hit and Run,V1 Action Prior to Crash,V1 Model Year,V1 Most Harmful Event,V1 Model,V1 Make,V1 Occupant Count,V1 Underride Override,V1 First Event,V1 Second Event,V1 Third Event,V1 Fourth Event,V1 Most Damaged Area,V1 Second Damaged Area,V1 Third Damaged Area,V1 Towed,V1 Travel Direction,V1 Interstate,V1 Cargo Body Type,V1 Gross Weight,V1 Haz Placard,V1 Haz Release,V1 Trailer Reg Type,V1 Trailer Reg Plate,V1 Trailer Reg State,V1 Trailer Reg Year,V1 Trailer Len,V1 Driver Contribution,V1 Driver Contribution 2,V1 Is Truck,V1 Has Trailer,V1 Is Bus,V1 Is Hazmat,V1 Reg Year,V1 Driver Distracted,V1 Bus Use,V1 Tow Use,V2 Registration Type,V2 State Code,V2 Configuration,V2 Emergency Response,V2 Moped,V2 Hit and Run,V2 Action Prior to Crash,V2 Model Year,V2 Most Harmful Event,V2 Model,V2 Make,V2 Occupant Count,V2 Underride Override,V2 First Event,V2 Second Event,V2 Third Event,V2 Fourth Event,V2 Most Damaged Area,V2 Second Damaged Area,V2 Third Damaged Area,V2 Towed,V2 Travel Direction,V2 Interstate,V2 Cargo Body Type,V2 Gross Weight,V2 Haz Placard,V2 Haz Release,V2 Trailer Reg Type,V2 Trailer Reg Plate,V2 Trailer Reg State,V2 Trailer Reg Year,V2 Trailer Len,V2 Driver Contribution,V2 Driver Contribution 2,V2 Is Truck,V2 Has Trailer,V2 Is Bus,V2 Is Hazmat,V2 Reg Year,V2 Driver Distracted,V2 Bus Use,V2 Tow Use,P1 Role,P1 Injury,P1 Drivers Lic State,P1 Drivers Lic Class 1,P1 Drivers Lic Class 2,P1 Drivers Lic Restrict,P1 Non Motorist Desc,P1 Non Motorist Action,P1 Non Motorist Location,P1 Safety Equipment,P1 Age,P1 Sex,P1 Seat Position,P1 Safety System,P1 Trapped,P1 Veh Owner,P2 Role,P2 Injury,P2 Drivers Lic State,P2 Drivers Lic Class 1,P2 Drivers Lic Class 2,P2 Drivers Lic Restrict,P2 Non Motorist Desc,P2 Non Motorist Action,P2 Non Motorist Location,P2 Safety Equipment,P2 Age,P2 Sex,P2 Seat Position,P2 Safety System,P2 Trapped,P2 Veh Owner
6/20/16 15:53,Monday,LIGHT TRUCK,LIGHT TRUCK,1001,CAMBRIDGE STREET,,,"1001 CAMBRIDGE STREET
Cambridge, MA
(42.37286717500007, -71.09388680399996)",,,"SIDESWIPE, OPPOSITE DIRECTION",OUTSIDE ROADWAY,,DAYLIGHT,CLEAR,,NO CONTROLS,,DRY,NOT AT INTERSECTION,,NO,NO,,NON INTERSECTION,,,,,,,,,,,,SHELL GAS STATION,,,,,,PAN,MA,LIGHT TRUCK,,,,PARKED,2009,,MINI VAN,CHRYSLER,0,,COLLISION WITH MOTOR VEHICLE IN TRAFFIC,,,,RIGHT SIDE,,,,,,,,,,,,,,,,,,,,,,,,,PAN,MA,LIGHT TRUCK,,,Y,BACKING,0,,SUV,KIA,1,,COLLISION WITH PARKED MOTOR VEHICLE,,,,,,,,,,,,,,,,,,,OVER CORRECTING / OVER STEERING,,,,,,,UNKNOWN,,,UNINVOLVED OWNER,,MASSACHUSETTS,,,,,,,,,FEMALE,,,,,OPERATOR/DRIVER,,,,,,,,,,,FEMALE,,,,Y
5/2/16 9:14,Monday,PASSENGER CAR,,132,CUSHING ST,,LOCUST ST ST,"132 CUSHING ST
Cambridge, MA
(42.37843143300006, -71.15224624299998)",,,"SIDESWIPE, SAME DIRECTION",ROADWAY,COLLISION WITH PARKED MOTOR VEHICLE,UNKNOWN,RAIN,RAIN,NO CONTROLS,NO,WET,NOT AT INTERSECTION,"ONE-WAY, NOT DIVIDED",NO,NO,,NON INTERSECTION,,,,,,,SOUTHBOUND,,SOUTHBOUND,,,,SOUTHBOUND,,NONE,,,PAN,MA,PASSENGER CAR,,,Y,PARKED,2011,COLLISION WITH PARKED MOTOR VEHICLE,OUTBACK,SUBURU,0,,COLLISION WITH PARKED MOTOR VEHICLE,COLLISION WITH PARKED MOTOR VEHICLE,COLLISION WITH PARKED MOTOR VEHICLE,COLLISION WITH PARKED MOTOR VEHICLE,LEFT SIDE,NONE,NONE,,SOUTHBOUND,,,,,,,,,,,UNKNOWN,UNKNOWN,,,,,,UNKNOWN,,NO,,,,,,,,,,,,,,,,,,,,,,,,,,,,,,,,,,,,,,,,,,,UNINVOLVED OWNER,,MASSACHUSETTS,,,,,,,,,MALE,,,,Y,,,,,,,,,,,,,,,,
7/27/16 14:59,Wednesday,PASSENGER CAR,,,BROADWAY STREET,INMAN STREET,,"BROADWAY STREET &amp; INMAN STREET
Cambridge, MA
(42.36679362800004, -71.10600609899996)",1,,ANGLE,ROADWAY,COLLISION WITH PEDALCYCLE,DAYLIGHT,CLEAR,CLEAR,TRAFFIC CONTROL SIGNAL,YES,DRY,FOUR WAY INTERSECTION,,,,,INTERSECTION,BROADWAY STREET,NORTHBOUND,INMAN STREET,NORTHBOUND,,,,,,,,,,,,,,PAN,MA,PASSENGER CAR,,,,SLOWING OR STOPPED IN TRAFFIC,2013,COLLISION WITH PEDALCYCLE,PRIUS,TOYOTA,1,,COLLISION WITH PEDALCYCLE,,,,NONE,,,,NORTHBOUND,,,,,,,,,,,NO IMPROPER DRIVING,,,,,,,UNKNOWN,,,,,,,,,,,,,,,,,,,,,,,,,,,,,,,,,,,,,,,,,,,,,OPERATOR/DRIVER,,MASSACHUSETTS,,,,,,,,,MALE,"FRONT SEAT - LEFT SIDE, OR MOTORCYLE DRIVER",UNKNOWN,,Y,NON-MOTORIST,,,,,,CYCLIST,"WALKING, RUNNING OR CYCLING",IN ROADWAY,NONE USED,,MALE,,,,Y
9/30/16 18:35,Friday,PASSENGER CAR,LIGHT TRUCK,2000,MASSACHUSETTS AVE,,REGENT STREET,"2000 MASSACHUSETTS AVE
Cambridge, MA
(42.39044342300008, -71.12130365399997)",,,"SIDESWIPE, SAME DIRECTION",,,DAYLIGHT,RAIN,,NO CONTROLS,,WET,NOT AT INTERSECTION,"TWO-WAY, DIVIDED, POSITIVE MEDIAN BARRIER",NO,NO,,NON INTERSECTION,,,,,,,SOUTHBOUND,,WESTBOUND,,,,,,NONE,,,PAN,MA,PASSENGER CAR,,,,TRAVELING STRAIGHT AHEAD,2010,,COROLLA,TOYOTA,1,,COLLISION WITH PARKED MOTOR VEHICLE,,,,RIGHT SIDE,,,,SOUTHBOUND,,,,,,,,,,,NO IMPROPER DRIVING,,,,,,,NOT DISTRACTED,,,PAN,MA,LIGHT TRUCK,,,,ENTERING TRAFFIC LANE,2004,,RAV4,TOYOTA,1,,COLLISION WITH MOTOR VEHICLE IN TRAFFIC,,,,LEFT FRONT,,,,SOUTHBOUND,,,,,,,,,,,FAILED TO YIELD THE RIGHT OF WAY,,,,,,,UNKNOWN,,,OPERATOR/DRIVER,,MASSACHUSETTS,"D, CLASS D VEHICLES",,,,,,,,MALE,,,,Y,OPERATOR/DRIVER,,MASSACHUSETTS,"D, CLASS D VEHICLES",,,,,,,,FEMALE,,,,
6/23/16 14:41,Thursday,PASSENGER CAR,PASSENGER CAR,,MASS AVE,WALDEN ST,,"MASS AVE &amp; WALDEN ST
Cambridge, MA
(42.36679362800004, -71.10600609899996)",,,,,,DAYLIGHT,CLEAR,,,YES,,,,,,,INTERSECTION,MASS AVE,,WALDEN ST,,,,,,,,,,,,,,,PAN,MA,PASSENGER CAR,,,,SLOWING OR STOPPED IN TRAFFIC,2007,,ALTIMA,NISSAN,2,,COLLISION WITH MOTOR VEHICLE IN TRAFFIC,,,,REAR CENTER,LEFT REAR,,,,,,,,,,,,,,,,,,,,,,,,PAN,FL,PASSENGER CAR,,,,TRAVELING STRAIGHT AHEAD,2004,,5 SERIES,BMW,1,,COLLISION WITH MOTOR VEHICLE IN TRAFFIC,,,,CENTER FRONT,,,,,,,,,,,,,,,,,,,,,,,,,OPERATOR/DRIVER,NON FATAL INJURY - POSSIBLE,MASSACHUSETTS,"D, CLASS D VEHICLES",,,,,,,,FEMALE,"FRONT SEAT - LEFT SIDE, OR MOTORCYLE DRIVER",UNKNOWN,NOT TRAPPED,Y,OCCUPANT/PASSENGER,NON FATAL INJURY - POSSIBLE,MASSACHUSETTS,,,,,,,,,FEMALE,FRONT SEAT - RIGHT SIDE,UNKNOWN,NOT TRAPPED,
9/27/16 10:25,Tuesday,LIGHT TRUCK,,,350 KENDALL STREET GARAGE,,,"Cambridge, MA
(42.36679362800004, -71.10600609899996)",,,UNKNOWN,OUTSIDE ROADWAY,COLLISION WITH PARKED MOTOR VEHICLE,UNKNOWN,UNKNOWN,,UNKNOWN,,UNKNOWN,,,,,,INTERSECTION,350 KENDALL STREET GARAGE,,,,,,,,,,,,,GARAGE,UNKNOWN,,,PAN,MA,LIGHT TRUCK,,,Y,PARKED,2007,COLLISION WITH PARKED MOTOR VEHICLE,RAV4,TOYOTA,0,,COLLISION WITH PARKED MOTOR VEHICLE,COLLISION WITH MOTOR VEHICLE IN TRAFFIC,,,RIGHT SIDE,,,,,,,,,,,,,,,,,,,,,,,,,,,,,,,,,,,,,,,,,,,,,,,,,,,,,,,,,,,,,,,,,,,UNINVOLVED OWNER,,MASSACHUSETTS,,,,,,,,,FEMALE,,,,Y,,,,,,,,,,,,,,,,
7/27/16 7:16,Wednesday,PASSENGER CAR,PASSENGER CAR,25,ESSEX,,,"25 ESSEX
Cambridge, MA
(42.366233901000044, -71.10206067399997)",,,,,,UNKNOWN,CLEAR,CLEAR,,,,UNKNOWN,,NO,NO,,NON INTERSECTION,,,,,,,,,,,,,,,,,,PAN,MA,PASSENGER CAR,,,,PARKED,2013,,CIVIC,HONDA,0,,COLLISION WITH MOTOR VEHICLE IN TRAFFIC,,,,RIGHT SIDE,,,,,,,,,,,,,,,NO IMPROPER DRIVING,,,,,,,NOT DISTRACTED,,,PAN,MA,PASSENGER CAR,,,Y,UNKNOWN,2012,,FIESTA,FORD,1,,COLLISION WITH PARKED MOTOR VEHICLE,,,,UNKNOWN,UNKNOWN,UNKNOWN,,,,,,,,,,,,,OTHER IMPROPER ACTION,,,,,,,,,,UNINVOLVED OWNER,,MASSACHUSETTS,"D, CLASS D VEHICLES",,,,,,,,FEMALE,,,,Y,OPERATOR/DRIVER,,MASSACHUSETTS,,,,,,,,,UNKNOWN,,,,Y
5/17/16 7:25,Tuesday,LIGHT TRUCK,PASSENGER CAR,,LEE ST,BROADWAY,,"LEE ST &amp; BROADWAY
Cambridge, MA
(42.36679362800004, -71.10600609899996)",,,"SIDESWIPE, SAME DIRECTION",ROADWAY,COLLISION WITH MOTOR VEHICLE IN TRAFFIC,DAYLIGHT,CLEAR,CLEAR,TRAFFIC CONTROL SIGNAL,YES,DRY,T-INTERSECTION,"ONE-WAY, NOT DIVIDED",NO,NO,25,INTERSECTION,LEE ST,,BROADWAY,,,,,,,,,,,,NONE,,,PAN,MA,LIGHT TRUCK,,,,SLOWING OR STOPPED IN TRAFFIC,2005,COLLISION WITH MOTOR VEHICLE IN TRAFFIC,RAV4,TOYOTA,2,,COLLISION WITH MOTOR VEHICLE IN TRAFFIC,,,,LEFT FRONT,,,,SOUTHBOUND,,,,,,,,,,,NO IMPROPER DRIVING,NO IMPROPER DRIVING,,,,,,NOT DISTRACTED,,,PAN,MA,PASSENGER CAR,,,,TRAVELING STRAIGHT AHEAD,2014,COLLISION WITH MOTOR VEHICLE IN TRAFFIC,ACCORD,HONDA,1,,COLLISION WITH MOTOR VEHICLE IN TRAFFIC,,,,RIGHT SIDE,RIGHT REAR,,,SOUTHBOUND,,,,,,,,,,,FAILURE TO KEEP IN PROPER LANE OR RUNNING OFF ROAD,"OPERATING VEHICLE IN ERRATIC, RECKLESS, CARELESS,",,,,,,UNKNOWN,,,OPERATOR/DRIVER,NO INJURY,MASSACHUSETTS,"D, CLASS D VEHICLES",,,,,,,,FEMALE,"FRONT SEAT - LEFT SIDE, OR MOTORCYLE DRIVER",SHOULDER AND LAP BELT USED,NOT TRAPPED,Y,OPERATOR/DRIVER,NO INJURY,MASSACHUSETTS,"D, CLASS D VEHICLES",,,,,,,,MALE,"FRONT SEAT - LEFT SIDE, OR MOTORCYLE DRIVER",UNKNOWN,NOT TRAPPED,Y
9/14/16 8:50,Wednesday,SINGLE UNIT TRUCK (2 AXLES - 6 TIRES),PASSENGER CAR,,MASS AVE,,ALEWIFE BROOK PKWY,"MASS AVE
Cambridge, MA
(42.393434712000044, -71.12577890299997)",,,ANGLE,ROADWAY,COLLISION WITH MOTOR VEHICLE IN TRAFFIC,DAYLIGHT,CLEAR,CLOUDY,TRAFFIC CONTROL SIGNAL,YES,DRY,FOUR WAY INTERSECTION,"TWO-WAY, DIVIDED, POSITIVE MEDIAN BARRIER",NO,NO,,NON INTERSECTION,,,,,,,,,,,,,,,,,,APN,MA,SINGLE UNIT TRUCK (2 AXLES - 6 TIRES),,,,TRAVELING STRAIGHT AHEAD,2015,COLLISION WITH MOTOR VEHICLE IN TRAFFIC,7400,INTL,1,,COLLISION WITH MOTOR VEHICLE IN TRAFFIC,,,,RIGHT FRONT,,,,WESTBOUND,,OTHER,"MORE THAN 26,000 POUNDS",,,,,,,,,,Y,,,,,,,,PAN,MA,PASSENGER CAR,,,,CHANGING LANES,2014,COLLISION WITH MOTOR VEHICLE IN TRAFFIC,MALIBU,CHEV,1,,COLLISION WITH MOTOR VEHICLE IN TRAFFIC,,,,LEFT REAR,,,,WESTBOUND,,,,,,,,,,,,,,,,,,,,,OPERATOR/DRIVER,NO INJURY,MASSACHUSETTS,"A, CLASS A VEHICLES",,,,,,,,MALE,"FRONT SEAT - LEFT SIDE, OR MOTORCYLE DRIVER",UNKNOWN,NOT TRAPPED,,UNINVOLVED OWNER,,,,,,,,,,,UNKNOWN,,,,Y
4/8/16 11:25,Friday,PASSENGER CAR,PASSENGER CAR,700,MAIN ST.,,,"700 MAIN ST.
Cambridge, MA
(42.36304172600006, -71.09472249199996)",,,"SIDESWIPE, SAME DIRECTION",ROADWAY,COLLISION WITH MOTOR VEHICLE IN TRAFFIC,DAYLIGHT,CLEAR,CLEAR,NO CONTROLS,,DRY,NOT AT INTERSECTION,"TWO-WAY, NOT DIVIDED",NO,NO,,NON INTERSECTION,,,,,,,EASTBOUND,,,,,,,,UNKNOWN,,,PAN,MA,PASSENGER CAR,,,,ENTERING TRAFFIC LANE,2015,COLLISION WITH MOTOR VEHICLE IN TRAFFIC,SONIC,CHEVY,1,,COLLISION WITH MOTOR VEHICLE IN TRAFFIC,COLLISION WITH MOTOR VEHICLE IN TRAFFIC,COLLISION WITH MOTOR VEHICLE IN TRAFFIC,COLLISION WITH MOTOR VEHICLE IN TRAFFIC,LEFT FRONT,,,,EASTBOUND,,,,,,,,,,,"OPERATING VEHICLE IN ERRATIC, RECKLESS, CARELESS,","OPERATING VEHICLE IN ERRATIC, RECKLESS, CARELESS,",,,,,,OTHER ACTIVITY,,NO,PAN,MA,PASSENGER CAR,,,,TRAVELING STRAIGHT AHEAD,2013,COLLISION WITH MOTOR VEHICLE IN TRAFFIC,SENTRA,NISSAN,2,,COLLISION WITH MOTOR VEHICLE IN TRAFFIC,COLLISION WITH MOTOR VEHICLE IN TRAFFIC,COLLISION WITH MOTOR VEHICLE IN TRAFFIC,COLLISION WITH MOTOR VEHICLE IN TRAFFIC,RIGHT FRONT,RIGHT SIDE,RIGHT REAR,,EASTBOUND,,,,,,,,,,,NO IMPROPER DRIVING,NO IMPROPER DRIVING,,,,,,NOT DISTRACTED,,NO,OPERATOR/DRIVER,NO INJURY,MASSACHUSETTS,"D, CLASS D VEHICLES",,,,,,,50,MALE,UNKNOWN,UNKNOWN,NOT TRAPPED,,OPERATOR/DRIVER,NO INJURY,LOUISIANA,"D, CLASS D VEHICLES",,,,,,,40,MALE,UNKNOWN,UNKNOWN,NOT TRAPPED,
4/13/16 22:30,Wednesday,PASSENGER CAR,,133,SPRING STREET,,,"133 SPRING STREET
Cambridge, MA
(42.36951626500007, -71.08450775399996)",,,"SIDESWIPE, SAME DIRECTION",ROADSIDE,,DUSK,CLEAR,,NO CONTROLS,,DRY,NOT AT INTERSECTION,"TWO-WAY, NOT DIVIDED",NO,NO,,NON INTERSECTION,,,,,,,WESTBOUND,,,,,,,,NONE,,,PAN,MA,PASSENGER CAR,,,,PARKED,2013,COLLISION WITH MOTOR VEHICLE IN TRAFFIC,COROLLA,TOYOTA,0,,COLLISION WITH MOTOR VEHICLE IN TRAFFIC,,,,LEFT SIDE,,,,,,,,,,,,,,,,,,,,,,,,,UNKNOWN,,,,,Y,TRAVELING STRAIGHT AHEAD,,,UNKNOWN,UNKNOWN,1,,COLLISION WITH PARKED MOTOR VEHICLE,,,,,,,,WESTBOUND,,,,,,,,,,,FAILURE TO KEEP IN PROPER LANE OR RUNNING OFF ROAD,,,,,,,UNKNOWN,,,UNINVOLVED OWNER,,MASSACHUSETTS,"D, CLASS D VEHICLES",,,,,,,,FEMALE,,,,,OPERATOR/DRIVER,,,,,,,,,,,UNKNOWN,,,,
4/16/16 22:32,Saturday,PASSENGER CAR,PASSENGER CAR,,MASSACHUSETTS AVENUE,WALDEN STREET,,"MASSACHUSETTS AVENUE &amp; WALDEN STREET
Cambridge, MA
(42.36679362800004, -71.10600609899996)",,,ANGLE,ROADWAY,COLLISION WITH MOTOR VEHICLE IN TRAFFIC,DARK - LIGHTED ROADWAY,CLEAR,,TRAFFIC CONTROL SIGNAL,YES,DRY,FOUR WAY INTERSECTION,"TWO-WAY, DIVIDED, POSITIVE MEDIAN BARRIER",NO,NO,30,INTERSECTION,MASSACHUSETTS AVENUE,SOUTHBOUND,WALDEN STREET,WESTBOUND,,,,,,,,,,,NONE,,,PAN,MA,PASSENGER CAR,,,,TRAVELING STRAIGHT AHEAD,2011,COLLISION WITH MOTOR VEHICLE IN TRAFFIC,FIT,HONDA,1,,COLLISION WITH MOTOR VEHICLE IN TRAFFIC,,,,RIGHT FRONT,CENTER FRONT,LEFT FRONT,Y,SOUTHBOUND,,,,,,,,,,,NO IMPROPER DRIVING,,,,,,,NOT DISTRACTED,,YES VEHICLE OR TRAILER DISABLED,PAN,CT,PASSENGER CAR,,,,TURNING LEFT,2015,COLLISION WITH MOTOR VEHICLE IN TRAFFIC,200,CHRYSLER,2,,COLLISION WITH MOTOR VEHICLE IN TRAFFIC,,,,RIGHT FRONT,CENTER FRONT,LEFT FRONT,Y,WESTBOUND,,,,,,,,,,,"DISREGARDED TRAFFIC SIGNS, SIGNALS, ROAD MARKINGS",FAILED TO YIELD THE RIGHT OF WAY,,,,,,UNKNOWN,,YES VEHICLE OR TRAILER DISABLED,UNINVOLVED OWNER,,MASSACHUSETTS,"D, CLASS D VEHICLES",,NONE,,,,,,MALE,,,,Y,OPERATOR/DRIVER,NO INJURY,MASSACHUSETTS,"D, CLASS D VEHICLES",,CORRECTIVE LENSES,,,,,,FEMALE,"FRONT SEAT - LEFT SIDE, OR MOTORCYLE DRIVER",UNKNOWN,NOT TRAPPED,
8/11/16 11:20,Thursday,PASSENGER CAR,,122,SPRINGFIELD STREET,,CAMBRIDGE STREET,"122 SPRINGFIELD STREET
Cambridge, MA
(42.37403231300004, -71.10043216999998)",,,"SIDESWIPE, SAME DIRECTION",ROADSIDE,COLLISION WITH PARKED MOTOR VEHICLE,DAYLIGHT,CLEAR,,NO CONTROLS,,DRY,NOT AT INTERSECTION,"TWO-WAY, DIVIDED, UNPROTECTED MEDIAN",NO,NO,,NON INTERSECTION,,,,,,,SOUTHBOUND,200,NORTHBOUND,0,EASTBOUND,OLECITO RESTAURANT,,,NONE,,,PAN,MA,PASSENGER CAR,,,,PARKED,2010,COLLISION WITH PARKED MOTOR VEHICLE,A5,AUDI,0,,COLLISION WITH PARKED MOTOR VEHICLE,COLLISION WITH MOTOR VEHICLE IN TRAFFIC,,,LEFT FRONT,LEFT SIDE,,,,,,,,,,,,,,NO IMPROPER DRIVING,UNKNOWN,,,,,,,,,UNKNOWN,,,,,Y,TRAVELING STRAIGHT AHEAD,,COLLISION WITH PARKED MOTOR VEHICLE,,,1,,COLLISION WITH PARKED MOTOR VEHICLE,,,,UNKNOWN,,,,SOUTHBOUND,,,,,,,,,,,UNKNOWN,UNKNOWN,,,,,,,,,UNINVOLVED OWNER,,MASSACHUSETTS,,,,,,,,,MALE,,,,Y,,,,,,,,,,,,,,,,
5/10/16 14:22,Tuesday,TRACTOR / SEMI-TRIALER,,220,BROADWAY,,,"220 BROADWAY
Cambridge, MA
(42.36646256700004, -71.09385067199997)",,,SINGLE VEHICLE CRASH,ROADSIDE,COLLISION WITH UTILITY POLE,DAYLIGHT,CLEAR,CLEAR,NO CONTROLS,,DRY,NOT AT INTERSECTION,"TWO-WAY, NOT DIVIDED",NO,NO,,NON INTERSECTION,,,,,,,NORTHBOUND,,,,,,,,UNKNOWN,,,APP,ID,TRACTOR / SEMI-TRIALER,,,,BACKING,2013,COLLISION WITH UTILITY POLE,TK,KEN,1,,COLLISION WITH UTILITY POLE,COLLISION WITH UTILITY POLE,COLLISION WITH UTILITY POLE,COLLISION WITH UTILITY POLE,,,,,NORTHBOUND,,OTHER,"MORE THAN 26,000 POUNDS",,,,,,,,"OPERATING VEHICLE IN ERRATIC, RECKLESS, CARELESS,","OPERATING VEHICLE IN ERRATIC, RECKLESS, CARELESS,",Y,,,,2013,UNKNOWN,,NO,,,,,,,,,,,,,,,,,,,,,,,,,,,,,,,,,,,,,,,,,,,OPERATOR/DRIVER,NO INJURY,MASSACHUSETTS,,,,,,,,54,MALE,UNKNOWN,UNKNOWN,NOT TRAPPED,,UNINVOLVED OWNER,,,,,,,,,,,UNKNOWN,,,,Y
5/8/16 16:25,Sunday,PASSENGER CAR,LIGHT TRUCK,11,MASON STREET,,JAMES STREET,"11 MASON STREET
Cambridge, MA
(42.376256547000025, -71.12354614099996)",,,REAR-END,ROADWAY,COLLISION WITH MOTOR VEHICLE IN TRAFFIC,DAYLIGHT,CLEAR,CLEAR,NO CONTROLS,,DRY,NOT AT INTERSECTION,"TWO-WAY, DIVIDED, UNPROTECTED MEDIAN",NO,NO,,NON INTERSECTION,,,,,,,EASTBOUND,,NORTHBOUND,,,3 PHILIPS PLACE,,,NONE,,,PAN,MA,PASSENGER CAR,,,,TRAVELING STRAIGHT AHEAD,2005,COLLISION WITH MOTOR VEHICLE IN TRAFFIC,A4,AUDI,1,,COLLISION WITH MOTOR VEHICLE IN TRAFFIC,,,,CENTER FRONT,RIGHT SIDE,,,EASTBOUND,,,,,,,,,,,OTHER IMPROPER ACTION,,,,,,,UNKNOWN,,,PAN,MA,LIGHT TRUCK,,,,SLOWING OR STOPPED IN TRAFFIC,2013,COLLISION WITH MOTOR VEHICLE IN TRAFFIC,CAYENNE,PORSCHE,3,,COLLISION WITH MOTOR VEHICLE IN TRAFFIC,,,,LEFT REAR,REAR CENTER,,,EASTBOUND,,,,,,,,,,,NO IMPROPER DRIVING,,,,,,,UNKNOWN,,,OPERATOR/DRIVER,NO INJURY,MASSACHUSETTS,"D, CLASS D VEHICLES",,,,,,,,FEMALE,"FRONT SEAT - LEFT SIDE, OR MOTORCYLE DRIVER",UNKNOWN,NOT TRAPPED,Y,OPERATOR/DRIVER,NO INJURY,MASSACHUSETTS,,,,,,,,,MALE,"FRONT SEAT - LEFT SIDE, OR MOTORCYLE DRIVER",UNKNOWN,NOT TRAPPED,
10/29/16 19:25,Saturday,LIGHT TRUCK,,738,MASSACHUSETTS AVE,,,"738 MASSACHUSETTS AVE
Cambridge, MA
(42.36611407300006, -71.10496520199996)",1,,ANGLE,ROADWAY,COLLISION WITH PEDALCYCLE,DARK - LIGHTED ROADWAY,CLOUDY,,NO CONTROLS,NO,DRY,NOT AT INTERSECTION,"TWO-WAY, DIVIDED, UNPROTECTED MEDIAN",NO,NO,30,NON INTERSECTION,,,,,,,EASTBOUND,,,,,,,,NONE,UNKNOWN,BICYCLE,PAN,MA,LIGHT TRUCK,,,,OTHER,2016,COLLISION WITH PEDALCYCLE,ODYSSEY,HONDA,2,,COLLISION WITH PEDALCYCLE,,,,NONE,,,,EASTBOUND,,,,,,,,,,,NO IMPROPER DRIVING,,,,,,,NOT DISTRACTED,,NO,,,,,,,,,,,,,,,,,,,,,,,,,,,,,,,,,,,,,,,,,,,OPERATOR/DRIVER,NO INJURY,MASSACHUSETTS,"D, CLASS D VEHICLES",,NONE,,,,,,FEMALE,UNKNOWN,UNKNOWN,NOT TRAPPED,Y,NON-MOTORIST,,,,,,CYCLIST,"WALKING, RUNNING OR CYCLING",IN ROADWAY,HELMET,,FEMALE,,,,
6/24/16 18:12,Friday,PASSENGER CAR,SINGLE UNIT TRUCK (2 AXLES - 6 TIRES),56,CHURCHILL AVE.,,,"56 CHURCHILL AVE.
Cambridge, MA
(42.40077704500004, -71.13207901299995)",,,REAR-END,ROADSIDE,COLLISION WITH PARKED MOTOR VEHICLE,DAYLIGHT,CLEAR,,NO CONTROLS,,DRY,NOT AT INTERSECTION,"TWO-WAY, NOT DIVIDED",NO,NO,30,NON INTERSECTION,,,,,,,,,,,,,,,NONE,,,PAN,MA,PASSENGER CAR,,,Y,PARKED,2009,COLLISION WITH PARKED MOTOR VEHICLE,CAMRY,TOYOTA,0,,COLLISION WITH PARKED MOTOR VEHICLE,,,,REAR CENTER,LEFT REAR,,,,,,,,,,,,,,,,,,,,,,,,UNKNOWN,,SINGLE UNIT TRUCK (2 AXLES - 6 TIRES),,,,UNKNOWN,,COLLISION WITH PARKED MOTOR VEHICLE,BOX TRUCK,UNKNOWN,2,,COLLISION WITH PARKED MOTOR VEHICLE,,,,,,,,,,OTHER,,,,,,,,,UNKNOWN,,Y,,,,,UNKNOWN,,,UNINVOLVED OWNER,,MASSACHUSETTS,"D, CLASS D VEHICLES",,UNKNOWN,,,,,,FEMALE,,,,Y,,,,,,,,,,,,,,,,