Date Time,Day of Week,Object 1,Object 2,Street Number,Street Name,Cross Street,Near Street,Location,May involve cyclist,May Involve Pedestrian,Manner of Collision,First Harmful Event Location,First Harmful Event,Ambient Light,Weather Condition 1,Weather Condition 2,Traffic Control Device Type,Traffic Control Device Functionality,Road Surface Condition,Roadway Junction Type,Trafficway Description,School Bus Related,Work Zone,Speed Limit,Street or Intersection,Intersection Name 1,Intersection Direction 1,Intersection Name 2,Intersection Direction 2,Intersection Name 3,Intersection Direction 3,Street Direction,Nearest Intersection Distance,Nearest Intersection Direction,Landmark Distance,Landmark Direction,Landmark,Mile Marker Direction,Non Public Area,Road Contributing,Damaged Property Type,Description of Damaged Property,V1 Registration Type,v1 State Code,V1 Configuration,V1 Emergency Response,V1 Moped,V1 Hit and Run,V1 Action Prior to Crash,V1 Model Year,V1 Most Harmful Event,V1 Model,V1 Make,V1 Occupant Count,V1 Underride Override,V1 First Event,V1 Second Event,V1 Third Event,V1 Fourth Event,V1 Most Damaged Area,V1 Second Damaged Area,V1 Third Damaged Area,V1 Towed,V1 Travel Direction,V1 Interstate,V1 Cargo Body Type,V1 Gross Weight,V1 Haz Placard,V1 Haz Release,V1 Trailer Reg Type,V1 Trailer Reg Plate,V1 Trailer Reg State,V1 Trailer Reg Year,V1 Trailer Len,V1 Driver Contribution,V1 Driver Contribution 2,V1 Is Truck,V1 Has Trailer,V1 Is Bus,V1 Is Hazmat,V1 Reg Year,V1 Driver Distracted,V1 Bus Use,V1 Tow Use,V2 Registration Type,V2 State Code,V2 Configuration,V2 Emergency Response,V2 Moped,V2 Hit and Run,V2 Action Prior to Crash,V2 Model Year,V2 Most Harmful Event,V2 Model,V2 Make,V2 Occupant Count,V2 Underride Override,V2 First Event,V2 Second Event,V2 Third Event,V2 Fourth Event,V2 Most Damaged Area,V2 Second Damaged Area,V2 Third Damaged Area,V2 Towed,V2 Travel Direction,V2 Interstate,V2 Cargo Body Type,V2 Gross Weight,V2 Haz Placard,V2 Haz Release,V2 Trailer Reg Type,V2 Trailer Reg Plate,V2 Trailer Reg State,V2 Trailer Reg Year,V2 Trailer Len,V2 Driver Contribution,V2 Driver Contribution 2,V2 Is Truck,V2 Has Trailer,V2 Is Bus,V2 Is Hazmat,V2 Reg Year,V2 Driver Distracted,V2 Bus Use,V2 Tow Use,P1 Role,P1 Injury,P1 Drivers Lic State,P1 Drivers Lic Class 1,P1 Drivers Lic Class 2,P1 Drivers Lic Restrict,P1 Non Motorist Desc,P1 Non Motorist Action,P1 Non Motorist Location,P1 Safety Equipment,P1 Age,P1 Sex,P1 Seat Position,P1 Safety System,P1 Trapped,P1 Veh Owner,P2 Role,P2 Injury,P2 Drivers Lic State,P2 Drivers Lic Class 1,P2 Drivers Lic Class 2,P2 Drivers Lic Restrict,P2 Non Motorist Desc,P2 Non Motorist Action,P2 Non Motorist Location,P2 Safety Equipment,P2 Age,P2 Sex,P2 Seat Position,P2 Safety System,P2 Trapped,P2 Veh Owner
10/23/16 12:38,Sunday,PASSENGER CAR,,,MT. AUBURN STREET,PUTNAM AVE,,"MT. AUBURN STREET &amp; PUTNAM AVE
Cambridge, MA
(42.36679362800004, -71.10600609899996)",1,,ANGLE,ROADWAY,COLLISION WITH PEDALCYCLE,DAYLIGHT,CLEAR,CLEAR,TRAFFIC CONTROL SIGNAL,YES,DRY,T-INTERSECTION,,NO,NO,25,INTERSECTION,MT. AUBURN STREET,EASTBOUND,PUTNAM AVE,SOUTHBOUND,,,,,,,,,,,UNKNOWN,,,TAN,MA,PASSENGER CAR,,,,TURNING RIGHT,2011,COLLISION WITH PEDALCYCLE,PRIUS,TOYT,3,,COLLISION WITH PEDALCYCLE,COLLISION WITH PEDALCYCLE,COLLISION WITH PEDALCYCLE,,NONE,NONE,NONE,,EASTBOUND,,,,,,,,,,,FAILED TO YIELD THE RIGHT OF WAY,FAILED TO YIELD THE RIGHT OF WAY,,,,,,UNKNOWN,,,,,,,,,,,,,,,,,,,,,,,,,,,,,,,,,,,,,,,,,,,,,OPERATOR/DRIVER,NO INJURY,MASSACHUSETTS,"D, CLASS D VEHICLES",,NONE,,,,,,MALE,"FRONT SEAT - LEFT SIDE, OR MOTORCYLE DRIVER",UNKNOWN,NOT TRAPPED,,NON-MOTORIST,NON FATAL INJURY - POSSIBLE,,,,,CYCLIST,"WALKING, RUNNING OR CYCLING",IN ROADWAY,HELMET,,FEMALE,,,,
5/3/16 18:00,Tuesday,PASSENGER CAR,,,VANDINE ST,CARDINAL MEDEIROS AVE,,"VANDINE ST &amp; CARDINAL MEDEIROS AVE
Cambridge, MA
(42.36679362800004, -71.10600609899996)",,,"SIDESWIPE, SAME DIRECTION",UNKNOWN,COLLISION WITH PARKED MOTOR VEHICLE,DUSK,RAIN,CLOUDY,NO CONTROLS,,WET,T-INTERSECTION,"ONE-WAY, NOT DIVIDED",NO,NO,,INTERSECTION,VANDINE ST,EASTBOUND,CARDINAL MEDEIROS AVE,NORTHBOUND,,,,,,,,,,,NONE,,,PAN,MA,PASSENGER CAR,,,Y,PARKED,2000,COLLISION WITH PARKED MOTOR VEHICLE,ACCORD,HONDA,0,,COLLISION WITH PARKED MOTOR VEHICLE,,,,RIGHT FRONT,CENTER FRONT,LEFT FRONT,,EASTBOUND,,,,,,,,,,,UNKNOWN,,,,,,,UNKNOWN,,,,,,,,,,,,,,,,,,,,,,,,,,,,,,,,,,,,,,,,,,,,,UNINVOLVED OWNER,,MASSACHUSETTS,,,,,,,,,FEMALE,,,,Y,,,,,,,,,,,,,,,,
10/13/16 13:55,Thursday,PASSENGER CAR,,356,MASSACHUSETTS AVENUE,,,"356 MASSACHUSETTS AVENUE
Cambridge, MA
(42.36284385000005, -71.09944077499995)",,,ANGLE,ROADWAY,COLLISION WITH MOTOR VEHICLE IN TRAFFIC,DAYLIGHT,CLEAR,CLEAR,NO CONTROLS,NO,DRY,,,NO,NO,0,NON INTERSECTION,,,,,,,,,,,,,,,UNKNOWN,,,PAN,MA,PASSENGER CAR,,,Y,PARKED,2009,,ALTIMA,NISSAN,0,,COLLISION WITH MOTOR VEHICLE IN TRAFFIC,,,,LEFT REAR,,,,,,,,,,,,,,,UNKNOWN,,,,,,,UNKNOWN,,NO,,,,,,,,,,,,,,,,,,,,,,,,,,,,,,,,,,,,,,,,,,,UNINVOLVED OWNER,,MASSACHUSETTS,,,,,,,,,MALE,,,,Y,,,,,,,,,,,,,,,,
7/21/16 8:45,Thursday,PASSENGER CAR,,,THIRD ST,THORNDIKE ST,,"THIRD ST &amp; THORNDIKE ST
Cambridge, MA
(42.36679362800004, -71.10600609899996)",,1,ANGLE,ROADWAY,COLLISION WITH PARKED MOTOR VEHICLE,DAYLIGHT,CLEAR,,STOP SIGNS,YES,DRY,FOUR WAY INTERSECTION,"TWO-WAY, NOT DIVIDED",NO,NO,,INTERSECTION,THIRD ST,,THORNDIKE ST,,,,,,,,,,,,,,,PAN,MA,PASSENGER CAR,,,,TURNING LEFT,1997,COLLISION WITH PEDESTRIAN,ACCORD,HOND,,,COLLISION WITH PEDESTRIAN,,,,NONE,,,Y,NORTHBOUND,,,,,,,,,,,OTHER IMPROPER ACTION,,,,,,,,,YES OTHER REASON NOT DISABLED,,,,,,,,,,,,,,,,,,,,,,,,,,,,,,,,,,,,,,,,,,,OPERATOR/DRIVER,NO INJURY,,,,,,,,,,MALE,"FRONT SEAT - LEFT SIDE, OR MOTORCYLE DRIVER",UNKNOWN,NOT TRAPPED,,UNINVOLVED OWNER,,MASSACHUSETTS,,,,,,,,,MALE,,,,Y
10/3/16 14:32,Monday,OTHER,OTHER,,PORTLAND ST,WASHINGTON ST,,"PORTLAND ST &amp; WASHINGTON ST
Cambridge, MA
(42.36679362800004, -71.10600609899996)",,,"SIDESWIPE, SAME DIRECTION",ROADWAY,OTHER,DAYLIGHT,CLEAR,CLEAR,STOP SIGNS,,DRY,T-INTERSECTION,,,,,INTERSECTION,PORTLAND ST,NORTHBOUND,WASHINGTON ST,EASTBOUND,,,,,,,,,,,,,,PAN,MA,OTHER,,,,OTHER,2012,OTHER,EDGE,FORD,1,,OTHER,OTHER,,,LEFT FRONT,,,Y,NORTHBOUND,,,,,,,,,,,UNKNOWN,,,,,,,,,YES VEHICLE OR TRAILER DISABLED,PAN,MA,OTHER,,,,TRAVELING STRAIGHT AHEAD,2013,,IMPALA,CHEVEY,1,,OTHER,OTHER,,,RIGHT FRONT,,,Y,NORTHBOUND,,,,,,,,,,,UNKNOWN,,,,,,,UNKNOWN,,YES VEHICLE OR TRAILER DISABLED,OPERATOR/DRIVER,,MASSACHUSETTS,,,,,,,,,FEMALE,"FRONT SEAT - LEFT SIDE, OR MOTORCYLE DRIVER",UNKNOWN,,Y,OPERATOR/DRIVER,,MASSACHUSETTS,,,,,,,,,MALE,"FRONT SEAT - LEFT SIDE, OR MOTORCYLE DRIVER",UNKNOWN,,Y
11/1/16 8:55,Tuesday,PASSENGER CAR,LIGHT TRUCK,,OXFORD ST,WENDELL ST,,"OXFORD ST &amp; WENDELL ST
Cambridge, MA
(42.36679362800004, -71.10600609899996)",,,ANGLE,ROADWAY,COLLISION WITH MOTOR VEHICLE IN TRAFFIC,DAYLIGHT,CLEAR,,NO CONTROLS,,DRY,FOUR WAY INTERSECTION,"TWO-WAY, NOT DIVIDED",NO,NO,,INTERSECTION,OXFORD ST,,WENDELL ST,,,,,,,,,,,,,,,PAN,MA,PASSENGER CAR,,,,SLOWING OR STOPPED IN TRAFFIC,2007,COLLISION WITH MOTOR VEHICLE IN TRAFFIC,ACCORD,HOND,1,,COLLISION WITH MOTOR VEHICLE IN TRAFFIC,,,,LEFT REAR,,,,EASTBOUND,,,,,,,,,,,,,,,,,,,,,CON,MA,LIGHT TRUCK,,,,TURNING LEFT,,COLLISION WITH MOTOR VEHICLE IN TRAFFIC,,,,,COLLISION WITH MOTOR VEHICLE IN TRAFFIC,,,,UNKNOWN,,,,WESTBOUND,,,,,,,,,,,OTHER IMPROPER ACTION,,,,,,,,,,OPERATOR/DRIVER,NO INJURY,MASSACHUSETTS,,,,,,,,,FEMALE,"FRONT SEAT - LEFT SIDE, OR MOTORCYLE DRIVER",UNKNOWN,NOT TRAPPED,,UNINVOLVED OWNER,,MASSACHUSETTS,,,,,,,,,MALE,,,,Y
10/28/16 12:08,Friday,PASSENGER CAR,PASSENGER CAR,,PORTER SQ SHOPPING CTR LOT,,,"PORTER SQ SHOPPING CTR LOT
Cambridge, MA
(42.388685397000074, -71.11927212499995)",,,REAR TO REAR,OUTSIDE ROADWAY,COLLISION WITH PARKED MOTOR VEHICLE,DAYLIGHT,CLOUDY,"SLEET, HAIL, FREEZING RAIN OR DRIZZLE",NO CONTROLS,,WET,NOT AT INTERSECTION,,NO,NO,,NON INTERSECTION,,,,,,,,,,,,,,,UNKNOWN,,,PAN,MA,PASSENGER CAR,,,,TRAVELING STRAIGHT AHEAD,1993,,COROLLA,TOYOTA,1,,COLLISION WITH PARKED MOTOR VEHICLE,COLLISION WITH PARKED MOTOR VEHICLE,,,LEFT REAR,,,,NORTHBOUND,,,,,,,,,,,OTHER IMPROPER ACTION,,,,,,,UNKNOWN,,,PAN,MA,PASSENGER CAR,,,,PARKED,2005,,G6,PONTIAC,0,,,,,,CENTER FRONT,,,,,,,,,,,,,,,,,,,,,,,,NO,OPERATOR/DRIVER,NO INJURY,MASSACHUSETTS,,,,,,,,,MALE,"FRONT SEAT - LEFT SIDE, OR MOTORCYLE DRIVER",UNKNOWN,NOT TRAPPED,Y,UNINVOLVED OWNER,,MASSACHUSETTS,"D, CLASS D VEHICLES",,,,,,,,MALE,,,,Y
6/28/16 10:44,Tuesday,PASSENGER CAR,PASSENGER CAR,,CONCORD AVE,FAWCETT STREET,,"CONCORD AVE &amp; FAWCETT STREET
Cambridge, MA
(42.36679362800004, -71.10600609899996)",,,REAR-END,,,DAYLIGHT,CLOUDY,,NO CONTROLS,,WET,T-INTERSECTION,"TWO-WAY, DIVIDED, UNPROTECTED MEDIAN",NO,NO,,INTERSECTION,CONCORD AVE,,FAWCETT STREET,,,,,,,,,,,,,,,PAN,MA,PASSENGER CAR,,,,TURNING RIGHT,2007,,HIGHLANDER,TOYOTA,1,,COLLISION WITH MOTOR VEHICLE IN TRAFFIC,,,,REAR CENTER,,,,WESTBOUND,,,,,,,,,,,NO IMPROPER DRIVING,,,,,,,NOT DISTRACTED,,NO,PAN,MA,PASSENGER CAR,,,,TRAVELING STRAIGHT AHEAD,2013,,ELANTRA,HYUNDAI,2,,COLLISION WITH MOTOR VEHICLE IN TRAFFIC,,,,CENTER FRONT,RIGHT FRONT,LEFT FRONT,Y,WESTBOUND,,,,,,,,,,,UNKNOWN,,,,,,,,,YES VEHICLE OR TRAILER DISABLED,OPERATOR/DRIVER,NO INJURY,MASSACHUSETTS,"D, CLASS D VEHICLES",,,,,,,,MALE,"FRONT SEAT - LEFT SIDE, OR MOTORCYLE DRIVER",SHOULDER AND LAP BELT USED,,Y,OPERATOR/DRIVER,NO INJURY,MASSACHUSETTS,"D, CLASS D VEHICLES",,,,,,,,FEMALE,"FRONT SEAT - LEFT SIDE, OR MOTORCYLE DRIVER",SHOULDER AND LAP BELT USED,,Y
8/25/16 18:38,Thursday,PASSENGER CAR,PASSENGER CAR,1414,MASSACHUSETTS AVE,,,"1414 MASSACHUSETTS AVE
Cambridge, MA
(42.37383184500004, -71.11891235599995)",,,,,,DAYLIGHT,CLEAR,,,,DRY,,,,,25,NON INTERSECTION,,,,,,,EASTBOUND,,,,,,,,,,,LVN,MA,PASSENGER CAR,,,,PARKED,2012,,OUTBACK,SUBA,1,,COLLISION WITH MOTOR VEHICLE IN TRAFFIC,,,,LEFT FRONT,,,,,,,,,,,,,,,,,,,,,,,,NO,PAN,MA,PASSENGER CAR,,,,TRAVELING STRAIGHT AHEAD,2013,,COROLL,TOYT,1,,COLLISION WITH MOTOR VEHICLE IN TRAFFIC,,,,RIGHT FRONT,RIGHT SIDE,RIGHT REAR,,,,,,,,,,,,,,,,,,,,,,NO,OPERATOR/DRIVER,NO INJURY,MASSACHUSETTS,"D, CLASS D VEHICLES",,,,,,,,MALE,,,,Y,OPERATOR/DRIVER,,MASSACHUSETTS,"D, CLASS D VEHICLES",,,,,,,,MALE,,,,Y
5/31/16 17:29,Tuesday,LIGHT TRUCK,OTHER,,MASS AVE,RUSSELL STREET,,"MASS AVE &amp; RUSSELL STREET
Cambridge, MA
(42.36679362800004, -71.10600609899996)",,,ANGLE,ROADWAY,COLLISION WITH MOPED,DAYLIGHT,CLEAR,,NO CONTROLS,,DRY,T-INTERSECTION,"TWO-WAY, DIVIDED, UNPROTECTED MEDIAN",NO,NO,,INTERSECTION,MASS AVE,NORTHBOUND,RUSSELL STREET,EASTBOUND,,,,,,,,,,,NONE,,,PAN,MA,LIGHT TRUCK,,,,TURNING LEFT,2015,COLLISION WITH MOPED,ROGUE,NISSAN,3,,COLLISION WITH MOPED,,,,RIGHT SIDE,,,,EASTBOUND,,,,,,,,,,,FAILED TO YIELD THE RIGHT OF WAY,,,,,,,NOT DISTRACTED,,,,MA,OTHER,,Y,,TRAVELING STRAIGHT AHEAD,1998,COLLISION WITH MOTOR VEHICLE IN TRAFFIC,MABYLETTE,MOTOBECANE,1,,COLLISION WITH MOTOR VEHICLE IN TRAFFIC,,,,TOTAL / ALL AREAS,,,,NORTHBOUND,,,,,,,,,,,NO IMPROPER DRIVING,,,,,,,NOT DISTRACTED,,,UNINVOLVED OWNER,,,,,,,,,,,,,,,Y,OPERATOR/DRIVER,NO INJURY,MASSACHUSETTS,"D, CLASS D VEHICLES",,,,,,,,FEMALE,"FRONT SEAT - LEFT SIDE, OR MOTORCYLE DRIVER",SHOULDER AND LAP BELT USED,NOT TRAPPED,
6/24/16 12:06,Friday,,,,WHITE STREET,SOMERVILLE,,"WHITE STREET &amp; SOMERVILLE
Cambridge, MA
(42.36679362800004, -71.10600609899996)",1,1,ANGLE,ROADWAY,COLLISION WITH PEDALCYCLE,DAYLIGHT,CLEAR,CLEAR,TRAFFIC CONTROL SIGNAL,YES,DRY,Y-INTERSECTION,"TWO-WAY, DIVIDED, UNPROTECTED MEDIAN",NO,NO,,INTERSECTION,WHITE STREET,NORTHBOUND,SOMERVILLE,EASTBOUND,,,,,,,,,,,NONE,,,,,,,,,,,,,,,,,,,,,,,,,,,,,,,,,,,,,,,,,,,,,,,,,,,,,,,,,,,,,,,,,,,,,,,,,,,,,,,,,,,,,,,NON-MOTORIST,NON FATAL INJURY - NON INCAPACITATING,,,,,PEDESTRIAN,ENTERING OR CROSSING SPECIFIED LOCATION,MARKED CROSSWALK AT INTERSECTION,NONE USED,,FEMALE,,,,,NON-MOTORIST,NO INJURY,MASSACHUSETTS,,,,CYCLIST,ENTERING OR CROSSING SPECIFIED LOCATION,MARKED CROSSWALK AT INTERSECTION,HELMET,,MALE,,,,
6/19/16 1:31,Sunday,PASSENGER CAR,MOTORCYCLE,1920,MASSACHUSETTS AVENUE,,PORTER ROAD,"1920 MASSACHUSETTS AVENUE
Cambridge, MA
(42.389103060000025, -71.11980943899994)",,,REAR-END,ROADWAY,COLLISION WITH MOTOR VEHICLE IN TRAFFIC,DARK - LIGHTED ROADWAY,CLEAR,,NO CONTROLS,,DRY,NOT AT INTERSECTION,"TWO-WAY, DIVIDED, POSITIVE MEDIAN BARRIER",NO,NO,,NON INTERSECTION,,,,,,,SOUTHBOUND,,,,,,,,NONE,,,CON,MA,PASSENGER CAR,,,Y,TRAVELING STRAIGHT AHEAD,2015,COLLISION WITH MOTOR VEHICLE IN TRAFFIC,200,CHRYSLER,1,,COLLISION WITH MOTOR VEHICLE IN TRAFFIC,,,,RIGHT REAR,,,,SOUTHBOUND,,,,,,,,,,,NO IMPROPER DRIVING,,,,,,,UNKNOWN,,,MCN,MA,MOTORCYCLE,,,Y,TRAVELING STRAIGHT AHEAD,2006,COLLISION WITH MOTOR VEHICLE IN TRAFFIC,GSXR60,SUZUKI,1,,COLLISION WITH MOTOR VEHICLE IN TRAFFIC,,,,,,,,SOUTHBOUND,,,,,,,,,,,UNKNOWN,,,,,,,UNKNOWN,,,OPERATOR/DRIVER,NO INJURY,MASSACHUSETTS,,,,,,,,,MALE,"FRONT SEAT - LEFT SIDE, OR MOTORCYLE DRIVER",UNKNOWN,NOT TRAPPED,,UNINVOLVED OWNER,,MASSACHUSETTS,,,,,,,,,MALE,,,,Y
5/29/16 10:04,Sunday,LIGHT TRUCK,PASSENGER CAR,72,KIRKLAND ST,,,"72 KIRKLAND ST
Cambridge, MA
(42.377652856000054, -71.10920541399997)",,,"SIDESWIPE, SAME DIRECTION",ROADSIDE,COLLISION WITH MOTOR VEHICLE IN TRAFFIC,DAYLIGHT,CLOUDY,,NO CONTROLS,,DRY,NOT AT INTERSECTION,"TWO-WAY, NOT DIVIDED",NO,NO,,NON INTERSECTION,,,,,,,WESTBOUND,,,,,,,,NONE,,,PAN,MA,LIGHT TRUCK,,,,PARKED,2015,COLLISION WITH MOTOR VEHICLE IN TRAFFIC,PILOT,HONDA,1,,COLLISION WITH MOTOR VEHICLE IN TRAFFIC,,,,LEFT SIDE,,,Y,,,,,,,,,,,,OTHER IMPROPER ACTION,,,,,,,EXTERNAL DISTRACTION,,YES OTHER REASON NOT DISABLED,PAN,MA,PASSENGER CAR,,,,TRAVELING STRAIGHT AHEAD,2010,COLLISION WITH PARKED MOTOR VEHICLE,ACCORD,HONDA,1,,COLLISION WITH PARKED MOTOR VEHICLE,,,,,,,,WESTBOUND,,,,,,,,,,,UNKNOWN,UNKNOWN,,,,,,UNKNOWN,,,OPERATOR/DRIVER,NO INJURY,MASSACHUSETTS,"D, CLASS D VEHICLES",,,,,,,,MALE,"FRONT SEAT - LEFT SIDE, OR MOTORCYLE DRIVER",UNKNOWN,NOT TRAPPED,Y,OPERATOR/DRIVER,NO INJURY,MASSACHUSETTS,"D, CLASS D VEHICLES",,,,,,,,FEMALE,"FRONT SEAT - LEFT SIDE, OR MOTORCYLE DRIVER",UNKNOWN,NOT TRAPPED,Y
10/24/16 18:04,Monday,LIGHT TRUCK,LIGHT TRUCK,301,VASSAR STREET,,,"301 VASSAR STREET
Cambridge, MA
(42.355475081000066, -71.10438360099994)",,,"SIDESWIPE, SAME DIRECTION",ROADWAY,,DAYLIGHT,CLEAR,,NO CONTROLS,,DRY,NOT AT INTERSECTION,"TWO-WAY, NOT DIVIDED",,NO,,NON INTERSECTION,,,,,,,WESTBOUND,,,,,,,,NONE,,,PAN,MA,LIGHT TRUCK,,,,TRAVELING STRAIGHT AHEAD,2011,,CAYENNE,PORSH,2,,COLLISION WITH MOTOR VEHICLE IN TRAFFIC,,,,RIGHT SIDE,,,,WESTBOUND,,,,,,,,,,,NO IMPROPER DRIVING,,,,,,,NOT DISTRACTED,,,PAV,MA,LIGHT TRUCK,,,,TRAVELING STRAIGHT AHEAD,2016,,,FORD,,,,,,,,,,,,,,,,,,,,,,,,,,,,,,,,OPERATOR/DRIVER,,MASSACHUSETTS,"D, CLASS D VEHICLES",,,,,,,,MALE,,,,Y,OCCUPANT/PASSENGER,,,,,,,,,,,FEMALE,,,,
4/20/16 9:03,Wednesday,TRUCK TRACTOR (BOBTAIL),LIGHT TRUCK,160,WEBSTER AVE,,,"160 WEBSTER AVE
Cambridge, MA
(42.37036011200007, -71.09351499899998)",,,ANGLE,ROADWAY,COLLISION WITH PARKED MOTOR VEHICLE,DAYLIGHT,,,NO CONTROLS,,DRY,NOT AT INTERSECTION,"TWO-WAY, NOT DIVIDED",NO,NO,,NON INTERSECTION,,,,,,,,,,,,,,,NONE,,,APP,ME,TRUCK TRACTOR (BOBTAIL),,,,BACKING,2006,COLLISION WITH PARKED MOTOR VEHICLE,,FREIGHT,1,,COLLISION WITH PARKED MOTOR VEHICLE,,,,NONE,,,,UNKNOWN,,OTHER,,,,,,,,,VISIBILITY OBSTRUCTED,,Y,,,,2006,,,,PAN,MA,LIGHT TRUCK,,,,PARKED,2004,COLLISION WITH MOTOR VEHICLE IN TRAFFIC,EXPEDITION,FORD,0,,COLLISION WITH MOTOR VEHICLE IN TRAFFIC,,,,LEFT SIDE,,,,,,,,,,,,,,,,,,,,,,,,,OPERATOR/DRIVER,NO INJURY,MAINE,"A, CLASS A VEHICLES",,CORRECTIVE LENSES,,,,,,MALE,"FRONT SEAT - LEFT SIDE, OR MOTORCYLE DRIVER",UNKNOWN,NOT TRAPPED,,UNINVOLVED OWNER,,,"D, CLASS D VEHICLES",,,,,,,,MALE,,,,Y
6/12/16 22:17,Sunday,PASSENGER CAR,PASSENGER CAR,,WINDSOR STREET,181 MASS AVE,,"WINDSOR STREET &amp; 181 MASS AVE
Cambridge, MA
(42.36679362800004, -71.10600609899996)",,,"SIDESWIPE, SAME DIRECTION",ROADWAY,COLLISION WITH MOTOR VEHICLE IN TRAFFIC,DARK - LIGHTED ROADWAY,CLEAR,,NO CONTROLS,,DRY,T-INTERSECTION,"TWO-WAY, NOT DIVIDED",NO,NO,,INTERSECTION,WINDSOR STREET,SOUTHBOUND,181 MASS AVE,EASTBOUND,,,,,,,,,,,NONE,,,PAN,MA,PASSENGER CAR,,,,TRAVELING STRAIGHT AHEAD,2008,COLLISION WITH MOTOR VEHICLE IN TRAFFIC,CAMRY,TOYOTA,3,,COLLISION WITH MOTOR VEHICLE IN TRAFFIC,,,,LEFT SIDE,,,,EASTBOUND,,,,,,,,,,,NO IMPROPER DRIVING,,,,,,,UNKNOWN,,NO,PAN,NJ,PASSENGER CAR,,,,TRAVELING STRAIGHT AHEAD,2013,COLLISION WITH MOTOR VEHICLE IN TRAFFIC,RIO,KIA,1,,COLLISION WITH MOTOR VEHICLE IN TRAFFIC,,,,RIGHT FRONT,,,,EASTBOUND,,,,,,,,,,,FAILED TO YIELD THE RIGHT OF WAY,,,,,,,UNKNOWN,,,OPERATOR/DRIVER,NON FATAL INJURY - NON INCAPACITATING,MASSACHUSETTS,"D, CLASS D VEHICLES",,NONE,,,,,26,MALE,"FRONT SEAT - LEFT SIDE, OR MOTORCYLE DRIVER",UNKNOWN,NOT TRAPPED,Y,OPERATOR/DRIVER,NO INJURY,MASSACHUSETTS,"D, CLASS D VEHICLES",,NONE,,,,,46,MALE,"FRONT SEAT - LEFT SIDE, OR MOTORCYLE DRIVER",UNKNOWN,NOT TRAPPED,
10/23/16 20:38,Sunday,PASSENGER CAR,,,MASS AVE,DUDLEY ST,,"MASS AVE &amp; DUDLEY ST
Cambridge, MA
(42.36679362800004, -71.10600609899996)",,1,SINGLE VEHICLE CRASH,ROADWAY,COLLISION WITH PEDESTRIAN,DARK - LIGHTED ROADWAY,CLEAR,,WARNING SIGNS,,DRY,T-INTERSECTION,"TWO-WAY, DIVIDED, POSITIVE MEDIAN BARRIER",NO,NO,30,INTERSECTION,MASS AVE,WESTBOUND,DUDLEY ST,SOUTHBOUND,,,,,,,,,,,NONE,,,PAN,MA,PASSENGER CAR,,,,TRAVELING STRAIGHT AHEAD,2016,COLLISION WITH PEDESTRIAN,ACCORD,HONDA,1,,COLLISION WITH PEDESTRIAN,,,,,,,,WESTBOUND,,,,,,,,,,,FAILED TO YIELD THE RIGHT OF WAY,,,,,,,UNKNOWN,,,,,,,,,,,,,,,,,,,,,,,,,,,,,,,,,,,,,,,,,,,,,OPERATOR/DRIVER,NON FATAL INJURY - NON INCAPACITATING,MASSACHUSETTS,"D, CLASS D VEHICLES",,NONE,,,,,,FEMALE,"FRONT SEAT - LEFT SIDE, OR MOTORCYLE DRIVER",SHOULDER AND LAP BELT USED,NOT TRAPPED,Y,NON-MOTORIST,NON FATAL INJURY - INCAPACITATING,MASSACHUSETTS,,,,PEDESTRIAN,ENTERING OR CROSSING SPECIFIED LOCATION,MARKED CROSSWALK AT INTERSECTION,NONE USED,,MALE,,,,
6/8/16 16:40,Wednesday,PASSENGER CAR,,,WINDSOR ST,,STATE ST,"WINDSOR ST
Cambridge, MA
(42.365125834000025, -71.09614721399998)",,1,,ROADWAY,COLLISION WITH PEDESTRIAN,DAYLIGHT,CLEAR,,STOP SIGNS,YES,DRY,,"TWO-WAY, NOT DIVIDED",NO,NO,30,NON INTERSECTION,,,,,,,NORTHBOUND,25',WESTBOUND,,,,,,NONE,,,PAN,MA,PASSENGER CAR,,,,TURNING LEFT,2011,COLLISION WITH PEDESTRIAN,ACCORD,HONDA,1,,COLLISION WITH PEDESTRIAN,,,,,,,,NORTHBOUND,,,,,,,,,,,UNKNOWN,,,,,,,UNKNOWN,,,,,,,,,,,,,,,,,,,,,,,,,,,,,,,,,,,,,,,,,,,,,OPERATOR/DRIVER,,MASSACHUSETTS,,,,,,,,,MALE,"FRONT SEAT - LEFT SIDE, OR MOTORCYLE DRIVER",UNKNOWN,NOT TRAPPED,Y,NON-MOTORIST,NON FATAL INJURY - NON INCAPACITATING,NEW JERSEY,,,,PEDESTRIAN,ENTERING OR CROSSING SPECIFIED LOCATION,IN ROADWAY,NONE USED,,FEMALE,,,,
6/21/16 21:12,Tuesday,,,77,MASSACHUSETTS AVE,,,"77 MASSACHUSETTS AVE
Cambridge, MA
(42.358964652000054, -71.09347506199998)",1,1,ANGLE,ROADWAY,COLLISION WITH PEDESTRIAN,DARK - LIGHTED ROADWAY,CLEAR,,TRAFFIC CONTROL SIGNAL,YES,DRY,NOT AT INTERSECTION,"TWO-WAY, NOT DIVIDED",NO,NO,,NON INTERSECTION,,,,,,,NORTHBOUND,,,,,,,,NONE,,,,,,,,,,,,,,,,,,,,,,,,,,,,,,,,,,,,,,,,,,,,,,,,,,,,,,,,,,,,,,,,,,,,,,,,,,,,,,,,,,,,,,,NON-MOTORIST,,,,,,CYCLIST,"WALKING, RUNNING OR CYCLING",MARKED CROSSWALK AT INTERSECTION,HELMET,,MALE,,,,,NON-MOTORIST,NON FATAL INJURY - NON INCAPACITATING,,,,,PEDESTRIAN,ENTERING OR CROSSING SPECIFIED LOCATION,MARKED CROSSWALK AT INTERSECTION,NONE USED,,FEMALE,,,,