Date Time,Day of Week,Object 1,Object 2,Street Number,Street Name,Cross Street,Near Street,Location,May involve cyclist,May Involve Pedestrian,Manner of Collision,First Harmful Event Location,First Harmful Event,Ambient Light,Weather Condition 1,Weather Condition 2,Traffic Control Device Type,Traffic Control Device Functionality,Road Surface Condition,Roadway Junction Type,Trafficway Description,School Bus Related,Work Zone,Speed Limit,Street or Intersection,Intersection Name 1,Intersection Direction 1,Intersection Name 2,Intersection Direction 2,Intersection Name 3,Intersection Direction 3,Street Direction,Nearest Intersection Distance,Nearest Intersection Direction,Landmark Distance,Landmark Direction,Landmark,Mile Marker Direction,Non Public Area,Road Contributing,Damaged Property Type,Description of Damaged Property,V1 Registration Type,v1 State Code,V1 Configuration,V1 Emergency Response,V1 Moped,V1 Hit and Run,V1 Action Prior to Crash,V1 Model Year,V1 Most Harmful Event,V1 Model,V1 Make,V1 Occupant Count,V1 Underride Override,V1 First Event,V1 Second Event,V1 Third Event,V1 Fourth Event,V1 Most Damaged Area,V1 Second Damaged Area,V1 Third Damaged Area,V1 Towed,V1 Travel Direction,V1 Interstate,V1 Cargo Body Type,V1 Gross Weight,V1 Haz Placard,V1 Haz Release,V1 Trailer Reg Type,V1 Trailer Reg Plate,V1 Trailer Reg State,V1 Trailer Reg Year,V1 Trailer Len,V1 Driver Contribution,V1 Driver Contribution 2,V1 Is Truck,V1 Has Trailer,V1 Is Bus,V1 Is Hazmat,V1 Reg Year,V1 Driver Distracted,V1 Bus Use,V1 Tow Use,V2 Registration Type,V2 State Code,V2 Configuration,V2 Emergency Response,V2 Moped,V2 Hit and Run,V2 Action Prior to Crash,V2 Model Year,V2 Most Harmful Event,V2 Model,V2 Make,V2 Occupant Count,V2 Underride Override,V2 First Event,V2 Second Event,V2 Third Event,V2 Fourth Event,V2 Most Damaged Area,V2 Second Damaged Area,V2 Third Damaged Area,V2 Towed,V2 Travel Direction,V2 Interstate,V2 Cargo Body Type,V2 Gross Weight,V2 Haz Placard,V2 Haz Release,V2 Trailer Reg Type,V2 Trailer Reg Plate,V2 Trailer Reg State,V2 Trailer Reg Year,V2 Trailer Len,V2 Driver Contribution,V2 Driver Contribution 2,V2 Is Truck,V2 Has Trailer,V2 Is Bus,V2 Is Hazmat,V2 Reg Year,V2 Driver Distracted,V2 Bus Use,V2 Tow Use,P1 Role,P1 Injury,P1 Drivers Lic State,P1 Drivers Lic Class 1,P1 Drivers Lic Class 2,P1 Drivers Lic Restrict,P1 Non Motorist Desc,P1 Non Motorist Action,P1 Non Motorist Location,P1 Safety Equipment,P1 Age,P1 Sex,P1 Seat Position,P1 Safety System,P1 Trapped,P1 Veh Owner,P2 Role,P2 Injury,P2 Drivers Lic State,P2 Drivers Lic Class 1,P2 Drivers Lic Class 2,P2 Drivers Lic Restrict,P2 Non Motorist Desc,P2 Non Motorist Action,P2 Non Motorist Location,P2 Safety Equipment,P2 Age,P2 Sex,P2 Seat Position,P2 Safety System,P2 Trapped,P2 Veh Owner
8/10/16 13:41,Wednesday,SINGLE UNIT TRUCK (2 AXLES - 6 TIRES),LIGHT TRUCK,51,RICHDALE AVE,,HERLBUT ST,"51 RICHDALE AVE
Cambridge, MA
(42.38848649200003, -71.12280486099996)",,,"SIDESWIPE, SAME DIRECTION",ROADWAY,COLLISION WITH MOTOR VEHICLE IN TRAFFIC,OTHER,RAIN,,NO CONTROLS,,WET,NOT AT INTERSECTION,"TWO-WAY, NOT DIVIDED",NO,NO,30,NON INTERSECTION,,,,,,,,,,,,,,,NONE,,,CON,MA,SINGLE UNIT TRUCK (2 AXLES - 6 TIRES),,,,PARKED,1998,COLLISION WITH MOTOR VEHICLE IN TRAFFIC,100SEL,INTERNATIONAL,1,,COLLISION WITH MOTOR VEHICLE IN TRAFFIC,,,,LEFT FRONT,,,,,,,,,,,,,,,UNKNOWN,,,,,,,UNKNOWN,,,PAN,MA,LIGHT TRUCK,,,,TRAVELING STRAIGHT AHEAD,2015,COLLISION WITH PARKED MOTOR VEHICLE,PATHFINDER,NISSAN,4,,COLLISION WITH PARKED MOTOR VEHICLE,,,,RIGHT SIDE,,,,,,,,,,,,,,,UNKNOWN,,,,,,,UNKNOWN,,,OPERATOR/DRIVER,NO INJURY,MASSACHUSETTS,"D, CLASS D VEHICLES",,,,,,,,MALE,"FRONT SEAT - LEFT SIDE, OR MOTORCYLE DRIVER",UNKNOWN,NOT TRAPPED,,UNINVOLVED OWNER,,,,,,,,,,,UNKNOWN,,,,Y
8/1/16 0:20,Monday,PASSENGER CAR,,543,GREEN ST,,HANCOCK ST,"543 GREEN ST
Cambridge, MA
(42.36803603800007, -71.10993969999998)",,,REAR-END,ROADWAY,COLLISION WITH MOTOR VEHICLE IN TRAFFIC,DARK - LIGHTED ROADWAY,CLEAR,,NO CONTROLS,,DRY,NOT AT INTERSECTION,"ONE-WAY, NOT DIVIDED",NO,NO,,NON INTERSECTION,,,,,,,NORTHBOUND,,,,,,,,NONE,,,,MN,PASSENGER CAR,,,Y,BACKING,2011,COLLISION WITH MOTOR VEHICLE IN TRAFFIC,CAMRY,TOYOTA,1,,COLLISION WITH MOTOR VEHICLE IN TRAFFIC,,,,REAR CENTER,,,,NORTHBOUND,,,,,,,,,,,NO IMPROPER DRIVING,,,,,,,NOT DISTRACTED,,,,,,,,,,,,,,,,,,,,,,,,,,,,,,,,,,,,,,,,,,,,,OPERATOR/DRIVER,NO INJURY,,,,,,,,,,MALE,"FRONT SEAT - LEFT SIDE, OR MOTORCYLE DRIVER",SHOULDER AND LAP BELT USED,NOT TRAPPED,,UNINVOLVED OWNER,,,,,,,,,,,UNKNOWN,,,,Y
5/21/16 21:15,Saturday,PASSENGER CAR,,402,RINDGE AVE PARKING LOT,,,"402 RINDGE AVE PARKING LOT
Cambridge, MA
(42.39397149400003, -71.13982281899996)",,,,,,,,,,,,,,,,5,NON INTERSECTION,,,,,,,,,,,,,,,,,,PAN,MA,PASSENGER CAR,,,,PARKED,2011,,PILOT,HONDA,0,,,,,,,,,,,,,,,,,,,,,,,,,,,,,,,,,,,,,,,,,,,,,,,,,,,,,,,,,,,,,,,,,,,,,,,,,UNINVOLVED OWNER,,MASSACHUSETTS,"D, CLASS D VEHICLES",,,,,,,,MALE,,,,Y,,,,,,,,,,,,,,,,
1/4/16 9:56,Monday,,,26,DUNSTER STREET,,,"26 DUNSTER STREET
Cambridge, MA
(42.37263290300007, -71.11909030499999)",,,SINGLE VEHICLE CRASH,ROADSIDE,,UNKNOWN,UNKNOWN,UNKNOWN,NO CONTROLS,,UNKNOWN,NOT AT INTERSECTION,"ONE-WAY, NOT DIVIDED",NO,YES,30,NON INTERSECTION,,,,,,,SOUTHBOUND,,,,,,,,,OTHER,THREE FENCE PANELS AND CEMENT FOOTING,,,,,,Y,TRAVELING STRAIGHT AHEAD,,COLLISION WITH OTHER MOVABLE OBJECT,,,,,COLLISION WITH OTHER MOVABLE OBJECT,,,,LEFT FRONT,,,,,,,,,,,,,,,FAILURE TO KEEP IN PROPER LANE OR RUNNING OFF ROAD,,,,,,,,,NO,,,,,,,,,,,,,,,,,,,,,,,,,,,,,,,,,,,,,,,,,,,,,,,,,,,,,,,,,,,,,,,,,,,,,,,,,,
8/12/16 6:30,Friday,BUS SEATS MORE THAN 15 PEOPLE,,,CAMBRIDGESIDE PLACE,,,"Cambridge, MA
(42.36679362800004, -71.10600609899996)",,,UNKNOWN,,,UNKNOWN,UNKNOWN,,,NO,OTHER,NOT AT INTERSECTION,,NO,NO,,INTERSECTION,CAMBRIDGESIDE PLACE,,,,,,,,,,,,,MALL/SHOPPING CENTER,,,,BSN,FL,BUS SEATS MORE THAN 15 PEOPLE,,,Y,PARKED,2014,,5547,PREVOST,,,,,,,CENTER FRONT,,,,,,,,,,,,,,,NO IMPROPER DRIVING,,,,,,,,,,,,,,,,,,,,,,,,,,,,,,,,,,,,,,,,,,,,,,,,,,,,UNINVOLVED OWNER,,,,,,,,,,,,,,,Y,,,,,,,,,,,,,,,,
6/15/16 19:35,Wednesday,LIGHT TRUCK,,,MT AUBURN ST,DEWOLFE ST,,"MT AUBURN ST &amp; DEWOLFE ST
Cambridge, MA
(42.36679362800004, -71.10600609899996)",1,,SINGLE VEHICLE CRASH,ROADWAY,COLLISION WITH PEDALCYCLE,DUSK,CLEAR,,TRAFFIC CONTROL SIGNAL,YES,DRY,FOUR WAY INTERSECTION,"ONE-WAY, NOT DIVIDED",NO,NO,30,INTERSECTION,MT AUBURN ST,EASTBOUND,DEWOLFE ST,SOUTHBOUND,,,,,,,,,,,OTHER,,,LVN,MA,LIGHT TRUCK,,,,TURNING RIGHT,2011,COLLISION WITH PEDALCYCLE,ECONOLINE,FORD,1,,COLLISION WITH PEDALCYCLE,,,,RIGHT FRONT,,,,EASTBOUND,,,,,,,,,,,NO IMPROPER DRIVING,,,,,,,UNKNOWN,,,,,,,,,,,,,,,,,,,,,,,,,,,,,,,,,,,,,,,,,,,,,UNINVOLVED OWNER,,,,,,,,,,,,,,,Y,OPERATOR/DRIVER,NO INJURY,MASSACHUSETTS,"D, CLASS D VEHICLES",,CORRECTIVE LENSES,,,,,,FEMALE,"FRONT SEAT - LEFT SIDE, OR MOTORCYLE DRIVER",UNKNOWN,NOT TRAPPED,
5/26/16 20:59,Thursday,LIGHT TRUCK,PASSENGER CAR,,WESTERN AVE,,BLACKSTONE STREET,"WESTERN AVE
Cambridge, MA
(42.36476636100008, -71.11055786899993)",,,"SIDESWIPE, SAME DIRECTION",,,DAYLIGHT,CLEAR,,,,DRY,NOT AT INTERSECTION,"ONE-WAY, NOT DIVIDED",NO,NO,,NON INTERSECTION,,,,,,,WESTBOUND,,SOUTHBOUND,,,,,,NONE,,,TAN,MA,LIGHT TRUCK,,,,TRAVELING STRAIGHT AHEAD,2008,,ESCAPE,FORD,1,,COLLISION WITH MOTOR VEHICLE IN TRAFFIC,,,,RIGHT SIDE,,,,WESTBOUND,,,,,,,,,,,UNKNOWN,,,,,,,,,,PAN,MA,PASSENGER CAR,,,Y,OVERTAKING / PASSING,2013,,TSX,ACURA,1,,COLLISION WITH MOTOR VEHICLE IN TRAFFIC,,,,,,,,WESTBOUND,,,,,,,,,,,UNKNOWN,,,,,,,,,,OPERATOR/DRIVER,,MASSACHUSETTS,"D, CLASS D VEHICLES",,,,,,,,MALE,,,,,OPERATOR/DRIVER,,,,,,,,,,,UNKNOWN,,,,
10/24/16 22:29,Monday,LIGHT TRUCK,SINGLE UNIT TRUCK (2 AXLES - 6 TIRES),,CAMBRIDGE TERRACE,,RICHDALE AVE,"CAMBRIDGE TERRACE
Cambridge, MA
(42.38806780200008, -71.12331083499998)",,,"SIDESWIPE, SAME DIRECTION",,,DAYLIGHT,RAIN,,,NO,,NOT AT INTERSECTION,"ONE-WAY, NOT DIVIDED",NO,NO,,NON INTERSECTION,,,,,,,EASTBOUND,,,,,,,,,,,PAN,MA,LIGHT TRUCK,,,,PARKED,2006,,MURANO,NISSAN,0,,COLLISION WITH MOTOR VEHICLE IN TRAFFIC,,,,LEFT SIDE,OTHER,,,,,,,,,,,,,,,,,,,,,,,,CON,MA,SINGLE UNIT TRUCK (2 AXLES - 6 TIRES),,,Y,TRAVELING STRAIGHT AHEAD,0,,TRUCK,UNKNOWN,1,,COLLISION WITH PARKED MOTOR VEHICLE,,,,,,,,,,,,,,,,,,,FAILURE TO KEEP IN PROPER LANE OR RUNNING OFF ROAD,,,,,,,UNKNOWN,,,UNINVOLVED OWNER,,MASSACHUSETTS,"D, CLASS D VEHICLES",,,,,,,,MALE,,,,,OPERATOR/DRIVER,,MASSACHUSETTS,,,,,,,,,UNKNOWN,,,,
8/18/16 18:35,Thursday,LIGHT TRUCK,LIGHT TRUCK,1433,MASSACHUSETTS AVENUE,,CHURCH STREET,"1433 MASSACHUSETTS AVENUE
Cambridge, MA
(42.374609355000075, -71.11866676599993)",,,"SIDESWIPE, SAME DIRECTION",ROADWAY,COLLISION WITH MOTOR VEHICLE IN TRAFFIC,DAYLIGHT,CLEAR,,NO CONTROLS,,DRY,NOT AT INTERSECTION,"TWO-WAY, DIVIDED, UNPROTECTED MEDIAN",NO,NO,30,NON INTERSECTION,,,,,,,NORTHBOUND,30,NORTHBOUND,0,NORTHBOUND,JOHNSON GATE HARVARD UNIVERSITY YARD,,,NONE,,,PAN,MA,LIGHT TRUCK,,,,CHANGING LANES,2016,COLLISION WITH MOTOR VEHICLE IN TRAFFIC,RAV 4,TOYOTA,1,,COLLISION WITH MOTOR VEHICLE IN TRAFFIC,,,,LEFT FRONT,,,,NORTHBOUND,,,,,,,,,,,DISTRACTED,OVER CORRECTING / OVER STEERING,,,,,,EXTERNAL DISTRACTION,,NO,PAV,MA,LIGHT TRUCK,,,,TRAVELING STRAIGHT AHEAD,2015,COLLISION WITH MOTOR VEHICLE IN TRAFFIC,TRANSI VAN,FORD,2,,COLLISION WITH MOTOR VEHICLE IN TRAFFIC,,,,RIGHT REAR,,,,NORTHBOUND,,,,,,,,,,,NO IMPROPER DRIVING,,,,,,,NOT DISTRACTED,,NO,OPERATOR/DRIVER,NO INJURY,MASSACHUSETTS,"D, CLASS D VEHICLES",,NONE,,,,,,MALE,"FRONT SEAT - LEFT SIDE, OR MOTORCYLE DRIVER",SHOULDER AND LAP BELT USED,NOT TRAPPED,,OPERATOR/DRIVER,NO INJURY,MASSACHUSETTS,"D, CLASS D VEHICLES",,NONE,,,,,,MALE,"FRONT SEAT - LEFT SIDE, OR MOTORCYLE DRIVER",SHOULDER AND LAP BELT USED,NOT TRAPPED,Y
5/25/16 10:16,Wednesday,BUS SEATS MORE THAN 15 PEOPLE,,,AMES ST,,AMHERST ST,"AMES ST
Cambridge, MA
(42.361465433000035, -71.08829511699997)",1,,ANGLE,ROADWAY,COLLISION WITH PEDALCYCLE,DAYLIGHT,CLEAR,CLEAR,NO CONTROLS,,DRY,NOT AT INTERSECTION,"TWO-WAY, NOT DIVIDED",NO,NO,,NON INTERSECTION,,,,,,,EASTBOUND,,SOUTHBOUND,,,,,,NONE,OTHER,SHOGUN PINK WOMEN'S BICYCLE,BUN,MA,BUS SEATS MORE THAN 15 PEOPLE,,,,TRAVELING STRAIGHT AHEAD,2009,COLLISION WITH PEDALCYCLE,BUS,ELDOR EZRIDE,1,,COLLISION WITH PEDALCYCLE,COLLISION WITH PEDALCYCLE,,,RIGHT FRONT,,,,EASTBOUND,,,,,,,,,,,NO IMPROPER DRIVING,,,,Y,,,NOT DISTRACTED,INTERCITY,NO,,,,,,,,,,,,,,,,,,,,,,,,,,,,,,,,,,,,,,,,,,,OPERATOR/DRIVER,NO INJURY,MASSACHUSETTS,"B, CLASS B VEHICLES",,,,,,,,MALE,"FRONT SEAT - LEFT SIDE, OR MOTORCYLE DRIVER",SHOULDER AND LAP BELT USED,NOT TRAPPED,,NON-MOTORIST,NON FATAL INJURY - INCAPACITATING,CALIFORNIA,,,,CYCLIST,ENTERING OR CROSSING SPECIFIED LOCATION,CYCLIST,HELMET,,FEMALE,,,,
5/19/16 7:27,Thursday,LIGHT TRUCK,PASSENGER CAR,150,BROADWAY,,,"150 BROADWAY
Cambridge, MA
(42.364929482000036, -71.08990565799996)",,,ANGLE,ROADWAY,COLLISION WITH PARKED MOTOR VEHICLE,DAYLIGHT,CLEAR,,NO CONTROLS,,DRY,NOT AT INTERSECTION,"ONE-WAY, NOT DIVIDED",NO,NO,,NON INTERSECTION,,,,,,,,,,,,,,,NONE,,,PAS,MA,LIGHT TRUCK,,,,PARKED,2014,,RAM,DODGE,1,,COLLISION WITH PARKED MOTOR VEHICLE,,,,CENTER FRONT,,,,,,,,,,,,,,,NO IMPROPER DRIVING,,,,,,,,,,CON,MA,PASSENGER CAR,,,Y,BACKING,2008,,TRIBUTE,MAZDA,1,,COLLISION WITH PARKED MOTOR VEHICLE,,,,,,,,,,,,,,,,,,,INATTENTION,,,,,,,,,,OPERATOR/DRIVER,NO INJURY,MASSACHUSETTS,"D, CLASS D VEHICLES",,,,,,,,MALE,"FRONT SEAT - LEFT SIDE, OR MOTORCYLE DRIVER",,,Y,UNINVOLVED OWNER,,,,,,,,,,,,,,,Y
7/18/16 8:09,Monday,LIGHT TRUCK,PASSENGER CAR,,GARDEN STREET,GARDEN TERRACE,,"GARDEN STREET &amp; GARDEN TERRACE
Cambridge, MA
(42.36679362800004, -71.10600609899996)",,,ANGLE,ROADWAY,,DAYLIGHT,CLEAR,CLEAR,NO CONTROLS,,DRY,T-INTERSECTION,"TWO-WAY, NOT DIVIDED",NO,NO,30,INTERSECTION,GARDEN STREET,EASTBOUND,GARDEN TERRACE,NORTHBOUND,,,,,,,,,,,NONE,,,PAN,MA,LIGHT TRUCK,,,,TRAVELING STRAIGHT AHEAD,2012,COLLISION WITH MOTOR VEHICLE IN TRAFFIC,ML350,MERCEDES,2,,COLLISION WITH MOTOR VEHICLE IN TRAFFIC,,,,RIGHT SIDE,,,,EASTBOUND,,,,,,,,,,,NO IMPROPER DRIVING,,,,,,,NOT DISTRACTED,,NO,PAN,MA,PASSENGER CAR,,,,TRAVELING STRAIGHT AHEAD,2015,COLLISION WITH MOTOR VEHICLE IN TRAFFIC,S550,MERCEDES,2,,COLLISION WITH MOTOR VEHICLE IN TRAFFIC,,,,RIGHT FRONT,,,,NORTHBOUND,,,,,,,,,,,UNKNOWN,,,,,,,UNKNOWN,,NO,OPERATOR/DRIVER,NO INJURY,MASSACHUSETTS,"D, CLASS D VEHICLES",,NONE,,,,,,FEMALE,"FRONT SEAT - LEFT SIDE, OR MOTORCYLE DRIVER",UNKNOWN,NOT TRAPPED,Y,OPERATOR/DRIVER,NO INJURY,MASSACHUSETTS,"D, CLASS D VEHICLES",,NONE,,,,,,MALE,"FRONT SEAT - LEFT SIDE, OR MOTORCYLE DRIVER",UNKNOWN,NOT TRAPPED,Y
6/15/16 15:00,Wednesday,PASSENGER CAR,PASSENGER CAR,305,RIVER ST,,PUTNAM AVE,"305 RIVER ST
Cambridge, MA
(42.36239602000006, -71.11328944399997)",,,UNKNOWN,ROADWAY,COLLISION WITH PARKED MOTOR VEHICLE,DAYLIGHT,CLEAR,,NO CONTROLS,,DRY,NOT AT INTERSECTION,"ONE-WAY, NOT DIVIDED",NO,NO,,NON INTERSECTION,,,,,,,,,,,,,,,,,,PAN,MA,PASSENGER CAR,,,,PARKED,2011,COLLISION WITH MOTOR VEHICLE IN TRAFFIC,E350,MERZ,0,,COLLISION WITH MOTOR VEHICLE IN TRAFFIC,,,,CENTER FRONT,,,,,,,,,,,,,,,,,,,,,,,,NO,PAN,MA,PASSENGER CAR,,,Y,BACKING,2007,COLLISION WITH PARKED MOTOR VEHICLE,VERSA,NISS,1,,COLLISION WITH PARKED MOTOR VEHICLE,,,,UNKNOWN,,,,SOUTHBOUND,,,,,,,,,,,OTHER IMPROPER ACTION,,,,,,,,,NO,UNINVOLVED OWNER,,,,,,,,,,,FEMALE,,,,Y,UNINVOLVED OWNER,UNKNOWN,MASSACHUSETTS,,,,,,,,,FEMALE,,,,Y
5/26/16 20:21,Thursday,PASSENGER CAR,PASSENGER CAR,,KIRKLAND ST,,IRVING ST,"KIRKLAND ST
Cambridge, MA
(42.377198339000074, -71.11144704699996)",,,"SIDESWIPE, OPPOSITE DIRECTION",ROADWAY,COLLISION WITH MOTOR VEHICLE IN TRAFFIC,DAYLIGHT,CLEAR,,NO CONTROLS,,DRY,NOT AT INTERSECTION,"TWO-WAY, DIVIDED, UNPROTECTED MEDIAN",NO,NO,30,NON INTERSECTION,,,,,,,WESTBOUND,,,,,,,,NONE,,,PAN,MA,PASSENGER CAR,,,,TRAVELING STRAIGHT AHEAD,2006,COLLISION WITH PARKED MOTOR VEHICLE,SCION,TOYOTA,1,,COLLISION WITH MOTOR VEHICLE IN TRAFFIC,,,,TOTAL / ALL AREAS,,,Y,WESTBOUND,,,,,,,,,,,FAILURE TO KEEP IN PROPER LANE OR RUNNING OFF ROAD,,,,,,,UNKNOWN,,YES VEHICLE OR TRAILER DISABLED,PAN,MA,PASSENGER CAR,,,,TRAVELING STRAIGHT AHEAD,1992,COLLISION WITH MOTOR VEHICLE IN TRAFFIC,CUTLAS,OLDSMOBILE,1,,COLLISION WITH MOTOR VEHICLE IN TRAFFIC,,,,LEFT SIDE,LEFT REAR,,,EASTBOUND,,,,,,,,,,,NO IMPROPER DRIVING,,,,,,,NOT DISTRACTED,,,OPERATOR/DRIVER,NON FATAL INJURY - INCAPACITATING,MASSACHUSETTS,"D, CLASS D VEHICLES",,,,,,,,FEMALE,"FRONT SEAT - LEFT SIDE, OR MOTORCYLE DRIVER",SHOULDER AND LAP BELT USED,FREED BY NON MECHANICAL MEANS,Y,OPERATOR/DRIVER,NO INJURY,MASSACHUSETTS,"D, CLASS D VEHICLES",,,,,,,,MALE,"FRONT SEAT - LEFT SIDE, OR MOTORCYLE DRIVER",SHOULDER AND LAP BELT USED,NOT TRAPPED,
5/13/16 8:40,Friday,PASSENGER CAR,,,BROADWAY,THIRD,,"BROADWAY &amp; THIRD
Cambridge, MA
(42.36679362800004, -71.10600609899996)",1,,"SIDESWIPE, SAME DIRECTION",ROADWAY,COLLISION WITH PEDALCYCLE,DAYLIGHT,CLOUDY,,TRAFFIC CONTROL SIGNAL,YES,DRY,T-INTERSECTION,"TWO-WAY, DIVIDED, POSITIVE MEDIAN BARRIER",NO,NO,,INTERSECTION,BROADWAY,EASTBOUND,THIRD,SOUTHBOUND,,,,,,,,,,,UNKNOWN,OTHER,BICYCLE,PAN,MA,PASSENGER CAR,,,Y,TRAVELING STRAIGHT AHEAD,2011,COLLISION WITH PEDALCYCLE,IS250,LEXUS,1,,COLLISION WITH PEDALCYCLE,COLLISION WITH MOTOR VEHICLE IN TRAFFIC,,,UNKNOWN,,,,EASTBOUND,,,,,,,,,,,FAILURE TO KEEP IN PROPER LANE OR RUNNING OFF ROAD,,,,,,,,,,,,,,,,,,,,,,,,,,,,,,,,,,,,,,,,,,,,,,,,,,,,NON-MOTORIST,,,,,,CYCLIST,"WALKING, RUNNING OR CYCLING",CYCLIST,UNKNOWN,,MALE,,,,,OPERATOR/DRIVER,,MASSACHUSETTS,,,,,,,,,FEMALE,,,,Y
7/24/16 4:09,Sunday,PASSENGER CAR,PASSENGER CAR,,MAIN ST,ALBANY ST,,"MAIN ST &amp; ALBANY ST
Cambridge, MA
(42.36679362800004, -71.10600609899996)",,,"SIDESWIPE, SAME DIRECTION",ROADWAY,COLLISION WITH MOTOR VEHICLE IN TRAFFIC,DARK - LIGHTED ROADWAY,CLEAR,,STOP SIGNS,YES,DRY,T-INTERSECTION,,NO,NO,,INTERSECTION,MAIN ST,EASTBOUND,ALBANY ST,NORTHBOUND,,,,,,,,,,,NONE,,,PAN,MA,PASSENGER CAR,,,Y,TURNING RIGHT,2015,COLLISION WITH MOTOR VEHICLE IN TRAFFIC,RAV4,TOYOTA,1,,COLLISION WITH MOTOR VEHICLE IN TRAFFIC,,,,UNKNOWN,,,,NORTHBOUND,,,,,,,,,,,UNKNOWN,,,,,,,UNKNOWN,,,PAN,MA,PASSENGER CAR,,,,TRAVELING STRAIGHT AHEAD,2013,COLLISION WITH MOTOR VEHICLE IN TRAFFIC,E350W4,MERCEDEZ,4,,COLLISION WITH MOTOR VEHICLE IN TRAFFIC,,,,RIGHT FRONT,,,,EASTBOUND,,,,,,,,,,,NO IMPROPER DRIVING,,,,,,,NOT DISTRACTED,,,UNINVOLVED OWNER,,MASSACHUSETTS,"D, CLASS D VEHICLES",,,,,,,,MALE,,,,Y,OPERATOR/DRIVER,NO INJURY,MASSACHUSETTS,,,,,,,,,MALE,"FRONT SEAT - LEFT SIDE, OR MOTORCYLE DRIVER",,NOT TRAPPED,Y
10/1/16 18:52,Saturday,PASSENGER CAR,,,CAMBRIDGE,,TREMONT,"CAMBRIDGE
Cambridge, MA
(42.38806780200008, -71.12331083499998)",,,"SIDESWIPE, SAME DIRECTION",ROADWAY,COLLISION WITH MOTOR VEHICLE IN TRAFFIC,DARK - LIGHTED ROADWAY,CLOUDY,RAIN,NO CONTROLS,NO,WET,,"TWO-WAY, NOT DIVIDED",NO,NO,,NON INTERSECTION,,,,,,,EASTBOUND,,EASTBOUND,,,,,,NONE,,,PAN,MA,PASSENGER CAR,,,Y,TRAVELING STRAIGHT AHEAD,2004,,GTI,VW,1,,,,,,RIGHT SIDE,RIGHT REAR,,,EASTBOUND,,,,,,,,,,,NO IMPROPER DRIVING,,,,,,,UNKNOWN,,,PAN,,,,,Y,MAKING U-TURN,,,CRV,HONDA,1,,,,,,LEFT FRONT,,,,WESTBOUND,,,,,,,,,,,MADE AN IMPROPER TURN,,,,,,,UNKNOWN,,,OPERATOR/DRIVER,,MASSACHUSETTS,,,,,,,,,MALE,"FRONT SEAT - LEFT SIDE, OR MOTORCYLE DRIVER",UNKNOWN,NOT TRAPPED,Y,,,,,,,,,,,,,,,,
10/6/16 23:51,Thursday,LIGHT TRUCK,,,HUBBARD AVE,RAYMOND STREET,,"HUBBARD AVE &amp; RAYMOND STREET
Cambridge, MA
(42.36679362800004, -71.10600609899996)",1,,"SIDESWIPE, OPPOSITE DIRECTION",ROADWAY,COLLISION WITH OTHER MOVABLE OBJECT,DARK - UNKNOWN ROADWAY LIGHTING,CLEAR,,NO CONTROLS,,DRY,T-INTERSECTION,"TWO-WAY, NOT DIVIDED",NO,NO,,INTERSECTION,HUBBARD AVE,,RAYMOND STREET,,,,,,,,,,,,NONE,,,PAN,MA,LIGHT TRUCK,,,,TURNING LEFT,1997,COLLISION WITH OTHER MOVABLE OBJECT,BLAZER,CHEVROLET,1,,COLLISION WITH OTHER MOVABLE OBJECT,,,,UNKNOWN,,,,,,,,,,,,,,,NO IMPROPER DRIVING,,,,,,,UNKNOWN,,,,,,,,,,,,,,,,,,,,,,,,,,,,,,,,,,,,,,,,,,,,,OPERATOR/DRIVER,NO INJURY,MASSACHUSETTS,,,,,,,,,MALE,"FRONT SEAT - LEFT SIDE, OR MOTORCYLE DRIVER",,NOT TRAPPED,Y,NON-MOTORIST,NON FATAL INJURY - POSSIBLE,MASSACHUSETTS,,,,CYCLIST,"WALKING, RUNNING OR CYCLING",UNKNOWN,HELMET,,MALE,,,,
7/16/16 21:26,Saturday,PASSENGER CAR,,,WALDEN STREET,,,"WALDEN STREET
Cambridge, MA
(42.38448093000005, -71.13338832199997)",,1,SINGLE VEHICLE CRASH,ROADWAY,COLLISION WITH PEDESTRIAN,DARK - LIGHTED ROADWAY,CLEAR,,NO CONTROLS,,DRY,NOT AT INTERSECTION,"TWO-WAY, NOT DIVIDED",NO,NO,30,NON INTERSECTION,,,,,,,,,,,,RAYMOND PARK,,,,,,PAN,MA,PASSENGER CAR,,,,TRAVELING STRAIGHT AHEAD,2014,COLLISION WITH PEDESTRIAN,CIVIC,HONDA,2,,COLLISION WITH PEDESTRIAN,COLLISION WITH PEDESTRIAN,COLLISION WITH PEDESTRIAN,,RIGHT FRONT,RIGHT FRONT,RIGHT FRONT,,SOUTHBOUND,,,,,,,,,,,INATTENTION,,,,,,,UNKNOWN,,NO,,,,,,,,,,,,,,,,,,,,,,,,,,,,,,,,,,,,,,,,,,,OPERATOR/DRIVER,NO INJURY,MASSACHUSETTS,,,,,,,,,FEMALE,"FRONT SEAT - LEFT SIDE, OR MOTORCYLE DRIVER",UNKNOWN,NOT TRAPPED,Y,NON-MOTORIST,NON FATAL INJURY - POSSIBLE,,,,,PEDESTRIAN,ENTERING OR CROSSING SPECIFIED LOCATION,NON-INTERSECTION CROSSWALK,NONE USED,,MALE,,,,