Date Time,Day of Week,Object 1,Object 2,Street Number,Street Name,Cross Street,Near Street,Location,May involve cyclist,May Involve Pedestrian,Manner of Collision,First Harmful Event Location,First Harmful Event,Ambient Light,Weather Condition 1,Weather Condition 2,Traffic Control Device Type,Traffic Control Device Functionality,Road Surface Condition,Roadway Junction Type,Trafficway Description,School Bus Related,Work Zone,Speed Limit,Street or Intersection,Intersection Name 1,Intersection Direction 1,Intersection Name 2,Intersection Direction 2,Intersection Name 3,Intersection Direction 3,Street Direction,Nearest Intersection Distance,Nearest Intersection Direction,Landmark Distance,Landmark Direction,Landmark,Mile Marker Direction,Non Public Area,Road Contributing,Damaged Property Type,Description of Damaged Property,V1 Registration Type,v1 State Code,V1 Configuration,V1 Emergency Response,V1 Moped,V1 Hit and Run,V1 Action Prior to Crash,V1 Model Year,V1 Most Harmful Event,V1 Model,V1 Make,V1 Occupant Count,V1 Underride Override,V1 First Event,V1 Second Event,V1 Third Event,V1 Fourth Event,V1 Most Damaged Area,V1 Second Damaged Area,V1 Third Damaged Area,V1 Towed,V1 Travel Direction,V1 Interstate,V1 Cargo Body Type,V1 Gross Weight,V1 Haz Placard,V1 Haz Release,V1 Trailer Reg Type,V1 Trailer Reg Plate,V1 Trailer Reg State,V1 Trailer Reg Year,V1 Trailer Len,V1 Driver Contribution,V1 Driver Contribution 2,V1 Is Truck,V1 Has Trailer,V1 Is Bus,V1 Is Hazmat,V1 Reg Year,V1 Driver Distracted,V1 Bus Use,V1 Tow Use,V2 Registration Type,V2 State Code,V2 Configuration,V2 Emergency Response,V2 Moped,V2 Hit and Run,V2 Action Prior to Crash,V2 Model Year,V2 Most Harmful Event,V2 Model,V2 Make,V2 Occupant Count,V2 Underride Override,V2 First Event,V2 Second Event,V2 Third Event,V2 Fourth Event,V2 Most Damaged Area,V2 Second Damaged Area,V2 Third Damaged Area,V2 Towed,V2 Travel Direction,V2 Interstate,V2 Cargo Body Type,V2 Gross Weight,V2 Haz Placard,V2 Haz Release,V2 Trailer Reg Type,V2 Trailer Reg Plate,V2 Trailer Reg State,V2 Trailer Reg Year,V2 Trailer Len,V2 Driver Contribution,V2 Driver Contribution 2,V2 Is Truck,V2 Has Trailer,V2 Is Bus,V2 Is Hazmat,V2 Reg Year,V2 Driver Distracted,V2 Bus Use,V2 Tow Use,P1 Role,P1 Injury,P1 Drivers Lic State,P1 Drivers Lic Class 1,P1 Drivers Lic Class 2,P1 Drivers Lic Restrict,P1 Non Motorist Desc,P1 Non Motorist Action,P1 Non Motorist Location,P1 Safety Equipment,P1 Age,P1 Sex,P1 Seat Position,P1 Safety System,P1 Trapped,P1 Veh Owner,P2 Role,P2 Injury,P2 Drivers Lic State,P2 Drivers Lic Class 1,P2 Drivers Lic Class 2,P2 Drivers Lic Restrict,P2 Non Motorist Desc,P2 Non Motorist Action,P2 Non Motorist Location,P2 Safety Equipment,P2 Age,P2 Sex,P2 Seat Position,P2 Safety System,P2 Trapped,P2 Veh Owner
8/2/16 19:47,Tuesday,PASSENGER CAR,,,CAMBRIDGE TERR,,RICHDALE AVE,"CAMBRIDGE TERR
Cambridge, MA
(42.38806780200008, -71.12331083499998)",,,"SIDESWIPE, SAME DIRECTION",ROADWAY,COLLISION WITH PARKED MOTOR VEHICLE,DAYLIGHT,UNKNOWN,,NO CONTROLS,,UNKNOWN,NOT AT INTERSECTION,"ONE-WAY, NOT DIVIDED",NO,NO,20,NON INTERSECTION,,,,,,,,,,,,,,,NONE,,,PAN,MA,PASSENGER CAR,,,Y,PARKED,2015,COLLISION WITH PARKED MOTOR VEHICLE,JETTA,VOLKSWAGEN,0,,COLLISION WITH PARKED MOTOR VEHICLE,,,,RIGHT FRONT,CENTER FRONT,,,,,,,,,,,,,,NO IMPROPER DRIVING,,,,,,,,,,,,,,,,,,,,,,,,,,,,,,,,,,,,,,,,,,,,,,,,,,,,UNINVOLVED OWNER,,,"D, CLASS D VEHICLES",,CORRECTIVE LENSES,,,,,,FEMALE,,,,Y,,,,,,,,,,,,,,,,
9/2/16 14:16,Friday,PASSENGER CAR,PASSENGER CAR,244,BRATTLE STREET,,,"244 BRATTLE STREET
Cambridge, MA
(42.37579266500006, -71.14253501599995)",,,REAR-END,ROADWAY,COLLISION WITH MOTOR VEHICLE IN TRAFFIC,DAYLIGHT,CLEAR,,NO CONTROLS,,DRY,NOT AT INTERSECTION,"TWO-WAY, DIVIDED, UNPROTECTED MEDIAN",NO,NO,,NON INTERSECTION,,,,,,,EASTBOUND,,,,,,,,NONE,,,PAN,MA,PASSENGER CAR,,,,TRAVELING STRAIGHT AHEAD,2010,COLLISION WITH MOTOR VEHICLE IN TRAFFIC,PASSAT,VOLKSWAGON,1,,COLLISION WITH MOTOR VEHICLE IN TRAFFIC,,,,CENTER FRONT,RIGHT FRONT,LEFT FRONT,Y,EASTBOUND,,,,,,,,,,,UNKNOWN,,,,,,,UNKNOWN,,YES VEHICLE OR TRAILER DISABLED,PAN,MA,PASSENGER CAR,,,,TRAVELING STRAIGHT AHEAD,2015,COLLISION WITH MOTOR VEHICLE IN TRAFFIC,CRV,HONDA,1,,,,,,REAR CENTER,RIGHT REAR,LEFT REAR,Y,EASTBOUND,,,,,,,,,,,NO IMPROPER DRIVING,,,,,,,NOT DISTRACTED,,YES OTHER REASON NOT DISABLED,OPERATOR/DRIVER,,MASSACHUSETTS,"D, CLASS D VEHICLES",,,,,,,,MALE,,,,,OPERATOR/DRIVER,NON FATAL INJURY - NON INCAPACITATING,MASSACHUSETTS,"D, CLASS D VEHICLES",,,,,,,,FEMALE,,,,Y
5/3/16 18:40,Tuesday,PASSENGER CAR,MOTORCYCLE,820,MEMORIAL DRIVE,,RIVER STREET,"820 MEMORIAL DRIVE
Cambridge, MA
(42.361731666000026, -71.11596317799996)",,,ANGLE,,,DAYLIGHT,RAIN,,TRAFFIC CONTROL SIGNAL,YES,DRY,NOT AT INTERSECTION,"ONE-WAY, NOT DIVIDED",NO,NO,,NON INTERSECTION,,,,,,,NORTHBOUND,,EASTBOUND,,,"SHEEL GAS STATTION ( RIVER ST, SIDE)",,,NONE,,,PAN,IL,PASSENGER CAR,,,,TURNING LEFT,2016,,FORTE,KIA,2,,OTHER,,,,LEFT FRONT,,,,EASTBOUND,,,,,,,,,,,FAILED TO YIELD THE RIGHT OF WAY,,,,,,,UNKNOWN,,,MCN,MA,MOTORCYCLE,,,,TRAVELING STRAIGHT AHEAD,2014,,MOTORCYCLE,APRI,1,,COLLISION WITH MOTOR VEHICLE IN TRAFFIC,,,,OTHER,,,,EASTBOUND,,,,,,,,,,,NO IMPROPER DRIVING,,,,,,,NOT DISTRACTED,,YES VEHICLE OR TRAILER DISABLED,OPERATOR/DRIVER,,CALIFORNIA,"D, CLASS D VEHICLES",,,,,,,,MALE,FRONT SEAT - RIGHT SIDE,SHOULDER AND LAP BELT USED,NOT TRAPPED,,OPERATOR/DRIVER,,MASSACHUSETTS,"D, CLASS D VEHICLES","M, CLASS M VEHICLES",,,,,,,MALE,,,,
5/8/16 20:16,Sunday,LIGHT TRUCK,PASSENGER CAR,,HARVARD ST,DANA ST,,"HARVARD ST &amp; DANA ST
Cambridge, MA
(42.36679362800004, -71.10600609899996)",,,ANGLE,ROADWAY,COLLISION WITH MOTOR VEHICLE IN TRAFFIC,DUSK,CLOUDY,,STOP SIGNS,YES,DRY,T-INTERSECTION,"TWO-WAY, DIVIDED, UNPROTECTED MEDIAN",NO,NO,,INTERSECTION,HARVARD ST,,DANA ST,,,,,,,,,,,,NONE,,,PAN,MA,LIGHT TRUCK,,,,TRAVELING STRAIGHT AHEAD,2008,COLLISION WITH MOTOR VEHICLE IN TRAFFIC,ESCAPE,FORD,2,,COLLISION WITH MOTOR VEHICLE IN TRAFFIC,COLLISION WITH OTHER MOVABLE OBJECT,,,RIGHT REAR,CENTER FRONT,,,,,,,,,,,,,,NO IMPROPER DRIVING,,,,,,,,,,PAN,MA,PASSENGER CAR,,,,ENTERING TRAFFIC LANE,2005,COLLISION WITH MOTOR VEHICLE IN TRAFFIC,LEGACY,SUBARU,2,,COLLISION WITH MOTOR VEHICLE IN TRAFFIC,,,,CENTER FRONT,,,,,,,,,,,,,,,"DISREGARDED TRAFFIC SIGNS, SIGNALS, ROAD MARKINGS",,,,,,,,,,OPERATOR/DRIVER,NON FATAL INJURY - POSSIBLE,MASSACHUSETTS,,,,,,,,,FEMALE,"FRONT SEAT - LEFT SIDE, OR MOTORCYLE DRIVER",SHOULDER AND LAP BELT USED,,Y,OCCUPANT/PASSENGER,,,,,,,,,,,MALE,FRONT SEAT - RIGHT SIDE,SHOULDER AND LAP BELT USED,,
5/31/16 23:01,Tuesday,LIGHT TRUCK,LIGHT TRUCK,139,MAIN STREET,,,"139 MAIN STREET
Cambridge, MA
(42.36217758400005, -71.08260359999997)",,,,,,DAYLIGHT,CLEAR,,NO CONTROLS,,,NOT AT INTERSECTION,"TWO-WAY, DIVIDED, POSITIVE MEDIAN BARRIER",NO,NO,,NON INTERSECTION,,,,,,,WESTBOUND,,,,,AMERICAN RED CROSS BLDG.,,,NONE,,,PAS,MA,LIGHT TRUCK,,,,PARKED,2102,,DURANGO,DODGE,0,,COLLISION WITH MOTOR VEHICLE IN TRAFFIC,,,,LEFT REAR,REAR CENTER,RIGHT REAR,,,,,,,,,,,,,,,,,,,,,,,UNKNOWN,,LIGHT TRUCK,,,Y,TRAVELING STRAIGHT AHEAD,,,OFF ROAD VEHICLE,UNKNOWN,1,,COLLISION WITH PARKED MOTOR VEHICLE,,,,,,,,,,,,,,,,,,,,,,,,,,UNKNOWN,,,OPERATOR/DRIVER,,MASSACHUSETTS,,,,,,,,,MALE,,,,,UNINVOLVED OWNER,,,,,,,,,,,UNKNOWN,,,,
6/1/16 15:43,Wednesday,PASSENGER CAR,PASSENGER CAR,,FIRST ST.,,,"FIRST ST.
Cambridge, MA
(42.36435012000004, -71.07841878999994)",,,REAR-END,ROADWAY,COLLISION WITH MOTOR VEHICLE IN TRAFFIC,DAYLIGHT,CLEAR,,NO CONTROLS,,DRY,NOT AT INTERSECTION,"TWO-WAY, DIVIDED, UNPROTECTED MEDIAN",NO,NO,30,NON INTERSECTION,,,,,,,EASTBOUND,,,,,2 CANAL PARK,,,NONE,,,PAS,MA,PASSENGER CAR,,,,SLOWING OR STOPPED IN TRAFFIC,,COLLISION WITH MOTOR VEHICLE IN TRAFFIC,CIVIC,HONDA,1,,COLLISION WITH MOTOR VEHICLE IN TRAFFIC,,,,REAR CENTER,,,,,,,,,,,,,,,NO IMPROPER DRIVING,,,,,,,,,,PAN,MA,PASSENGER CAR,,,,SLOWING OR STOPPED IN TRAFFIC,2011,COLLISION WITH MOTOR VEHICLE IN TRAFFIC,93,SAAB,1,,COLLISION WITH MOTOR VEHICLE IN TRAFFIC,,,,NONE,,,,,,,,,,,,,,,UNKNOWN,,,,,,,,,,OPERATOR/DRIVER,UNKNOWN,MASSACHUSETTS,"D, CLASS D VEHICLES",,,,,,,,FEMALE,"FRONT SEAT - LEFT SIDE, OR MOTORCYLE DRIVER",SHOULDER AND LAP BELT USED,NOT TRAPPED,Y,OPERATOR/DRIVER,NO INJURY,MASSACHUSETTS,"A, CLASS A VEHICLES",,,,,,,,MALE,"FRONT SEAT - LEFT SIDE, OR MOTORCYLE DRIVER",SHOULDER AND LAP BELT USED,NOT TRAPPED,Y
8/26/16 18:14,Friday,SINGLE UNIT TRUCK (2 AXLES - 6 TIRES),PASSENGER CAR,8,HOWARD STREET,,RIVER STREET,"8 HOWARD STREET
Cambridge, MA
(42.36381447400004, -71.11059356399994)",,,"SIDESWIPE, SAME DIRECTION",,,DAYLIGHT,CLEAR,,NO CONTROLS,,DRY,NOT AT INTERSECTION,"TWO-WAY, NOT DIVIDED",NO,NO,,NON INTERSECTION,,,,,,,NORTHBOUND,,EASTBOUND,,,,,,NONE,,,MVN,MA,SINGLE UNIT TRUCK (2 AXLES - 6 TIRES),,,,TRAVELING STRAIGHT AHEAD,2003,,SABRE,PIERCE,1,,COLLISION WITH PARKED MOTOR VEHICLE,,,,,,,,NORTHBOUND,,,,,,,,,,,NO IMPROPER DRIVING,,,,,,,NOT DISTRACTED,,,PAN,MA,PASSENGER CAR,,,,PARKED,2003,,CAMRY,TOYOTA,0,,COLLISION WITH MOTOR VEHICLE IN TRAFFIC,,,,OTHER,,,,,,,,,,,,,,,,,,,,,,,,,OPERATOR/DRIVER,,MASSACHUSETTS,"D, CLASS D VEHICLES",,,,,,,,MALE,,,,,UNINVOLVED OWNER,,,,,,,,,,,FEMALE,,,,
8/9/16 18:16,Tuesday,PASSENGER CAR,,,HAMPSHIRE ST,,AMORY ST.,"HAMPSHIRE ST
Cambridge, MA
(42.369424372000026, -71.09557241999994)",1,,"SIDESWIPE, SAME DIRECTION",ROADWAY,COLLISION WITH PEDALCYCLE,DAYLIGHT,CLEAR,,NO CONTROLS,,DRY,NOT AT INTERSECTION,"TWO-WAY, NOT DIVIDED",NO,NO,30,NON INTERSECTION,,,,,,,WESTBOUND,,EASTBOUND,,,S&S PARKING LOT,,,NONE,,,PAN,MA,PASSENGER CAR,,,,TRAVELING STRAIGHT AHEAD,2013,COLLISION WITH PEDALCYCLE,FORTE,KIA,2,,COLLISION WITH PEDALCYCLE,,,,RIGHT FRONT,,,,WESTBOUND,,,,,,,,,,,DISTRACTED,,,,,,,,,,,,,,,,,,,,,,,,,,,,,,,,,,,,,,,,,,,,,,,,,,,,NON-MOTORIST,NON FATAL INJURY - NON INCAPACITATING,MASSACHUSETTS,,,,CYCLIST,"WALKING, RUNNING OR CYCLING",IN ROADWAY,HELMET,,MALE,,,,,OPERATOR/DRIVER,NO INJURY,MASSACHUSETTS,"D, CLASS D VEHICLES",,,,,,,,MALE,"FRONT SEAT - LEFT SIDE, OR MOTORCYLE DRIVER",UNKNOWN,,
5/11/16 15:15,Wednesday,LIGHT TRUCK,,2,BELMONT ST,,,"2 BELMONT ST
Cambridge, MA
(42.37471924300007, -71.15036229299994)",,,UNKNOWN,ROADWAY,COLLISION WITH PARKED MOTOR VEHICLE,DAYLIGHT,CLEAR,,NO CONTROLS,,DRY,NOT AT INTERSECTION,"TWO-WAY, NOT DIVIDED",NO,NO,,NON INTERSECTION,,,,,,,,,,,,,,,,,,PAN,MA,LIGHT TRUCK,,,,PARKED,2004,COLLISION WITH MOTOR VEHICLE IN TRAFFIC,TOURA,VOLK,0,,COLLISION WITH MOTOR VEHICLE IN TRAFFIC,,,,LEFT SIDE,LEFT FRONT,,,,,,,,,,,,,,,,,,,,,,,,PAN,OT,,,,Y,,,,,,,,,,,,,,,,,,,,,,,,,,,,,,,,,,,,,UNINVOLVED OWNER,,MASSACHUSETTS,,,,,,,,,MALE,,,,Y,,,,,,,,,,,,,,,,
3/25/16 20:08,Friday,PASSENGER CAR,,515,MASSACHUSETTS AVENUE,,NORFOLK STREET,"515 MASSACHUSETTS AVENUE
Cambridge, MA
(42.36432497800007, -71.10187653799994)",,1,UNKNOWN,UNKNOWN,COLLISION WITH PEDESTRIAN,DARK - LIGHTED ROADWAY,CLOUDY,RAIN,YIELD SIGNS,,WET,NOT AT INTERSECTION,"TWO-WAY, DIVIDED, UNPROTECTED MEDIAN",,NO,5,NON INTERSECTION,,,,,,,NORTHBOUND,,,,,,,,OTHER,,,PAN,MA,PASSENGER CAR,,,,TRAVELING STRAIGHT AHEAD,2006,,ACCORD,HONDA,1,,COLLISION WITH PEDESTRIAN,,,,,,,,NORTHBOUND,,,,,,,,,,,,,,,,,,UNKNOWN,,NO,,,,,,,,,,,,,,,,,,,,,,,,,,,,,,,,,,,,,,,,,,,NON-MOTORIST,NON FATAL INJURY - POSSIBLE,,,,,PEDESTRIAN,ENTERING OR CROSSING SPECIFIED LOCATION,,UNKNOWN,26,FEMALE,,,,,OPERATOR/DRIVER,NO INJURY,MASSACHUSETTS,"D, CLASS D VEHICLES",,,,,,,61,MALE,UNKNOWN,UNKNOWN,NOT TRAPPED,Y
5/6/16 21:26,Friday,PASSENGER CAR,,,MASS. AVE BY CAMRON,,,"MASS. AVE BY CAMRON
Cambridge, MA
(42.36679362800004, -71.10600609899996)",,1,,,COLLISION WITH PEDESTRIAN,DARK - LIGHTED ROADWAY,RAIN,,TRAFFIC CONTROL SIGNAL,YES,WET,NOT AT INTERSECTION,"TWO-WAY, DIVIDED, POSITIVE MEDIAN BARRIER",,,,NON INTERSECTION,,,,,,,NORTHBOUND,,,,,,,,UNKNOWN,,,PAN,MA,PASSENGER CAR,,,,TRAVELING STRAIGHT AHEAD,2013,,MDX,ACURA,2,,COLLISION WITH PEDESTRIAN,COLLISION WITH PEDESTRIAN,,,RIGHT SIDE,,,,WESTBOUND,,,,,,,,,,,UNKNOWN,UNKNOWN,,,,,,UNKNOWN,,,,,,,,,,,,,,,,,,,,,,,,,,,,,,,,,,,,,,,,,,,,,OPERATOR/DRIVER,,MASSACHUSETTS,"D, CLASS D VEHICLES",,,,,,,,MALE,"FRONT SEAT - LEFT SIDE, OR MOTORCYLE DRIVER",,,,OCCUPANT/PASSENGER,,,,,,,,,,,FEMALE,FRONT SEAT - RIGHT SIDE,,,
8/4/16 13:00,Thursday,PASSENGER CAR,,1,RUFO ROAD,,GORE ST,"1 RUFO ROAD
Cambridge, MA
(42.37346321900003, -71.08471601499997)",,,UNKNOWN,ROADSIDE,,DAYLIGHT,CLEAR,,,YES,DRY,NOT AT INTERSECTION,"TWO-WAY, NOT DIVIDED",NO,NO,,NON INTERSECTION,,,,,,,SOUTHBOUND,,SOUTHBOUND,,,,,,,,,PAN,MA,PASSENGER CAR,,,Y,PARKED,2008,,ML350,MERCEDES,,,COLLISION WITH OTHER MOVABLE OBJECT,,,,CENTER FRONT,RIGHT FRONT,,,,,,,,,,,,,,,,,,,,,,,,,,,,,,,,,,,,,,,,,,,,,,,,,,,,,,,,,,,,,,,,,,UNINVOLVED OWNER,,MASSACHUSETTS,,,,,,,,,MALE,,,,Y,OPERATOR/DRIVER,,MASSACHUSETTS,,,,,,,,,FEMALE,,,,
8/7/16 12:05,Sunday,PASSENGER CAR,PASSENGER CAR,,MASS AVE,RINDGE AVE,,"MASS AVE &amp; RINDGE AVE
Cambridge, MA
(42.36679362800004, -71.10600609899996)",,,REAR-END,,,DAYLIGHT,CLEAR,,TRAFFIC CONTROL SIGNAL,YES,DRY,T-INTERSECTION,"TWO-WAY, DIVIDED, POSITIVE MEDIAN BARRIER",NO,NO,,INTERSECTION,MASS AVE,WESTBOUND,RINDGE AVE,NORTHBOUND,,,,,,,,,,,NONE,,,PAN,MA,PASSENGER CAR,,,,SLOWING OR STOPPED IN TRAFFIC,2014,,INSIGHT,HONDA,1,,COLLISION WITH MOTOR VEHICLE IN TRAFFIC,,,,REAR CENTER,,,,WESTBOUND,,,,,,,,,,,NO IMPROPER DRIVING,,,,,,,NOT DISTRACTED,,,PAN,MA,PASSENGER CAR,,,,TRAVELING STRAIGHT AHEAD,2013,,COOPER,MINI,1,,COLLISION WITH MOTOR VEHICLE IN TRAFFIC,,,,CENTER FRONT,,,Y,WESTBOUND,,,,,,,,,,,UNKNOWN,,,,,,,UNKNOWN,,YES VEHICLE OR TRAILER DISABLED,OPERATOR/DRIVER,,MASSACHUSETTS,"D, CLASS D VEHICLES",,,,,,,,FEMALE,,,,,OPERATOR/DRIVER,NON FATAL INJURY - NON INCAPACITATING,MASSACHUSETTS,"D, CLASS D VEHICLES",,,,,,,,FEMALE,,,,Y
9/5/16 18:14,Monday,PASSENGER CAR,PASSENGER CAR,,ROBERTS RD,,,"ROBERTS RD
Cambridge, MA
(42.37634535300003, -71.10844236099996)",,,"SIDESWIPE, SAME DIRECTION",ROADWAY,COLLISION WITH PARKED MOTOR VEHICLE,DAYLIGHT,CLOUDY,,NO CONTROLS,,DRY,,"ONE-WAY, NOT DIVIDED",NO,NO,,NON INTERSECTION,,,,,,,,,,,,,,,NONE,,,PAN,MA,PASSENGER CAR,,,,TRAVELING STRAIGHT AHEAD,1995,COLLISION WITH PARKED MOTOR VEHICLE,LS400,LEXUS,1,,COLLISION WITH PARKED MOTOR VEHICLE,COLLISION WITH PARKED MOTOR VEHICLE,,,RIGHT FRONT,,,Y,,,,,,,,,,,,EMOTIONAL,,,,,,,,,,PAN,MA,PASSENGER CAR,,,,PARKED,2009,,ACCORD,HONDA,0,,,,,,LEFT SIDE,,,,,,,,,,,,,,,,,,,,,,,,,OPERATOR/DRIVER,NO INJURY,MASSACHUSETTS,,,,,,,,,FEMALE,"FRONT SEAT - LEFT SIDE, OR MOTORCYLE DRIVER",,,,UNINVOLVED OWNER,,MASSACHUSETTS,,,,,,,,,MALE,,,,Y
7/18/16 11:30,Monday,LIGHT TRUCK,,,MASS AVE,ALBANY ST,,"MASS AVE &amp; ALBANY ST
Cambridge, MA
(42.36679362800004, -71.10600609899996)",,1,ANGLE,ROADWAY,COLLISION WITH PEDESTRIAN,DAYLIGHT,CLEAR,,TRAFFIC CONTROL SIGNAL,,DRY,FOUR WAY INTERSECTION,"TWO-WAY, NOT DIVIDED",NO,NO,,INTERSECTION,MASS AVE,,ALBANY ST,,,,,,,,,,,,,,,PAN,MA,LIGHT TRUCK,,,,TURNING LEFT,2010,COLLISION WITH PEDESTRIAN,SILV,CHEV,,,COLLISION WITH PEDESTRIAN,,,,LEFT SIDE,,,,EASTBOUND,,,,,,,,,,,,,,,,,,,,,,,,,,,,,,,,,,,,,,,,,,,,,,,,,,,,,,,,,,,,,,,OPERATOR/DRIVER,NO INJURY,MASSACHUSETTS,,,,,,,,,MALE,"FRONT SEAT - LEFT SIDE, OR MOTORCYLE DRIVER",UNKNOWN,NOT TRAPPED,Y,NON-MOTORIST,NON FATAL INJURY - POSSIBLE,,,,,PEDESTRIAN,ENTERING OR CROSSING SPECIFIED LOCATION,MARKED CROSSWALK AT INTERSECTION,UNKNOWN,,MALE,,,,
10/29/16 18:00,Saturday,LIGHT TRUCK,,57,ST. SAUVEUR,,18 CORCORAN LANE,"57 ST. SAUVEUR
Cambridge, MA
(42.37714682300003, -71.15307768199995)",,,UNKNOWN,ROADSIDE,COLLISION WITH PARKED MOTOR VEHICLE,DARK - LIGHTED ROADWAY,CLEAR,,NO CONTROLS,,DRY,NOT AT INTERSECTION,"TWO-WAY, NOT DIVIDED",NO,NO,,NON INTERSECTION,,,,,,,EASTBOUND,,,,,,,,UNKNOWN,,,PAN,MA,LIGHT TRUCK,,,Y,PARKED,2004,COLLISION WITH PARKED MOTOR VEHICLE,TOWN & COUNTRY,CHRYSLER,,,COLLISION WITH PARKED MOTOR VEHICLE,,,,RIGHT REAR,RIGHT SIDE,,,,,,,,,,,,,,,,,,,,,,,,,,,,,,,,,,,,,,,,,,,,,,,,,,,,,,,,,,,,,,,,,,UNINVOLVED OWNER,,MASSACHUSETTS,,,,,,,,,FEMALE,,,,Y,,,,,,,,,,,,,,,,
10/4/16 15:28,Tuesday,LIGHT TRUCK,LIGHT TRUCK,49,WHITE STREET,,,"49 WHITE STREET
Cambridge, MA
(42.389266374000044, -71.11773799099996)",,,ANGLE,OUTSIDE ROADWAY,COLLISION WITH MOTOR VEHICLE IN TRAFFIC,DAYLIGHT,CLEAR,CLEAR,NO CONTROLS,,DRY,DRIVEWAY,"TWO-WAY, NOT DIVIDED",,NO,,NON INTERSECTION,,,,,,,,,,,,49 WHITE STREET,,,NONE,,,PAN,MA,LIGHT TRUCK,,,,BACKING,2013,COLLISION WITH MOTOR VEHICLE IN TRAFFIC,CRV,HONDA,1,,COLLISION WITH MOTOR VEHICLE IN TRAFFIC,,,,REAR CENTER,,,,EASTBOUND,,,,,,,,,,,UNKNOWN,,,,,,,,,,PAN,MA,LIGHT TRUCK,,,,SLOWING OR STOPPED IN TRAFFIC,2009,COLLISION WITH MOTOR VEHICLE IN TRAFFIC,CUBE,NISSAN,1,,COLLISION WITH MOTOR VEHICLE IN TRAFFIC,,,,LEFT FRONT,,,,NORTHBOUND,,,,,,,,,,,NO IMPROPER DRIVING,,,,,,,,,,OPERATOR/DRIVER,NO INJURY,MASSACHUSETTS,"D, CLASS D VEHICLES",,,,,,,,FEMALE,"FRONT SEAT - LEFT SIDE, OR MOTORCYLE DRIVER",SHOULDER AND LAP BELT USED,NOT TRAPPED,Y,OPERATOR/DRIVER,NO INJURY,MASSACHUSETTS,"D, CLASS D VEHICLES",,,,,,,,FEMALE,"FRONT SEAT - LEFT SIDE, OR MOTORCYLE DRIVER",SHOULDER AND LAP BELT USED,NOT TRAPPED,Y
4/24/16 15:30,Sunday,PASSENGER CAR,LIGHT TRUCK,750,MEMORIAL DRIVE,,,"750 MEMORIAL DRIVE
Cambridge, MA
(42.35815930500007, -71.11539556299994)",,,ANGLE,ROADWAY,COLLISION WITH PARKED MOTOR VEHICLE,DAYLIGHT,CLEAR,,NO CONTROLS,,DRY,NOT AT INTERSECTION,,NO,NO,,NON INTERSECTION,,,,,,,EASTBOUND,,,,,STARBUCKS COFFEE,,,NONE,,,PAN,MA,PASSENGER CAR,,,,PARKED,2006,COLLISION WITH MOTOR VEHICLE IN TRAFFIC,PILOT,HONDA,0,,COLLISION WITH MOTOR VEHICLE IN TRAFFIC,,,,RIGHT REAR,,,,,,,,,,,,,,,NO IMPROPER DRIVING,,,,,,,NOT DISTRACTED,,,PAS,MA,LIGHT TRUCK,,,Y,TURNING LEFT,2007,COLLISION WITH PARKED MOTOR VEHICLE,FRONTIER,NISSAN,1,,COLLISION WITH PARKED MOTOR VEHICLE,,,,LEFT FRONT,LEFT SIDE,,,,,,,,,,,,,,"OPERATING VEHICLE IN ERRATIC, RECKLESS, CARELESS,",,,,,,,,,,UNINVOLVED OWNER,,MASSACHUSETTS,,,,,,,,,FEMALE,,,,Y,WITNESS,,,,,,,,,,,MALE,,,,
8/27/16 9:40,Saturday,LIGHT TRUCK,LIGHT TRUCK,182,RICHDALE AVE,,,"182 RICHDALE AVE
Cambridge, MA
(42.38936180800005, -71.12782481499994)",,,"SIDESWIPE, SAME DIRECTION",ROADSIDE,COLLISION WITH PARKED MOTOR VEHICLE,DAYLIGHT,CLEAR,,NO CONTROLS,,DRY,NOT AT INTERSECTION,"TWO-WAY, NOT DIVIDED",NO,NO,,NON INTERSECTION,,,,,,,EASTBOUND,,,,,,,,NONE,,,PAN,MA,LIGHT TRUCK,,,,TRAVELING STRAIGHT AHEAD,2003,COLLISION WITH PARKED MOTOR VEHICLE,RAV4,TOYOTA,1,,COLLISION WITH PARKED MOTOR VEHICLE,COLLISION WITH PARKED MOTOR VEHICLE,,,RIGHT FRONT,LEFT SIDE,,Y,EASTBOUND,,,,,,,,,,,UNKNOWN,,,,,,,UNKNOWN,,YES VEHICLE OR TRAILER DISABLED,PAN,MA,LIGHT TRUCK,,,,PARKED,2004,COLLISION WITH PARKED MOTOR VEHICLE,CRV,HONDA,0,,COLLISION WITH MOTOR VEHICLE IN TRAFFIC,COLLISION WITH PARKED MOTOR VEHICLE,,,OTHER,,,,,,,,,,,,,,,,,,,,,,,,,OPERATOR/DRIVER,NO INJURY,MASSACHUSETTS,,,,,,,,,MALE,"FRONT SEAT - LEFT SIDE, OR MOTORCYLE DRIVER",UNKNOWN,FREED BY NON MECHANICAL MEANS,Y,UNINVOLVED OWNER,,MASSACHUSETTS,,,,,,,,,MALE,,,,Y