Date Time,Day of Week,Object 1,Object 2,Street Number,Street Name,Cross Street,Near Street,Location,May involve cyclist,May Involve Pedestrian,Manner of Collision,First Harmful Event Location,First Harmful Event,Ambient Light,Weather Condition 1,Weather Condition 2,Traffic Control Device Type,Traffic Control Device Functionality,Road Surface Condition,Roadway Junction Type,Trafficway Description,School Bus Related,Work Zone,Speed Limit,Street or Intersection,Intersection Name 1,Intersection Direction 1,Intersection Name 2,Intersection Direction 2,Intersection Name 3,Intersection Direction 3,Street Direction,Nearest Intersection Distance,Nearest Intersection Direction,Landmark Distance,Landmark Direction,Landmark,Mile Marker Direction,Non Public Area,Road Contributing,Damaged Property Type,Description of Damaged Property,V1 Registration Type,v1 State Code,V1 Configuration,V1 Emergency Response,V1 Moped,V1 Hit and Run,V1 Action Prior to Crash,V1 Model Year,V1 Most Harmful Event,V1 Model,V1 Make,V1 Occupant Count,V1 Underride Override,V1 First Event,V1 Second Event,V1 Third Event,V1 Fourth Event,V1 Most Damaged Area,V1 Second Damaged Area,V1 Third Damaged Area,V1 Towed,V1 Travel Direction,V1 Interstate,V1 Cargo Body Type,V1 Gross Weight,V1 Haz Placard,V1 Haz Release,V1 Trailer Reg Type,V1 Trailer Reg Plate,V1 Trailer Reg State,V1 Trailer Reg Year,V1 Trailer Len,V1 Driver Contribution,V1 Driver Contribution 2,V1 Is Truck,V1 Has Trailer,V1 Is Bus,V1 Is Hazmat,V1 Reg Year,V1 Driver Distracted,V1 Bus Use,V1 Tow Use,V2 Registration Type,V2 State Code,V2 Configuration,V2 Emergency Response,V2 Moped,V2 Hit and Run,V2 Action Prior to Crash,V2 Model Year,V2 Most Harmful Event,V2 Model,V2 Make,V2 Occupant Count,V2 Underride Override,V2 First Event,V2 Second Event,V2 Third Event,V2 Fourth Event,V2 Most Damaged Area,V2 Second Damaged Area,V2 Third Damaged Area,V2 Towed,V2 Travel Direction,V2 Interstate,V2 Cargo Body Type,V2 Gross Weight,V2 Haz Placard,V2 Haz Release,V2 Trailer Reg Type,V2 Trailer Reg Plate,V2 Trailer Reg State,V2 Trailer Reg Year,V2 Trailer Len,V2 Driver Contribution,V2 Driver Contribution 2,V2 Is Truck,V2 Has Trailer,V2 Is Bus,V2 Is Hazmat,V2 Reg Year,V2 Driver Distracted,V2 Bus Use,V2 Tow Use,P1 Role,P1 Injury,P1 Drivers Lic State,P1 Drivers Lic Class 1,P1 Drivers Lic Class 2,P1 Drivers Lic Restrict,P1 Non Motorist Desc,P1 Non Motorist Action,P1 Non Motorist Location,P1 Safety Equipment,P1 Age,P1 Sex,P1 Seat Position,P1 Safety System,P1 Trapped,P1 Veh Owner,P2 Role,P2 Injury,P2 Drivers Lic State,P2 Drivers Lic Class 1,P2 Drivers Lic Class 2,P2 Drivers Lic Restrict,P2 Non Motorist Desc,P2 Non Motorist Action,P2 Non Motorist Location,P2 Safety Equipment,P2 Age,P2 Sex,P2 Seat Position,P2 Safety System,P2 Trapped,P2 Veh Owner
12/10/16 22:24,Saturday,PASSENGER CAR,PASSENGER CAR,,PROSPECT ST.,BROADWAY,,"PROSPECT ST. &amp; BROADWAY
Cambridge, MA
(42.36679362800004, -71.10600609899996)",,,REAR-END,ROADWAY,COLLISION WITH MOTOR VEHICLE IN TRAFFIC,DARK - LIGHTED ROADWAY,CLEAR,CLEAR,TRAFFIC CONTROL SIGNAL,YES,DRY,T-INTERSECTION,"TWO-WAY, NOT DIVIDED",NO,NO,,INTERSECTION,PROSPECT ST.,NORTHBOUND,BROADWAY,NORTHBOUND,,,,,,,,,,,UNKNOWN,,,PAN,MA,PASSENGER CAR,,,,TRAVELING STRAIGHT AHEAD,2014,COLLISION WITH MOTOR VEHICLE IN TRAFFIC,ELANTRA,HYUNDIA,2,,COLLISION WITH MOTOR VEHICLE IN TRAFFIC,COLLISION WITH MOTOR VEHICLE IN TRAFFIC,COLLISION WITH MOTOR VEHICLE IN TRAFFIC,COLLISION WITH MOTOR VEHICLE IN TRAFFIC,LEFT FRONT,,,,NORTHBOUND,,,,,,,,,,,"OPERATING VEHICLE IN ERRATIC, RECKLESS, CARELESS,","OPERATING VEHICLE IN ERRATIC, RECKLESS, CARELESS,",,,,,,UNKNOWN,,NO,UNK,MD,PASSENGER CAR,,,,SLOWING OR STOPPED IN TRAFFIC,2007,COLLISION WITH MOTOR VEHICLE IN TRAFFIC,4S,HYUNDIA,4,,COLLISION WITH MOTOR VEHICLE IN TRAFFIC,COLLISION WITH MOTOR VEHICLE IN TRAFFIC,COLLISION WITH MOTOR VEHICLE IN TRAFFIC,COLLISION WITH MOTOR VEHICLE IN TRAFFIC,,,,,NORTHBOUND,,,,,,,,,,,NO IMPROPER DRIVING,NO IMPROPER DRIVING,,,,,,NOT DISTRACTED,,NO,OPERATOR/DRIVER,NO INJURY,MASSACHUSETTS,"D, CLASS D VEHICLES",,,,,,,41,MALE,UNKNOWN,UNKNOWN,NOT TRAPPED,Y,OPERATOR/DRIVER,,MARYLAND,,,,,,,,26,MALE,UNKNOWN,UNKNOWN,NOT TRAPPED,Y
11/18/16 23:11,Friday,PASSENGER CAR,PASSENGER CAR,,IRVING STREET,KIRKLAND STREET,,"IRVING STREET &amp; KIRKLAND STREET
Cambridge, MA
(42.36679362800004, -71.10600609899996)",,,ANGLE,ROADWAY,,DUSK,CLEAR,,STOP SIGNS,,DRY,T-INTERSECTION,"TWO-WAY, NOT DIVIDED",NO,NO,,INTERSECTION,IRVING STREET,SOUTHBOUND,KIRKLAND STREET,EASTBOUND,,,,,,,,,,,NONE,,,PAN,MA,PASSENGER CAR,,,,TRAVELING STRAIGHT AHEAD,2005,,CIVIC,HONDA,1,,COLLISION WITH MOTOR VEHICLE IN TRAFFIC,,,,LEFT FRONT,CENTER FRONT,RIGHT FRONT,,EASTBOUND,,,,,,,,,,,NO IMPROPER DRIVING,,,,,,,NOT DISTRACTED,,YES VEHICLE OR TRAILER DISABLED,PAN,MA,PASSENGER CAR,,,,TURNING LEFT,2011,,OUTBACK,SUBARU,1,,COLLISION WITH MOTOR VEHICLE IN TRAFFIC,,,,RIGHT SIDE,,,,SOUTHBOUND,,,,,,,,,,,FAILED TO YIELD THE RIGHT OF WAY,,,,,,,UNKNOWN,,YES VEHICLE OR TRAILER DISABLED,OPERATOR/DRIVER,,MASSACHUSETTS,"D, CLASS D VEHICLES",,,,,,,,FEMALE,,,,Y,OPERATOR/DRIVER,,MASSACHUSETTS,,,,,,,,,MALE,,,,Y
12/12/16 8:18,Monday,PASSENGER CAR,BUS SEATS MORE THAN 15 PEOPLE,,RINDGE AVE,JACKSON ST,,"RINDGE AVE &amp; JACKSON ST
Cambridge, MA
(42.36679362800004, -71.10600609899996)",,,REAR-END,ROADWAY,COLLISION WITH MOTOR VEHICLE IN TRAFFIC,DAYLIGHT,SNOW,RAIN,STOP SIGNS,YES,WET,T-INTERSECTION,"TWO-WAY, NOT DIVIDED",YES,NO,30,INTERSECTION,RINDGE AVE,NORTHBOUND,JACKSON ST,EASTBOUND,,,,,,,,,,,ROAD SURFACE CONDITION,,,PAN,MA,PASSENGER CAR,,,,TURNING LEFT,2006,COLLISION WITH MOTOR VEHICLE IN TRAFFIC,MATRIX,TOYOTA,1,,COLLISION WITH MOTOR VEHICLE IN TRAFFIC,,,,LEFT FRONT,CENTER FRONT,,,NORTHBOUND,,,,,,,,,,,INATTENTION,,,,,,,,,,BUN,MA,BUS SEATS MORE THAN 15 PEOPLE,,,,SLOWING OR STOPPED IN TRAFFIC,2016,COLLISION WITH MOTOR VEHICLE IN TRAFFIC,CHASS,FRHT,1,,COLLISION WITH MOTOR VEHICLE IN TRAFFIC,,,,REAR CENTER,,,,NORTHBOUND,,BUS SEATS MORE THAN 15 PEOPLE,,,,,,,,,NO IMPROPER DRIVING,,,,Y,,,NOT DISTRACTED,SCHOOL,,OPERATOR/DRIVER,NO INJURY,MASSACHUSETTS,"D, CLASS D VEHICLES",,,,,,,,MALE,"FRONT SEAT - LEFT SIDE, OR MOTORCYLE DRIVER",SHOULDER AND LAP BELT USED,NOT TRAPPED,Y,OPERATOR/DRIVER,NO INJURY,MASSACHUSETTS,"B, CLASS B VEHICLES",,,,,,,,MALE,"FRONT SEAT - LEFT SIDE, OR MOTORCYLE DRIVER",SHOULDER BELT USED ONLY,NOT TRAPPED,
12/7/16 11:24,Wednesday,PASSENGER CAR,,,HAMPSHIRE ST,CARDINAL MEDEIROS,,"HAMPSHIRE ST &amp; CARDINAL MEDEIROS
Cambridge, MA
(42.36679362800004, -71.10600609899996)",,1,UNKNOWN,ROADWAY,COLLISION WITH PEDESTRIAN,DAYLIGHT,,,,YES,WET,FOUR WAY INTERSECTION,,NO,NO,,INTERSECTION,HAMPSHIRE ST,EASTBOUND,CARDINAL MEDEIROS,SOUTHBOUND,,,,,,,,,,,UNKNOWN,,,PAN,MA,PASSENGER CAR,,,,TURNING LEFT,2003,,ALTIMA,NISSAN,1,,,COLLISION WITH PEDESTRIAN,,,UNKNOWN,,,,,,,,,,,,,,,,,,,,,,,,,,,,,,,,,,,,,,,,,,,,,,,,,,,,,,,,,,,,,,,,,,,NON-MOTORIST,NON FATAL INJURY - NON INCAPACITATING,,,,,PEDESTRIAN,ENTERING OR CROSSING SPECIFIED LOCATION,MARKED CROSSWALK AT INTERSECTION,,,MALE,,,,,OPERATOR/DRIVER,NO INJURY,MASSACHUSETTS,"D, CLASS D VEHICLES",,CORRECTIVE LENSES,,,,,,MALE,"FRONT SEAT - LEFT SIDE, OR MOTORCYLE DRIVER",UNKNOWN,,Y
11/24/16 16:30,Thursday,PASSENGER CAR,PASSENGER CAR,1030,MASSACHUSETTS AVE,,DANA STREET,"1030 MASSACHUSETTS AVE
Cambridge, MA
(42.36973305500004, -71.11238965199993)",,,"SIDESWIPE, SAME DIRECTION",ROADSIDE,COLLISION WITH PARKED MOTOR VEHICLE,DUSK,CLEAR,,NO CONTROLS,,WET,NOT AT INTERSECTION,"TWO-WAY, NOT DIVIDED",NO,NO,,NON INTERSECTION,,,,,,,EASTBOUND,,EASTBOUND,,,,,,UNKNOWN,,,UNKNOWN,,PASSENGER CAR,,,Y,TRAVELING STRAIGHT AHEAD,,COLLISION WITH PARKED MOTOR VEHICLE,CRV,HONDA,2,,COLLISION WITH PARKED MOTOR VEHICLE,,,,RIGHT FRONT,,,,EASTBOUND,,,,,,,,,,,FAILURE TO KEEP IN PROPER LANE OR RUNNING OFF ROAD,,,,,,,UNKNOWN,,,PAN,MA,PASSENGER CAR,,,,PARKED,2005,COLLISION WITH MOTOR VEHICLE IN TRAFFIC,COROLLA,TOYOTA,0,,COLLISION WITH MOTOR VEHICLE IN TRAFFIC,,,,LEFT SIDE,LEFT REAR,,,,,,,,,,,,,,NO IMPROPER DRIVING,,,,,,,,,,UNINVOLVED OWNER,,MASSACHUSETTS,"D, CLASS D VEHICLES",,,,,,,,MALE,,,,Y,,,,,,,,,,,,,,,,
11/17/16 9:09,Thursday,LIGHT TRUCK,,,HAMPSHIRE ST.,CAMBRIDGE,,"HAMPSHIRE ST. &amp; CAMBRIDGE
Cambridge, MA
(42.36679362800004, -71.10600609899996)",1,,HEAD ON,ROADWAY,COLLISION WITH PEDALCYCLE,DAYLIGHT,CLEAR,CLEAR,TRAFFIC CONTROL SIGNAL,YES,DRY,Y-INTERSECTION,"TWO-WAY, DIVIDED, UNPROTECTED MEDIAN",NO,NO,,INTERSECTION,HAMPSHIRE ST.,EASTBOUND,CAMBRIDGE,EASTBOUND,,,,,,,,,,,OTHER,OTHER,MOUNTAIN BICYCLE,PAN,MA,LIGHT TRUCK,,,,TRAVELING STRAIGHT AHEAD,2007,COLLISION WITH PEDALCYCLE,TUNDRA,TOYOTA,1,,COLLISION WITH PEDALCYCLE,COLLISION WITH PEDALCYCLE,COLLISION WITH PEDALCYCLE,COLLISION WITH PEDALCYCLE,LEFT FRONT,,,,NORTHBOUND,,,,,,,,,,,"OPERATING VEHICLE IN ERRATIC, RECKLESS, CARELESS,","OPERATING VEHICLE IN ERRATIC, RECKLESS, CARELESS,",,,,,,UNKNOWN,,NO,,,,,,,,,,,,,,,,,,,,,,,,,,,,,,,,,,,,,,,,,,,OPERATOR/DRIVER,NO INJURY,MASSACHUSETTS,,,,,,,,46,MALE,UNKNOWN,UNKNOWN,NOT TRAPPED,Y,NON-MOTORIST,NON FATAL INJURY - NON INCAPACITATING,MASSACHUSETTS,,,,CYCLIST,"WALKING, RUNNING OR CYCLING",IN ROADWAY,HELMET,,FEMALE,,,,
11/20/16 10:42,Sunday,PASSENGER CAR,,,HAMPSHIRE STREET,CAMBRIDGE STREET,,"HAMPSHIRE STREET &amp; CAMBRIDGE STREET
Cambridge, MA
(42.36679362800004, -71.10600609899996)",,1,UNKNOWN,ROADWAY,COLLISION WITH PEDESTRIAN,DAYLIGHT,CLOUDY,,NO CONTROLS,YES,DRY,FOUR WAY INTERSECTION,,NO,NO,25,INTERSECTION,HAMPSHIRE STREET,EASTBOUND,CAMBRIDGE STREET,NORTHBOUND,,,,,,,,,,,,,,PAN,MA,PASSENGER CAR,,,,TURNING RIGHT,2005,COLLISION WITH PEDESTRIAN,CIVIC,HOND,1,,COLLISION WITH PEDESTRIAN,,,,NONE,,,,NORTHBOUND,,,,,,,,,,,NO IMPROPER DRIVING,,,,,,,UNKNOWN,,,,,,,,,,,,,,,,,,,,,,,,,,,,,,,,,,,,,,,,,,,,,OPERATOR/DRIVER,NON FATAL INJURY - NON INCAPACITATING,MASSACHUSETTS,,,,,,,,,FEMALE,"FRONT SEAT - LEFT SIDE, OR MOTORCYLE DRIVER",UNKNOWN,NOT TRAPPED,,NON-MOTORIST,,,,,,,,,,,FEMALE,,,,
9/15/16 13:39,Thursday,LIGHT TRUCK,TRUCK TRAILER,,PLYMPTON ST,MILL ST,,"PLYMPTON ST &amp; MILL ST
Cambridge, MA
(42.36679362800004, -71.10600609899996)",,,"SIDESWIPE, SAME DIRECTION",ROADWAY,,DAYLIGHT,CLEAR,,NO CONTROLS,NO,DRY,T-INTERSECTION,"ONE-WAY, NOT DIVIDED",NO,NO,,INTERSECTION,PLYMPTON ST,NORTHBOUND,MILL ST,EASTBOUND,,,,,,,,,,,NONE,,,MCN,MA,LIGHT TRUCK,,,,PARKED,2015,OTHER,EXPLORER,FORD,0,,COLLISION WITH MOTOR VEHICLE IN TRAFFIC,,,,LEFT SIDE,,,,NORTHBOUND,,,,,,,,,,,NO IMPROPER DRIVING,,,,,,,,,NO,RPN,MA,TRUCK TRAILER,,,,TRAVELING STRAIGHT AHEAD,2010,COLLISION WITH PARKED MOTOR VEHICLE,FLATBED,UD,1,,COLLISION WITH PARKED MOTOR VEHICLE,,,,NONE,,,,NORTHBOUND,,,,,,,,,,,OVER CORRECTING / OVER STEERING,,,,,,,,,NO,UNINVOLVED OWNER,,,,,,,,,,,,,,,Y,OPERATOR/DRIVER,,MASSACHUSETTS,"D, CLASS D VEHICLES",,NONE,,,,,,MALE,,,,
12/10/16 17:40,Saturday,LIGHT TRUCK,,,JFK STREET,MOUNT AUBURN STREET,,"JFK STREET &amp; MOUNT AUBURN STREET
Cambridge, MA
(42.36679362800004, -71.10600609899996)",,1,SINGLE VEHICLE CRASH,ROADWAY,COLLISION WITH PEDESTRIAN,DARK - LIGHTED ROADWAY,CLEAR,,TRAFFIC CONTROL SIGNAL,YES,DRY,FOUR WAY INTERSECTION,"ONE-WAY, NOT DIVIDED",,,,INTERSECTION,JFK STREET,NORTHBOUND,MOUNT AUBURN STREET,EASTBOUND,,,,,,,,,,,NONE,,,PAN,MA,LIGHT TRUCK,,,,TURNING LEFT,2015,COLLISION WITH PEDESTRIAN,F150,FORD,1,,COLLISION WITH PEDESTRIAN,,,,NONE,,,,NORTHBOUND,,,,,,,,,,,INATTENTION,,,,,,,UNKNOWN,,,,,,,,,,,,,,,,,,,,,,,,,,,,,,,,,,,,,,,,,,,,,OPERATOR/DRIVER,,MASSACHUSETTS,"D, CLASS D VEHICLES",,,,,,,,MALE,"FRONT SEAT - LEFT SIDE, OR MOTORCYLE DRIVER",SHOULDER AND LAP BELT USED,NOT TRAPPED,Y,NON-MOTORIST,NON FATAL INJURY - POSSIBLE,,,,,,,,,,FEMALE,,,,
12/4/16 21:24,Sunday,OTHER,PASSENGER CAR,1414,MASS AVE,,,"1414 MASS AVE
Cambridge, MA
(42.37383184500004, -71.11891235599995)",,,"SIDESWIPE, SAME DIRECTION",ROADWAY,COLLISION WITH MOTOR VEHICLE IN TRAFFIC,DARK - LIGHTED ROADWAY,CLEAR,,TRAFFIC CONTROL SIGNAL,YES,DRY,NOT AT INTERSECTION,"TWO-WAY, NOT DIVIDED",NO,NO,,NON INTERSECTION,,,,,,,,,,,,,,,NONE,,,,MA,OTHER,,Y,Y,TRAVELING STRAIGHT AHEAD,,COLLISION WITH MOTOR VEHICLE IN TRAFFIC,PCH50,SNYANG INS,1,,COLLISION WITH MOTOR VEHICLE IN TRAFFIC,,,,,,,,,,,,,,,,,,,NO IMPROPER DRIVING,,,,,,,NOT DISTRACTED,,,PAN,MA,PASSENGER CAR,,,Y,TRAVELING STRAIGHT AHEAD,1994,COLLISION WITH MOTOR VEHICLE IN TRAFFIC,DEVILL,CADI,1,,COLLISION WITH MOTOR VEHICLE IN TRAFFIC,,,,,,,,,,,,,,,,,,,UNKNOWN,,,,,,,UNKNOWN,,,OPERATOR/DRIVER,,CALIFORNIA,"D, CLASS D VEHICLES",,,,,,,,FEMALE,"FRONT SEAT - LEFT SIDE, OR MOTORCYLE DRIVER",HELMET USED,NOT TRAPPED,Y,OPERATOR/DRIVER,,MASSACHUSETTS,,,,,,,,,MALE,,,,Y
12/9/16 8:45,Friday,LIGHT TRUCK,,146,MT AUBURN ST,,,"146 MT AUBURN ST
Cambridge, MA
(42.374023384000054, -71.12480025499997)",,,SINGLE VEHICLE CRASH,OUTSIDE ROADWAY,OTHER,DAYLIGHT,CLEAR,,NO CONTROLS,,DRY,NOT AT INTERSECTION,"TWO-WAY, DIVIDED, POSITIVE MEDIAN BARRIER",NO,NO,,NON INTERSECTION,,,,,,,,,,,,,,,,OTHER,BUILDING,PAN,MA,LIGHT TRUCK,,,,TURNING RIGHT,2009,"OTHER FIXED OBJECT (WALL, BUILDING, TUNNEL)",CRV,HOND,1,,"OTHER FIXED OBJECT (WALL, BUILDING, TUNNEL)",,,,CENTER FRONT,LEFT SIDE,LEFT REAR,Y,EASTBOUND,,,,,,,,,,,ILLNESS,,,,,,,,,YES VEHICLE OR TRAILER DISABLED,,,,,,,,,,,,,,,,,,,,,,,,,,,,,,,,,,,,,,,,,,,OPERATOR/DRIVER,NON FATAL INJURY - POSSIBLE,MASSACHUSETTS,,,,,,,,,FEMALE,"FRONT SEAT - LEFT SIDE, OR MOTORCYLE DRIVER",UNKNOWN,NOT TRAPPED,Y,,,,,,,,,,,,,,,,
12/22/16 16:48,Thursday,PASSENGER CAR,OTHER,178,HAMPSHIRE ST,,AMORY ST,"178 HAMPSHIRE ST
Cambridge, MA
(42.37230044300003, -71.09920237899996)",,,ANGLE,,,DAYLIGHT,CLEAR,OTHER,NO CONTROLS,,OTHER,,,,,,NON INTERSECTION,,,,,,,WESTBOUND,,NORTHBOUND,,NORTHBOUND,S&S RESTAURANT,,,,,,PAN,MA,PASSENGER CAR,,,,OTHER,2010,,COROLLA,TOYOTA,1,,COLLISION WITH MOTOR VEHICLE IN TRAFFIC,,,,CENTER FRONT,LEFT FRONT,,Y,UNKNOWN,,,,,,,,,,,UNKNOWN,,,,,,,UNKNOWN,,UNKNOWN,CON,MA,OTHER,,,,TRAVELING STRAIGHT AHEAD,2015,,TRANSIT,FORD,1,,COLLISION WITH MOTOR VEHICLE IN TRAFFIC,,,,CENTER FRONT,,,Y,WESTBOUND,,,,,,,,,,,UNKNOWN,,,,,,,,,UNKNOWN,OPERATOR/DRIVER,NO INJURY,NEW HAMPSHIRE,,,,,,,,,FEMALE,"FRONT SEAT - LEFT SIDE, OR MOTORCYLE DRIVER",UNKNOWN,,Y,OPERATOR/DRIVER,NO INJURY,MASSACHUSETTS,,,,,,,,,FEMALE,"FRONT SEAT - LEFT SIDE, OR MOTORCYLE DRIVER",UNKNOWN,,
11/26/16 17:00,Saturday,PASSENGER CAR,PASSENGER CAR,77,MASS AVE,,,"77 MASS AVE
Cambridge, MA
(42.358964652000054, -71.09347506199998)",,,REAR-END,ROADWAY,COLLISION WITH MOTOR VEHICLE IN TRAFFIC,UNKNOWN,UNKNOWN,,UNKNOWN,,UNKNOWN,NOT AT INTERSECTION,UNKNOWN,NO,NO,,NON INTERSECTION,,,,,,,WESTBOUND,,,,,,,,UNKNOWN,,,PAN,MA,PASSENGER CAR,,,,TRAVELING STRAIGHT AHEAD,2005,COLLISION WITH MOTOR VEHICLE IN TRAFFIC,MURANO,NISSAN,1,,COLLISION WITH MOTOR VEHICLE IN TRAFFIC,,,,REAR CENTER,,,,WESTBOUND,,,,,,,,,,,UNKNOWN,,,,,,,UNKNOWN,,,PAN,MA,PASSENGER CAR,,,,TRAVELING STRAIGHT AHEAD,2005,COLLISION WITH MOTOR VEHICLE IN TRAFFIC,SIENNA,TOYOTA,1,,COLLISION WITH MOTOR VEHICLE IN TRAFFIC,,,,CENTER FRONT,,,,WESTBOUND,,,,,,,,,,,UNKNOWN,,,,,,,UNKNOWN,,,OPERATOR/DRIVER,NON FATAL INJURY - POSSIBLE,MASSACHUSETTS,"D, CLASS D VEHICLES",,,,,,,,FEMALE,"FRONT SEAT - LEFT SIDE, OR MOTORCYLE DRIVER",UNKNOWN,NOT TRAPPED,Y,OPERATOR/DRIVER,NO INJURY,MASSACHUSETTS,,,,,,,,,FEMALE,"FRONT SEAT - LEFT SIDE, OR MOTORCYLE DRIVER",UNKNOWN,NOT TRAPPED,
12/6/16 19:50,Tuesday,LIGHT TRUCK,PASSENGER CAR,,BROADWAY,ELLERY,,"BROADWAY &amp; ELLERY
Cambridge, MA
(42.36679362800004, -71.10600609899996)",,,HEAD ON,ROADWAY,COLLISION WITH MOTOR VEHICLE IN TRAFFIC,DARK - LIGHTED ROADWAY,CLEAR,,STOP SIGNS,YES,DRY,FOUR WAY INTERSECTION,"TWO-WAY, NOT DIVIDED",NO,NO,30,INTERSECTION,BROADWAY,WESTBOUND,ELLERY,SOUTHBOUND,,,,,,,,,,,NONE,,,PAN,VA,LIGHT TRUCK,,,,TRAVELING STRAIGHT AHEAD,2015,COLLISION WITH MOTOR VEHICLE IN TRAFFIC,F150,FORD,2,,COLLISION WITH MOTOR VEHICLE IN TRAFFIC,COLLISION WITH TREE,,,RIGHT SIDE,LEFT FRONT,CENTER FRONT,Y,WESTBOUND,,,,,,,,,,,NO IMPROPER DRIVING,,,,,,,NOT DISTRACTED,,YES VEHICLE OR TRAILER DISABLED,PAN,MA,PASSENGER CAR,,,,TRAVELING STRAIGHT AHEAD,2017,,GOLF,VOLKSWAGEN,1,,COLLISION WITH MOTOR VEHICLE IN TRAFFIC,,,,LEFT FRONT,CENTER FRONT,,,,,,,,,,,,,,,,,,,,,,,NO,OPERATOR/DRIVER,NO INJURY,FLORIDA,"A, CLASS A VEHICLES",,UNKNOWN,,,,,,MALE,"FRONT SEAT - LEFT SIDE, OR MOTORCYLE DRIVER",UNKNOWN,NOT TRAPPED,Y,OPERATOR/DRIVER,NO INJURY,MASSACHUSETTS,"D, CLASS D VEHICLES",,,,,,,,MALE,"FRONT SEAT - LEFT SIDE, OR MOTORCYLE DRIVER",UNKNOWN,NOT TRAPPED,Y
12/1/16 20:59,Thursday,PASSENGER CAR,,,MASON ST.,PHILLIPS PL.,,"MASON ST. &amp; PHILLIPS PL.
Cambridge, MA
(42.36679362800004, -71.10600609899996)",,1,HEAD ON,UNKNOWN,COLLISION WITH PEDESTRIAN,DARK - LIGHTED ROADWAY,CLOUDY,CLOUDY,NO CONTROLS,NO,DRY,FOUR WAY INTERSECTION,"TWO-WAY, NOT DIVIDED",NO,NO,,INTERSECTION,MASON ST.,,PHILLIPS PL.,,,,,,,,,,,,NONE,,,PAN,MA,PASSENGER CAR,,,,TRAVELING STRAIGHT AHEAD,2012,COLLISION WITH PEDESTRIAN,CIVIC,HONDA,2,,COLLISION WITH PEDESTRIAN,COLLISION WITH PEDESTRIAN,COLLISION WITH PEDESTRIAN,COLLISION WITH PEDESTRIAN,NONE,,,,EASTBOUND,,,,,,,,,,,UNKNOWN,UNKNOWN,,,,,,UNKNOWN,,,,,,,,,,,,,,,,,,,,,,,,,,,,,,,,,,,,,,,,,,,,,NON-MOTORIST,,MASSACHUSETTS,UNKNOWN,,,PEDESTRIAN,ENTERING OR CROSSING SPECIFIED LOCATION,MARKED CROSSWALK AT INTERSECTION,NONE USED,,MALE,,,,,OPERATOR/DRIVER,,MASSACHUSETTS,,,,,,,,,MALE,,,,Y
12/10/16 21:05,Saturday,PASSENGER CAR,,549,FRANKLIN ST,,,"549 FRANKLIN ST
Cambridge, MA
(42.367935802000034, -71.11151200499995)",,,UNKNOWN,ROADSIDE,,UNKNOWN,CLEAR,UNKNOWN,NO CONTROLS,,DRY,NOT AT INTERSECTION,,,NO,,NON INTERSECTION,,,,,,,SOUTHBOUND,,,,,,,,,,,PAN,MA,PASSENGER CAR,,,Y,PARKED,2003,,JETTA,VW,0,,UNKNOWN,UNKNOWN,,,LEFT FRONT,,,,,,,,,,,,,,,,,,,,,,,,,UNK,,,,,Y,UNKNOWN,,,,UNK,,,COLLISION WITH PARKED MOTOR VEHICLE,,,,,,,,,,,,,,,,,,,,,,,,,,,,,UNINVOLVED OWNER,,,,,,,,,,,FEMALE,,,,Y,,,,,,,,,,,,,,,,
11/8/16 12:35,Tuesday,PASSENGER CAR,,,PROSPECT STREET,CAMBRIDGE STREET,,"PROSPECT STREET &amp; CAMBRIDGE STREET
Cambridge, MA
(42.36679362800004, -71.10600609899996)",,1,SINGLE VEHICLE CRASH,ROADWAY,COLLISION WITH PEDESTRIAN,DAYLIGHT,CLEAR,,TRAFFIC CONTROL SIGNAL,YES,DRY,FOUR WAY INTERSECTION,"TWO-WAY, NOT DIVIDED",,,,INTERSECTION,PROSPECT STREET,SOUTHBOUND,CAMBRIDGE STREET,WESTBOUND,,,,,,,,,,,,,,TAN,MA,PASSENGER CAR,,,,TURNING RIGHT,2013,,SIENNA,TOYOTA,1,,COLLISION WITH PEDESTRIAN,,,,NONE,,,,,,,,,,,,,,,,,,,,,,,,NO,,,,,,,,,,,,,,,,,,,,,,,,,,,,,,,,,,,,,,,,,,,OPERATOR/DRIVER,,MASSACHUSETTS,,,,,,,,,MALE,,,,,NON-MOTORIST,,,,,,,,,,,FEMALE,,,,
11/26/16 21:42,Saturday,PASSENGER CAR,,,GREEN STREET,MAGAZINE STREET,,"GREEN STREET &amp; MAGAZINE STREET
Cambridge, MA
(42.36679362800004, -71.10600609899996)",,1,SINGLE VEHICLE CRASH,ROADWAY,COLLISION WITH PEDESTRIAN,DARK - LIGHTED ROADWAY,CLEAR,CLEAR,STOP SIGNS,,DRY,T-INTERSECTION,"TWO-WAY, DIVIDED, UNPROTECTED MEDIAN",NO,NO,,INTERSECTION,GREEN STREET,WESTBOUND,MAGAZINE STREET,SOUTHBOUND,,,WESTBOUND,,,,,,,,NONE,,,PAN,NJ,PASSENGER CAR,,,,TURNING LEFT,2010,COLLISION WITH PEDESTRIAN,TOYOTA,PRIUS,2,,COLLISION WITH PEDESTRIAN,COLLISION WITH PEDESTRIAN,,,CENTER FRONT,,,,SOUTHBOUND,,,,,,,,,,,NO IMPROPER DRIVING,NO IMPROPER DRIVING,,,,,,UNKNOWN,,,,,,,,,,,,,,,,,,,,,,,,,,,,,,,,,,,,,,,,,,,,,OPERATOR/DRIVER,,NEW JERSEY,,,,,,,,,MALE,,,,Y,NON-MOTORIST,,,,,,,,,,,MALE,,,,