Date Time,Day of Week,Object 1,Object 2,Street Number,Street Name,Cross Street,Near Street,Location,May involve cyclist,May Involve Pedestrian,Manner of Collision,First Harmful Event Location,First Harmful Event,Ambient Light,Weather Condition 1,Weather Condition 2,Traffic Control Device Type,Traffic Control Device Functionality,Road Surface Condition,Roadway Junction Type,Trafficway Description,School Bus Related,Work Zone,Speed Limit,Street or Intersection,Intersection Name 1,Intersection Direction 1,Intersection Name 2,Intersection Direction 2,Intersection Name 3,Intersection Direction 3,Street Direction,Nearest Intersection Distance,Nearest Intersection Direction,Landmark Distance,Landmark Direction,Landmark,Mile Marker Direction,Non Public Area,Road Contributing,Damaged Property Type,Description of Damaged Property,V1 Registration Type,v1 State Code,V1 Configuration,V1 Emergency Response,V1 Moped,V1 Hit and Run,V1 Action Prior to Crash,V1 Model Year,V1 Most Harmful Event,V1 Model,V1 Make,V1 Occupant Count,V1 Underride Override,V1 First Event,V1 Second Event,V1 Third Event,V1 Fourth Event,V1 Most Damaged Area,V1 Second Damaged Area,V1 Third Damaged Area,V1 Towed,V1 Travel Direction,V1 Interstate,V1 Cargo Body Type,V1 Gross Weight,V1 Haz Placard,V1 Haz Release,V1 Trailer Reg Type,V1 Trailer Reg Plate,V1 Trailer Reg State,V1 Trailer Reg Year,V1 Trailer Len,V1 Driver Contribution,V1 Driver Contribution 2,V1 Is Truck,V1 Has Trailer,V1 Is Bus,V1 Is Hazmat,V1 Reg Year,V1 Driver Distracted,V1 Bus Use,V1 Tow Use,V2 Registration Type,V2 State Code,V2 Configuration,V2 Emergency Response,V2 Moped,V2 Hit and Run,V2 Action Prior to Crash,V2 Model Year,V2 Most Harmful Event,V2 Model,V2 Make,V2 Occupant Count,V2 Underride Override,V2 First Event,V2 Second Event,V2 Third Event,V2 Fourth Event,V2 Most Damaged Area,V2 Second Damaged Area,V2 Third Damaged Area,V2 Towed,V2 Travel Direction,V2 Interstate,V2 Cargo Body Type,V2 Gross Weight,V2 Haz Placard,V2 Haz Release,V2 Trailer Reg Type,V2 Trailer Reg Plate,V2 Trailer Reg State,V2 Trailer Reg Year,V2 Trailer Len,V2 Driver Contribution,V2 Driver Contribution 2,V2 Is Truck,V2 Has Trailer,V2 Is Bus,V2 Is Hazmat,V2 Reg Year,V2 Driver Distracted,V2 Bus Use,V2 Tow Use,P1 Role,P1 Injury,P1 Drivers Lic State,P1 Drivers Lic Class 1,P1 Drivers Lic Class 2,P1 Drivers Lic Restrict,P1 Non Motorist Desc,P1 Non Motorist Action,P1 Non Motorist Location,P1 Safety Equipment,P1 Age,P1 Sex,P1 Seat Position,P1 Safety System,P1 Trapped,P1 Veh Owner,P2 Role,P2 Injury,P2 Drivers Lic State,P2 Drivers Lic Class 1,P2 Drivers Lic Class 2,P2 Drivers Lic Restrict,P2 Non Motorist Desc,P2 Non Motorist Action,P2 Non Motorist Location,P2 Safety Equipment,P2 Age,P2 Sex,P2 Seat Position,P2 Safety System,P2 Trapped,P2 Veh Owner
11/6/16 19:26,Sunday,PASSENGER CAR,,402,RINDGE AVE,,,"402 RINDGE AVE
Cambridge, MA
(42.39397149400003, -71.13982281899996)",,,,,,DAYLIGHT,UNKNOWN,UNKNOWN,NO CONTROLS,,UNKNOWN,,,,,5,NON INTERSECTION,,,,,,,,,,,,,,,,,,PAN,MA,PASSENGER CAR,,,Y,PARKED,2011,,HIGHLANDER,TOYOTA,0,,UNKNOWN NON-COLLISION,,,,REAR CENTER,LEFT REAR,OTHER,,,,,,,,,,,,,,,,,,,,,,,,,,,,Y,,,,,,,,,,,,,,,,,,,,,,,,,,,,,,,,,,,,,UNINVOLVED OWNER,,MASSACHUSETTS,,,,,,,,,MALE,,,,Y,OPERATOR/DRIVER,,,,,,,,,,,,,,,
12/27/16 12:06,Tuesday,LIGHT TRUCK,,,CLARENDON AVE,,MASSACHUSETTS AVENUE,"CLARENDON AVE
Cambridge, MA
(42.400105695000036, -71.13175272299998)",,1,ANGLE,ROADWAY,COLLISION WITH PEDESTRIAN,DAYLIGHT,CLOUDY,,NO CONTROLS,NO,DRY,NOT AT INTERSECTION,"TWO-WAY, DIVIDED, UNPROTECTED MEDIAN",NO,NO,25,NON INTERSECTION,,,,,,,NORTHBOUND,30,NORTHBOUND,0,,CLARENDON  PARK,,,NONE,,,CON,MA,LIGHT TRUCK,,,,OVERTAKING / PASSING,2011,COLLISION WITH PEDESTRIAN,SILVERADO PU,CHEVY,1,,COLLISION WITH PEDESTRIAN,,,,NONE,NONE,NONE,,NORTHBOUND,,,,,,,,,,,NO IMPROPER DRIVING,,,,,,,NOT DISTRACTED,,NO,,,,,,,,,,,,,,,,,,,,,,,,,,,,,,,,,,,,,,,,,,,OPERATOR/DRIVER,NO INJURY,NEW HAMPSHIRE,"D, CLASS D VEHICLES",,NONE,,,,,,MALE,"FRONT SEAT - LEFT SIDE, OR MOTORCYLE DRIVER",UNKNOWN,NOT TRAPPED,,UNINVOLVED OWNER,,,,,,,,,,,,,,,Y
12/5/16 8:50,Monday,PASSENGER CAR,LIGHT TRUCK,,MASS AVE,MEMORIAL DRIVE,,"MASS AVE &amp; MEMORIAL DRIVE
Cambridge, MA
(42.36679362800004, -71.10600609899996)",,,REAR-END,ROADWAY,COLLISION WITH MOTOR VEHICLE IN TRAFFIC,DAYLIGHT,SNOW,CLOUDY,TRAFFIC CONTROL SIGNAL,YES,WET,T-INTERSECTION,"TWO-WAY, DIVIDED, POSITIVE MEDIAN BARRIER",NO,NO,,INTERSECTION,MASS AVE,NORTHBOUND,MEMORIAL DRIVE,EASTBOUND,,,,,,,,,,,ROAD SURFACE CONDITION,,,PAN,MA,PASSENGER CAR,,,,TRAVELING STRAIGHT AHEAD,2005,COLLISION WITH MOTOR VEHICLE IN TRAFFIC,MATRIX,TOYOTA,1,,COLLISION WITH MOTOR VEHICLE IN TRAFFIC,,,,RIGHT REAR,REAR CENTER,LEFT REAR,,NORTHBOUND,,,,,,,,,,,UNKNOWN,,,,,,,NOT DISTRACTED,,NO,PAN,MA,LIGHT TRUCK,,,,TRAVELING STRAIGHT AHEAD,2012,COLLISION WITH MOTOR VEHICLE IN TRAFFIC,MURANO,NISSAN,1,,COLLISION WITH MOTOR VEHICLE IN TRAFFIC,,,,RIGHT FRONT,CENTER FRONT,LEFT FRONT,,NORTHBOUND,,,,,,,,,,,UNKNOWN,,,,,,,UNKNOWN,,NO,OPERATOR/DRIVER,NON FATAL INJURY - NON INCAPACITATING,MASSACHUSETTS,"D, CLASS D VEHICLES",,,,,,,,FEMALE,"FRONT SEAT - LEFT SIDE, OR MOTORCYLE DRIVER",SHOULDER AND LAP BELT USED,NOT TRAPPED,Y,OPERATOR/DRIVER,NO INJURY,MASSACHUSETTS,"D, CLASS D VEHICLES",,,,,,,,MALE,"FRONT SEAT - LEFT SIDE, OR MOTORCYLE DRIVER",SHOULDER AND LAP BELT USED,NOT TRAPPED,Y
12/21/16 14:14,Wednesday,SINGLE UNIT TRUCK (3 0R MORE AXLES),,330,RIVER STREET,,,"330 RIVER STREET
Cambridge, MA
(42.36217223700004, -71.11379178899995)",,,SINGLE VEHICLE CRASH,,COLLISION WITH LIGHT POLE OR OTHER POST/SUPPORT,DAYLIGHT,CLEAR,CLEAR,NO CONTROLS,,DRY,,"TWO-WAY, DIVIDED, POSITIVE MEDIAN BARRIER",NO,NO,25,NON INTERSECTION,,,,,,,WESTBOUND,,WESTBOUND,,,,,,OTHER,,,MVN,MA,SINGLE UNIT TRUCK (3 0R MORE AXLES),,,,TURNING RIGHT,2003,COLLISION WITH LIGHT POLE OR OTHER POST/SUPPORT,SABRE,PIERCE,2,,COLLISION WITH LIGHT POLE OR OTHER POST/SUPPORT,,,,RIGHT SIDE,,,,WESTBOUND,,,,,,MVN,FIRE9193,MASSACHUSETTS,2003,,NO IMPROPER DRIVING,NO IMPROPER DRIVING,Y,,,,,NOT DISTRACTED,,NO,,,,,,,,,,,,,,,,,,,,,,,,,,,,,,,,,,,,,,,,,,,OPERATOR/DRIVER,,MASSACHUSETTS,"D, CLASS D VEHICLES",,,,,,,,MALE,,,,,OCCUPANT/PASSENGER,,MASSACHUSETTS,,,,,,,,,MALE,FRONT SEAT - RIGHT SIDE,,,
12/16/16 13:18,Friday,PASSENGER CAR,,,CONCORD AV,BLANCHARD ROAD,,"CONCORD AV &amp; BLANCHARD ROAD
Cambridge, MA
(42.36679362800004, -71.10600609899996)",,1,HEAD ON,ROADWAY,COLLISION WITH PEDESTRIAN,DAYLIGHT,CLEAR,CLEAR,TRAFFIC CONTROL SIGNAL,YES,DRY,FOUR WAY INTERSECTION,"TWO-WAY, DIVIDED, UNPROTECTED MEDIAN",NO,NO,,INTERSECTION,CONCORD AV,SOUTHBOUND,BLANCHARD ROAD,EASTBOUND,,,,,,,,,,,NONE,,,PAN,MA,PASSENGER CAR,,,,TURNING LEFT,2011,COLLISION WITH PEDESTRIAN,328XI,BMW,1,,COLLISION WITH PEDESTRIAN,COLLISION WITH PEDESTRIAN,COLLISION WITH PEDESTRIAN,COLLISION WITH PEDESTRIAN,CENTER FRONT,,,,SOUTHBOUND,,,,,,,,,,,UNKNOWN,UNKNOWN,,,,,,UNKNOWN,,,,,,,,,,,,,,,,,,,,,,,,,,,,,,,,,,,,,,,,,,,,,OPERATOR/DRIVER,,MASSACHUSETTS,,,,,,,,,FEMALE,,,,Y,WITNESS,,,,,,,,,,,MALE,,,,
11/28/16 7:12,Monday,PASSENGER CAR,,,RINDGE AVE,CLAY STREET,,"RINDGE AVE &amp; CLAY STREET
Cambridge, MA
(42.36679362800004, -71.10600609899996)",,1,HEAD ON,ROADWAY,COLLISION WITH PEDESTRIAN,DAYLIGHT,CLEAR,,STOP SIGNS,YES,DRY,T-INTERSECTION,"TWO-WAY, DIVIDED, UNPROTECTED MEDIAN",NO,NO,25,INTERSECTION,RINDGE AVE,EASTBOUND,CLAY STREET,SOUTHBOUND,,,,,,,,,,,NONE,,,PAN,MA,PASSENGER CAR,,,,TURNING LEFT,2010,COLLISION WITH PEDESTRIAN,PRIUS,TOYOTA,1,,COLLISION WITH PEDESTRIAN,,,,CENTER FRONT,,,,EASTBOUND,,,,,,,,,,,NO IMPROPER DRIVING,,,,,,,NOT DISTRACTED,,NO,,,,,,,,,,,,,,,,,,,,,,,,,,,,,,,,,,,,,,,,,,,OPERATOR/DRIVER,NO INJURY,MASSACHUSETTS,,,,,,,,,FEMALE,"FRONT SEAT - LEFT SIDE, OR MOTORCYLE DRIVER",SHOULDER AND LAP BELT USED,NOT TRAPPED,Y,NON-MOTORIST,NON FATAL INJURY - POSSIBLE,,,,,PEDESTRIAN,ENTERING OR CROSSING SPECIFIED LOCATION,MARKED CROSSWALK AT INTERSECTION,NONE USED,,MALE,,,,
11/6/16 14:11,Sunday,PASSENGER CAR,,,MAGAZINE STREET,HAMILTON STREET,,"MAGAZINE STREET &amp; HAMILTON STREET
Cambridge, MA
(42.36679362800004, -71.10600609899996)",,,ANGLE,ROADWAY,,UNKNOWN,UNKNOWN,,NO CONTROLS,,UNKNOWN,NOT AT INTERSECTION,"TWO-WAY, NOT DIVIDED",NO,NO,,INTERSECTION,MAGAZINE STREET,NORTHBOUND,HAMILTON STREET,WESTBOUND,,,,,,,,,,,UNKNOWN,,,PAN,MA,PASSENGER CAR,,,Y,PARKED,2004,COLLISION WITH MOTOR VEHICLE IN TRAFFIC,FORESTER,SUBARU,,,COLLISION WITH MOTOR VEHICLE IN TRAFFIC,,,,LEFT FRONT,LEFT SIDE,,,,,,,,,,,,,,NO IMPROPER DRIVING,,,,,,,NOT DISTRACTED,,NO,,,,,,,,,,,,,,,,,,,,,,,,,,,,,,,,,,,,,,,,,,,UNINVOLVED OWNER,NO INJURY,MASSACHUSETTS,"D, CLASS D VEHICLES",,CORRECTIVE LENSES,,,,,,FEMALE,,,,Y,,,,,,,,,,,,,,,,
11/17/16 8:00,Thursday,LIGHT TRUCK,,135,PUTNAM AVE,,CALLENDER ST,"135 PUTNAM AVE
Cambridge, MA
(42.366033651000066, -71.11360763499994)",,,"SIDESWIPE, SAME DIRECTION",ROADWAY,COLLISION WITH PARKED MOTOR VEHICLE,DAYLIGHT,CLEAR,,NO CONTROLS,,DRY,NOT AT INTERSECTION,"TWO-WAY, NOT DIVIDED",NO,NO,,NON INTERSECTION,,,,,,,SOUTHBOUND,,EASTBOUND,,,,,,UNKNOWN,,,PAN,MA,LIGHT TRUCK,,,Y,PARKED,2014,COLLISION WITH PARKED MOTOR VEHICLE,CX5,MAZDA,0,,,,,,LEFT FRONT,LEFT REAR,,,SOUTHBOUND,,,,,,,,,,,NO IMPROPER DRIVING,,,,,,,NOT DISTRACTED,,,,,,,,,,,,,,,,,,,,,,,,,,,,,,,,,,,,,,,,,,,,,UNINVOLVED OWNER,,MASSACHUSETTS,,,,,,,,,FEMALE,,,,Y,,,,,,,,,,,,,,,,
12/24/16 17:00,Saturday,PASSENGER CAR,LIGHT TRUCK,,PEARL STREET,,,"PEARL STREET
Cambridge, MA
(42.36038046600004, -71.10732201899998)",,,REAR TO REAR,ROADWAY,COLLISION WITH MOTOR VEHICLE IN TRAFFIC,DARK - LIGHTED ROADWAY,CLEAR,,STOP SIGNS,,WET,UNKNOWN,"ONE-WAY, NOT DIVIDED",NO,NO,,NON INTERSECTION,,,,,,,,,,,,,,,UNKNOWN,,,PAN,MA,PASSENGER CAR,,,Y,SLOWING OR STOPPED IN TRAFFIC,2016,COLLISION WITH MOTOR VEHICLE IN TRAFFIC,COROLLA,TOYOTA,1,,COLLISION WITH MOTOR VEHICLE IN TRAFFIC,,,,LEFT REAR,,,,UNKNOWN,,,,,,,,,,,UNKNOWN,,,,,,,UNKNOWN,,,PAN,MA,LIGHT TRUCK,,,,BACKING,2017,COLLISION WITH MOTOR VEHICLE IN TRAFFIC,EQUINOX,CHEVROLET,,,COLLISION WITH MOTOR VEHICLE IN TRAFFIC,,,,UNKNOWN,,,,UNKNOWN,,,,,,,,,,,UNKNOWN,,,,,,,UNKNOWN,,,OPERATOR/DRIVER,,MASSACHUSETTS,,,,,,,,,MALE,"FRONT SEAT - LEFT SIDE, OR MOTORCYLE DRIVER",,,Y,UNINVOLVED OWNER,,,,,,,,,,,UNKNOWN,,,,Y
11/23/16 13:35,Wednesday,LIGHT TRUCK,,6,BENNETT ST,,,"6 BENNETT ST
Cambridge, MA
(42.37229867700006, -71.12197909999998)",1,,ANGLE,ROADWAY,COLLISION WITH PEDALCYCLE,DAYLIGHT,CLEAR,CLOUDY,NO CONTROLS,,DRY,NOT AT INTERSECTION,"TWO-WAY, NOT DIVIDED",NO,NO,,NON INTERSECTION,,,,,,,,,,,,,,,,,,PAN,MA,LIGHT TRUCK,,,,MAKING U-TURN,2007,COLLISION WITH PEDALCYCLE,OUT,SUBA,1,,COLLISION WITH PEDALCYCLE,,,,NONE,,,,WESTBOUND,,,,,,,,,,,FAILED TO YIELD THE RIGHT OF WAY,,,,,,,,,,,,,,,,,,,,,,,,,,,,,,,,,,,,,,,,,,,,,,,,,,,,OPERATOR/DRIVER,NO INJURY,MASSACHUSETTS,"D, CLASS D VEHICLES","M, CLASS M VEHICLES",,,,,,,FEMALE,"FRONT SEAT - LEFT SIDE, OR MOTORCYLE DRIVER",UNKNOWN,NOT TRAPPED,Y,NON-MOTORIST,,,,,,CYCLIST,"WALKING, RUNNING OR CYCLING",IN ROADWAY,UNKNOWN,,MALE,,,,
11/28/16 13:09,Monday,PASSENGER CAR,,,QUINCY ST,CAMBRIDGE ST.,,"QUINCY ST &amp; CAMBRIDGE ST.
Cambridge, MA
(42.36679362800004, -71.10600609899996)",1,,,,,,,,,,,,,,,,INTERSECTION,QUINCY ST,SOUTHBOUND,CAMBRIDGE ST.,EASTBOUND,,,,,,,,,,,,,,PAN,MA,PASSENGER CAR,,,,TURNING LEFT,2003,COLLISION WITH PEDALCYCLE,LESABRE,BUICK,1,,COLLISION WITH PEDALCYCLE,,,,LEFT FRONT,,,,EASTBOUND,,,,,,,,,,,OTHER IMPROPER ACTION,,,,,,,UNKNOWN,,,,,,,,,,,,,,,,,,,,,,,,,,,,,,,,,,,,,,,,,,,,,OPERATOR/DRIVER,,MASSACHUSETTS,,,,,,,,,FEMALE,"FRONT SEAT - LEFT SIDE, OR MOTORCYLE DRIVER",UNKNOWN,NOT TRAPPED,,NON-MOTORIST,NON FATAL INJURY - NON INCAPACITATING,,,,,CYCLIST,ENTERING OR CROSSING SPECIFIED LOCATION,IN ROADWAY,UNKNOWN,,FEMALE,,,,
11/15/16 17:41,Tuesday,PASSENGER CAR,LIGHT TRUCK,0,GARDEN STREET,,MASS. AVE AT GARDEN STREET,"0 GARDEN STREET
Cambridge, MA
(42.38198304900004, -71.12663404399996)",,,REAR-END,ROADWAY,COLLISION WITH MOTOR VEHICLE IN TRAFFIC,DAWN,RAIN,RAIN,NO CONTROLS,NO,WET,Y-INTERSECTION,"TWO-WAY, NOT DIVIDED",NO,NO,,NON INTERSECTION,,,,,,,EASTBOUND,,NORTHBOUND,,,,,,NONE,,,PAN,MA,PASSENGER CAR,,,,SLOWING OR STOPPED IN TRAFFIC,2011,COLLISION WITH MOTOR VEHICLE IN TRAFFIC,FORESTTER,SUBARU,2,,COLLISION WITH MOTOR VEHICLE IN TRAFFIC,UNKNOWN,UNKNOWN,,REAR CENTER,,,,NORTHBOUND,,,,,,,,,,,NO IMPROPER DRIVING,NO IMPROPER DRIVING,,,,,,NOT DISTRACTED,,,CON,MA,LIGHT TRUCK,,,,TRAVELING STRAIGHT AHEAD,2016,COLLISION WITH MOTOR VEHICLE IN TRAFFIC,PU,CHEVY,1,,COLLISION WITH MOTOR VEHICLE IN TRAFFIC,UNKNOWN,,,RIGHT FRONT,CENTER FRONT,,,NORTHBOUND,,,,,,,,,,,NO IMPROPER DRIVING,"SWERVING OR AVOIDING DUE TO WIND, SLIPPERY SURFACE",Y,,,,,NOT DISTRACTED,,,OPERATOR/DRIVER,NO INJURY,MASSACHUSETTS,"D, CLASS D VEHICLES",,NONE,,,,,44,FEMALE,"FRONT SEAT - LEFT SIDE, OR MOTORCYLE DRIVER",LAP BELT USED ONLY,NOT TRAPPED,Y,OPERATOR/DRIVER,NO INJURY,MASSACHUSETTS,"D, CLASS D VEHICLES",,,,,,,63,MALE,"FRONT SEAT - LEFT SIDE, OR MOTORCYLE DRIVER",LAP BELT USED ONLY,NOT TRAPPED,
12/6/16 9:42,Tuesday,,,,PROSPECT ST.,HAMPSHIRE ST.,,"PROSPECT ST. &amp; HAMPSHIRE ST.
Cambridge, MA
(42.36679362800004, -71.10600609899996)",1,,"SIDESWIPE, SAME DIRECTION",ROADWAY,COLLISION WITH PEDALCYCLE,DAYLIGHT,CLEAR,CLEAR,TRAFFIC CONTROL SIGNAL,YES,DRY,T-INTERSECTION,"TWO-WAY, NOT DIVIDED",NO,NO,,INTERSECTION,PROSPECT ST.,NORTHBOUND,HAMPSHIRE ST.,NORTHBOUND,,,,,,,,,,,NONE,,,,,,,,,,,,,,,,,,,,,,,,,,,,,,,,,,,,,,,,,,,,,,,,,,,,,,,,,,,,,,,,,,,,,,,,,,,,,,,,,,,,,,,NON-MOTORIST,NON FATAL INJURY - POSSIBLE,MASSACHUSETTS,,,,CYCLIST,"WALKING, RUNNING OR CYCLING",MARKED CROSSWALK AT INTERSECTION,NONE USED,19,MALE,,,,,,,,,,,,,,,,,,,,
12/20/16 10:26,Tuesday,TRACTOR / SEMI-TRIALER,,,DUNSTER ST,WINTHROP ST,,"DUNSTER ST &amp; WINTHROP ST
Cambridge, MA
(42.36679362800004, -71.10600609899996)",,,SINGLE VEHICLE CRASH,ROADWAY,COLLISION WITH UTILITY POLE,DAYLIGHT,CLEAR,,WARNING SIGNS,YES,DRY,FOUR WAY INTERSECTION,"ONE-WAY, NOT DIVIDED",NO,NO,25,INTERSECTION,DUNSTER ST,SOUTHBOUND,WINTHROP ST,,,,,,,,,,,,NONE,UTILITIES,UTILITY POLE,APN,FL,TRACTOR / SEMI-TRIALER,,,,TRAVELING STRAIGHT AHEAD,2016,,TRACTOR TRAILER,PETERBUILT,1,,COLLISION WITH UTILITY POLE,,,,LEFT SIDE,,,,SOUTHBOUND,UNKNOWN,,"MORE THAN 26,000 POUNDS",,,TRAILER,P87878,ILLINOIS,2013,53 FEET,"DISREGARDED TRAFFIC SIGNS, SIGNALS, ROAD MARKINGS",,Y,Y,,,2017,UNKNOWN,,,,,,,,,,,,,,,,,,,,,,,,,,,,,,,,,,,,,,,,,,,,,OPERATOR/DRIVER,,FLORIDA,,,,,,,,,MALE,,,,,UNINVOLVED OWNER,,,,,,,,,,,UNKNOWN,,,,Y
12/20/16 13:08,Tuesday,PASSENGER CAR,UNKNOWN HEAVY TRUCK,,CONCORD AVE.,SPINELLI PLACE,,"CONCORD AVE. &amp; SPINELLI PLACE
Cambridge, MA
(42.36679362800004, -71.10600609899996)",,,ANGLE,ROADWAY,COLLISION WITH MOTOR VEHICLE IN TRAFFIC,DAYLIGHT,CLOUDY,,STOP SIGNS,,DRY,T-INTERSECTION,"TWO-WAY, DIVIDED, UNPROTECTED MEDIAN",NO,NO,30,INTERSECTION,CONCORD AVE.,,SPINELLI PLACE,,,,,,,,,,,,NONE,,,PAN,MA,PASSENGER CAR,,,,TRAVELING STRAIGHT AHEAD,2010,COLLISION WITH MOTOR VEHICLE IN TRAFFIC,ELLANTRA,HYUNDI,1,,COLLISION WITH MOTOR VEHICLE IN TRAFFIC,,,,RIGHT SIDE,,,,,,,,,,,,,,,UNKNOWN,,,,,,,UNKNOWN,,,SCOMM,NH,UNKNOWN HEAVY TRUCK,,,,TURNING LEFT,2007,COLLISION WITH MOTOR VEHICLE IN TRAFFIC,WELDRIL,STRG,1,,COLLISION WITH MOTOR VEHICLE IN TRAFFIC,,,,RIGHT FRONT,,,,,,,,,,,,,,,UNKNOWN,,,,,,,,,,OPERATOR/DRIVER,NO INJURY,MASSACHUSETTS,"D, CLASS D VEHICLES",,,,,,,,FEMALE,"FRONT SEAT - LEFT SIDE, OR MOTORCYLE DRIVER",SHOULDER AND LAP BELT USED,NOT TRAPPED,Y,OPERATOR/DRIVER,NO INJURY,RHODE ISLAND,,,,,,,,,MALE,"FRONT SEAT - LEFT SIDE, OR MOTORCYLE DRIVER",SHOULDER AND LAP BELT USED,NOT TRAPPED,
12/20/16 19:09,Tuesday,PASSENGER CAR,,,ELLSWORTH AVE.,ELLSWORTH PARK,,"ELLSWORTH AVE. &amp; ELLSWORTH PARK
Cambridge, MA
(42.36679362800004, -71.10600609899996)",,,"SIDESWIPE, SAME DIRECTION",ROADWAY,COLLISION WITH PARKED MOTOR VEHICLE,DARK - LIGHTED ROADWAY,CLEAR,,NO CONTROLS,,DRY,T-INTERSECTION,"ONE-WAY, NOT DIVIDED",NO,NO,25,INTERSECTION,ELLSWORTH AVE.,SOUTHBOUND,ELLSWORTH PARK,WESTBOUND,,,,,,,,,,,NONE,,,PAN,MA,PASSENGER CAR,,,,TRAVELING STRAIGHT AHEAD,2003,COLLISION WITH PARKED MOTOR VEHICLE,PRIUS,TOYOTA,1,,COLLISION WITH PARKED MOTOR VEHICLE,,,,RIGHT FRONT,,,,SOUTHBOUND,,,,,,,,,,,FAILURE TO KEEP IN PROPER LANE OR RUNNING OFF ROAD,,,,,,,,,YES VEHICLE OR TRAILER DISABLED,PAN,MA,,,,,PARKED,2012,COLLISION WITH MOTOR VEHICLE IN TRAFFIC,CAMERY,TOYOTA,0,,COLLISION WITH MOTOR VEHICLE IN TRAFFIC,,,,LEFT REAR,,,,SOUTHBOUND,,,,,,,,,,,,,,,,,,,,,OPERATOR/DRIVER,,MASSACHUSETTS,"D, CLASS D VEHICLES",,,,,,,,FEMALE,,,,Y,UNINVOLVED OWNER,,MASSACHUSETTS,"D, CLASS D VEHICLES",,,,,,,,FEMALE,,,,Y
11/9/16 19:38,Wednesday,PASSENGER CAR,,,GARDEN STREET,,BOND STREET,"GARDEN STREET
Cambridge, MA
(42.38198304900004, -71.12663404399996)",1,,REAR-END,ROADWAY,,DUSK,CLOUDY,,NO CONTROLS,,,NOT AT INTERSECTION,"TWO-WAY, NOT DIVIDED",NO,NO,,NON INTERSECTION,,,,,,,NORTHBOUND,,WESTBOUND,,,HARVARD OBSERVATORY,,,NONE,OTHER,BICYCLE WHEEL/ RIM,TAN,MA,PASSENGER CAR,,,,TRAVELING STRAIGHT AHEAD,2010,,CROWN VICTORIA,FORD,1,,COLLISION WITH PEDALCYCLE,,,,,,,,NORTHBOUND,,,,,,,,,,,FOLLOWED TO CLOSELY,,,,,,,NOT DISTRACTED,,,,,,,,,,,,,,,,,,,,,,,,,,,,,,,,,,,,,,,,,,,,,NON-MOTORIST,,MASSACHUSETTS,"D, CLASS D VEHICLES",,,,,,,,MALE,,,,,OPERATOR/DRIVER,,MASSACHUSETTS,"D, CLASS D VEHICLES",,,,,,,,MALE,,,,
12/19/16 11:30,Monday,UNKNOWN HEAVY TRUCK,PASSENGER CAR,,PUTNAM AVE,FLAGG ST,,"PUTNAM AVE &amp; FLAGG ST
Cambridge, MA
(42.36679362800004, -71.10600609899996)",,,ANGLE,ROADWAY,COLLISION WITH MOTOR VEHICLE IN TRAFFIC,DAYLIGHT,CLEAR,,NO CONTROLS,,DRY,T-INTERSECTION,"TWO-WAY, DIVIDED, UNPROTECTED MEDIAN",NO,NO,,INTERSECTION,PUTNAM AVE,SOUTHBOUND,FLAGG ST,WESTBOUND,,,,,,,,,,,NONE,,,APN,MA,UNKNOWN HEAVY TRUCK,,,,TURNING RIGHT,2017,,M2,FREIGHT,1,,COLLISION WITH MOTOR VEHICLE IN TRAFFIC,COLLISION WITH MOTOR VEHICLE IN TRAFFIC,,,RIGHT SIDE,,,,WESTBOUND,,,,,,,,,,,NO IMPROPER DRIVING,,,,,,,NOT DISTRACTED,,,PAN,MA,PASSENGER CAR,,,,TRAVELING STRAIGHT AHEAD,2013,COLLISION WITH MOTOR VEHICLE IN TRAFFIC,CIVIC,HONDA,1,,COLLISION WITH MOTOR VEHICLE IN TRAFFIC,,,,RIGHT FRONT,CENTER FRONT,LEFT FRONT,Y,,,,,,,,,,,,FOLLOWED TO CLOSELY,,,,,,,,,YES VEHICLE OR TRAILER DISABLED,OPERATOR/DRIVER,NO INJURY,MASSACHUSETTS,,,,,,,,,MALE,"FRONT SEAT - LEFT SIDE, OR MOTORCYLE DRIVER",UNKNOWN,NOT TRAPPED,,OPERATOR/DRIVER,NO INJURY,MASSACHUSETTS,,,,,,,,,FEMALE,"FRONT SEAT - LEFT SIDE, OR MOTORCYLE DRIVER",UNKNOWN,NOT TRAPPED,