Date Time,Day of Week,Object 1,Object 2,Street Number,Street Name,Cross Street,Near Street,Location,May involve cyclist,May Involve Pedestrian,Manner of Collision,First Harmful Event Location,First Harmful Event,Ambient Light,Weather Condition 1,Weather Condition 2,Traffic Control Device Type,Traffic Control Device Functionality,Road Surface Condition,Roadway Junction Type,Trafficway Description,School Bus Related,Work Zone,Speed Limit,Street or Intersection,Intersection Name 1,Intersection Direction 1,Intersection Name 2,Intersection Direction 2,Intersection Name 3,Intersection Direction 3,Street Direction,Nearest Intersection Distance,Nearest Intersection Direction,Landmark Distance,Landmark Direction,Landmark,Mile Marker Direction,Non Public Area,Road Contributing,Damaged Property Type,Description of Damaged Property,V1 Registration Type,v1 State Code,V1 Configuration,V1 Emergency Response,V1 Moped,V1 Hit and Run,V1 Action Prior to Crash,V1 Model Year,V1 Most Harmful Event,V1 Model,V1 Make,V1 Occupant Count,V1 Underride Override,V1 First Event,V1 Second Event,V1 Third Event,V1 Fourth Event,V1 Most Damaged Area,V1 Second Damaged Area,V1 Third Damaged Area,V1 Towed,V1 Travel Direction,V1 Interstate,V1 Cargo Body Type,V1 Gross Weight,V1 Haz Placard,V1 Haz Release,V1 Trailer Reg Type,V1 Trailer Reg Plate,V1 Trailer Reg State,V1 Trailer Reg Year,V1 Trailer Len,V1 Driver Contribution,V1 Driver Contribution 2,V1 Is Truck,V1 Has Trailer,V1 Is Bus,V1 Is Hazmat,V1 Reg Year,V1 Driver Distracted,V1 Bus Use,V1 Tow Use,V2 Registration Type,V2 State Code,V2 Configuration,V2 Emergency Response,V2 Moped,V2 Hit and Run,V2 Action Prior to Crash,V2 Model Year,V2 Most Harmful Event,V2 Model,V2 Make,V2 Occupant Count,V2 Underride Override,V2 First Event,V2 Second Event,V2 Third Event,V2 Fourth Event,V2 Most Damaged Area,V2 Second Damaged Area,V2 Third Damaged Area,V2 Towed,V2 Travel Direction,V2 Interstate,V2 Cargo Body Type,V2 Gross Weight,V2 Haz Placard,V2 Haz Release,V2 Trailer Reg Type,V2 Trailer Reg Plate,V2 Trailer Reg State,V2 Trailer Reg Year,V2 Trailer Len,V2 Driver Contribution,V2 Driver Contribution 2,V2 Is Truck,V2 Has Trailer,V2 Is Bus,V2 Is Hazmat,V2 Reg Year,V2 Driver Distracted,V2 Bus Use,V2 Tow Use,P1 Role,P1 Injury,P1 Drivers Lic State,P1 Drivers Lic Class 1,P1 Drivers Lic Class 2,P1 Drivers Lic Restrict,P1 Non Motorist Desc,P1 Non Motorist Action,P1 Non Motorist Location,P1 Safety Equipment,P1 Age,P1 Sex,P1 Seat Position,P1 Safety System,P1 Trapped,P1 Veh Owner,P2 Role,P2 Injury,P2 Drivers Lic State,P2 Drivers Lic Class 1,P2 Drivers Lic Class 2,P2 Drivers Lic Restrict,P2 Non Motorist Desc,P2 Non Motorist Action,P2 Non Motorist Location,P2 Safety Equipment,P2 Age,P2 Sex,P2 Seat Position,P2 Safety System,P2 Trapped,P2 Veh Owner
11/17/16 16:07,Thursday,PASSENGER CAR,PASSENGER CAR,,HARVARD STREET,DANA STREET,,"HARVARD STREET &amp; DANA STREET
Cambridge, MA
(42.36679362800004, -71.10600609899996)",,,ANGLE,,,DAYLIGHT,CLEAR,,STOP SIGNS,,DRY,T-INTERSECTION,"TWO-WAY, NOT DIVIDED",NO,NO,,INTERSECTION,HARVARD STREET,NORTHBOUND,DANA STREET,WESTBOUND,,,,,,,,,,,NONE,,,PAN,MA,PASSENGER CAR,,,,TRAVELING STRAIGHT AHEAD,2008,,STATION WAGON,MINI COOPER,1,,COLLISION WITH MOTOR VEHICLE IN TRAFFIC,,,,RIGHT FRONT,,,,NORTHBOUND,,,,,,,,,,,NO IMPROPER DRIVING,,,,,,,NOT DISTRACTED,,YES VEHICLE OR TRAILER DISABLED,PAN,FL,PASSENGER CAR,,,,TURNING LEFT,2013,,SEDAN,MAZDA,1,,COLLISION WITH MOTOR VEHICLE IN TRAFFIC,,,,LEFT FRONT,,,,SOUTHBOUND,,,,,,,,,,,UNKNOWN,,,,,,,UNKNOWN,,,OPERATOR/DRIVER,,MASSACHUSETTS,"D, CLASS D VEHICLES",,,,,,,,MALE,,,,Y,OPERATOR/DRIVER,,FLORIDA,"D, CLASS D VEHICLES",,,,,,,,FEMALE,,,,Y
12/2/16 20:21,Friday,LIGHT TRUCK,LIGHT TRUCK,,MASSACHUSETTS AVE,RINDGE AVE,,"MASSACHUSETTS AVE &amp; RINDGE AVE
Cambridge, MA
(42.36679362800004, -71.10600609899996)",,,HEAD ON,ROADWAY,COLLISION WITH MOTOR VEHICLE IN TRAFFIC,DARK - LIGHTED ROADWAY,,,TRAFFIC CONTROL SIGNAL,YES,DRY,T-INTERSECTION,"TWO-WAY, DIVIDED, POSITIVE MEDIAN BARRIER",NO,NO,,INTERSECTION,MASSACHUSETTS AVE,,RINDGE AVE,,,,,,,,,,,,,,,PAN,NH,LIGHT TRUCK,,,,TRAVELING STRAIGHT AHEAD,2011,COLLISION WITH MOTOR VEHICLE IN TRAFFIC,EQUINOX,CHEVY,3,,COLLISION WITH MOTOR VEHICLE IN TRAFFIC,,,,RIGHT FRONT,CENTER FRONT,LEFT FRONT,Y,SOUTHBOUND,,,,,,,,,,,UNKNOWN,,,,,,,UNKNOWN,,YES VEHICLE OR TRAILER DISABLED,PAN,MA,LIGHT TRUCK,,,,TURNING LEFT,1998,COLLISION WITH MOTOR VEHICLE IN TRAFFIC,QUEST,NISSAN,1,,COLLISION WITH MOTOR VEHICLE IN TRAFFIC,,,,RIGHT FRONT,,,,WESTBOUND,,,,,,,,,,,UNKNOWN,,,,,,,UNKNOWN,,NO,OPERATOR/DRIVER,NO INJURY,NEW HAMPSHIRE,,,,,,,,,MALE,"FRONT SEAT - LEFT SIDE, OR MOTORCYLE DRIVER",UNKNOWN,NOT TRAPPED,Y,OPERATOR/DRIVER,NO INJURY,MASSACHUSETTS,"D, CLASS D VEHICLES",,,,,,,,MALE,"FRONT SEAT - LEFT SIDE, OR MOTORCYLE DRIVER",UNKNOWN,NOT TRAPPED,Y
12/8/16 12:45,Thursday,PASSENGER CAR,,1740,MASSACHUSETTS AVE.,,,"1740 MASSACHUSETTS AVE.
Cambridge, MA
(42.38453416700003, -71.11944695799997)",,,ANGLE,OUTSIDE ROADWAY,COLLISION WITH PARKED MOTOR VEHICLE,DAYLIGHT,CLOUDY,,NO CONTROLS,,DRY,DRIVEWAY,UNKNOWN,NO,NO,,NON INTERSECTION,,,,,,,,,,,,,,,NONE,,,PAN,MA,PASSENGER CAR,,,Y,PARKED,2016,COLLISION WITH PARKED MOTOR VEHICLE,CRUZE,CHEVY,0,,COLLISION WITH PARKED MOTOR VEHICLE,,,,REAR CENTER,,,,,,,,,,,,,,,,,,,,,,,,,,,,,,,,,,,,,,,,,,,,,,,,,,,,,,,,,,,,,,,,,,,UNINVOLVED OWNER,,MASSACHUSETTS,"D, CLASS D VEHICLES",,,,,,,,FEMALE,,,,Y,,,,,,,,,,,,,,,,
12/6/16 16:45,Tuesday,PASSENGER CAR,PASSENGER CAR,,CAMBRIDGE STREET,WINDSOR STREET,,"CAMBRIDGE STREET &amp; WINDSOR STREET
Cambridge, MA
(42.36679362800004, -71.10600609899996)",,,HEAD ON,ROADWAY,COLLISION WITH MOTOR VEHICLE IN TRAFFIC,DUSK,CLEAR,CLEAR,NO CONTROLS,NO,DRY,FOUR WAY INTERSECTION,"TWO-WAY, NOT DIVIDED",NO,NO,,INTERSECTION,CAMBRIDGE STREET,SOUTHBOUND,WINDSOR STREET,SOUTHBOUND,,,,,,,,,,,,,,PAN,MA,PASSENGER CAR,,,,TRAVELING STRAIGHT AHEAD,2003,,ES300,LEXIS,1,,COLLISION WITH MOTOR VEHICLE IN TRAFFIC,,,,RIGHT FRONT,CENTER FRONT,,,SOUTHBOUND,,,,,,,,,,,UNKNOWN,UNKNOWN,,,,,,UNKNOWN,,,PAN,MA,PASSENGER CAR,,,,TURNING RIGHT,2004,COLLISION WITH MOTOR VEHICLE IN TRAFFIC,TSX,ACURA,2,,COLLISION WITH MOTOR VEHICLE IN TRAFFIC,,,,LEFT FRONT,CENTER FRONT,,,SOUTHBOUND,,,,,,,,,,,NO IMPROPER DRIVING,,,,,,,UNKNOWN,,,OPERATOR/DRIVER,NO INJURY,MASSACHUSETTS,,,,,,,,,MALE,"FRONT SEAT - LEFT SIDE, OR MOTORCYLE DRIVER",UNKNOWN,NOT TRAPPED,Y,OPERATOR/DRIVER,NO INJURY,MASSACHUSETTS,,,,,,,,,MALE,"FRONT SEAT - LEFT SIDE, OR MOTORCYLE DRIVER",UNKNOWN,NOT TRAPPED,Y
11/18/16 19:42,Friday,LIGHT TRUCK,PASSENGER CAR,,CAMBRIDGE ST,HAMPSHIRE ST,,"CAMBRIDGE ST &amp; HAMPSHIRE ST
Cambridge, MA
(42.36679362800004, -71.10600609899996)",,,ANGLE,ROADWAY,COLLISION WITH MOTOR VEHICLE IN TRAFFIC,DARK - LIGHTED ROADWAY,CLEAR,,TRAFFIC CONTROL SIGNAL,YES,DRY,FIVE-POINT OR MORE,"TWO-WAY, DIVIDED, UNPROTECTED MEDIAN",NO,NO,,INTERSECTION,CAMBRIDGE ST,,HAMPSHIRE ST,,BEACON ST,,,,,,,,,,NONE,,,PAN,MA,LIGHT TRUCK,,,,TURNING RIGHT,2015,COLLISION WITH MOTOR VEHICLE IN TRAFFIC,RAV 4,TOYOTA,1,,COLLISION WITH MOTOR VEHICLE IN TRAFFIC,,,,CENTER FRONT,,,,,,,,,,,,,,,NO IMPROPER DRIVING,,,,,,,UNKNOWN,,,PAN,MA,PASSENGER CAR,,,,TURNING LEFT,2016,COLLISION WITH MOTOR VEHICLE IN TRAFFIC,3,MAZDA,1,,COLLISION WITH MOTOR VEHICLE IN TRAFFIC,,,,RIGHT SIDE,,,,,,,,,,,,,,,MADE AN IMPROPER TURN,,,,,,,UNKNOWN,,,OPERATOR/DRIVER,NO INJURY,MASSACHUSETTS,,,,,,,,,MALE,"FRONT SEAT - LEFT SIDE, OR MOTORCYLE DRIVER",UNKNOWN,,Y,OPERATOR/DRIVER,NO INJURY,MASSACHUSETTS,,,,,,,,,FEMALE,"FRONT SEAT - LEFT SIDE, OR MOTORCYLE DRIVER",UNKNOWN,,
11/30/16 22:15,Wednesday,LIGHT TRUCK,,,CAMBRIDGE ST,PROSPECT ST,,"CAMBRIDGE ST &amp; PROSPECT ST
Cambridge, MA
(42.36679362800004, -71.10600609899996)",,1,ANGLE,ROADWAY,COLLISION WITH PEDESTRIAN,DARK - LIGHTED ROADWAY,RAIN,,TRAFFIC CONTROL SIGNAL,YES,WET,FOUR WAY INTERSECTION,"TWO-WAY, DIVIDED, UNPROTECTED MEDIAN",NO,NO,,INTERSECTION,CAMBRIDGE ST,SOUTHBOUND,PROSPECT ST,EASTBOUND,,,,,,,,,,,NONE,,,PASS,NH,LIGHT TRUCK,,,,TURNING RIGHT,2012,COLLISION WITH PEDESTRIAN,WRANGLER,JEEP,1,,COLLISION WITH PEDESTRIAN,,,,NONE,,,,SOUTHBOUND,,,,,,,,,,,NO IMPROPER DRIVING,,,,,,,NOT DISTRACTED,,,,,,,,,,,,,,,,,,,,,,,,,,,,,,,,,,,,,,,,,,,,,OPERATOR/DRIVER,NO INJURY,NEW HAMPSHIRE,,,,,,,,,MALE,"FRONT SEAT - LEFT SIDE, OR MOTORCYLE DRIVER",SHOULDER AND LAP BELT USED,NOT TRAPPED,Y,NON-MOTORIST,NON FATAL INJURY - NON INCAPACITATING,,,,,PEDESTRIAN,ENTERING OR CROSSING SPECIFIED LOCATION,MARKED CROSSWALK AT INTERSECTION,NONE USED,,MALE,,,,
12/20/16 17:48,Tuesday,PASSENGER CAR,PASSENGER CAR,,THIRD ST,SPRING ST,,"THIRD ST &amp; SPRING ST
Cambridge, MA
(42.36679362800004, -71.10600609899996)",,,ANGLE,ROADWAY,COLLISION WITH MOTOR VEHICLE IN TRAFFIC,DARK - LIGHTED ROADWAY,CLEAR,,STOP SIGNS,YES,DRY,FOUR WAY INTERSECTION,"TWO-WAY, NOT DIVIDED",NO,NO,,INTERSECTION,THIRD ST,SOUTHBOUND,SPRING ST,WESTBOUND,,,,,,,,,,,NONE,,,PAN,MA,PASSENGER CAR,,,,TRAVELING STRAIGHT AHEAD,1998,COLLISION WITH MOTOR VEHICLE IN TRAFFIC,CIVIC,HONDA,1,,COLLISION WITH MOTOR VEHICLE IN TRAFFIC,COLLISION WITH MOTOR VEHICLE IN TRAFFIC,,,LEFT FRONT,LEFT SIDE,LEFT REAR,,SOUTHBOUND,,,,,,,,,,,UNKNOWN,,,,,,,UNKNOWN,,,PAN,MA,PASSENGER CAR,,,,TRAVELING STRAIGHT AHEAD,2011,COLLISION WITH MOTOR VEHICLE IN TRAFFIC,SORENTO,KIA,1,,COLLISION WITH MOTOR VEHICLE IN TRAFFIC,,,,CENTER FRONT,,,,WESTBOUND,,,,,,,,,,,FAILED TO YIELD THE RIGHT OF WAY,UNKNOWN,,,,,,UNKNOWN,,,OPERATOR/DRIVER,NO INJURY,MASSACHUSETTS,"D, CLASS D VEHICLES",,,,,,,,MALE,"FRONT SEAT - LEFT SIDE, OR MOTORCYLE DRIVER",UNKNOWN,NOT TRAPPED,Y,OPERATOR/DRIVER,NO INJURY,MASSACHUSETTS,"D, CLASS D VEHICLES",,,,,,,,MALE,"FRONT SEAT - LEFT SIDE, OR MOTORCYLE DRIVER",UNKNOWN,NOT TRAPPED,Y
12/8/16 20:01,Thursday,,,,GARDEN STREET,,,"GARDEN STREET
Cambridge, MA
(42.38198304900004, -71.12663404399996)",,,"SIDESWIPE, SAME DIRECTION",ROADWAY,COLLISION WITH MOTOR VEHICLE IN TRAFFIC,DARK - LIGHTED ROADWAY,CLEAR,,NO CONTROLS,,DRY,,"TWO-WAY, NOT DIVIDED",NO,NO,,NON INTERSECTION,,,,,,,,,,,,,,,NONE,,,PAN,MA,,,,Y,PARKED,2011,COLLISION WITH MOTOR VEHICLE IN TRAFFIC,328XI,BMW,,,COLLISION WITH MOTOR VEHICLE IN TRAFFIC,,,,LEFT SIDE,,,,,,,,,,,,,,,,,,,,,,,,,,,,,,,,,,,,,,,,,,,,,,,,,,,,,,,,,,,,,,,,,,,UNINVOLVED OWNER,,,"D, CLASS D VEHICLES",,,,,,,,MALE,,,,Y,,,,,,,,,,,,,,,,
11/24/16 21:08,Thursday,LIGHT TRUCK,PASSENGER CAR,1001,CAMBRIDGE STREET,,COLUMBIA,"1001 CAMBRIDGE STREET
Cambridge, MA
(42.37286717500007, -71.09388680399996)",,,ANGLE,OUTSIDE ROADWAY,COLLISION WITH MOTOR VEHICLE IN TRAFFIC,DARK - LIGHTED ROADWAY,RAIN,,NO CONTROLS,NO,,NOT AT INTERSECTION,,NO,NO,,NON INTERSECTION,,,,,,,SOUTHBOUND,,WESTBOUND,,,,,,NONE,,,PAN,MA,LIGHT TRUCK,,,,PARKED,2007,COLLISION WITH MOTOR VEHICLE IN TRAFFIC,SILVERADO,CHEVY,1,,COLLISION WITH MOTOR VEHICLE IN TRAFFIC,,,,LEFT FRONT,,,,SOUTHBOUND,,,,,,,,,,,NO IMPROPER DRIVING,,,,,,,NOT DISTRACTED,,,PAN,MA,PASSENGER CAR,,,,TURNING LEFT,2008,COLLISION WITH MOTOR VEHICLE IN TRAFFIC,ACCURA,HONDA,4,,COLLISION WITH MOTOR VEHICLE IN TRAFFIC,,,,RIGHT REAR,REAR CENTER,,,SOUTHBOUND,,,,,,,,,,,NO IMPROPER DRIVING,,,,,,,NOT DISTRACTED,,,OPERATOR/DRIVER,NO INJURY,MASSACHUSETTS,,,,,,,,,MALE,"FRONT SEAT - LEFT SIDE, OR MOTORCYLE DRIVER",UNKNOWN,NOT TRAPPED,Y,OPERATOR/DRIVER,NO INJURY,MASSACHUSETTS,,,,,,,,,FEMALE,"FRONT SEAT - LEFT SIDE, OR MOTORCYLE DRIVER",SHOULDER AND LAP BELT USED,NOT TRAPPED,Y
12/31/16 16:19,Saturday,PASSENGER CAR,,47,CREIGHTON ST,,,"47 CREIGHTON ST
Cambridge, MA
(42.39004014900007, -71.12308575499998)",,,UNKNOWN,UNKNOWN,UNKNOWN,UNKNOWN,UNKNOWN,,NO CONTROLS,,UNKNOWN,NOT AT INTERSECTION,"TWO-WAY, NOT DIVIDED",NO,NO,25,NON INTERSECTION,,,,,,,WESTBOUND,,,,,,,,NONE,,,PAN,MA,PASSENGER CAR,,,Y,PARKED,2004,UNKNOWN,G35,INFINITY,0,,UNKNOWN,,,,LEFT SIDE,,,,UNKNOWN,,,,,,,,,,,UNKNOWN,,,,,,,UNKNOWN,,,,,,,,,,,,,,,,,,,,,,,,,,,,,,,,,,,,,,,,,,,,,UNINVOLVED OWNER,,,,,,,,,,,MALE,,,,Y,,,,,,,,,,,,,,,,
12/1/16 11:31,Thursday,UNKNOWN HEAVY TRUCK,PASSENGER CAR,,MASSACHUSETTS AVE,ALBANY ST,,"MASSACHUSETTS AVE &amp; ALBANY ST
Cambridge, MA
(42.36679362800004, -71.10600609899996)",,,ANGLE,ROADWAY,COLLISION WITH MOTOR VEHICLE IN TRAFFIC,DAYLIGHT,OTHER,OTHER,TRAFFIC CONTROL SIGNAL,YES,WET,FOUR WAY INTERSECTION,,,,,INTERSECTION,MASSACHUSETTS AVE,EASTBOUND,ALBANY ST,NORTHBOUND,,,,,,,,,,,UNKNOWN,OTHER,MOTOR VEHICLE,APN,MA,UNKNOWN HEAVY TRUCK,,,,TURNING RIGHT,2006,,LT9500,STLG,1,,OTHER,,,,OTHER,,,,EASTBOUND,,OTHER,,,,,,,,,OTHER IMPROPER ACTION,,Y,,,,,UNKNOWN,,,PAN,MA,PASSENGER CAR,,,,OVERTAKING / PASSING,2008,,GRAND,DODGE,1,,OTHER,,,,RIGHT SIDE,OTHER,,,EASTBOUND,,,,,,,,,,,UNKNOWN,,,,,,,UNKNOWN,,,OPERATOR/DRIVER,,MASSACHUSETTS,,,,,,,,,MALE,"FRONT SEAT - LEFT SIDE, OR MOTORCYLE DRIVER",UNKNOWN,,Y,OPERATOR/DRIVER,,MASSACHUSETTS,,,,,,,,,MALE,"FRONT SEAT - LEFT SIDE, OR MOTORCYLE DRIVER",HELMET USED,,Y
12/18/16 19:05,Sunday,PASSENGER CAR,PASSENGER CAR,200,ALEWIFE BROOK PARKWAY,,,"200 ALEWIFE BROOK PARKWAY
Cambridge, MA
(42.390171585000076, -71.14200220899994)",,,UNKNOWN,,COLLISION WITH PARKED MOTOR VEHICLE,DARK - LIGHTED ROADWAY,CLOUDY,,NO CONTROLS,,WET,NOT AT INTERSECTION,,NO,NO,,NON INTERSECTION,,,,,,,,,,,,FRESH POND MALL PARKING LOT (WHOLE FOODS),,,NONE,,,PAN,MA,PASSENGER CAR,,,Y,PARKED,2012,,ACCORD,HONDA,0,,,,,,RIGHT REAR,,,,,,,,,,,,,,,NO IMPROPER DRIVING,,,,,,,,,NO,PAN,MA,PASSENGER CAR,,,Y,UNKNOWN,2011,COLLISION WITH PARKED MOTOR VEHICLE,RANGE ROVER,LAND ROVER,1,,COLLISION WITH PARKED MOTOR VEHICLE,,,,UNKNOWN,,,,,,,,,,,,,,,,,,,,,,,,NO,OPERATOR/DRIVER,,MASSACHUSETTS,"D, CLASS D VEHICLES",,,,,,,,FEMALE,"FRONT SEAT - LEFT SIDE, OR MOTORCYLE DRIVER",,,Y,UNINVOLVED OWNER,,MASSACHUSETTS,"D, CLASS D VEHICLES",,,,,,,,MALE,,,,Y
11/17/16 13:55,Thursday,PASSENGER CAR,PASSENGER CAR,,LOCUST ST.,LOCUST TERRACE,,"LOCUST ST. &amp; LOCUST TERRACE
Cambridge, MA
(42.36679362800004, -71.10600609899996)",,,ANGLE,ROADWAY,COLLISION WITH MOTOR VEHICLE IN TRAFFIC,DAYLIGHT,CLEAR,,NO CONTROLS,,,T-INTERSECTION,"TWO-WAY, NOT DIVIDED",NO,NO,20,INTERSECTION,LOCUST ST.,NORTHBOUND,LOCUST TERRACE,EASTBOUND,,,,,,,,,,,NONE,,,PAN,MA,PASSENGER CAR,,,Y,PARKED,2005,COLLISION WITH MOTOR VEHICLE IN TRAFFIC,CAMRY,TOYOTA,0,,COLLISION WITH MOTOR VEHICLE IN TRAFFIC,,,,LEFT SIDE,LEFT FRONT,,,,,,,,,,,,,,,,,,,,,,,,PAN,MA,PASSENGER CAR,,,,BACKING,2006,,ES330,LEXUS,1,,COLLISION WITH PARKED MOTOR VEHICLE,,,,,,,,,,,,,,,,,,,,,,,,,,,,,UNINVOLVED OWNER,,MASSACHUSETTS,"D, CLASS D VEHICLES",,,,,,,,MALE,,,,Y,OPERATOR/DRIVER,,MASSACHUSETTS,"D, CLASS D VEHICLES",,,,,,,,MALE,"FRONT SEAT - LEFT SIDE, OR MOTORCYLE DRIVER",,,Y
11/15/16 17:04,Tuesday,PASSENGER CAR,PASSENGER CAR,725,CONCORD AVE (REAR PARKING LOT),,,"725 CONCORD AVE (REAR PARKING LOT)
Cambridge, MA
(42.39035717400003, -71.15225673299994)",,,ANGLE,ROADSIDE,COLLISION WITH PARKED MOTOR VEHICLE,DARK - UNKNOWN ROADWAY LIGHTING,RAIN,RAIN,NO CONTROLS,,WET,NOT AT INTERSECTION,UNKNOWN,NO,NO,,NON INTERSECTION,,,,,,,,,,,,,,,UNKNOWN,,,PAN,MA,PASSENGER CAR,,,,PARKED,2003,,XL3,SUZUKI,0,,,,,,RIGHT REAR,,,,,,,,,,,,,,,,,,,,,,,,,PAN,MA,PASSENGER CAR,,,Y,UNKNOWN,2016,,CIVIC,HONDA,1,,COLLISION WITH PARKED MOTOR VEHICLE,,,,LEFT FRONT,,,,,,,,,,,,,,,,,,,,,,,,,UNINVOLVED OWNER,,MASSACHUSETTS,,,,,,,,,FEMALE,,,,Y,UNINVOLVED OWNER,,,,,,,,,,,UNKNOWN,,,,Y
11/9/16 14:30,Wednesday,SINGLE UNIT TRUCK (2 AXLES - 6 TIRES),,130,CAMBRIDGE PARK DR,,,"130 CAMBRIDGE PARK DR
Cambridge, MA
(42.39465076300007, -71.14465967199999)",,,UNKNOWN,OUTSIDE ROADWAY,COLLISION WITH PARKED MOTOR VEHICLE,DAYLIGHT,CLOUDY,,NO CONTROLS,,OTHER,NOT AT INTERSECTION,"TWO-WAY, NOT DIVIDED",NO,YES,,NON INTERSECTION,,,,,,,,,,,,CONSTRUCTION SITE,,,,,,APN,IN,SINGLE UNIT TRUCK (2 AXLES - 6 TIRES),,,,PARKED,2017,COLLISION WITH MOTOR VEHICLE IN TRAFFIC,TK,INT,0,,COLLISION WITH MOTOR VEHICLE IN TRAFFIC,,,,RIGHT REAR,,,,,,OTHER,"10,001 - 26000 POUNDS",,,,,,,,,,Y,,,,,,,,,OT,,,,Y,,,,,,,,,,,,,,,,,,,,,,,,,,,,,,,,,,,,,UNINVOLVED OWNER,,,,,,,,,,,UNKNOWN,,,,Y,,,,,,,,,,,,,,,,
12/20/16 22:32,Tuesday,PASSENGER CAR,PASSENGER CAR,,BROOKLINE ST,ALLSTON ST,,"BROOKLINE ST &amp; ALLSTON ST
Cambridge, MA
(42.36679362800004, -71.10600609899996)",,,ANGLE,ROADWAY,COLLISION WITH MOTOR VEHICLE IN TRAFFIC,DARK - LIGHTED ROADWAY,CLEAR,,FLASHING TRAFIC CONTROL SIGNAL,YES,DRY,T-INTERSECTION,"ONE-WAY, NOT DIVIDED",NO,NO,,INTERSECTION,BROOKLINE ST,NORTHBOUND,ALLSTON ST,EASTBOUND,,,,,,,,,,,NONE,,,PAN,MA,PASSENGER CAR,,,,TRAVELING STRAIGHT AHEAD,2015,COLLISION WITH MOTOR VEHICLE IN TRAFFIC,A3,AUDI,1,,COLLISION WITH MOTOR VEHICLE IN TRAFFIC,COLLISION WITH PARKED MOTOR VEHICLE,COLLISION WITH PARKED MOTOR VEHICLE,,RIGHT REAR,LEFT REAR,,,EASTBOUND,,,,,,,,,,,UNKNOWN,,,,,,,UNKNOWN,,NO,PAN,MA,PASSENGER CAR,,,,TRAVELING STRAIGHT AHEAD,2002,COLLISION WITH MOTOR VEHICLE IN TRAFFIC,TT,AUDI,2,,COLLISION WITH MOTOR VEHICLE IN TRAFFIC,,,,LEFT FRONT,CENTER FRONT,RIGHT FRONT,,NORTHBOUND,,,,,,,,,,,NO IMPROPER DRIVING,,,,,,,NOT DISTRACTED,,NO,OPERATOR/DRIVER,NO INJURY,MASSACHUSETTS,"D, CLASS D VEHICLES",,NONE,,,,,,MALE,"FRONT SEAT - LEFT SIDE, OR MOTORCYLE DRIVER",SHOULDER AND LAP BELT USED,NOT TRAPPED,,OPERATOR/DRIVER,NO INJURY,MASSACHUSETTS,"D, CLASS D VEHICLES",,NONE,,,,,,MALE,"FRONT SEAT - LEFT SIDE, OR MOTORCYLE DRIVER",SHOULDER AND LAP BELT USED,NOT TRAPPED,Y
1/14/17 13:11,Saturday,PASSENGER CAR,,,PARKING LOT OF FRESH POND MALL,,,"PARKING LOT OF FRESH POND MALL
Cambridge, MA
(42.36679362800004, -71.10600609899996)",,,,,,,,,,,,,,,,,NON INTERSECTION,,,,,,,,,,,,FRESH POND MALL NEAR HOTEL TRIA,,,,,,PAN,MA,PASSENGER CAR,,,Y,PARKED,2006,COLLISION WITH PARKED MOTOR VEHICLE,IMPREZA,SUBURU,0,,COLLISION WITH PARKED MOTOR VEHICLE,COLLISION WITH PARKED MOTOR VEHICLE,COLLISION WITH PARKED MOTOR VEHICLE,COLLISION WITH PARKED MOTOR VEHICLE,LEFT REAR,,,,UNKNOWN,,,,,,,,,,,UNKNOWN,UNKNOWN,,,,,,UNKNOWN,,,,,,,,,,,,,,,,,,,,,,,,,,,,,,,,,,,,,,,,,,,,,UNINVOLVED OWNER,,MASSACHUSETTS,,,,,,,,36,FEMALE,,,,Y,,,,,,,,,,,,,,,,
12/11/16 12:00,Sunday,PASSENGER CAR,LIGHT TRUCK,1668,MASSACHUSETTS AVENUE,,HUDSON STREET,"1668 MASSACHUSETTS AVENUE
Cambridge, MA
(42.38194318600006, -71.11972785199998)",,,ANGLE,ROADWAY,COLLISION WITH PARKED MOTOR VEHICLE,DAYLIGHT,CLEAR,,NO CONTROLS,,DRY,NOT AT INTERSECTION,"TWO-WAY, DIVIDED, POSITIVE MEDIAN BARRIER",NO,NO,,NON INTERSECTION,,,,,,,SOUTHBOUND,30 FEET,NORTHBOUND,,,,,,NONE,,,PAN,MA,PASSENGER CAR,,,,PARKED,2013,COLLISION WITH MOTOR VEHICLE IN TRAFFIC,CIVIC,HONDA,0,,COLLISION WITH MOTOR VEHICLE IN TRAFFIC,,,,LEFT REAR,,,,SOUTHBOUND,,,,,,,,,,,NO IMPROPER DRIVING,,,,,,,,,,PAN,MA,LIGHT TRUCK,,,Y,BACKING,2009,COLLISION WITH PARKED MOTOR VEHICLE,CRV,HONDA,1,,COLLISION WITH PARKED MOTOR VEHICLE,,,,RIGHT FRONT,,,,NORTHBOUND,,,,,,,,,,,INATTENTION,,,,,,,UNKNOWN,,,UNINVOLVED OWNER,,,,,,,,,,,FEMALE,,,,Y,WITNESS,,,,,,,,,,,FEMALE,,,,
11/7/16 11:37,Monday,PASSENGER CAR,,596,MASS AVE,,ESSEX ST,"596 MASS AVE
Cambridge, MA
(42.36495436600006, -71.10301642999997)",1,,REAR-END,ROADWAY,COLLISION WITH PEDALCYCLE,DAYLIGHT,CLEAR,,NO CONTROLS,,DRY,NOT AT INTERSECTION,"TWO-WAY, NOT DIVIDED",NO,NO,30,NON INTERSECTION,,,,,,,EASTBOUND,,NORTHBOUND,,,,,,NONE,,,PAN,NJ,PASSENGER CAR,,,,ENTERING TRAFFIC LANE,2016,COLLISION WITH PEDALCYCLE,GHIBLI SQ4,MASERATI,2,,COLLISION WITH PEDALCYCLE,,,,LEFT REAR,,,,EASTBOUND,,,,,,,,,,,UNKNOWN,,,,,,,UNKNOWN,,,,,,,,,,,,,,,,,,,,,,,,,,,,,,,,,,,,,,,,,,,,,OPERATOR/DRIVER,NO INJURY,NEW YORK,"D, CLASS D VEHICLES",,,,,,,,MALE,"FRONT SEAT - LEFT SIDE, OR MOTORCYLE DRIVER",UNKNOWN,NOT TRAPPED,,OCCUPANT/PASSENGER,NO INJURY,,,,,,,,,,FEMALE,FRONT SEAT - RIGHT SIDE,UNKNOWN,NOT TRAPPED,Y