Date Time,Day of Week,Object 1,Object 2,Street Number,Street Name,Cross Street,Near Street,Location,May involve cyclist,May Involve Pedestrian,Manner of Collision,First Harmful Event Location,First Harmful Event,Ambient Light,Weather Condition 1,Weather Condition 2,Traffic Control Device Type,Traffic Control Device Functionality,Road Surface Condition,Roadway Junction Type,Trafficway Description,School Bus Related,Work Zone,Speed Limit,Street or Intersection,Intersection Name 1,Intersection Direction 1,Intersection Name 2,Intersection Direction 2,Intersection Name 3,Intersection Direction 3,Street Direction,Nearest Intersection Distance,Nearest Intersection Direction,Landmark Distance,Landmark Direction,Landmark,Mile Marker Direction,Non Public Area,Road Contributing,Damaged Property Type,Description of Damaged Property,V1 Registration Type,v1 State Code,V1 Configuration,V1 Emergency Response,V1 Moped,V1 Hit and Run,V1 Action Prior to Crash,V1 Model Year,V1 Most Harmful Event,V1 Model,V1 Make,V1 Occupant Count,V1 Underride Override,V1 First Event,V1 Second Event,V1 Third Event,V1 Fourth Event,V1 Most Damaged Area,V1 Second Damaged Area,V1 Third Damaged Area,V1 Towed,V1 Travel Direction,V1 Interstate,V1 Cargo Body Type,V1 Gross Weight,V1 Haz Placard,V1 Haz Release,V1 Trailer Reg Type,V1 Trailer Reg Plate,V1 Trailer Reg State,V1 Trailer Reg Year,V1 Trailer Len,V1 Driver Contribution,V1 Driver Contribution 2,V1 Is Truck,V1 Has Trailer,V1 Is Bus,V1 Is Hazmat,V1 Reg Year,V1 Driver Distracted,V1 Bus Use,V1 Tow Use,V2 Registration Type,V2 State Code,V2 Configuration,V2 Emergency Response,V2 Moped,V2 Hit and Run,V2 Action Prior to Crash,V2 Model Year,V2 Most Harmful Event,V2 Model,V2 Make,V2 Occupant Count,V2 Underride Override,V2 First Event,V2 Second Event,V2 Third Event,V2 Fourth Event,V2 Most Damaged Area,V2 Second Damaged Area,V2 Third Damaged Area,V2 Towed,V2 Travel Direction,V2 Interstate,V2 Cargo Body Type,V2 Gross Weight,V2 Haz Placard,V2 Haz Release,V2 Trailer Reg Type,V2 Trailer Reg Plate,V2 Trailer Reg State,V2 Trailer Reg Year,V2 Trailer Len,V2 Driver Contribution,V2 Driver Contribution 2,V2 Is Truck,V2 Has Trailer,V2 Is Bus,V2 Is Hazmat,V2 Reg Year,V2 Driver Distracted,V2 Bus Use,V2 Tow Use,P1 Role,P1 Injury,P1 Drivers Lic State,P1 Drivers Lic Class 1,P1 Drivers Lic Class 2,P1 Drivers Lic Restrict,P1 Non Motorist Desc,P1 Non Motorist Action,P1 Non Motorist Location,P1 Safety Equipment,P1 Age,P1 Sex,P1 Seat Position,P1 Safety System,P1 Trapped,P1 Veh Owner,P2 Role,P2 Injury,P2 Drivers Lic State,P2 Drivers Lic Class 1,P2 Drivers Lic Class 2,P2 Drivers Lic Restrict,P2 Non Motorist Desc,P2 Non Motorist Action,P2 Non Motorist Location,P2 Safety Equipment,P2 Age,P2 Sex,P2 Seat Position,P2 Safety System,P2 Trapped,P2 Veh Owner
1/2/17 16:40,Monday,PASSENGER CAR,SINGLE UNIT TRUCK (2 AXLES - 6 TIRES),241,COLUMBIA ST,,,"241 COLUMBIA ST
Cambridge, MA
(42.36919574400008, -71.09665960899997)",,,,,,DUSK,CLEAR,,,NO,DRY,,,,,30,NON INTERSECTION,,,,,,,NORTHBOUND,,,,,,,,,,,PAN,MA,PASSENGER CAR,,,,PARKED,2015,,TIGUAN,VOLKSWAGON,0,,COLLISION WITH MOTOR VEHICLE IN TRAFFIC,,,,LEFT FRONT,CENTER FRONT,LEFT SIDE,,,,,,,,,,,,,,,,,,,,,,,,AZ,SINGLE UNIT TRUCK (2 AXLES - 6 TIRES),,,,TURNING RIGHT,2007,COLLISION WITH PARKED MOTOR VEHICLE,TK,FORD,1,,COLLISION WITH PARKED MOTOR VEHICLE,,,,RIGHT SIDE,RIGHT REAR,,,,,OTHER,"10,001 - 26000 POUNDS",,,,,,,,,,Y,,,,2007,,,,UNINVOLVED OWNER,,MASSACHUSETTS,"D, CLASS D VEHICLES",,,,,,,,MALE,,,,,OPERATOR/DRIVER,,MASSACHUSETTS,"D, CLASS D VEHICLES",,,,,,,,MALE,,,,
3/9/17 14:00,Thursday,LIGHT TRUCK,,,FULKERSON ST,BENT ST,,"FULKERSON ST &amp; BENT ST
Cambridge, MA
(42.36679362800004, -71.10600609899996)",1,1,HEAD ON,ROADWAY,COLLISION WITH PEDESTRIAN,DAYLIGHT,CLEAR,,NO CONTROLS,,DRY,T-INTERSECTION,"TWO-WAY, NOT DIVIDED",NO,NO,,INTERSECTION,FULKERSON ST,,BENT ST,,,,,,,,,,,,,,,PAN,MA,LIGHT TRUCK,,,,TURNING LEFT,2017,COLLISION WITH PEDESTRIAN,HRT,HOND,1,,COLLISION WITH PEDESTRIAN,,,,NONE,,,,EASTBOUND,,,,,,,,,,,FAILED TO YIELD THE RIGHT OF WAY,,,,,,,,,,,,,,,,,,,,,,,,,,,,,,,,,,,,,,,,,,,,,,,,,,,,OPERATOR/DRIVER,NO INJURY,MASSACHUSETTS,,,,,,,,,FEMALE,"FRONT SEAT - LEFT SIDE, OR MOTORCYLE DRIVER",UNKNOWN,NOT TRAPPED,Y,NON-MOTORIST,NON FATAL INJURY - POSSIBLE,NEW JERSEY,,,,PEDESTRIAN,"WALKING, RUNNING OR CYCLING",MARKED CROSSWALK AT INTERSECTION,UNKNOWN,,FEMALE,,,,
1/18/17 18:26,Wednesday,PASSENGER CAR,,,WALDEN STREET,CONCORD AVENUE,,"WALDEN STREET &amp; CONCORD AVENUE
Cambridge, MA
(42.36679362800004, -71.10600609899996)",1,1,ANGLE,ROADWAY,COLLISION WITH PEDESTRIAN,DARK - LIGHTED ROADWAY,RAIN,CLOUDY,TRAFFIC CONTROL SIGNAL,YES,WET,,,NO,NO,,INTERSECTION,WALDEN STREET,NORTHBOUND,CONCORD AVENUE,EASTBOUND,,,,,,,,,,,NONE,,,PAN,NH,PASSENGER CAR,,,,TURNING LEFT,2016,COLLISION WITH PEDESTRIAN,BEETLE`,VOLKSWAGON,1,,COLLISION WITH PEDESTRIAN,,,,NONE,,,,NORTHBOUND,,,,,,,,,,,UNKNOWN,,,,,,,UNKNOWN,,,,,,,,,,,,,,,,,,,,,,,,,,,,,,,,,,,,,,,,,,,,,NON-MOTORIST,NON FATAL INJURY - POSSIBLE,,,,,PEDESTRIAN,"WALKING, RUNNING OR CYCLING",MARKED CROSSWALK AT INTERSECTION,NONE USED,,FEMALE,,,,Y,OPERATOR/DRIVER,NO INJURY,NEW HAMPSHIRE,UNKNOWN,,,,,,,,FEMALE,"FRONT SEAT - LEFT SIDE, OR MOTORCYLE DRIVER",SHOULDER AND LAP BELT USED,NOT TRAPPED,Y
1/13/17 6:00,Friday,PASSENGER CAR,PASSENGER CAR,330,MT.AUBURN STREET,,,"330 MT.AUBURN STREET
Cambridge, MA
(42.374891707000074, -71.13406275099999)",,,ANGLE,ROADWAY,COLLISION WITH MOTOR VEHICLE IN TRAFFIC,DAWN,CLEAR,,NO CONTROLS,,DRY,NOT AT INTERSECTION,"TWO-WAY, DIVIDED, UNPROTECTED MEDIAN",NO,NO,,NON INTERSECTION,,,,,,,EASTBOUND,,,,,MT. AUBURN HOSPITAL,,,NONE,,,PAS,RI,PASSENGER CAR,,,,OVERTAKING / PASSING,2015,COLLISION WITH MOTOR VEHICLE IN TRAFFIC,CAMRY,TOYOTA,1,,COLLISION WITH MOTOR VEHICLE IN TRAFFIC,,,,LEFT FRONT,LEFT SIDE,LEFT REAR,,EASTBOUND,,,,,,,,,,,UNKNOWN,,,,,,,UNKNOWN,,,PAN,MA,PASSENGER CAR,Y,,,TURNING RIGHT,2001,COLLISION WITH MOTOR VEHICLE IN TRAFFIC,3.2 TL,ACURA,2,,COLLISION WITH MOTOR VEHICLE IN TRAFFIC,,,,RIGHT FRONT,,,,EASTBOUND,,,,,,,,,,,UNKNOWN,,,,,,,UNKNOWN,,,OPERATOR/DRIVER,,RHODE ISLAND,,,,,,,,,MALE,"FRONT SEAT - LEFT SIDE, OR MOTORCYLE DRIVER",UNKNOWN,NOT TRAPPED,Y,OPERATOR/DRIVER,,MASSACHUSETTS,,,,,,,,,MALE,"FRONT SEAT - LEFT SIDE, OR MOTORCYLE DRIVER",UNKNOWN,NOT TRAPPED,
2/8/17 8:30,Wednesday,PASSENGER CAR,LIGHT TRUCK,,PEMBERTON ST,SARGENT ST.,,"PEMBERTON ST &amp; SARGENT ST.
Cambridge, MA
(42.36679362800004, -71.10600609899996)",,,ANGLE,ROADWAY,COLLISION WITH MOTOR VEHICLE IN TRAFFIC,DAYLIGHT,CLOUDY,"SLEET, HAIL, FREEZING RAIN OR DRIZZLE",STOP SIGNS,YES,ICE,T-INTERSECTION,"TWO-WAY, NOT DIVIDED",NO,NO,,INTERSECTION,PEMBERTON ST,,SARGENT ST.,,,,,,,,,,,,ROAD SURFACE CONDITION,,,PAN,MA,PASSENGER CAR,,,,SLOWING OR STOPPED IN TRAFFIC,1999,COLLISION WITH MOTOR VEHICLE IN TRAFFIC,ACCORD,HONDA,1,,COLLISION WITH MOTOR VEHICLE IN TRAFFIC,,,,LEFT FRONT,,,,,,,,,,,,,,,UNKNOWN,,,,,,,UNKNOWN,,,PAN,MA,LIGHT TRUCK,,,,TRAVELING STRAIGHT AHEAD,2015,COLLISION WITH MOTOR VEHICLE IN TRAFFIC,PATHFINDER,NISSAN,5,,COLLISION WITH MOTOR VEHICLE IN TRAFFIC,,,,RIGHT FRONT,,,,,,,,,,,,,,,NO IMPROPER DRIVING,,,,,,,NOT DISTRACTED,,,OPERATOR/DRIVER,NO INJURY,MASSACHUSETTS,"D, CLASS D VEHICLES",,,,,,,,MALE,"FRONT SEAT - LEFT SIDE, OR MOTORCYLE DRIVER",SHOULDER AND LAP BELT USED,NOT TRAPPED,Y,OPERATOR/DRIVER,NO INJURY,MASSACHUSETTS,"D, CLASS D VEHICLES",,,,,,,,MALE,"FRONT SEAT - LEFT SIDE, OR MOTORCYLE DRIVER",SHOULDER AND LAP BELT USED,NOT TRAPPED,Y
3/18/17 22:55,Saturday,PASSENGER CAR,,,BRATTLE ST,,MASS AVE,"BRATTLE ST
Cambridge, MA
(42.376099804000035, -71.14109331099996)",,,"SIDESWIPE, SAME DIRECTION",ROADWAY,COLLISION WITH MOTOR VEHICLE IN TRAFFIC,DARK - LIGHTED ROADWAY,UNKNOWN,,,,UNKNOWN,,"ONE-WAY, NOT DIVIDED",NO,NO,,NON INTERSECTION,,,,,,,,,,,,,,,,,,PAN,MA,PASSENGER CAR,,,,TRAVELING STRAIGHT AHEAD,2007,COLLISION WITH MOTOR VEHICLE IN TRAFFIC,CIVIC,HOND,,,COLLISION WITH MOTOR VEHICLE IN TRAFFIC,,,,RIGHT REAR,,,,WESTBOUND,,,,,,,,,,,,,,,,,,,,,PAN,MA,,,,Y,TRAVELING STRAIGHT AHEAD,,,,CHEV,,,COLLISION WITH MOTOR VEHICLE IN TRAFFIC,,,,UNKNOWN,,,,WESTBOUND,,,,,,,,,,,OTHER IMPROPER ACTION,,,,,,,,,,OPERATOR/DRIVER,NO INJURY,MASSACHUSETTS,,,,,,,,,FEMALE,"FRONT SEAT - LEFT SIDE, OR MOTORCYLE DRIVER",UNKNOWN,NOT TRAPPED,Y,,,,,,,,,,,,,,,,
2/24/17 14:22,Friday,PASSENGER CAR,LIGHT TRUCK,3,CONCORD AVE,,,"3 CONCORD AVE
Cambridge, MA
(42.37765518700007, -71.12234680599994)",,,ANGLE,ROADWAY,COLLISION WITH PARKED MOTOR VEHICLE,UNKNOWN,UNKNOWN,UNKNOWN,NO CONTROLS,,UNKNOWN,NOT AT INTERSECTION,"ONE-WAY, NOT DIVIDED",NO,NO,,NON INTERSECTION,,,,,,,,,,,,,,,NONE,,,CON,MA,PASSENGER CAR,,,Y,PARKED,1999,COLLISION WITH PARKED MOTOR VEHICLE,S80,VOLVO,0,,COLLISION WITH PARKED MOTOR VEHICLE,,,,RIGHT FRONT,,,,,,,,,,,,,,,NO IMPROPER DRIVING,,,,,,,,,,CON,MA,LIGHT TRUCK,,,Y,BACKING,2003,COLLISION WITH PARKED MOTOR VEHICLE,F150,FORD,1,,COLLISION WITH PARKED MOTOR VEHICLE,,,,LEFT REAR,,,,,,,,,,,,,,,UNKNOWN,,,,,,,UNKNOWN,,,UNINVOLVED OWNER,,MASSACHUSETTS,"D, CLASS D VEHICLES",,,,,,,,MALE,,,,,UNINVOLVED OWNER,,,,,,,,,,,UNKNOWN,,,,Y
3/26/17 18:05,Sunday,PASSENGER CAR,PASSENGER CAR,,HOWARD ST,WESTERN AVE,,"HOWARD ST &amp; WESTERN AVE
Cambridge, MA
(42.36679362800004, -71.10600609899996)",,,"SIDESWIPE, SAME DIRECTION",ROADWAY,COLLISION WITH PARKED MOTOR VEHICLE,DUSK,CLEAR,CLEAR,TRAFFIC CONTROL SIGNAL,YES,DRY,FOUR WAY INTERSECTION,"TWO-WAY, NOT DIVIDED",NO,NO,,INTERSECTION,HOWARD ST,EASTBOUND,WESTERN AVE,SOUTHBOUND,,,,,,,,,,,NONE,,,PAN,MA,PASSENGER CAR,,,,TRAVELING STRAIGHT AHEAD,2013,COLLISION WITH PARKED MOTOR VEHICLE,RAV4,TOYT,1,,COLLISION WITH PARKED MOTOR VEHICLE,,,,RIGHT SIDE,RIGHT REAR,,,EASTBOUND,,,,,,,,,,,UNKNOWN,,,,,,,UNKNOWN,,,PAN,MA,PASSENGER CAR,,,,PARKED,2005,,SEDONA,KIA,0,,,,,,LEFT FRONT,,,,,,,,,,,,,,,,,,,,,,,,,OPERATOR/DRIVER,NO INJURY,MASSACHUSETTS,,,,,,,,,MALE,"FRONT SEAT - LEFT SIDE, OR MOTORCYLE DRIVER",UNKNOWN,NOT TRAPPED,Y,UNINVOLVED OWNER,,MASSACHUSETTS,,,,,,,,,MALE,,,,Y
2/24/17 14:17,Friday,PASSENGER CAR,,,BROOKLINE ST,GREEN ST,,"BROOKLINE ST &amp; GREEN ST
Cambridge, MA
(42.36679362800004, -71.10600609899996)",,1,HEAD ON,ROADWAY,COLLISION WITH PEDESTRIAN,DAYLIGHT,CLEAR,,NO CONTROLS,,DRY,FOUR WAY INTERSECTION,"ONE-WAY, NOT DIVIDED",NO,NO,,INTERSECTION,BROOKLINE ST,NORTHBOUND,GREEN ST,EASTBOUND,,,,,,,,,,,NONE,,,PAN,MA,PASSENGER CAR,,,,TRAVELING STRAIGHT AHEAD,2006,COLLISION WITH PEDESTRIAN,COROLLA,TOYOTA,1,,COLLISION WITH PEDESTRIAN,,,,CENTER FRONT,,,,NORTHBOUND,,,,,,,,,,,INATTENTION,FAILED TO YIELD THE RIGHT OF WAY,,,,,,,,,,,,,,,,,,,,,,,,,,,,,,,,,,,,,,,,,,,,,,,,,,,OPERATOR/DRIVER,NO INJURY,MASSACHUSETTS,,,,,,,,,MALE,"FRONT SEAT - LEFT SIDE, OR MOTORCYLE DRIVER",UNKNOWN,NOT TRAPPED,Y,NON-MOTORIST,,,,,,,,,,,FEMALE,,,,
3/9/17 20:41,Thursday,LIGHT TRUCK,PASSENGER CAR,1256,MASSACHUSETTS,,PLYMPTON STREET,"1256 MASSACHUSETTS
Cambridge, MA
(42.37260184300004, -71.11624376199995)",,,REAR-END,ROADWAY,,DARK - LIGHTED ROADWAY,CLEAR,,NO CONTROLS,,DRY,NOT AT INTERSECTION,"ONE-WAY, NOT DIVIDED",NO,NO,,NON INTERSECTION,,,,,,,,,EASTBOUND,,,HARVARD BOOK STORE,,,NONE,,,PAN,MA,LIGHT TRUCK,,,,SLOWING OR STOPPED IN TRAFFIC,2005,,MURANO,NISSAN,1,,COLLISION WITH MOTOR VEHICLE IN TRAFFIC,,,,RIGHT REAR,,,,NORTHBOUND,,,,,,,,,,,NO IMPROPER DRIVING,,,,,,,,,,PAN,CT,PASSENGER CAR,,,,TRAVELING STRAIGHT AHEAD,2014,,COROLLA,TOYOTA,1,,COLLISION WITH MOTOR VEHICLE IN TRAFFIC,,,,CENTER FRONT,,,,NORTHBOUND,,,,,,,,,,,FOLLOWED TO CLOSELY,,,,,,,UNKNOWN,,,OPERATOR/DRIVER,,CALIFORNIA,"D, CLASS D VEHICLES",,,,,,,,MALE,,,,,OPERATOR/DRIVER,,CONNECTICUT,"D, CLASS D VEHICLES",,,,,,,,MALE,,,,Y
1/23/17 12:12,Monday,PASSENGER CAR,PASSENGER CAR,212,UPLAND ROAD,,RAYMOND STREET,"212 UPLAND ROAD
Cambridge, MA
(42.38611346600004, -71.12741920899998)",,,ANGLE,ROADWAY,COLLISION WITH PARKED MOTOR VEHICLE,DAYLIGHT,CLOUDY,RAIN,NO CONTROLS,,WET,NOT AT INTERSECTION,"ONE-WAY, NOT DIVIDED",NO,NO,25,NON INTERSECTION,,,,,,,,30,WESTBOUND,,,,,,NONE,,,PAN,MA,PASSENGER CAR,,,,PARKED,2006,,CIVIC,HONDA CIVIC,0,,,,,,LEFT REAR,LEFT SIDE,,Y,WESTBOUND,,,,,,,,,,,NO IMPROPER DRIVING,,,,,,,,,YES OTHER REASON NOT DISABLED,,,PASSENGER CAR,,,Y,TRAVELING STRAIGHT AHEAD,,COLLISION WITH PARKED MOTOR VEHICLE,,,1,,COLLISION WITH PARKED MOTOR VEHICLE,,,,CENTER FRONT,RIGHT FRONT,RIGHT SIDE,,WESTBOUND,,,,,,,,,,,"OPERATING VEHICLE IN ERRATIC, RECKLESS, CARELESS,",,,,,,,UNKNOWN,,NO,UNINVOLVED OWNER,,MASSACHUSETTS,"D, CLASS D VEHICLES",,,,,,,,FEMALE,,,,Y,OPERATOR/DRIVER,UNKNOWN,,,,,,,,,,,"FRONT SEAT - LEFT SIDE, OR MOTORCYLE DRIVER",UNKNOWN,NOT TRAPPED,
1/3/17 7:15,Tuesday,SINGLE UNIT TRUCK (2 AXLES - 6 TIRES),PASSENGER CAR,,THIRD ST,GORE ST,,"THIRD ST &amp; GORE ST
Cambridge, MA
(42.36679362800004, -71.10600609899996)",,,ANGLE,ROADWAY,,DAYLIGHT,CLOUDY,,STOP SIGNS,YES,WET,T-INTERSECTION,"TWO-WAY, NOT DIVIDED",NO,NO,,INTERSECTION,THIRD ST,EASTBOUND,GORE ST,SOUTHBOUND,,,,,,,,,,,NONE,,,CON,MA,SINGLE UNIT TRUCK (2 AXLES - 6 TIRES),,,,TRAVELING STRAIGHT AHEAD,1988,COLLISION WITH MOTOR VEHICLE IN TRAFFIC,600,MACK,1,,COLLISION WITH MOTOR VEHICLE IN TRAFFIC,,,,RIGHT SIDE,,,,SOUTHBOUND,,,,,,,,,,,FAILED TO YIELD THE RIGHT OF WAY,,,,,,,,,,PAN,MA,PASSENGER CAR,,,,TRAVELING STRAIGHT AHEAD,2012,COLLISION WITH MOTOR VEHICLE IN TRAFFIC,CIVIC,HONDA,1,,COLLISION WITH MOTOR VEHICLE IN TRAFFIC,,,,CENTER FRONT,RIGHT FRONT,LEFT FRONT,Y,EASTBOUND,,,,,,,,,,,NO IMPROPER DRIVING,,,,,,,,,YES VEHICLE OR TRAILER DISABLED,OPERATOR/DRIVER,NO INJURY,MASSACHUSETTS,,,,,,,,,MALE,"FRONT SEAT - LEFT SIDE, OR MOTORCYLE DRIVER",UNKNOWN,NOT TRAPPED,,UNINVOLVED OWNER,,,,,,,,,,,,,,,Y
2/18/17 10:23,Saturday,PASSENGER CAR,OTHER,,BROADWAY,PRESCOTT ST,,"BROADWAY &amp; PRESCOTT ST
Cambridge, MA
(42.36679362800004, -71.10600609899996)",,,"SIDESWIPE, SAME DIRECTION",ROADWAY,,DAYLIGHT,OTHER,OTHER,STOP SIGNS,YES,OTHER,FOUR WAY INTERSECTION,"TWO-WAY, DIVIDED, UNPROTECTED MEDIAN",,NO,,INTERSECTION,BROADWAY,WESTBOUND,PRESCOTT ST,NORTHBOUND,,,,,,,,,,,,,,PAN,MA,PASSENGER CAR,,,,TRAVELING STRAIGHT AHEAD,2017,,COROLLA,TOYOTA,5,,OTHER,OTHER,,OTHER,RIGHT FRONT,LEFT FRONT,,Y,WESTBOUND,,,,,,,,,,,NO IMPROPER DRIVING,,,,,,,NOT DISTRACTED,,YES VEHICLE OR TRAILER DISABLED,RPN,MA,OTHER,,,,OTHER,2014,,RAMP TRUCK,HINO,1,,OTHER,,,,,,,,UNKNOWN,,,,,,,,,,,UNKNOWN,,,,,,,UNKNOWN,,,OPERATOR/DRIVER,,MASSACHUSETTS,,,,,,,,,MALE,"FRONT SEAT - LEFT SIDE, OR MOTORCYLE DRIVER",UNKNOWN,,Y,OPERATOR/DRIVER,,MASSACHUSETTS,,,,,,,,,MALE,,,,
3/20/17 1:32,Monday,PASSENGER CAR,,748,MEMORIAL DRIVE,,,"748 MEMORIAL DRIVE
Cambridge, MA
(42.357710574000066, -71.11525686499994)",,,UNKNOWN,UNKNOWN,COLLISION WITH PARKED MOTOR VEHICLE,DAYLIGHT,CLEAR,,NO CONTROLS,,DRY,NOT AT INTERSECTION,,NO,NO,,NON INTERSECTION,,,,,,,,,,,,,,,UNKNOWN,,,PAN,MA,PASSENGER CAR,,,Y,PARKED,2015,UNKNOWN,RAV 4,TOYOTA,1,,UNKNOWN,UNKNOWN,,,LEFT SIDE,,,,UNKNOWN,,,,,,,,,,,NO IMPROPER DRIVING,,,,,,,NOT DISTRACTED,,,,,,,,Y,UNKNOWN,,UNKNOWN,,,,,UNKNOWN,,,,UNKNOWN,,,,UNKNOWN,,,,,,,,,,,UNKNOWN,,,,,,,UNKNOWN,,,UNINVOLVED OWNER,,MASSACHUSETTS,"D, CLASS D VEHICLES",,,UNKNOWN,,,,,MALE,,,,Y,,,,,,,,,,,,,,,,
2/20/17 12:00,Monday,PASSENGER CAR,,101,GORE STREET,,,"101 GORE STREET
Cambridge, MA
(42.372096757000065, -71.08246690499993)",,,UNKNOWN,ROADSIDE,UNKNOWN,UNKNOWN,UNKNOWN,,NO CONTROLS,,UNKNOWN,NOT AT INTERSECTION,"TWO-WAY, NOT DIVIDED",NO,NO,,NON INTERSECTION,,,,,,,,,,,,,,,UNKNOWN,,,PAN,MA,PASSENGER CAR,,,Y,PARKED,2012,UNKNOWN,PRIUS,TOYOTA,0,,UNKNOWN,,,,LEFT SIDE,,,,,,,,,,,,,,,UNKNOWN,,,,,,,,,,,,,,,,,,,,,,,,,,,,,,,,,,,,,,,,,,,,,,,,,,,,UNINVOLVED OWNER,,MASSACHUSETTS,"D, CLASS D VEHICLES",,,,,,,,FEMALE,,,,Y,,,,,,,,,,,,,,,,
1/12/17 6:25,Thursday,LIGHT TRUCK,,,THIRD ST,ROGERS ST,,"THIRD ST &amp; ROGERS ST
Cambridge, MA
(42.36679362800004, -71.10600609899996)",1,,ANGLE,ROADWAY,COLLISION WITH MOTOR VEHICLE IN TRAFFIC,DARK - LIGHTED ROADWAY,CLOUDY,,STOP SIGNS,YES,WET,FOUR WAY INTERSECTION,"TWO-WAY, DIVIDED, UNPROTECTED MEDIAN",NO,NO,,INTERSECTION,THIRD ST,NORTHBOUND,ROGERS ST,EASTBOUND,,,,,,,,,,,NONE,OTHER,BICYCLE,CON,MA,LIGHT TRUCK,,,,TRAVELING STRAIGHT AHEAD,2014,COLLISION WITH PEDALCYCLE,EQUINOX,CHEVROLET,1,,COLLISION WITH PEDALCYCLE,,,,LEFT FRONT,,,,NORTHBOUND,,,,,,,,,,,NO IMPROPER DRIVING,,,,,,,UNKNOWN,,,,,,,,,,,,,,,,,,,,,,,,,,,,,,,,,,,,,,,,,,,,,OPERATOR/DRIVER,NO INJURY,MASSACHUSETTS,,,,,,,,,MALE,"FRONT SEAT - LEFT SIDE, OR MOTORCYLE DRIVER",UNKNOWN,NOT TRAPPED,,NON-MOTORIST,NON FATAL INJURY - NON INCAPACITATING,,,,,CYCLIST,"WALKING, RUNNING OR CYCLING",AT INTERSECTION BUT NO CROSSWALK,UNKNOWN,,MALE,,,,
3/28/17 10:45,Tuesday,PASSENGER CAR,,,WHITTIER ST,,WALDEN ST,"WHITTIER ST
Cambridge, MA
(42.38713821700003, -71.12647791199998)",,,UNKNOWN,ROADWAY,COLLISION WITH PARKED MOTOR VEHICLE,DAYLIGHT,CLOUDY,,NO CONTROLS,,DRY,NOT AT INTERSECTION,"ONE-WAY, NOT DIVIDED",NO,NO,,NON INTERSECTION,,,,,,,,,,,,,,,,,,PAN,MA,PASSENGER CAR,,,,PARKED,2009,COLLISION WITH MOTOR VEHICLE IN TRAFFIC,3,MAZDA,0,,COLLISION WITH MOTOR VEHICLE IN TRAFFIC,,,,REAR CENTER,TOP AND WINDOWS,,,,,,,,,,,,,,,,,,,,,,,,PAN,OT,,,,Y,,,,,,,,,,,,,,,,,,,,,,,,,,,,,,,,,,,,,UNINVOLVED OWNER,,,,,,,,,,,FEMALE,,,,Y,,,,,,,,,,,,,,,,
2/23/17 18:37,Thursday,PASSENGER CAR,,,SECOND STREET,,CAMBRIDGE STREET,"SECOND STREET
Cambridge, MA
(42.365510492000055, -71.07981512599997)",1,,UNKNOWN,ROADWAY,COLLISION WITH PEDALCYCLE,DARK - LIGHTED ROADWAY,CLEAR,,TRAFFIC CONTROL SIGNAL,YES,DRY,NOT AT INTERSECTION,"TWO-WAY, DIVIDED, UNPROTECTED MEDIAN",NO,NO,,NON INTERSECTION,,,,,,,NORTHBOUND,100 FEET,SOUTHBOUND,,,,,,NONE,OTHER,BICYCLE - RALEIGH M50,PAR,MA,PASSENGER CAR,,,,SLOWING OR STOPPED IN TRAFFIC,2016,COLLISION WITH PEDALCYCLE,CHEROKEE,JEEP,2,,COLLISION WITH PEDALCYCLE,,,,UNKNOWN,,,,NORTHBOUND,,,,,,,,,,,UNKNOWN,,,,,,,UNKNOWN,,,,,,,,,,,,,,,,,,,,,,,,,,,,,,,,,,,,,,,,,,,,,OPERATOR/DRIVER,,MASSACHUSETTS,,,,,,,,,MALE,,,,Y,NON-MOTORIST,,MASSACHUSETTS,,,,CYCLIST,"WALKING, RUNNING OR CYCLING",IN ROADWAY,HELMET,,MALE,,,,
2/17/17 13:34,Friday,PASSENGER CAR,PASSENGER CAR,,"BEECH ST,",ORCHARD ST.,,"BEECH ST, &amp; ORCHARD ST.
Cambridge, MA
(42.36679362800004, -71.10600609899996)",,,ANGLE,ROADWAY,COLLISION WITH MOTOR VEHICLE IN TRAFFIC,DAYLIGHT,CLEAR,CLEAR,STOP SIGNS,,SLUSH,FOUR WAY INTERSECTION,"TWO-WAY, DIVIDED, UNPROTECTED MEDIAN",NO,NO,,INTERSECTION,"BEECH ST,",,ORCHARD ST.,,,,,,,,,,,,NONE,,,PAN,MA,PASSENGER CAR,,,,TRAVELING STRAIGHT AHEAD,2008,COLLISION WITH MOTOR VEHICLE IN TRAFFIC,SABLE,MERCURY,1,,COLLISION WITH MOTOR VEHICLE IN TRAFFIC,,,,CENTER FRONT,RIGHT FRONT,LEFT FRONT,Y,,,,,,,,,,,,NO IMPROPER DRIVING,,,,,,,NOT DISTRACTED,,YES VEHICLE OR TRAILER DISABLED,PAN,MA,PASSENGER CAR,,,,TRAVELING STRAIGHT AHEAD,2017,COLLISION WITH MOTOR VEHICLE IN TRAFFIC,ELANTRA,HYUNDI,3,,COLLISION WITH MOTOR VEHICLE IN TRAFFIC,,,,RIGHT FRONT,RIGHT SIDE,,,,,,,,,,,,,,"DISREGARDED TRAFFIC SIGNS, SIGNALS, ROAD MARKINGS",,,,,,,,,,OPERATOR/DRIVER,NO INJURY,MASSACHUSETTS,"D, CLASS D VEHICLES",,,,,,,,FEMALE,"FRONT SEAT - LEFT SIDE, OR MOTORCYLE DRIVER",SHOULDER AND LAP BELT USED,NOT TRAPPED,,OPERATOR/DRIVER,NO INJURY,MASSACHUSETTS,"D, CLASS D VEHICLES",,,,,,,,MALE,"FRONT SEAT - LEFT SIDE, OR MOTORCYLE DRIVER",SHOULDER AND LAP BELT USED,NOT TRAPPED,