Date Time,Day of Week,Object 1,Object 2,Street Number,Street Name,Cross Street,Near Street,Location,May involve cyclist,May Involve Pedestrian,Manner of Collision,First Harmful Event Location,First Harmful Event,Ambient Light,Weather Condition 1,Weather Condition 2,Traffic Control Device Type,Traffic Control Device Functionality,Road Surface Condition,Roadway Junction Type,Trafficway Description,School Bus Related,Work Zone,Speed Limit,Street or Intersection,Intersection Name 1,Intersection Direction 1,Intersection Name 2,Intersection Direction 2,Intersection Name 3,Intersection Direction 3,Street Direction,Nearest Intersection Distance,Nearest Intersection Direction,Landmark Distance,Landmark Direction,Landmark,Mile Marker Direction,Non Public Area,Road Contributing,Damaged Property Type,Description of Damaged Property,V1 Registration Type,v1 State Code,V1 Configuration,V1 Emergency Response,V1 Moped,V1 Hit and Run,V1 Action Prior to Crash,V1 Model Year,V1 Most Harmful Event,V1 Model,V1 Make,V1 Occupant Count,V1 Underride Override,V1 First Event,V1 Second Event,V1 Third Event,V1 Fourth Event,V1 Most Damaged Area,V1 Second Damaged Area,V1 Third Damaged Area,V1 Towed,V1 Travel Direction,V1 Interstate,V1 Cargo Body Type,V1 Gross Weight,V1 Haz Placard,V1 Haz Release,V1 Trailer Reg Type,V1 Trailer Reg Plate,V1 Trailer Reg State,V1 Trailer Reg Year,V1 Trailer Len,V1 Driver Contribution,V1 Driver Contribution 2,V1 Is Truck,V1 Has Trailer,V1 Is Bus,V1 Is Hazmat,V1 Reg Year,V1 Driver Distracted,V1 Bus Use,V1 Tow Use,V2 Registration Type,V2 State Code,V2 Configuration,V2 Emergency Response,V2 Moped,V2 Hit and Run,V2 Action Prior to Crash,V2 Model Year,V2 Most Harmful Event,V2 Model,V2 Make,V2 Occupant Count,V2 Underride Override,V2 First Event,V2 Second Event,V2 Third Event,V2 Fourth Event,V2 Most Damaged Area,V2 Second Damaged Area,V2 Third Damaged Area,V2 Towed,V2 Travel Direction,V2 Interstate,V2 Cargo Body Type,V2 Gross Weight,V2 Haz Placard,V2 Haz Release,V2 Trailer Reg Type,V2 Trailer Reg Plate,V2 Trailer Reg State,V2 Trailer Reg Year,V2 Trailer Len,V2 Driver Contribution,V2 Driver Contribution 2,V2 Is Truck,V2 Has Trailer,V2 Is Bus,V2 Is Hazmat,V2 Reg Year,V2 Driver Distracted,V2 Bus Use,V2 Tow Use,P1 Role,P1 Injury,P1 Drivers Lic State,P1 Drivers Lic Class 1,P1 Drivers Lic Class 2,P1 Drivers Lic Restrict,P1 Non Motorist Desc,P1 Non Motorist Action,P1 Non Motorist Location,P1 Safety Equipment,P1 Age,P1 Sex,P1 Seat Position,P1 Safety System,P1 Trapped,P1 Veh Owner,P2 Role,P2 Injury,P2 Drivers Lic State,P2 Drivers Lic Class 1,P2 Drivers Lic Class 2,P2 Drivers Lic Restrict,P2 Non Motorist Desc,P2 Non Motorist Action,P2 Non Motorist Location,P2 Safety Equipment,P2 Age,P2 Sex,P2 Seat Position,P2 Safety System,P2 Trapped,P2 Veh Owner
2/17/17 11:13,Friday,UNKNOWN HEAVY TRUCK,,,DEWOLFE STREET,MT. AUBURN STREET,,"DEWOLFE STREET &amp; MT. AUBURN STREET
Cambridge, MA
(42.36679362800004, -71.10600609899996)",1,,"SIDESWIPE, SAME DIRECTION",UNKNOWN,COLLISION WITH PEDALCYCLE,DAYLIGHT,CLEAR,CLEAR,TRAFFIC CONTROL SIGNAL,YES,DRY,T-INTERSECTION,"ONE-WAY, NOT DIVIDED",NO,NO,,INTERSECTION,DEWOLFE STREET,SOUTHBOUND,MT. AUBURN STREET,EASTBOUND,,,,,,,,,,,ROAD SURFACE CONDITION,,BICYCLE,CON,MA,UNKNOWN HEAVY TRUCK,,,,TURNING RIGHT,2004,COLLISION WITH PEDALCYCLE,MR6885,MACK,1,,COLLISION WITH PEDALCYCLE,,,,NONE,,,,SOUTHBOUND,,GARBAGE TRUCK,,,,,,,,,NO IMPROPER DRIVING,,,,,,,NOT DISTRACTED,,,,,,,,,,,,,,,,,,,,,,,,,,,,,,,,,,,,,,,,,,,,,OPERATOR/DRIVER,NON FATAL INJURY - POSSIBLE,MASSACHUSETTS,"A, CLASS A VEHICLES",,NONE,,,,,,MALE,"FRONT SEAT - LEFT SIDE, OR MOTORCYLE DRIVER",,,,NON-MOTORIST,NON FATAL INJURY - POSSIBLE,,,,,CYCLIST,"WALKING, RUNNING OR CYCLING",IN ROADWAY,HELMET,,MALE,,,,
2/9/17 18:00,Thursday,PASSENGER CAR,OTHER,122,AMORY STREET,,ST MARY'S RD,"122 AMORY STREET
Cambridge, MA
(42.37208044000005, -71.10026343899995)",,,"SIDESWIPE, SAME DIRECTION",,,DUSK,SNOW,"BLOWING, SAND, SNOW",,NO,SNOW,NOT AT INTERSECTION,"ONE-WAY, NOT DIVIDED",NO,NO,,NON INTERSECTION,,,,,,,EASTBOUND,,,,,,,,NONE,,,PAN,MA,PASSENGER CAR,,,,PARKED,2013,,XC60,VOLVO,0,,COLLISION WITH WORK ZONE MAINTENANCE EQUIPMENT,,,,LEFT SIDE,,,,,,,,,,,,,,,,,,,,,,,,,PAN,MA,OTHER,,,Y,TRAVELING STRAIGHT AHEAD,0,,SNOW PLOW,UNKNOWN,,,COLLISION WITH PARKED MOTOR VEHICLE,,,,,,,,EASTBOUND,,,,,,,,,,,UNKNOWN,,,,,,,UNKNOWN,,,UNINVOLVED OWNER,,MASSACHUSETTS,"D, CLASS D VEHICLES",,,,,,,,MALE,,,,Y,OPERATOR/DRIVER,,MASSACHUSETTS,"D, CLASS D VEHICLES",,,,,,,,MALE,,,,
2/1/17 15:15,Wednesday,LIGHT TRUCK,,,ALBANY ST,PACIFIC ST,,"ALBANY ST &amp; PACIFIC ST
Cambridge, MA
(42.36679362800004, -71.10600609899996)",,1,HEAD ON,ROADWAY,COLLISION WITH PEDESTRIAN,DAYLIGHT,CLEAR,CLOUDY,NO CONTROLS,,DRY,FOUR WAY INTERSECTION,"TWO-WAY, NOT DIVIDED",NO,NO,,INTERSECTION,ALBANY ST,,PACIFIC ST,,,,,,,,,,,,,,,PAN,MA,LIGHT TRUCK,,,,TRAVELING STRAIGHT AHEAD,2014,COLLISION WITH PEDESTRIAN,RX350,LEXS,1,,COLLISION WITH PEDESTRIAN,,,,,,,,SOUTHBOUND,,,,,,,,,,,FAILED TO YIELD THE RIGHT OF WAY,,,,,,,,,,,,,,,,,,,,,,,,,,,,,,,,,,,,,,,,,,,,,,,,,,,,OPERATOR/DRIVER,NO INJURY,MASSACHUSETTS,,,,,,,,,FEMALE,"FRONT SEAT - LEFT SIDE, OR MOTORCYLE DRIVER",UNKNOWN,NOT TRAPPED,Y,NON-MOTORIST,NO INJURY,,,,,PEDESTRIAN,ENTERING OR CROSSING SPECIFIED LOCATION,MARKED CROSSWALK AT INTERSECTION,UNKNOWN,,FEMALE,,,,
3/18/17 19:20,Saturday,PASSENGER CAR,LIGHT TRUCK,297,COLUMBIA ST,,BROADWAY,"297 COLUMBIA ST
Cambridge, MA
(42.37041722300006, -71.09594979899998)",,,ANGLE,ROADSIDE,,DAYLIGHT,CLEAR,,NO CONTROLS,,DRY,NOT AT INTERSECTION,"TWO-WAY, NOT DIVIDED",NO,NO,25,NON INTERSECTION,,,,,,,,,,,,,,,,,,PAN,MA,PASSENGER CAR,,,,PARKED,1,,WAGON,SAAB,0,,,,,,LEFT REAR,,,,,,,,,,,,,,,,,,,,,,,,,,,LIGHT TRUCK,,,Y,BACKING,,,,,1,,COLLISION WITH PARKED MOTOR VEHICLE,,,,RIGHT REAR,,,,,,,,,,,,,,,,,,,,,,,,,UNINVOLVED OWNER,,,,,,,,,,,FEMALE,,,,Y,OPERATOR/DRIVER,,,,,,,,,,,,,,,
1/6/17 18:03,Friday,LIGHT TRUCK,LIGHT TRUCK,,CHARLES STREET,THIRD STREET,,"CHARLES STREET &amp; THIRD STREET
Cambridge, MA
(42.36679362800004, -71.10600609899996)",,,,,,,,,,,,,,,,,INTERSECTION,CHARLES STREET,EASTBOUND,THIRD STREET,NORTHBOUND,,,,,,,,,,,,,,PAN,MA,LIGHT TRUCK,,,,TRAVELING STRAIGHT AHEAD,2017,,EQUINOX,CHEVY,1,,COLLISION WITH MOTOR VEHICLE IN TRAFFIC,,,,LEFT FRONT,,,,WESTBOUND,,,,,,,,,,,NO IMPROPER DRIVING,,,,,,,NOT DISTRACTED,,YES VEHICLE OR TRAILER DISABLED,PAN,MA,LIGHT TRUCK,,,,TRAVELING STRAIGHT AHEAD,2011,,RAV-4,TOYOTA,1,,COLLISION WITH MOTOR VEHICLE IN TRAFFIC,,,,CENTER FRONT,,,,NORTHBOUND,,,,,,,,,,,"DISREGARDED TRAFFIC SIGNS, SIGNALS, ROAD MARKINGS",,,,,,,NOT DISTRACTED,,YES VEHICLE OR TRAILER DISABLED,OPERATOR/DRIVER,,MASSACHUSETTS,"D, CLASS D VEHICLES",,,,,,,,FEMALE,,,,,OPERATOR/DRIVER,,MASSACHUSETTS,"D, CLASS D VEHICLES",,,,,,,,MALE,,,,Y
1/10/17 18:00,Tuesday,PASSENGER CAR,,,,,,"820 MEMORIAL DR
Cambridge, MA
(42.361731666000026, -71.11596317799996)",,,UNKNOWN,OUTSIDE ROADWAY,OTHER,DARK - LIGHTED ROADWAY,RAIN,,NO CONTROLS,,WET,NOT AT INTERSECTION,"TWO-WAY, NOT DIVIDED",NO,NO,,,,,,,,,,,,,,,,,,OTHER,GAS PUMP,PAN,MA,PASSENGER CAR,,,,BACKING,2012,OTHER,ACCORD,HONDA,1,,OTHER,,,,UNKNOWN,,,,EASTBOUND,,,,,,,,,,,OTHER IMPROPER ACTION,,,,,,,,,,,,,,,,,,,,,,,,,,,,,,,,,,,,,,,,,,,,,,,,,,,,OPERATOR/DRIVER,,MASSACHUSETTS,,,,,,,,,MALE,"FRONT SEAT - LEFT SIDE, OR MOTORCYLE DRIVER",UNKNOWN,NOT TRAPPED,Y,,,,,,,,,,,,,,,,
3/11/17 11:30,Saturday,LIGHT TRUCK,,229,VASSAR STREET,,,"229 VASSAR STREET
Cambridge, MA
(42.35717559400007, -71.10092313099994)",,,SINGLE VEHICLE CRASH,ROADSIDE,COLLISION WITH LIGHT POLE OR OTHER POST/SUPPORT,DARK - LIGHTED ROADWAY,SNOW,,WARNING SIGNS,YES,SNOW,NOT AT INTERSECTION,,NO,NO,25,NON INTERSECTION,,,,,,,NORTHBOUND,,,15 FEET,EASTBOUND,MIT BRIGGS FIELD,,,,MUNICIPAL,LIGHT POST,PAN,MA,LIGHT TRUCK,,,,TRAVELING STRAIGHT AHEAD,2011,,DAKOTA,DODGE,1,,COLLISION WITH LIGHT POLE OR OTHER POST/SUPPORT,,,,CENTER FRONT,RIGHT FRONT,NONE,,NORTHBOUND,,,,,,,,,,,"SWERVING OR AVOIDING DUE TO WIND, SLIPPERY SURFACE",,,,,,,NOT DISTRACTED,,,,,,,,,,,,,,,,,,,,,,,,,,,,,,,,,,,,,,,,,,,,,OPERATOR/DRIVER,,MASSACHUSETTS,,,,,,,,,MALE,"FRONT SEAT - LEFT SIDE, OR MOTORCYLE DRIVER",SHOULDER AND LAP BELT USED,NOT TRAPPED,,UNINVOLVED OWNER,,,,,,,,,,,UNKNOWN,,,,Y
3/20/17 13:12,Monday,PASSENGER CAR,,141,PLEASANT ST,,,"141 PLEASANT ST
Cambridge, MA
(42.36041228200003, -71.11250037699995)",,,UNKNOWN,,,UNKNOWN,UNKNOWN,UNKNOWN,NO CONTROLS,,UNKNOWN,,,,,,NON INTERSECTION,,,,,,,,,,,,,,,,,,PAN,MA,PASSENGER CAR,,,Y,PARKED,2016,,A5,AUDI,0,,UNKNOWN MOVABLE OBJECT,,,,RIGHT REAR,,,,UNKNOWN,,,,,,,,,,,NO IMPROPER DRIVING,,,,,,,OTHER ACTIVITY,,,,,,,,,,,,,,,,,,,,,,,,,,,,,,,,,,,,,,,,,,,,,UNINVOLVED OWNER,,MASSACHUSETTS,,,,,,,,,MALE,,,,Y,,,,,,,,,,,,,,,,
3/15/17 13:00,Wednesday,PASSENGER CAR,LIGHT TRUCK,,WATER ST,MSG OBRIEN HWY,,"WATER ST &amp; MSG OBRIEN HWY
Cambridge, MA
(42.36679362800004, -71.10600609899996)",,,ANGLE,ROADWAY,COLLISION WITH MOTOR VEHICLE IN TRAFFIC,DAYLIGHT,CLEAR,,,,WET,T-INTERSECTION,"TWO-WAY, NOT DIVIDED",NO,NO,,INTERSECTION,WATER ST,,MSG OBRIEN HWY,,,,,,,,,,,,,,,PAN,MA,PASSENGER CAR,,,,TRAVELING STRAIGHT AHEAD,2008,COLLISION WITH MOTOR VEHICLE IN TRAFFIC,ALTIMA,NISS,,,COLLISION WITH MOTOR VEHICLE IN TRAFFIC,,,,RIGHT FRONT,CENTER FRONT,LEFT FRONT,Y,SOUTHBOUND,,,,,,,,,,,,,,,,,,,,YES VEHICLE OR TRAILER DISABLED,CON,MA,LIGHT TRUCK,,,,BACKING,2016,COLLISION WITH MOTOR VEHICLE IN TRAFFIC,M2,FRHT,,,COLLISION WITH MOTOR VEHICLE IN TRAFFIC,,,,NONE,,,,EASTBOUND,,OTHER,"10,001 - 26000 POUNDS",,,,,,,,OTHER IMPROPER ACTION,,Y,,,,,,,,OPERATOR/DRIVER,NO INJURY,MASSACHUSETTS,"D, CLASS D VEHICLES",,,,,,,,MALE,"FRONT SEAT - LEFT SIDE, OR MOTORCYLE DRIVER",UNKNOWN,NOT TRAPPED,Y,OPERATOR/DRIVER,NO INJURY,WASHINGTON,,,,,,,,,FEMALE,"FRONT SEAT - LEFT SIDE, OR MOTORCYLE DRIVER",UNKNOWN,NOT TRAPPED,
1/26/17 9:50,Thursday,PASSENGER CAR,,,MASS AVE,,CEDAR ST,"MASS AVE
Cambridge, MA
(42.393434712000044, -71.12577890299997)",,,REAR-END,ROADWAY,COLLISION WITH MOTOR VEHICLE IN TRAFFIC,DAYLIGHT,CLOUDY,,TRAFFIC CONTROL SIGNAL,YES,WET,NOT AT INTERSECTION,"TWO-WAY, DIVIDED, POSITIVE MEDIAN BARRIER",NO,NO,,NON INTERSECTION,,,,,,,,,,,,,,,,,,PAN,MA,PASSENGER CAR,,,,SLOWING OR STOPPED IN TRAFFIC,2017,COLLISION WITH MOTOR VEHICLE IN TRAFFIC,PASSAT,VOLK,1,,COLLISION WITH MOTOR VEHICLE IN TRAFFIC,,,,UNKNOWN,,,,EASTBOUND,,,,,,,,,,,,,,,,,,,,,PAN,OT,,,,,TRAVELING STRAIGHT AHEAD,,COLLISION WITH MOTOR VEHICLE IN TRAFFIC,,,,,COLLISION WITH MOTOR VEHICLE IN TRAFFIC,,,,,,,,EASTBOUND,,,,,,,,,,,OTHER IMPROPER ACTION,,,,,,,,,,OPERATOR/DRIVER,NON FATAL INJURY - POSSIBLE,MASSACHUSETTS,,,,,,,,,MALE,"FRONT SEAT - LEFT SIDE, OR MOTORCYLE DRIVER",UNKNOWN,NOT TRAPPED,Y,,,,,,,,,,,,,,,,
2/14/17 19:00,Tuesday,PASSENGER CAR,,,BISHOP ALLEN DR,,NORFOLK ST,"BISHOP ALLEN DR
Cambridge, MA
(42.365357052000036, -71.10151208899998)",,,UNKNOWN,ROADWAY,COLLISION WITH PARKED MOTOR VEHICLE,UNKNOWN,UNKNOWN,,NO CONTROLS,,UNKNOWN,NOT AT INTERSECTION,"TWO-WAY, NOT DIVIDED",NO,NO,,NON INTERSECTION,,,,,,,,,,,,,,,,,,PAN,MA,PASSENGER CAR,,,,PARKED,2008,COLLISION WITH MOTOR VEHICLE IN TRAFFIC,GTI,VOLK,0,,COLLISION WITH MOTOR VEHICLE IN TRAFFIC,,,,LEFT FRONT,LEFT SIDE,,,,,,,,,,,,,,,,,,,,,,,,PAN,OT,,,,Y,,,,,,,,,,,,,,,,,,,,,,,,,,,,,,,,,,,,,UNINVOLVED OWNER,,MASSACHUSETTS,,,,,,,,,FEMALE,,,,Y,,,,,,,,,,,,,,,,
3/6/17 3:24,Monday,PASSENGER CAR,PASSENGER CAR,,PUTNAM AVE,WESTERN AVE,,"PUTNAM AVE &amp; WESTERN AVE
Cambridge, MA
(42.36679362800004, -71.10600609899996)",,,ANGLE,ROADWAY,COLLISION WITH MOTOR VEHICLE IN TRAFFIC,DARK - LIGHTED ROADWAY,CLEAR,,TRAFFIC CONTROL SIGNAL,YES,DRY,FOUR WAY INTERSECTION,"TWO-WAY, NOT DIVIDED",NO,NO,,INTERSECTION,PUTNAM AVE,NORTHBOUND,WESTERN AVE,WESTBOUND,,,,,,,,,,,UNKNOWN,MUNICIPAL,CROSSING SIGNAL,PAN,MA,PASSENGER CAR,,,,TRAVELING STRAIGHT AHEAD,2015,COLLISION WITH MOTOR VEHICLE IN TRAFFIC,SCATPACK,DODGE,1,,COLLISION WITH MOTOR VEHICLE IN TRAFFIC,COLLISION WITH LIGHT POLE OR OTHER POST/SUPPORT,"OTHER FIXED OBJECT (WALL, BUILDING, TUNNEL)",,CENTER FRONT,RIGHT SIDE,TOTAL / ALL AREAS,Y,NORTHBOUND,,,,,,,,,,,UNKNOWN,,,,,,,UNKNOWN,,YES VEHICLE OR TRAILER DISABLED,PAN,MA,PASSENGER CAR,,,,TRAVELING STRAIGHT AHEAD,2016,COLLISION WITH MOTOR VEHICLE IN TRAFFIC,SONATA,HYUNDAI,1,,COLLISION WITH MOTOR VEHICLE IN TRAFFIC,,,,CENTER FRONT,RIGHT SIDE,TOTAL / ALL AREAS,Y,,,,,,,,,,,,UNKNOWN,UNKNOWN,,,,,,UNKNOWN,,YES VEHICLE OR TRAILER DISABLED,OPERATOR/DRIVER,NO INJURY,MASSACHUSETTS,,,,,,,,,MALE,"FRONT SEAT - LEFT SIDE, OR MOTORCYLE DRIVER",UNKNOWN,NOT TRAPPED,Y,OPERATOR/DRIVER,NO INJURY,MASSACHUSETTS,,,,,,,,,MALE,"FRONT SEAT - LEFT SIDE, OR MOTORCYLE DRIVER",UNKNOWN,NOT TRAPPED,Y
2/25/17 6:36,Saturday,TRUCK TRAILER,,247,FRESH POND PKWY,,,"247 FRESH POND PKWY
Cambridge, MA
(42.38336525500006, -71.14241363199994)",,,,,,DAYLIGHT,CLEAR,,,,,,,,,,NON INTERSECTION,,,,,,,EASTBOUND,,,,,,,,,,,TR,VT,TRUCK TRAILER,,,,BACKING,2016,"OTHER FIXED OBJECT (WALL, BUILDING, TUNNEL)",TR,PTRB,1,,"OTHER FIXED OBJECT (WALL, BUILDING, TUNNEL)",,,,,,,,,,UNKNOWN,,,,TR,27D79,VERMONT,,,UNKNOWN,,Y,Y,,,,,,,,,,,,,,,,,,,,,,,,,,,,,,,,,,,,,,,,,,,,,,,,,OPERATOR/DRIVER,,NEW HAMPSHIRE,,,,,,,,,MALE,,,,,UNINVOLVED OWNER,,,,,,,,,,,UNKNOWN,,,,Y
2/25/17 9:44,Saturday,PASSENGER CAR,,,MASSACHUSETTS AV,MASSACHUSETTS AV,,"MASSACHUSETTS AV &amp; MASSACHUSETTS AV
Cambridge, MA
(42.36679362800004, -71.10600609899996)",,,REAR-END,ROADWAY,COLLISION WITH MOTOR VEHICLE IN TRAFFIC,DAYLIGHT,CLEAR,CLEAR,TRAFFIC CONTROL SIGNAL,YES,DRY,FOUR WAY INTERSECTION,"TWO-WAY, DIVIDED, POSITIVE MEDIAN BARRIER",NO,NO,,INTERSECTION,MASSACHUSETTS AV,WESTBOUND,MASSACHUSETTS AV,WESTBOUND,ALEWIFE BROOK PKWY,SOUTHBOUND,,,,,,,,,NONE,,,PAN,MA,PASSENGER CAR,,,Y,SLOWING OR STOPPED IN TRAFFIC,2005,COLLISION WITH MOTOR VEHICLE IN TRAFFIC,COROLLA,TOYOTA,1,,COLLISION WITH MOTOR VEHICLE IN TRAFFIC,COLLISION WITH MOTOR VEHICLE IN TRAFFIC,COLLISION WITH MOTOR VEHICLE IN TRAFFIC,COLLISION WITH MOTOR VEHICLE IN TRAFFIC,REAR CENTER,,,,WESTBOUND,,,,,,,,,,,NO IMPROPER DRIVING,NO IMPROPER DRIVING,,,,,,NOT DISTRACTED,,,,,,,,,,,,,,,,,,,,,,,,,,,,,,,,,,,,,,,,,,,,,OPERATOR/DRIVER,,MASSACHUSETTS,"D, CLASS D VEHICLES",,,,,,,,FEMALE,,,,,UNINVOLVED OWNER,,,,,,,,,,,FEMALE,,,,Y
3/21/17 10:55,Tuesday,LIGHT TRUCK,LIGHT TRUCK,55,ESSEX ST,,,"55 ESSEX ST
Cambridge, MA
(42.36741830500006, -71.10121684599994)",,,"SIDESWIPE, OPPOSITE DIRECTION",ROADWAY,,DAYLIGHT,CLEAR,CLEAR,NO CONTROLS,,"SAND, MUD, DIRT, OIL, GRAVEL",NOT AT INTERSECTION,,NO,NO,25,NON INTERSECTION,,,,,,,,,,,,,,,,,,PAN,MA,LIGHT TRUCK,,,Y,PARKED,2002,,MDX,ACURA,0,,COLLISION WITH PARKED MOTOR VEHICLE,,,,RIGHT REAR,REAR CENTER,,,,,,,,,,,,,,,,,,,,,,,,PAN,MA,LIGHT TRUCK,,,Y,PARKED,2005,,TOWN,CHRY,0,,UNKNOWN,,,,RIGHT FRONT,,,,,,,,,,,,,,,,,,,,,,,,,UNINVOLVED OWNER,,MASSACHUSETTS,,,,,,,,,FEMALE,,,,Y,UNINVOLVED OWNER,,MASSACHUSETTS,,,,,,,,,FEMALE,,,,Y
2/8/17 15:39,Wednesday,PASSENGER CAR,PASSENGER CAR,,WESTERN AVE,MEMORIAL DRIVE,,"WESTERN AVE &amp; MEMORIAL DRIVE
Cambridge, MA
(42.36679362800004, -71.10600609899996)",,,REAR-END,ROADWAY,COLLISION WITH MOTOR VEHICLE IN TRAFFIC,DAWN,CLOUDY,,TRAFFIC CONTROL SIGNAL,YES,ICE,T-INTERSECTION,"ONE-WAY, NOT DIVIDED",NO,NO,,INTERSECTION,WESTERN AVE,WESTBOUND,MEMORIAL DRIVE,NORTHBOUND,,,,,,,,,,,OTHER,,,LVN,MA,PASSENGER CAR,,,,SLOWING OR STOPPED IN TRAFFIC,2008,COLLISION WITH MOTOR VEHICLE IN TRAFFIC,TAHOE,CHEVY,1,,COLLISION WITH MOTOR VEHICLE IN TRAFFIC,,,,RIGHT REAR,REAR CENTER,LEFT REAR,,,,,,,,,,,,,NO IMPROPER DRIVING,,,,,,,,,,PAN,MA,PASSENGER CAR,,,,TRAVELING STRAIGHT AHEAD,1996,COLLISION WITH MOTOR VEHICLE IN TRAFFIC,CAMRY,TOYOTA,1,,COLLISION WITH MOTOR VEHICLE IN TRAFFIC,,,,RIGHT FRONT,CENTER FRONT,LEFT FRONT,Y,,,,,,,,,,,,NO IMPROPER DRIVING,,,,,,,NOT DISTRACTED,,YES VEHICLE OR TRAILER DISABLED,OPERATOR/DRIVER,,MASSACHUSETTS,,,,,,,,,MALE,,,,Y,OPERATOR/DRIVER,,MASSACHUSETTS,,,,,,,,,MALE,,,,Y
1/18/17 13:45,Wednesday,PASSENGER CAR,PASSENGER CAR,,BRATTLE ST.,MT. AUBURN ST.,,"BRATTLE ST. &amp; MT. AUBURN ST.
Cambridge, MA
(42.36679362800004, -71.10600609899996)",,,ANGLE,ROADWAY,COLLISION WITH MOTOR VEHICLE IN TRAFFIC,DAYLIGHT,CLEAR,RAIN,,,WET,Y-INTERSECTION,"TWO-WAY, DIVIDED, UNPROTECTED MEDIAN",,,20,INTERSECTION,BRATTLE ST.,,MT. AUBURN ST.,,,,,,,,,,,,UNKNOWN,,,PAN,RI,PASSENGER CAR,,,,ENTERING TRAFFIC LANE,2014,COLLISION WITH MOTOR VEHICLE IN TRAFFIC,ALTIMA,NISSAN,2,,COLLISION WITH MOTOR VEHICLE IN TRAFFIC,,,,LEFT REAR,,,Y,,,,,,,,,,,,UNKNOWN,,,,,,,UNKNOWN,,YES VEHICLE OR TRAILER DISABLED,PAN,MA,PASSENGER CAR,,,,TRAVELING STRAIGHT AHEAD,2012,COLLISION WITH MOTOR VEHICLE IN TRAFFIC,ACCORD,HONDA,1,,COLLISION WITH MOTOR VEHICLE IN TRAFFIC,,,,LEFT FRONT,,,,,,,,,,,,,,,NO IMPROPER DRIVING,,,,,,,UNKNOWN,,,OPERATOR/DRIVER,NO INJURY,RHODE ISLAND,"D, CLASS D VEHICLES",,,,,,,,MALE,"FRONT SEAT - LEFT SIDE, OR MOTORCYLE DRIVER",SHOULDER AND LAP BELT USED,NOT TRAPPED,Y,OCCUPANT/PASSENGER,NO INJURY,,,,,,,,,,MALE,FRONT SEAT - RIGHT SIDE,SHOULDER AND LAP BELT USED,NOT TRAPPED,
2/3/17 9:15,Friday,PASSENGER CAR,LIGHT TRUCK,,CAMBRIDGE ST,,BROADWAY,"CAMBRIDGE ST
Cambridge, MA
(42.375468641000055, -71.11429857799999)",,,"SIDESWIPE, SAME DIRECTION",ROADWAY,COLLISION WITH MOTOR VEHICLE IN TRAFFIC,DAYLIGHT,CLEAR,CLOUDY,NO CONTROLS,,DRY,NOT AT INTERSECTION,"TWO-WAY, DIVIDED, POSITIVE MEDIAN BARRIER",NO,NO,,NON INTERSECTION,,,,,,,,,,,,TUNNEL,,,,,,PAN,MA,PASSENGER CAR,,,,TRAVELING STRAIGHT AHEAD,2008,COLLISION WITH MOTOR VEHICLE IN TRAFFIC,CIVIC,HOND,1,,COLLISION WITH MOTOR VEHICLE IN TRAFFIC,,,,LEFT SIDE,,,,EASTBOUND,,,,,,,,,,,DISTRACTED,,,,,,,,,,PAN,MA,LIGHT TRUCK,,,,TRAVELING STRAIGHT AHEAD,2007,COLLISION WITH MOTOR VEHICLE IN TRAFFIC,FE8,MITS,1,,COLLISION WITH MOTOR VEHICLE IN TRAFFIC,,,,RIGHT SIDE,,,,EASTBOUND,,,"10,001 - 26000 POUNDS",,,,,,,,NO IMPROPER DRIVING,,Y,,,,,,,,OPERATOR/DRIVER,NO INJURY,MASSACHUSETTS,,,,,,,,,MALE,"FRONT SEAT - LEFT SIDE, OR MOTORCYLE DRIVER",UNKNOWN,NOT TRAPPED,,UNINVOLVED OWNER,,,,,,,,,,,MALE,,,,Y
3/24/17 10:25,Friday,SINGLE UNIT TRUCK (2 AXLES - 6 TIRES),PASSENGER CAR,,DONNELLY ST,CONCORD AVE,,"DONNELLY ST &amp; CONCORD AVE
Cambridge, MA
(42.36679362800004, -71.10600609899996)",,,ANGLE,ROADSIDE,COLLISION WITH PARKED MOTOR VEHICLE,DAYLIGHT,CLEAR,,NO CONTROLS,,DRY,T-INTERSECTION,"TWO-WAY, NOT DIVIDED",NO,NO,,INTERSECTION,DONNELLY ST,EASTBOUND,CONCORD AVE,SOUTHBOUND,,,,,,,,,,,NONE,,,APN,OK,SINGLE UNIT TRUCK (2 AXLES - 6 TIRES),,,Y,TURNING LEFT,2016,COLLISION WITH PARKED MOTOR VEHICLE,UNK,TRUCK,1,,COLLISION WITH PARKED MOTOR VEHICLE,,,,RIGHT REAR,,,,EASTBOUND,,,,,,,,,,,UNKNOWN,,Y,,,,,UNKNOWN,,,PAN,MA,PASSENGER CAR,,,,PARKED,2012,COLLISION WITH PARKED MOTOR VEHICLE,CIVIC,HONDA,0,,COLLISION WITH PARKED MOTOR VEHICLE,,,,LEFT SIDE,LEFT FRONT,,,EASTBOUND,,,,,,,,,,,NO IMPROPER DRIVING,,,,,,,,,,UNINVOLVED OWNER,,,,,,,,,,,UNKNOWN,,,,Y,UNINVOLVED OWNER,,,,,,,,,,,FEMALE,,,,Y