Date Time,Day of Week,Object 1,Object 2,Street Number,Street Name,Cross Street,Near Street,Location,May involve cyclist,May Involve Pedestrian,Manner of Collision,First Harmful Event Location,First Harmful Event,Ambient Light,Weather Condition 1,Weather Condition 2,Traffic Control Device Type,Traffic Control Device Functionality,Road Surface Condition,Roadway Junction Type,Trafficway Description,School Bus Related,Work Zone,Speed Limit,Street or Intersection,Intersection Name 1,Intersection Direction 1,Intersection Name 2,Intersection Direction 2,Intersection Name 3,Intersection Direction 3,Street Direction,Nearest Intersection Distance,Nearest Intersection Direction,Landmark Distance,Landmark Direction,Landmark,Mile Marker Direction,Non Public Area,Road Contributing,Damaged Property Type,Description of Damaged Property,V1 Registration Type,v1 State Code,V1 Configuration,V1 Emergency Response,V1 Moped,V1 Hit and Run,V1 Action Prior to Crash,V1 Model Year,V1 Most Harmful Event,V1 Model,V1 Make,V1 Occupant Count,V1 Underride Override,V1 First Event,V1 Second Event,V1 Third Event,V1 Fourth Event,V1 Most Damaged Area,V1 Second Damaged Area,V1 Third Damaged Area,V1 Towed,V1 Travel Direction,V1 Interstate,V1 Cargo Body Type,V1 Gross Weight,V1 Haz Placard,V1 Haz Release,V1 Trailer Reg Type,V1 Trailer Reg Plate,V1 Trailer Reg State,V1 Trailer Reg Year,V1 Trailer Len,V1 Driver Contribution,V1 Driver Contribution 2,V1 Is Truck,V1 Has Trailer,V1 Is Bus,V1 Is Hazmat,V1 Reg Year,V1 Driver Distracted,V1 Bus Use,V1 Tow Use,V2 Registration Type,V2 State Code,V2 Configuration,V2 Emergency Response,V2 Moped,V2 Hit and Run,V2 Action Prior to Crash,V2 Model Year,V2 Most Harmful Event,V2 Model,V2 Make,V2 Occupant Count,V2 Underride Override,V2 First Event,V2 Second Event,V2 Third Event,V2 Fourth Event,V2 Most Damaged Area,V2 Second Damaged Area,V2 Third Damaged Area,V2 Towed,V2 Travel Direction,V2 Interstate,V2 Cargo Body Type,V2 Gross Weight,V2 Haz Placard,V2 Haz Release,V2 Trailer Reg Type,V2 Trailer Reg Plate,V2 Trailer Reg State,V2 Trailer Reg Year,V2 Trailer Len,V2 Driver Contribution,V2 Driver Contribution 2,V2 Is Truck,V2 Has Trailer,V2 Is Bus,V2 Is Hazmat,V2 Reg Year,V2 Driver Distracted,V2 Bus Use,V2 Tow Use,P1 Role,P1 Injury,P1 Drivers Lic State,P1 Drivers Lic Class 1,P1 Drivers Lic Class 2,P1 Drivers Lic Restrict,P1 Non Motorist Desc,P1 Non Motorist Action,P1 Non Motorist Location,P1 Safety Equipment,P1 Age,P1 Sex,P1 Seat Position,P1 Safety System,P1 Trapped,P1 Veh Owner,P2 Role,P2 Injury,P2 Drivers Lic State,P2 Drivers Lic Class 1,P2 Drivers Lic Class 2,P2 Drivers Lic Restrict,P2 Non Motorist Desc,P2 Non Motorist Action,P2 Non Motorist Location,P2 Safety Equipment,P2 Age,P2 Sex,P2 Seat Position,P2 Safety System,P2 Trapped,P2 Veh Owner
2/10/17 12:30,Friday,PASSENGER CAR,LIGHT TRUCK,,BROOKLINE STREET,MASSACHUSETTS AVE,,"BROOKLINE STREET &amp; MASSACHUSETTS AVE
Cambridge, MA
(42.36679362800004, -71.10600609899996)",,,ANGLE,ROADWAY,COLLISION WITH MOTOR VEHICLE IN TRAFFIC,DAYLIGHT,CLEAR,,TRAFFIC CONTROL SIGNAL,YES,SNOW,FOUR WAY INTERSECTION,"TWO-WAY, NOT DIVIDED",NO,NO,25,INTERSECTION,BROOKLINE STREET,,MASSACHUSETTS AVE,EASTBOUND,DOUGLASS STREET,,,,,,,,,,UNKNOWN,,,PAN,MA,PASSENGER CAR,,,,TURNING RIGHT,2003,COLLISION WITH MOTOR VEHICLE IN TRAFFIC,CAMRY,TOYOTA,1,,COLLISION WITH MOTOR VEHICLE IN TRAFFIC,,,,CENTER FRONT,,,,EASTBOUND,,,,,,,,,,,NO IMPROPER DRIVING,,,,,,,NOT DISTRACTED,,,PAN,MA,LIGHT TRUCK,,,,TURNING RIGHT,2015,COLLISION WITH MOTOR VEHICLE IN TRAFFIC,CHEROKEE,JEEP,2,,COLLISION WITH MOTOR VEHICLE IN TRAFFIC,,,,RIGHT SIDE,,,,EASTBOUND,,,,,,,,,,,OVER CORRECTING / OVER STEERING,,,,,,,NOT DISTRACTED,,,OPERATOR/DRIVER,NO INJURY,MASSACHUSETTS,"D, CLASS D VEHICLES",,,,,,,,MALE,"FRONT SEAT - LEFT SIDE, OR MOTORCYLE DRIVER",UNKNOWN,NOT TRAPPED,Y,OPERATOR/DRIVER,NO INJURY,MASSACHUSETTS,,,,,,,,,MALE,"FRONT SEAT - LEFT SIDE, OR MOTORCYLE DRIVER",UNKNOWN,NOT TRAPPED,Y
1/5/17 9:50,Thursday,PASSENGER CAR,LIGHT TRUCK,,PUTNAM AVE,KINNAIRD ST,,"PUTNAM AVE &amp; KINNAIRD ST
Cambridge, MA
(42.36679362800004, -71.10600609899996)",,,ANGLE,ROADWAY,COLLISION WITH MOTOR VEHICLE IN TRAFFIC,DAYLIGHT,CLEAR,CLOUDY,STOP SIGNS,YES,DRY,T-INTERSECTION,"TWO-WAY, NOT DIVIDED",NO,NO,,INTERSECTION,PUTNAM AVE,,KINNAIRD ST,,,,,,,,,,,,,,,PAN,MA,PASSENGER CAR,,,,TRAVELING STRAIGHT AHEAD,2010,COLLISION WITH MOTOR VEHICLE IN TRAFFIC,FUSION,FORD,1,,COLLISION WITH MOTOR VEHICLE IN TRAFFIC,,,,LEFT SIDE,,,,EASTBOUND,,,,,,,,,,,NO IMPROPER DRIVING,,,,,,,,,,PAN,MA,LIGHT TRUCK,,,,TURNING LEFT,2007,COLLISION WITH MOTOR VEHICLE IN TRAFFIC,CRV,HONDA,1,,COLLISION WITH MOTOR VEHICLE IN TRAFFIC,,,,RIGHT FRONT,,,,SOUTHBOUND,,,,,,,,,,,FAILED TO YIELD THE RIGHT OF WAY,,,,,,,,,,OPERATOR/DRIVER,NO INJURY,MASSACHUSETTS,,,,,,,,,MALE,"FRONT SEAT - LEFT SIDE, OR MOTORCYLE DRIVER",UNKNOWN,NOT TRAPPED,,UNINVOLVED OWNER,,,,,,,,,,,UNKNOWN,,,,Y
3/17/17 22:32,Friday,PASSENGER CAR,,,JEFFERSON STREET,WARREN STREET,,"JEFFERSON STREET &amp; WARREN STREET
Cambridge, MA
(42.36679362800004, -71.10600609899996)",,,"SIDESWIPE, SAME DIRECTION",ROADSIDE,COLLISION WITH PARKED MOTOR VEHICLE,UNKNOWN,UNKNOWN,,,YES,UNKNOWN,T-INTERSECTION,"ONE-WAY, NOT DIVIDED",NO,NO,25,INTERSECTION,JEFFERSON STREET,,WARREN STREET,,,,,,,,,,,,NONE,,,PAN,MA,PASSENGER CAR,,,,PARKED,2009,COLLISION WITH MOTOR VEHICLE IN TRAFFIC,IMPREZA,SUBARU,0,,COLLISION WITH MOTOR VEHICLE IN TRAFFIC,,,,RIGHT REAR,REAR CENTER,LEFT REAR,,,,,,,,,,,,,NO IMPROPER DRIVING,,,,,,,,,,,,,,,Y,UNKNOWN,,COLLISION WITH PARKED MOTOR VEHICLE,,,,,COLLISION WITH PARKED MOTOR VEHICLE,,,,,,,,,,,,,,,,,,,UNKNOWN,,,,,,,UNKNOWN,,,UNINVOLVED OWNER,,MASSACHUSETTS,,"D, CLASS D VEHICLES",,,,,,,FEMALE,,,,Y,,,,,,,,,,,,,,,,
1/27/17 9:55,Friday,PASSENGER CAR,LIGHT TRUCK,47,ERIE ST,,,"47 ERIE ST
Cambridge, MA
(42.358054407000054, -71.10424490199995)",,,ANGLE,OUTSIDE ROADWAY,COLLISION WITH PARKED MOTOR VEHICLE,DAYLIGHT,UNKNOWN,,NO CONTROLS,,UNKNOWN,NOT AT INTERSECTION,"TWO-WAY, NOT DIVIDED",NO,NO,,NON INTERSECTION,,,,,,,,,,,,PARKING GARAGE,,,,,,PAS,NY,PASSENGER CAR,,,,PARKED,2012,COLLISION WITH MOTOR VEHICLE IN TRAFFIC,CAMRY,TOTY,0,,COLLISION WITH MOTOR VEHICLE IN TRAFFIC,,,,LEFT REAR,,,,,,,,,,,,,,,,,,,,,,,,,PAN,MA,LIGHT TRUCK,,,,UNKNOWN,2012,COLLISION WITH PARKED MOTOR VEHICLE,CRV,HOND,,,COLLISION WITH PARKED MOTOR VEHICLE,,,,UNKNOWN,,,,,,,,,,,,,,,OTHER IMPROPER ACTION,,,,,,,,,,UNINVOLVED OWNER,,,,,,,,,,,FEMALE,,,,Y,UNINVOLVED OWNER,,,,,,,,,,,FEMALE,,,,
2/23/17 17:28,Thursday,PASSENGER CAR,PASSENGER CAR,168,ALEWIFE BROOK PKWY,,,"168 ALEWIFE BROOK PKWY
Cambridge, MA
(42.390198661000056, -71.14197555999993)",,,REAR-END,ROADWAY,COLLISION WITH PARKED MOTOR VEHICLE,DAYLIGHT,CLEAR,,NO CONTROLS,,DRY,NOT AT INTERSECTION,"TWO-WAY, NOT DIVIDED",NO,NO,25,NON INTERSECTION,,,,,,,,,,,,,,,NONE,,,PAN,MA,PASSENGER CAR,,,,PARKED,2015,COLLISION WITH MOTOR VEHICLE IN TRAFFIC,CAMRY,TOYOTA,2,,COLLISION WITH MOTOR VEHICLE IN TRAFFIC,,,,RIGHT REAR,REAR CENTER,LEFT REAR,,,,,,,,,,,,,NO IMPROPER DRIVING,,,,,,,,,,TAN,MA,PASSENGER CAR,,,,TRAVELING STRAIGHT AHEAD,2010,COLLISION WITH PARKED MOTOR VEHICLE,MARQUIS,MERCURY,1,,COLLISION WITH PARKED MOTOR VEHICLE,,,,RIGHT FRONT,CENTER FRONT,LEFT FRONT,,,,,,,,,,,,,INATTENTION,,,,,,,,,,OPERATOR/DRIVER,NON FATAL INJURY - INCAPACITATING,MASSACHUSETTS,"D, CLASS D VEHICLES",,,,,,,,MALE,"FRONT SEAT - LEFT SIDE, OR MOTORCYLE DRIVER",SHOULDER AND LAP BELT USED,NOT TRAPPED,Y,OPERATOR/DRIVER,NO INJURY,MASSACHUSETTS,"D, CLASS D VEHICLES",,,,,,,,MALE,"FRONT SEAT - LEFT SIDE, OR MOTORCYLE DRIVER",SHOULDER AND LAP BELT USED,NOT TRAPPED,
3/9/17 16:54,Thursday,LIGHT TRUCK,PASSENGER CAR,149,CAMBRIDGE STREET,,SECOND STREET,"149 CAMBRIDGE STREET
Cambridge, MA
(42.37085662900006, -71.07827681099997)",,,REAR-END,ROADWAY,,DAYLIGHT,CLEAR,,FLASHING TRAFIC CONTROL SIGNAL,YES,DRY,NOT AT INTERSECTION,,NO,NO,,NON INTERSECTION,,,,,,,,,,,,REGISTRY  OF DEEDS,,,NONE,,,PAN,MA,LIGHT TRUCK,,,,SLOWING OR STOPPED IN TRAFFIC,2016,,DISCOVERY,LNDR,3,,COLLISION WITH MOTOR VEHICLE IN TRAFFIC,,,,REAR CENTER,,,,WESTBOUND,,,,,,,,,,,NO IMPROPER DRIVING,,,,,,,,,,PAN,MA,PASSENGER CAR,,,,SLOWING OR STOPPED IN TRAFFIC,2010,,ACCORD,HONDA,1,,COLLISION WITH MOTOR VEHICLE IN TRAFFIC,,,,CENTER FRONT,REAR CENTER,,,WESTBOUND,,,,,,,,,,,NO IMPROPER DRIVING,,,,,,,NOT DISTRACTED,,,OPERATOR/DRIVER,,MASSACHUSETTS,"D, CLASS D VEHICLES",,,,,,,,FEMALE,,,,,OPERATOR/DRIVER,,MASSACHUSETTS,"D, CLASS D VEHICLES",,,,,,,,MALE,,,,Y
2/15/17 11:45,Wednesday,LIGHT TRUCK,PASSENGER CAR,,CAMBRIDE ST,TREMONT ST,,"CAMBRIDE ST &amp; TREMONT ST
Cambridge, MA
(42.36679362800004, -71.10600609899996)",,,ANGLE,ROADWAY,COLLISION WITH MOTOR VEHICLE IN TRAFFIC,DAYLIGHT,CLOUDY,,STOP SIGNS,YES,WET,FOUR WAY INTERSECTION,"TWO-WAY, NOT DIVIDED",NO,NO,,INTERSECTION,CAMBRIDE ST,,TREMONT ST,,,,,,,,,,,,,,,PAN,MA,LIGHT TRUCK,,,,OTHER,2007,COLLISION WITH MOTOR VEHICLE IN TRAFFIC,PILOT,HOND,1,,COLLISION WITH MOTOR VEHICLE IN TRAFFIC,,,,RIGHT FRONT,,,Y,SOUTHBOUND,,,,,,,,,,,,,,,,,,,,YES VEHICLE OR TRAILER DISABLED,PAN,MA,PASSENGER CAR,,,,TRAVELING STRAIGHT AHEAD,2016,COLLISION WITH MOTOR VEHICLE IN TRAFFIC,MUSTANG,FORD,1,,COLLISION WITH MOTOR VEHICLE IN TRAFFIC,,,,LEFT FRONT,,,Y,EASTBOUND,,,,,,,,,,,,,,,,,,,,YES VEHICLE OR TRAILER DISABLED,OPERATOR/DRIVER,NON FATAL INJURY - POSSIBLE,MASSACHUSETTS,,,,,,,,,MALE,"FRONT SEAT - LEFT SIDE, OR MOTORCYLE DRIVER",UNKNOWN,NOT TRAPPED,,UNINVOLVED OWNER,,,,,,,,,,,MALE,,,,Y
3/24/17 16:00,Friday,LIGHT TRUCK,,,CAMBRIDGE ST,,COLUMBIA ST,"CAMBRIDGE ST
Cambridge, MA
(42.375468641000055, -71.11429857799999)",,,UNKNOWN,ROADWAY,COLLISION WITH PARKED MOTOR VEHICLE,DAYLIGHT,UNKNOWN,,NO CONTROLS,,UNKNOWN,NOT AT INTERSECTION,"TWO-WAY, NOT DIVIDED",NO,NO,,NON INTERSECTION,,,,,,,,,,,,,,,,,,PAN,MA,LIGHT TRUCK,,,,PARKED,2008,COLLISION WITH MOTOR VEHICLE IN TRAFFIC,ARCADIA,GMC,0,,COLLISION WITH MOTOR VEHICLE IN TRAFFIC,,,,LEFT REAR,,,,,,,,,,,,,,,,,,,,,,,,,PAN,OT,,,,Y,UNKNOWN,,COLLISION WITH PARKED MOTOR VEHICLE,,,,,COLLISION WITH PARKED MOTOR VEHICLE,,,,,,,,,,,,,,,,,,,,,,,,,,,,,UNINVOLVED OWNER,,,,,,,,,,,FEMALE,,,,Y,,,,,,,,,,,,,,,,
2/6/17 13:50,Monday,PASSENGER CAR,LIGHT TRUCK,,WHITE ST,,,"WHITE ST
Cambridge, MA
(42.38909349700003, -71.11800052999996)",,,REAR-END,OUTSIDE ROADWAY,COLLISION WITH PARKED MOTOR VEHICLE,DAYLIGHT,CLEAR,,NO CONTROLS,,DRY,NOT AT INTERSECTION,UNKNOWN,NO,NO,,NON INTERSECTION,,,,,,,,,,,,PORTER SQ. SHOPPING CENTER PARKING LOT,,,NONE,,,PAN,MA,PASSENGER CAR,,,Y,PARKED,2009,COLLISION WITH PARKED MOTOR VEHICLE,PASSAT,VOLKSWAGON,0,,COLLISION WITH PARKED MOTOR VEHICLE,,,,CENTER FRONT,,,,,,,,,,,,,,,,,,,,,,,,,PAN,MA,LIGHT TRUCK,,,Y,BACKING,2016,COLLISION WITH PARKED MOTOR VEHICLE,WRANGLER,JEEP,1,,COLLISION WITH PARKED MOTOR VEHICLE,,,,UNKNOWN,,,,,,,,,,,,,,,UNKNOWN,,,,,,,UNKNOWN,,,UNINVOLVED OWNER,,,"D, CLASS D VEHICLES",,,,,,,,FEMALE,,,,Y,OPERATOR/DRIVER,,MASSACHUSETTS,"D, CLASS D VEHICLES",,,,,,,,MALE,"FRONT SEAT - LEFT SIDE, OR MOTORCYLE DRIVER",UNKNOWN,NOT TRAPPED,Y
2/15/17 20:35,Wednesday,,,2000,CAMBRIDGE STREET,,,"2000 CAMBRIDGE STREET
Cambridge, MA
(42.375468641000055, -71.11429857799999)",1,,,,,DARK - LIGHTED ROADWAY,,,,,,,,,,,NON INTERSECTION,,,,,,,EASTBOUND,,,,,,,,,,,PAN,MA,,,,,UNKNOWN,2004,,JETTA,VOLK,1,,,,,,,,,,,,,,,,,,,,,,,,,,,,,,,,,,,,,,,,,,,,,,,,,,,,,,,,,,,,,,,,,,,,,,,,,NON-MOTORIST,,,,,,CYCLIST,,,,,MALE,,,,,UNINVOLVED OWNER,,,,,,,,,,,MALE,,,,Y
1/24/17 15:47,Tuesday,PASSENGER CAR,PASSENGER CAR,,THIRD STREET,KENDAL STREET,,"THIRD STREET &amp; KENDAL STREET
Cambridge, MA
(42.36679362800004, -71.10600609899996)",,,REAR-END,ROADWAY,COLLISION WITH MOTOR VEHICLE IN TRAFFIC,DARK - LIGHTED ROADWAY,RAIN,"SLEET, HAIL, FREEZING RAIN OR DRIZZLE",NO CONTROLS,YES,WET,UNKNOWN,"TWO-WAY, NOT DIVIDED",NO,NO,25,INTERSECTION,THIRD STREET,SOUTHBOUND,KENDAL STREET,EASTBOUND,,,SOUTHBOUND,,,,,,,,UNKNOWN,,,PAN,NH,PASSENGER CAR,,,,TURNING LEFT,2016,COLLISION WITH MOTOR VEHICLE IN TRAFFIC,S60,VOLVO,1,,COLLISION WITH MOTOR VEHICLE IN TRAFFIC,,,,RIGHT REAR,,,,SOUTHBOUND,,,,,,,,,,,NO IMPROPER DRIVING,,,,,,,NOT DISTRACTED,,,PAN,MA,PASSENGER CAR,,,,TRAVELING STRAIGHT AHEAD,2011,COLLISION WITH MOTOR VEHICLE IN TRAFFIC,MALIBU,CHEVY,1,,COLLISION WITH MOTOR VEHICLE IN TRAFFIC,,,,LEFT FRONT,,,,SOUTHBOUND,,,,,,,,,,,VISIBILITY OBSTRUCTED,UNKNOWN,,,,,,UNKNOWN,,,OPERATOR/DRIVER,NO INJURY,NEW HAMPSHIRE,,,,,,,,,MALE,"FRONT SEAT - LEFT SIDE, OR MOTORCYLE DRIVER",UNKNOWN,NOT TRAPPED,Y,OPERATOR/DRIVER,NO INJURY,MASSACHUSETTS,,,,,,,,,MALE,"FRONT SEAT - LEFT SIDE, OR MOTORCYLE DRIVER",UNKNOWN,NOT TRAPPED,Y
1/3/17 9:00,Tuesday,,,2464,MASS AVE,,,"2464 MASS AVE
Cambridge, MA
(42.39849609600003, -71.13158948899996)",,,UNKNOWN,OUTSIDE ROADWAY,COLLISION WITH PARKED MOTOR VEHICLE,UNKNOWN,UNKNOWN,,NO CONTROLS,,UNKNOWN,NOT AT INTERSECTION,"TWO-WAY, NOT DIVIDED",NO,NO,,NON INTERSECTION,,,,,,,,,,,,REAR PARKING LOT,,,,,,PASS,MI,,,,,,,,STATE FARM,THIAGO VIERA,0,,,,,,,,,,,,,,,,,,,,,,,,,,,,,,,PASS,OT,,,,Y,,,,,,,,,,,,,,,,,,,,,,,,,,,,,,,,,,,,,UNINVOLVED OWNER,,,,,,,,,,,FEMALE,,,,Y,,,,,,,,,,,,,,,,
1/18/17 20:09,Wednesday,PASSENGER CAR,,,FLAGG ST,,MEMORIAL DR.,"FLAGG ST
Cambridge, MA
(42.36773931500005, -71.11493358099995)",,,"SIDESWIPE, SAME DIRECTION",ROADWAY,,DARK - LIGHTED ROADWAY,RAIN,,STOP SIGNS,,WET,T-INTERSECTION,"TWO-WAY, NOT DIVIDED",NO,NO,20,NON INTERSECTION,,,,,,,WESTBOUND,,NORTHBOUND,,,,,,NONE,,,PAN,MA,PASSENGER CAR,,,Y,SLOWING OR STOPPED IN TRAFFIC,2014,COLLISION WITH MOTOR VEHICLE IN TRAFFIC,HATCH,MAZD,1,,COLLISION WITH MOTOR VEHICLE IN TRAFFIC,,,,LEFT REAR,,,,WESTBOUND,,,,,,,,,,,NO IMPROPER DRIVING,,,,,,,NOT DISTRACTED,,NO,,,,,,,,,,,,,,,,,,,,,,,,,,,,,,,,,,,,,,,,,,,OPERATOR/DRIVER,,MASSACHUSETTS,"D, CLASS D VEHICLES",,,,,,,,FEMALE,,,,Y,,,,,,,,,,,,,,,,
1/5/17 8:30,Thursday,PASSENGER CAR,,97,PINE ST,,WASHINGTON ST,"97 PINE ST
Cambridge, MA
(42.365672335000056, -71.09777385899997)",,,UNKNOWN,ROADWAY,COLLISION WITH PARKED MOTOR VEHICLE,UNKNOWN,UNKNOWN,,NO CONTROLS,,UNKNOWN,NOT AT INTERSECTION,"ONE-WAY, NOT DIVIDED",NO,NO,,NON INTERSECTION,,,,,,,,,,,,,,,,,,PAN,MA,PASSENGER CAR,,,,PARKED,2005,COLLISION WITH MOTOR VEHICLE IN TRAFFIC,COROLL,TOYT,0,,COLLISION WITH MOTOR VEHICLE IN TRAFFIC,,,,LEFT SIDE,,,,,,,,,,,,,,,,,,,,,,,,,PAN,OT,,,,Y,,,,,,,,,,,,,,,,,,,,,,,,,,,,,,,,,,,,,UNINVOLVED OWNER,,MASSACHUSETTS,,,,,,,,,FEMALE,,,,Y,,,,,,,,,,,,,,,,
3/25/17 19:21,Saturday,PASSENGER CAR,,699,MT. AUBURN ST.,,,"699 MT. AUBURN ST.
Cambridge, MA
(42.37478664100007, -71.14935960999998)",,,UNKNOWN,ROADWAY,COLLISION WITH MOTOR VEHICLE IN TRAFFIC,DAYLIGHT,RAIN,CLOUDY,NO CONTROLS,,WET,NOT AT INTERSECTION,,NO,NO,,NON INTERSECTION,,,,,,,,,,,,,,,,,,PAN,MA,PASSENGER CAR,,,Y,PARKED,2014,COLLISION WITH MOTOR VEHICLE IN TRAFFIC,OUTBACK,SUBARU,0,,COLLISION WITH MOTOR VEHICLE IN TRAFFIC,,,,RIGHT FRONT,,,,,,,,,,,,,,,NO IMPROPER DRIVING,,,,,,,,,,,,,,,,,,,,,,,,,,,,,,,,,,,,,,,,,,,,,,,,,,,,UNINVOLVED OWNER,,MASSACHUSETTS,"D, CLASS D VEHICLES",,,,,,,,MALE,,,,Y,,,,,,,,,,,,,,,,
3/14/17 13:50,Tuesday,PASSENGER CAR,PASSENGER CAR,,MASS AVE,,DOVER ST,"MASS AVE
Cambridge, MA
(42.393434712000044, -71.12577890299997)",,,REAR-END,ROADWAY,COLLISION WITH MOTOR VEHICLE IN TRAFFIC,DAYLIGHT,SNOW,,TRAFFIC CONTROL SIGNAL,YES,SNOW,NOT AT INTERSECTION,"TWO-WAY, DIVIDED, POSITIVE MEDIAN BARRIER",NO,NO,,NON INTERSECTION,,,,,,,,,,,,,,,,,,PAN,MA,PASSENGER CAR,,,,SLOWING OR STOPPED IN TRAFFIC,2015,COLLISION WITH MOTOR VEHICLE IN TRAFFIC,FUSION,FORD,2,,COLLISION WITH MOTOR VEHICLE IN TRAFFIC,,,,RIGHT REAR,REAR CENTER,,Y,WESTBOUND,,,,,,,,,,,,,,,,,,,,YES VEHICLE OR TRAILER DISABLED,PAN,VT,PASSENGER CAR,,,,TRAVELING STRAIGHT AHEAD,2015,,TK,TOTY,2,,COLLISION WITH MOTOR VEHICLE IN TRAFFIC,,,,,,,,,,,,,,,,,,,,,,,,,,,,,OPERATOR/DRIVER,NON FATAL INJURY - POSSIBLE,MASSACHUSETTS,,,,,,,,,MALE,"FRONT SEAT - LEFT SIDE, OR MOTORCYLE DRIVER",UNKNOWN,NOT TRAPPED,Y,OCCUPANT/PASSENGER,NON FATAL INJURY - POSSIBLE,,,,,,,,,,FEMALE,FRONT SEAT - RIGHT SIDE,UNKNOWN,NOT TRAPPED,
1/30/17 17:45,Monday,LIGHT TRUCK,,1,WHITE STREET,,,"1 WHITE STREET
Cambridge, MA
(42.38864456500005, -71.11895064499998)",,,UNKNOWN,,COLLISION WITH MOTOR VEHICLE IN TRAFFIC,DAYLIGHT,CLEAR,,,NO,DRY,NOT AT INTERSECTION,,NO,NO,,NON INTERSECTION,,,,,,,,,,,,PORTER SQUARE SHOPPING MALL ( CVS SIDE),,,NONE,,,PAN,MA,LIGHT TRUCK,,,,PARKED,2016,,TUNDRA,TOYOTA,0,,COLLISION WITH MOTOR VEHICLE IN TRAFFIC,,,,LEFT REAR,,,,,,,,,,,,,,,NO IMPROPER DRIVING,,,,,,,,,,PAN,MA,,,,Y,UNKNOWN,0,,UNKNOWN,UNKNOWN,1,,COLLISION WITH PARKED MOTOR VEHICLE,,,,,,,,UNKNOWN,,,,,,,,,,,UNKNOWN,,,,,,,UNKNOWN,,,UNINVOLVED OWNER,,MASSACHUSETTS,"D, CLASS D VEHICLES",,,,,,,,MALE,,,,Y,OPERATOR/DRIVER,,MASSACHUSETTS,"D, CLASS D VEHICLES",,,,,,,,UNKNOWN,,,,
1/13/17 17:20,Friday,PASSENGER CAR,PASSENGER CAR,,RODGERS STREET,SECOND STREET,,"RODGERS STREET &amp; SECOND STREET
Cambridge, MA
(42.36679362800004, -71.10600609899996)",,,SINGLE VEHICLE CRASH,,,DAYLIGHT,CLEAR,,STOP SIGNS,NO,DRY,T-INTERSECTION,"TWO-WAY, NOT DIVIDED",,,,INTERSECTION,RODGERS STREET,,SECOND STREET,,,,,,,,,,,,,,,PAN,MA,PASSENGER CAR,,,,SLOWING OR STOPPED IN TRAFFIC,2010,COLLISION WITH MOTOR VEHICLE IN TRAFFIC,TAURUS,FORD,1,,COLLISION WITH MOTOR VEHICLE IN TRAFFIC,,,,RIGHT SIDE,RIGHT FRONT,,Y,,,,,,,,,,,,"DISREGARDED TRAFFIC SIGNS, SIGNALS, ROAD MARKINGS",,,,,,,,,YES VEHICLE OR TRAILER DISABLED,CON,MA,PASSENGER CAR,,,,TRAVELING STRAIGHT AHEAD,2007,COLLISION WITH MOTOR VEHICLE IN TRAFFIC,LEGACY,SUBARU,1,,COLLISION WITH MOTOR VEHICLE IN TRAFFIC,,,,CENTER FRONT,RIGHT FRONT,LEFT FRONT,Y,,,,,,,,,,,,NO IMPROPER DRIVING,,,,,,,,,YES VEHICLE OR TRAILER DISABLED,OPERATOR/DRIVER,,LOUISIANA,"D, CLASS D VEHICLES",,,,,,,,MALE,"FRONT SEAT - LEFT SIDE, OR MOTORCYLE DRIVER",,,Y,OPERATOR/DRIVER,,MASSACHUSETTS,"D, CLASS D VEHICLES","M, CLASS M VEHICLES",,,,,,,MALE,"FRONT SEAT - LEFT SIDE, OR MOTORCYLE DRIVER",,,Y
2/18/17 12:00,Saturday,PASSENGER CAR,,380,NORFOLK ST,,,"380 NORFOLK ST
Cambridge, MA
(42.37353269500005, -71.09596145399996)",,,UNKNOWN,ROADWAY,,UNKNOWN,UNKNOWN,,NO CONTROLS,,UNKNOWN,NOT AT INTERSECTION,"ONE-WAY, NOT DIVIDED",NO,NO,,NON INTERSECTION,,,,,,,EASTBOUND,,,,,,,,UNKNOWN,,,PAN,MA,PASSENGER CAR,,,Y,PARKED,2016,,JETTA,VW,,,,,,,RIGHT REAR,,,,,,,,,,,,,,,,,,,,,,,,,,,,,,,,,,,,,,,,,,,,,,,,,,,,,,,,,,,,,,,,,,,UNINVOLVED OWNER,,,,,,,,,,,MALE,,,,Y,,,,,,,,,,,,,,,,
2/8/17 13:51,Wednesday,PASSENGER CAR,LIGHT TRUCK,,HARVARD ST,WINDSOR ST,,"HARVARD ST &amp; WINDSOR ST
Cambridge, MA
(42.36679362800004, -71.10600609899996)",,,"SIDESWIPE, SAME DIRECTION",ROADWAY,,DAYLIGHT,CLEAR,,,YES,WET,FOUR WAY INTERSECTION,"TWO-WAY, NOT DIVIDED",NO,NO,25,INTERSECTION,HARVARD ST,,WINDSOR ST,,,,,,,,,,,,,,,PAN,MA,PASSENGER CAR,,,,MAKING U-TURN,2012,,JETTA,VOLKS,2,,COLLISION WITH MOTOR VEHICLE IN TRAFFIC,,,,LEFT FRONT,,,,,,,,,,,,,,,FAILURE TO KEEP IN PROPER LANE OR RUNNING OFF ROAD,,,,,,,,,,PAN,MA,LIGHT TRUCK,,,,BACKING,2016,,TUCSON,HYUN,1,,COLLISION WITH MOTOR VEHICLE IN TRAFFIC,,,,LEFT REAR,,,,,,,,,,,,,,,NO IMPROPER DRIVING,,,,,,,,,,OPERATOR/DRIVER,NO INJURY,MASSACHUSETTS,,,,,,,,,MALE,"FRONT SEAT - LEFT SIDE, OR MOTORCYLE DRIVER",SHOULDER AND LAP BELT USED,NOT TRAPPED,Y,OCCUPANT/PASSENGER,NO INJURY,MASSACHUSETTS,,,,,,,,,FEMALE,FRONT SEAT - RIGHT SIDE,SHOULDER AND LAP BELT USED,NOT TRAPPED,