Date Time,Day of Week,Object 1,Object 2,Street Number,Street Name,Cross Street,Near Street,Location,May involve cyclist,May Involve Pedestrian,Manner of Collision,First Harmful Event Location,First Harmful Event,Ambient Light,Weather Condition 1,Weather Condition 2,Traffic Control Device Type,Traffic Control Device Functionality,Road Surface Condition,Roadway Junction Type,Trafficway Description,School Bus Related,Work Zone,Speed Limit,Street or Intersection,Intersection Name 1,Intersection Direction 1,Intersection Name 2,Intersection Direction 2,Intersection Name 3,Intersection Direction 3,Street Direction,Nearest Intersection Distance,Nearest Intersection Direction,Landmark Distance,Landmark Direction,Landmark,Mile Marker Direction,Non Public Area,Road Contributing,Damaged Property Type,Description of Damaged Property,V1 Registration Type,v1 State Code,V1 Configuration,V1 Emergency Response,V1 Moped,V1 Hit and Run,V1 Action Prior to Crash,V1 Model Year,V1 Most Harmful Event,V1 Model,V1 Make,V1 Occupant Count,V1 Underride Override,V1 First Event,V1 Second Event,V1 Third Event,V1 Fourth Event,V1 Most Damaged Area,V1 Second Damaged Area,V1 Third Damaged Area,V1 Towed,V1 Travel Direction,V1 Interstate,V1 Cargo Body Type,V1 Gross Weight,V1 Haz Placard,V1 Haz Release,V1 Trailer Reg Type,V1 Trailer Reg Plate,V1 Trailer Reg State,V1 Trailer Reg Year,V1 Trailer Len,V1 Driver Contribution,V1 Driver Contribution 2,V1 Is Truck,V1 Has Trailer,V1 Is Bus,V1 Is Hazmat,V1 Reg Year,V1 Driver Distracted,V1 Bus Use,V1 Tow Use,V2 Registration Type,V2 State Code,V2 Configuration,V2 Emergency Response,V2 Moped,V2 Hit and Run,V2 Action Prior to Crash,V2 Model Year,V2 Most Harmful Event,V2 Model,V2 Make,V2 Occupant Count,V2 Underride Override,V2 First Event,V2 Second Event,V2 Third Event,V2 Fourth Event,V2 Most Damaged Area,V2 Second Damaged Area,V2 Third Damaged Area,V2 Towed,V2 Travel Direction,V2 Interstate,V2 Cargo Body Type,V2 Gross Weight,V2 Haz Placard,V2 Haz Release,V2 Trailer Reg Type,V2 Trailer Reg Plate,V2 Trailer Reg State,V2 Trailer Reg Year,V2 Trailer Len,V2 Driver Contribution,V2 Driver Contribution 2,V2 Is Truck,V2 Has Trailer,V2 Is Bus,V2 Is Hazmat,V2 Reg Year,V2 Driver Distracted,V2 Bus Use,V2 Tow Use,P1 Role,P1 Injury,P1 Drivers Lic State,P1 Drivers Lic Class 1,P1 Drivers Lic Class 2,P1 Drivers Lic Restrict,P1 Non Motorist Desc,P1 Non Motorist Action,P1 Non Motorist Location,P1 Safety Equipment,P1 Age,P1 Sex,P1 Seat Position,P1 Safety System,P1 Trapped,P1 Veh Owner,P2 Role,P2 Injury,P2 Drivers Lic State,P2 Drivers Lic Class 1,P2 Drivers Lic Class 2,P2 Drivers Lic Restrict,P2 Non Motorist Desc,P2 Non Motorist Action,P2 Non Motorist Location,P2 Safety Equipment,P2 Age,P2 Sex,P2 Seat Position,P2 Safety System,P2 Trapped,P2 Veh Owner
1/25/17 11:26,Wednesday,PASSENGER CAR,PASSENGER CAR,,PROPECT STREET,,BROADWAY,"PROPECT STREET
Cambridge, MA
(42.36989816800008, -71.10062438699998)",,,REAR-END,ROADWAY,COLLISION WITH MOTOR VEHICLE IN TRAFFIC,DAYLIGHT,CLEAR,OTHER,TRAFFIC CONTROL SIGNAL,YES,OTHER,,,,,,NON INTERSECTION,,,,,,,SOUTHBOUND,,EASTBOUND,,,,,,UNKNOWN,,,PAN,MA,PASSENGER CAR,,,,TRAVELING STRAIGHT AHEAD,2013,COLLISION WITH MOTOR VEHICLE IN TRAFFIC,RDX,ACURA,1,,COLLISION WITH MOTOR VEHICLE IN TRAFFIC,,,,OTHER,,,,SOUTHBOUND,,,,,,,,,,,NO IMPROPER DRIVING,NO IMPROPER DRIVING,,,,,,UNKNOWN,,,PAN,MA,PASSENGER CAR,,,,UNKNOWN,1996,COLLISION WITH MOTOR VEHICLE IN TRAFFIC,GRAND,JEEP,1,,COLLISION WITH MOTOR VEHICLE IN TRAFFIC,,,,NONE,,,Y,SOUTHBOUND,,,,,,,,,,,UNKNOWN,UNKNOWN,,,,,,UNKNOWN,,YES OTHER REASON NOT DISABLED,OPERATOR/DRIVER,NON FATAL INJURY - POSSIBLE,MASSACHUSETTS,,,,,,,,,FEMALE,UNKNOWN,UNKNOWN,,Y,OPERATOR/DRIVER,,,,,,,,,,,MALE,"FRONT SEAT - LEFT SIDE, OR MOTORCYLE DRIVER",UNKNOWN,,
2/6/17 8:10,Monday,PASSENGER CAR,PASSENGER CAR,,HAMPSHIRE ST,,INMAN ST,"HAMPSHIRE ST
Cambridge, MA
(42.369424372000026, -71.09557241999994)",,,"SIDESWIPE, SAME DIRECTION",ROADWAY,COLLISION WITH MOTOR VEHICLE IN TRAFFIC,DAYLIGHT,CLEAR,,TRAFFIC CONTROL SIGNAL,YES,DRY,NOT AT INTERSECTION,"TWO-WAY, NOT DIVIDED",NO,NO,,NON INTERSECTION,,,,,,,,,,,,,,,,,,PAN,MA,PASSENGER CAR,,,,SLOWING OR STOPPED IN TRAFFIC,2016,COLLISION WITH MOTOR VEHICLE IN TRAFFIC,GRV,GIBD,1,,COLLISION WITH MOTOR VEHICLE IN TRAFFIC,,,,LEFT REAR,,,,WESTBOUND,,,,,,,,,,,NO IMPROPER DRIVING,,,,,,,,,,PAN,MA,PASSENGER CAR,,,,TURNING LEFT,2002,COLLISION WITH MOTOR VEHICLE IN TRAFFIC,COROLL,TOYT,1,,COLLISION WITH MOTOR VEHICLE IN TRAFFIC,,,,,,,,WESTBOUND,,,,,,,,,,,OTHER IMPROPER ACTION,,,,,,,,,,OPERATOR/DRIVER,NO INJURY,MASSACHUSETTS,"D, CLASS D VEHICLES",,,,,,,,FEMALE,"FRONT SEAT - LEFT SIDE, OR MOTORCYLE DRIVER",UNKNOWN,NOT TRAPPED,Y,OPERATOR/DRIVER,NO INJURY,MASSACHUSETTS,"D, CLASS D VEHICLES",,,,,,,,FEMALE,"FRONT SEAT - LEFT SIDE, OR MOTORCYLE DRIVER",UNKNOWN,NOT TRAPPED,Y
1/13/17 18:15,Friday,LIGHT TRUCK,PASSENGER CAR,2615,MASSACHUSETTS AVE,,ROUTE 16,"2615 MASSACHUSETTS AVE
Cambridge, MA
(42.400725762000036, -71.13547887499993)",,,"SIDESWIPE, SAME DIRECTION",ROADWAY,,DUSK,CLEAR,,TRAFFIC CONTROL SIGNAL,YES,DRY,NOT AT INTERSECTION,"TWO-WAY, DIVIDED, POSITIVE MEDIAN BARRIER",,,,NON INTERSECTION,,,,,,,NORTHBOUND,,,,,MOBIL GAS STATION.,,,NONE,,,PAN,MA,LIGHT TRUCK,,,,SLOWING OR STOPPED IN TRAFFIC,2013,,PILOT,HONDA,1,,COLLISION WITH MOTOR VEHICLE IN TRAFFIC,,,,RIGHT REAR,,,,NORTHBOUND,,,,,,,,,,,NO IMPROPER DRIVING,,,,,,,,,,PAN,MA,PASSENGER CAR,,,Y,TRAVELING STRAIGHT AHEAD,2003,,AVALON,TOYOTA,,,COLLISION WITH MOTOR VEHICLE IN TRAFFIC,,,,LEFT FRONT,,,,NORTHBOUND,,,,,,,,,,,ILLNESS,,,,,,,,,,OPERATOR/DRIVER,,MASSACHUSETTS,"D, CLASS D VEHICLES",,,,,,,,FEMALE,,,,,OPERATOR/DRIVER,,MASSACHUSETTS,"D, CLASS D VEHICLES",,,,,,,,FEMALE,,,,Y
3/4/17 16:52,Saturday,LIGHT TRUCK,LIGHT TRUCK,,HARVARD ST,DANA ST,,"HARVARD ST &amp; DANA ST
Cambridge, MA
(42.36679362800004, -71.10600609899996)",,,ANGLE,ROADWAY,COLLISION WITH MOTOR VEHICLE IN TRAFFIC,DUSK,CLEAR,,,YES,"SAND, MUD, DIRT, OIL, GRAVEL",T-INTERSECTION,"TWO-WAY, NOT DIVIDED",NO,NO,,INTERSECTION,HARVARD ST,,DANA ST,,,,,,,,,,,,NONE,,,PAN,MA,LIGHT TRUCK,,,,TRAVELING STRAIGHT AHEAD,2013,COLLISION WITH MOTOR VEHICLE IN TRAFFIC,ESCAPE,FORD,2,,COLLISION WITH MOTOR VEHICLE IN TRAFFIC,COLLISION WITH LIGHT POLE OR OTHER POST/SUPPORT,,,LEFT SIDE,RIGHT REAR,,Y,,,,,,,,,,,,NO IMPROPER DRIVING,,,,,,,,,YES VEHICLE OR TRAILER DISABLED,CON,MA,LIGHT TRUCK,,,,TRAVELING STRAIGHT AHEAD,2012,COLLISION WITH MOTOR VEHICLE IN TRAFFIC,LIBERTY,JEEP,1,,COLLISION WITH MOTOR VEHICLE IN TRAFFIC,,,,CENTER FRONT,RIGHT FRONT,LEFT FRONT,Y,,,,,,,,,,,,"DISREGARDED TRAFFIC SIGNS, SIGNALS, ROAD MARKINGS",GLARE,,,,,,,,YES VEHICLE OR TRAILER DISABLED,OPERATOR/DRIVER,,MASSACHUSETTS,,,,,,,,,MALE,,,,Y,OPERATOR/DRIVER,,MASSACHUSETTS,,,,,,,,,MALE,,,,
3/27/17 10:10,Monday,LIGHT TRUCK,LIGHT TRUCK,,CAMBRIDGE ST,,MSG OBRIEN HWY,"CAMBRIDGE ST
Cambridge, MA
(42.375468641000055, -71.11429857799999)",,,ANGLE,ROADWAY,COLLISION WITH MOTOR VEHICLE IN TRAFFIC,DAYLIGHT,CLOUDY,RAIN,TRAFFIC CONTROL SIGNAL,YES,WET,NOT AT INTERSECTION,"TWO-WAY, NOT DIVIDED",NO,NO,,NON INTERSECTION,,,,,,,,,,,,,,,,,,PAN,MA,LIGHT TRUCK,,,,CHANGING LANES,2017,COLLISION WITH MOTOR VEHICLE IN TRAFFIC,RAV4,TOYT,1,,COLLISION WITH MOTOR VEHICLE IN TRAFFIC,,,,RIGHT FRONT,,,,WESTBOUND,,,,,,,,,,,,,,,,,,,,,PAN,MA,LIGHT TRUCK,,,,SLOWING OR STOPPED IN TRAFFIC,2013,COLLISION WITH MOTOR VEHICLE IN TRAFFIC,HIGHLA,TOYT,2,,COLLISION WITH MOTOR VEHICLE IN TRAFFIC,,,,LEFT REAR,,,,WESTBOUND,,,,,,,,,,,,,,,,,,,,,OPERATOR/DRIVER,NO INJURY,MASSACHUSETTS,,,,,,,,,FEMALE,"FRONT SEAT - LEFT SIDE, OR MOTORCYLE DRIVER",UNKNOWN,NOT TRAPPED,Y,OPERATOR/DRIVER,NON FATAL INJURY - POSSIBLE,MASSACHUSETTS,,,,,,,,,MALE,"FRONT SEAT - LEFT SIDE, OR MOTORCYLE DRIVER",UNKNOWN,NOT TRAPPED,
1/25/17 9:42,Wednesday,BUS SEATS MORE THAN 15 PEOPLE,LIGHT TRUCK,625,MASSACHUSETTS AVENUE,,,"625 MASSACHUSETTS AVENUE
Cambridge, MA
(42.36531795700006, -71.10349757199998)",,,"SIDESWIPE, SAME DIRECTION",SHOULDER - PAVED,COLLISION WITH PARKED MOTOR VEHICLE,DAYLIGHT,CLEAR,,NO CONTROLS,,DRY,NOT AT INTERSECTION,"TWO-WAY, DIVIDED, UNPROTECTED MEDIAN",NO,NO,25,NON INTERSECTION,,,,,,,WESTBOUND,,,,,,,,NONE,,,BUN,MA,BUS SEATS MORE THAN 15 PEOPLE,,,,TRAVELING STRAIGHT AHEAD,2014,COLLISION WITH OTHER MOVABLE OBJECT,XD40,FLYER,1,,COLLISION WITH PARKED MOTOR VEHICLE,COLLISION WITH OTHER MOVABLE OBJECT,,,RIGHT FRONT,,,,WESTBOUND,,BUS SEATS MORE THAN 15 PEOPLE,,,,,,,,,INATTENTION,,,,Y,,,,SHUTTLE,,CON,MA,LIGHT TRUCK,,,,PARKED,2005,COLLISION WITH MOTOR VEHICLE IN TRAFFIC,EXPVAN,CHEVROLET,0,,COLLISION WITH MOTOR VEHICLE IN TRAFFIC,,,,,,,,WESTBOUND,,,,,,,,,,,NO IMPROPER DRIVING,OTHER IMPROPER ACTION,,,,,,,,,OPERATOR/DRIVER,,MASSACHUSETTS,"B, CLASS B VEHICLES",,,,,,,,MALE,"FRONT SEAT - LEFT SIDE, OR MOTORCYLE DRIVER",UNKNOWN,NOT TRAPPED,,UNINVOLVED OWNER,,,,,,,,,,,UNKNOWN,,,,Y
2/7/17 15:59,Tuesday,OTHER,PASSENGER CAR,,GARDEN STREET,,MASON STREET,"GARDEN STREET
Cambridge, MA
(42.38198304900004, -71.12663404399996)",,,"SIDESWIPE, SAME DIRECTION",,,DAYLIGHT,RAIN,,NO CONTROLS,,WET,NOT AT INTERSECTION,"TWO-WAY, NOT DIVIDED",NO,NO,,NON INTERSECTION,,,,,,,NORTHBOUND,,WESTBOUND,,,(METER # GARD-0051),,,NONE,,,MVN,MA,OTHER,,,,TRAVELING STRAIGHT AHEAD,2016,,DASH,PIERCE,2,,COLLISION WITH PARKED MOTOR VEHICLE,,,,RIGHT SIDE,,,,NORTHBOUND,,,,,,,,,,,NO IMPROPER DRIVING,,,,,,,NOT DISTRACTED,,,PAN,MA,PASSENGER CAR,,,,PARKED,2012,,C300,MERZ,0,,COLLISION WITH MOTOR VEHICLE IN TRAFFIC,,,,LEFT REAR,OTHER,,,,,,,,,,,,,,,,,,,,,,,,OPERATOR/DRIVER,,MASSACHUSETTS,,,,,,,,,MALE,,,,,UNINVOLVED OWNER,,,,,,,,,,,FEMALE,,,,
1/25/17 20:45,Wednesday,PASSENGER CAR,PASSENGER CAR,,MASSACHUSETTS AVE,SOMERVILLE AVE,,"MASSACHUSETTS AVE &amp; SOMERVILLE AVE
Cambridge, MA
(42.36679362800004, -71.10600609899996)",,,REAR-END,,,DUSK,CLOUDY,,,YES,UNKNOWN,FOUR WAY INTERSECTION,"TWO-WAY, DIVIDED, UNPROTECTED MEDIAN",NO,,,INTERSECTION,MASSACHUSETTS AVE,,SOMERVILLE AVE,,,,,,,,,,,,,,,PAN,MA,PASSENGER CAR,,,Y,TURNING LEFT,2012,,CIVIC,HONDA,2,,COLLISION WITH MOTOR VEHICLE IN TRAFFIC,,,,,,,,,,,,,,,,,,,,,,,,,,,,,PAN,MA,PASSENGER CAR,,,,TRAVELING STRAIGHT AHEAD,2008,,,INFINITY,,,,,,,,,,,,,,,,,,,,,,,,,,,,,,,,OPERATOR/DRIVER,,MASSACHUSETTS,,,,,,,,,FEMALE,,,,Y,UNINVOLVED OWNER,,,,,,,,,,,FEMALE,,,,Y
2/11/17 15:56,Saturday,PASSENGER CAR,PASSENGER CAR,2,SACRAMENTO STREET,,MASSACHUSETTS AVENUE,"2 SACRAMENTO STREET
Cambridge, MA
(42.38255159500005, -71.11920103099999)",,,"SIDESWIPE, SAME DIRECTION",ROADWAY,COLLISION WITH MOTOR VEHICLE IN TRAFFIC,DAYLIGHT,SNOW,,NO CONTROLS,,SNOW,,,NO,NO,25,NON INTERSECTION,,,,,,,EASTBOUND,50 FEET,WESTBOUND,,,,,,UNKNOWN,,,PAN,MA,PASSENGER CAR,,,Y,PARKED,2016,COLLISION WITH MOTOR VEHICLE IN TRAFFIC,FOCUS,FORD,0,,COLLISION WITH MOTOR VEHICLE IN TRAFFIC,,,,LEFT FRONT,LEFT SIDE,LEFT REAR,,EASTBOUND,,,,,,,,,,,NO IMPROPER DRIVING,,,,,,,,,,PAN,MA,PASSENGER CAR,,,Y,PARKED,2014,COLLISION WITH MOTOR VEHICLE IN TRAFFIC,COROLLA,TOYOTA,0,,COLLISION WITH MOTOR VEHICLE IN TRAFFIC,,,,LEFT SIDE,,,,EASTBOUND,,,,,,,,,,,,,,,,,,,,,UNINVOLVED OWNER,,MASSACHUSETTS,"D, CLASS D VEHICLES",,,,,,,,MALE,,,,Y,UNINVOLVED OWNER,,MASSACHUSETTS,"D, CLASS D VEHICLES",,,,,,,,MALE,,,,Y
2/24/17 12:55,Friday,PASSENGER CAR,LIGHT TRUCK,,PROSPECT ST,,HANPSHIRE ST,"PROSPECT ST
Cambridge, MA
(42.36989816800008, -71.10062438699998)",,,,,,,,,,,,,,,,,NON INTERSECTION,,,,,,,,,,,,,,,,,,PAN,MA,PASSENGER CAR,,,,SLOWING OR STOPPED IN TRAFFIC,2009,COLLISION WITH MOTOR VEHICLE IN TRAFFIC,CIVIC,HOND,1,,COLLISION WITH MOTOR VEHICLE IN TRAFFIC,,,,REAR CENTER,,,,NORTHBOUND,,,,,,,,,,,,,,,,,,,,,PAN,MA,LIGHT TRUCK,,,,TRAVELING STRAIGHT AHEAD,2011,COLLISION WITH MOTOR VEHICLE IN TRAFFIC,RAVR,TOYT,1,,COLLISION WITH MOTOR VEHICLE IN TRAFFIC,,,,CENTER FRONT,,,,NORTHBOUND,,,,,,,,,,,,,,,,,,,,,OPERATOR/DRIVER,NO INJURY,MASSACHUSETTS,"D, CLASS D VEHICLES",,,,,,,,MALE,"FRONT SEAT - LEFT SIDE, OR MOTORCYLE DRIVER",UNKNOWN,NOT TRAPPED,,UNINVOLVED OWNER,,,,,,,,,,,MALE,,,,Y
1/7/17 0:13,Saturday,LIGHT TRUCK,PASSENGER CAR,260,GREEN ST,,,"260 GREEN ST
Cambridge, MA
(42.36433430300008, -71.10353625799996)",,,ANGLE,OUTSIDE ROADWAY,COLLISION WITH PARKED MOTOR VEHICLE,DARK - LIGHTED ROADWAY,CLEAR,,NO CONTROLS,,DRY,NOT AT INTERSECTION,UNKNOWN,NO,NO,,NON INTERSECTION,,,,,,,EASTBOUND,,,,,,,,NONE,,,PASS,NH,LIGHT TRUCK,,,,TURNING RIGHT,2000,COLLISION WITH PARKED MOTOR VEHICLE,CK15903,CHEVY,2,,COLLISION WITH PARKED MOTOR VEHICLE,,,,RIGHT REAR,,,,EASTBOUND,,,,,,,,,,,NO IMPROPER DRIVING,,,,,,,UNKNOWN,,,PAN,MA,PASSENGER CAR,,,,PARKED,2012,,CIVIC,HONDA,0,,,,,,LEFT FRONT,,,,,,,,,,,,,,,,,,,,,,,,,OPERATOR/DRIVER,,NEW HAMPSHIRE,,,,,,,,,MALE,,,,Y,OCCUPANT/PASSENGER,,,,,,,,,,,MALE,,,,
1/10/17 20:25,Tuesday,LIGHT TRUCK,PASSENGER CAR,278,WESTERN AVE,,DODGE STREET,"278 WESTERN AVE
Cambridge, MA
(42.36459727100004, -71.11218170999996)",,,"SIDESWIPE, SAME DIRECTION",,,DUSK,RAIN,,STOP SIGNS,,,NOT AT INTERSECTION,"ONE-WAY, NOT DIVIDED",NO,NO,,NON INTERSECTION,,,,,,,,,NORTHBOUND,,,,,,NONE,,,PAN,MA,LIGHT TRUCK,,,,TRAVELING STRAIGHT AHEAD,2010,,ROGUE,NISSAN,2,,COLLISION WITH MOTOR VEHICLE IN TRAFFIC,,,,RIGHT SIDE,,,,WESTBOUND,,,,,,,,,,,NO IMPROPER DRIVING,,,,,,,NOT DISTRACTED,,,PAN,MA,PASSENGER CAR,,,,OTHER,2012,,COROLLA,TOYOTA,1,,COLLISION WITH MOTOR VEHICLE IN TRAFFIC,,,,LEFT FRONT,OTHER,,,WESTBOUND,,,,,,,,,,,OVER CORRECTING / OVER STEERING,,,,,,,NOT DISTRACTED,,,OPERATOR/DRIVER,,MASSACHUSETTS,,,,,,,,,FEMALE,,,,Y,OPERATOR/DRIVER,,MASSACHUSETTS,,,,,,,,,FEMALE,,,,Y
2/8/17 10:30,Wednesday,SINGLE UNIT TRUCK (2 AXLES - 6 TIRES),,2,CHURCH ST,,,"2 CHURCH ST
Cambridge, MA
(42.374381708000044, -71.11895864399997)",,,SINGLE VEHICLE CRASH,ROADWAY,COLLISION WITH LIGHT POLE OR OTHER POST/SUPPORT,DAYLIGHT,"SLEET, HAIL, FREEZING RAIN OR DRIZZLE","SLEET, HAIL, FREEZING RAIN OR DRIZZLE",NO CONTROLS,NO,ICE,NOT AT INTERSECTION,"TWO-WAY, DIVIDED, UNPROTECTED MEDIAN",NO,NO,25,NON INTERSECTION,,,,,,,EASTBOUND,,,,,,,,ROAD SURFACE CONDITION,UTILITIES,LIGHT POLE,CON,MA,SINGLE UNIT TRUCK (2 AXLES - 6 TIRES),,,,TRAVELING STRAIGHT AHEAD,2016,COLLISION WITH LIGHT POLE OR OTHER POST/SUPPORT,M2,FRHT TRUCK,1,,COLLISION WITH LIGHT POLE OR OTHER POST/SUPPORT,COLLISION WITH LIGHT POLE OR OTHER POST/SUPPORT,COLLISION WITH LIGHT POLE OR OTHER POST/SUPPORT,COLLISION WITH LIGHT POLE OR OTHER POST/SUPPORT,RIGHT REAR,,,,WESTBOUND,NO,OTHER,"LESS THAN OR EQUAL TO 10,000 POUNDS",,,,,,,,NO IMPROPER DRIVING,NO IMPROPER DRIVING,Y,,,,2016,NOT DISTRACTED,,NO,,,,,,,,,,,,,,,,,,,,,,,,,,,,,,,,,,,,,,,,,,,OPERATOR/DRIVER,,MASSACHUSETTS,"B, CLASS B VEHICLES","B, CLASS B VEHICLES",NONE,,,,,,MALE,,,,,UNINVOLVED OWNER,,,,,,,,,,,UNKNOWN,,,,Y
2/28/17 18:10,Tuesday,PASSENGER CAR,,330,MOUNT AUBURN STREET,,,"330 MOUNT AUBURN STREET
Cambridge, MA
(42.374891707000074, -71.13406275099999)",,,UNKNOWN,,,UNKNOWN,UNKNOWN,,,,,,,NO,NO,,NON INTERSECTION,,,,,,,EASTBOUND,,,,,,,,,,,PAN,MA,PASSENGER CAR,,,Y,PARKED,2005,,SENTRA,NISSAN,0,,UNKNOWN MOVABLE OBJECT,,,,LEFT FRONT,,,,,,,,,,,,,,,,,,,,,,,,,,,,,,,,,,,,,,,,,,,,,,,,,,,,,,,,,,,,,,,,,,,UNINVOLVED OWNER,,MASSACHUSETTS,,,,,,,,,FEMALE,,,,Y,,,,,,,,,,,,,,,,
1/5/17 10:20,Thursday,PASSENGER CAR,LIGHT TRUCK,,KINNAIRD ST,,RIVER ST,"KINNAIRD ST
Cambridge, MA
(42.366475207000065, -71.10978698699995)",,,"SIDESWIPE, SAME DIRECTION",ROADWAY,COLLISION WITH PARKED MOTOR VEHICLE,DAYLIGHT,CLEAR,CLOUDY,STOP SIGNS,,DRY,NOT AT INTERSECTION,"TWO-WAY, NOT DIVIDED",NO,NO,,NON INTERSECTION,,,,,,,,,,,,,,,,,,PAN,MA,PASSENGER CAR,,,,TRAVELING STRAIGHT AHEAD,2015,COLLISION WITH PARKED MOTOR VEHICLE,MALIBU,CHEV,1,,COLLISION WITH PARKED MOTOR VEHICLE,,,,RIGHT SIDE,,,,EASTBOUND,,,,,,,,,,,,,,,,,,,,,PAN,MA,LIGHT TRUCK,,,,PARKED,2012,,TIGUAN,VOLK,1,,COLLISION WITH MOTOR VEHICLE IN TRAFFIC,,,,LEFT FRONT,,,,,,,,,,,,,,,,,,,,,,,,,OPERATOR/DRIVER,NO INJURY,MASSACHUSETTS,,,,,,,,,MALE,"FRONT SEAT - LEFT SIDE, OR MOTORCYLE DRIVER",UNKNOWN,NOT TRAPPED,,UNINVOLVED OWNER,,,,,,,,,,,,,,,Y
1/10/17 21:35,Tuesday,PASSENGER CAR,,,WINDSOR ST,LINCOLN,,"WINDSOR ST &amp; LINCOLN
Cambridge, MA
(42.36679362800004, -71.10600609899996)",,,"SIDESWIPE, SAME DIRECTION",ROADSIDE,COLLISION WITH UTILITY POLE,DARK - LIGHTED ROADWAY,RAIN,,STOP SIGNS,,WET,NOT AT INTERSECTION,"ONE-WAY, NOT DIVIDED",NO,NO,,INTERSECTION,WINDSOR ST,,LINCOLN,,,,,,,,,,,,NONE,,,PAN,MA,PASSENGER CAR,,,,TURNING LEFT,2001,COLLISION WITH UTILITY POLE,COROLLA,TOYOTA,2,,COLLISION WITH UTILITY POLE,COLLISION WITH TREE,,,LEFT FRONT,LEFT SIDE,CENTER FRONT,Y,,,,,,,,,,,,"OPERATING VEHICLE IN ERRATIC, RECKLESS, CARELESS,","DISREGARDED TRAFFIC SIGNS, SIGNALS, ROAD MARKINGS",,,,,,NOT DISTRACTED,,YES VEHICLE OR TRAILER DISABLED,,,,,,,,,,,,,,,,,,,,,,,,,,,,,,,,,,,,,,,,,,,OPERATOR/DRIVER,NON FATAL INJURY - POSSIBLE,MASSACHUSETTS,,,,,,,,,MALE,"FRONT SEAT - LEFT SIDE, OR MOTORCYLE DRIVER",NONE USED - VEHICLE OCCUPANT,NOT TRAPPED,,UNINVOLVED OWNER,,,,,,,,,,,FEMALE,,,,Y
2/17/17 10:55,Friday,LIGHT TRUCK,LIGHT TRUCK,,BISHOP ALLEN DR,,OPP AUSTIN PK,"BISHOP ALLEN DR
Cambridge, MA
(42.365357052000036, -71.10151208899998)",,,"SIDESWIPE, SAME DIRECTION",ROADWAY,COLLISION WITH MOTOR VEHICLE IN TRAFFIC,DAYLIGHT,CLEAR,,NO CONTROLS,,DRY,NOT AT INTERSECTION,"ONE-WAY, NOT DIVIDED",NO,NO,,NON INTERSECTION,,,,,,,,,,,,,,,,,,PAN,MA,LIGHT TRUCK,,,,BACKING,2014,COLLISION WITH MOTOR VEHICLE IN TRAFFIC,COMP,JEEP,1,,COLLISION WITH MOTOR VEHICLE IN TRAFFIC,,,,RIGHT SIDE,,,,,,,,,,,,,,,,,,,,,,,,,CON,MA,LIGHT TRUCK,,,Y,TRAVELING STRAIGHT AHEAD,1999,,NQR,ISU,,,COLLISION WITH MOTOR VEHICLE IN TRAFFIC,,,,UNKNOWN,,,,,,,,,,,,,,,,,,,,,,,,,OPERATOR/DRIVER,,MASSACHUSETTS,,,,,,,,,MALE,,,,Y,UNINVOLVED OWNER,,,,,,,,,,,MALE,,,,Y
2/2/17 8:45,Thursday,LIGHT TRUCK,SINGLE UNIT TRUCK (2 AXLES - 6 TIRES),,WINDSOR ST,,HARWELL DR,"WINDSOR ST
Cambridge, MA
(42.365125834000025, -71.09614721399998)",,,"SIDESWIPE, SAME DIRECTION",ROADWAY,COLLISION WITH MOTOR VEHICLE IN TRAFFIC,DAYLIGHT,CLEAR,,NO CONTROLS,,DRY,NOT AT INTERSECTION,"ONE-WAY, NOT DIVIDED",NO,NO,,NON INTERSECTION,,,,,,,,,,,,,,,,,,PAN,MA,LIGHT TRUCK,,,,TRAVELING STRAIGHT AHEAD,2007,COLLISION WITH MOTOR VEHICLE IN TRAFFIC,ODYSEE,HOND,2,,COLLISION WITH MOTOR VEHICLE IN TRAFFIC,,,,RIGHT FRONT,RIGHT SIDE,RIGHT REAR,,SOUTHBOUND,,,,,,,,,,,OTHER IMPROPER ACTION,,,,,,,,,,MVN,MA,SINGLE UNIT TRUCK (2 AXLES - 6 TIRES),,,,SLOWING OR STOPPED IN TRAFFIC,2015,COLLISION WITH MOTOR VEHICLE IN TRAFFIC,M2,FRHT,1,,COLLISION WITH MOTOR VEHICLE IN TRAFFIC,,,,NONE,,,,SOUTHBOUND,,GARBAGE TRUCK,"MORE THAN 26,000 POUNDS",,,,,,,,NO IMPROPER DRIVING,,Y,,,,,,,,OPERATOR/DRIVER,NO INJURY,MASSACHUSETTS,,,,,,,,,FEMALE,"FRONT SEAT - LEFT SIDE, OR MOTORCYLE DRIVER",UNKNOWN,NOT TRAPPED,,UNINVOLVED OWNER,,,,,,,,,,,MALE,,,,Y