Date Time,Day of Week,Object 1,Object 2,Street Number,Street Name,Cross Street,Near Street,Location,May involve cyclist,May Involve Pedestrian,Manner of Collision,First Harmful Event Location,First Harmful Event,Ambient Light,Weather Condition 1,Weather Condition 2,Traffic Control Device Type,Traffic Control Device Functionality,Road Surface Condition,Roadway Junction Type,Trafficway Description,School Bus Related,Work Zone,Speed Limit,Street or Intersection,Intersection Name 1,Intersection Direction 1,Intersection Name 2,Intersection Direction 2,Intersection Name 3,Intersection Direction 3,Street Direction,Nearest Intersection Distance,Nearest Intersection Direction,Landmark Distance,Landmark Direction,Landmark,Mile Marker Direction,Non Public Area,Road Contributing,Damaged Property Type,Description of Damaged Property,V1 Registration Type,v1 State Code,V1 Configuration,V1 Emergency Response,V1 Moped,V1 Hit and Run,V1 Action Prior to Crash,V1 Model Year,V1 Most Harmful Event,V1 Model,V1 Make,V1 Occupant Count,V1 Underride Override,V1 First Event,V1 Second Event,V1 Third Event,V1 Fourth Event,V1 Most Damaged Area,V1 Second Damaged Area,V1 Third Damaged Area,V1 Towed,V1 Travel Direction,V1 Interstate,V1 Cargo Body Type,V1 Gross Weight,V1 Haz Placard,V1 Haz Release,V1 Trailer Reg Type,V1 Trailer Reg Plate,V1 Trailer Reg State,V1 Trailer Reg Year,V1 Trailer Len,V1 Driver Contribution,V1 Driver Contribution 2,V1 Is Truck,V1 Has Trailer,V1 Is Bus,V1 Is Hazmat,V1 Reg Year,V1 Driver Distracted,V1 Bus Use,V1 Tow Use,V2 Registration Type,V2 State Code,V2 Configuration,V2 Emergency Response,V2 Moped,V2 Hit and Run,V2 Action Prior to Crash,V2 Model Year,V2 Most Harmful Event,V2 Model,V2 Make,V2 Occupant Count,V2 Underride Override,V2 First Event,V2 Second Event,V2 Third Event,V2 Fourth Event,V2 Most Damaged Area,V2 Second Damaged Area,V2 Third Damaged Area,V2 Towed,V2 Travel Direction,V2 Interstate,V2 Cargo Body Type,V2 Gross Weight,V2 Haz Placard,V2 Haz Release,V2 Trailer Reg Type,V2 Trailer Reg Plate,V2 Trailer Reg State,V2 Trailer Reg Year,V2 Trailer Len,V2 Driver Contribution,V2 Driver Contribution 2,V2 Is Truck,V2 Has Trailer,V2 Is Bus,V2 Is Hazmat,V2 Reg Year,V2 Driver Distracted,V2 Bus Use,V2 Tow Use,P1 Role,P1 Injury,P1 Drivers Lic State,P1 Drivers Lic Class 1,P1 Drivers Lic Class 2,P1 Drivers Lic Restrict,P1 Non Motorist Desc,P1 Non Motorist Action,P1 Non Motorist Location,P1 Safety Equipment,P1 Age,P1 Sex,P1 Seat Position,P1 Safety System,P1 Trapped,P1 Veh Owner,P2 Role,P2 Injury,P2 Drivers Lic State,P2 Drivers Lic Class 1,P2 Drivers Lic Class 2,P2 Drivers Lic Restrict,P2 Non Motorist Desc,P2 Non Motorist Action,P2 Non Motorist Location,P2 Safety Equipment,P2 Age,P2 Sex,P2 Seat Position,P2 Safety System,P2 Trapped,P2 Veh Owner
6/21/17 12:12,Wednesday,PASSENGER CAR,,806,MASS AVE,,INMAN STREET,"806 MASS AVE
Cambridge, MA
(42.36688994100007, -71.10623931399994)",1,,ANGLE,ROADWAY,COLLISION WITH PEDALCYCLE,DAYLIGHT,CLEAR,,TRAFFIC CONTROL SIGNAL,YES,DRY,NOT AT INTERSECTION,"TWO-WAY, DIVIDED, UNPROTECTED MEDIAN",NO,NO,25,NON INTERSECTION,,,,,,,SOUTHBOUND,,EASTBOUND,,,OPPOSITE CITY HALL,,,NONE,,,PAN,MA,PASSENGER CAR,,,,SLOWING OR STOPPED IN TRAFFIC,2017,COLLISION WITH PEDALCYCLE,CAMRY,TOYOTA,2,,COLLISION WITH PEDALCYCLE,,,,RIGHT SIDE,,,,SOUTHBOUND,,,,,,,,,,,NO IMPROPER DRIVING,,,,,,,PASSENGER,,,,,,,,,,,,,,,,,,,,,,,,,,,,,,,,,,,,,,,,,,,,,OPERATOR/DRIVER,NO INJURY,MASSACHUSETTS,"D, CLASS D VEHICLES",,NONE,,,,,,FEMALE,,,,Y,OCCUPANT/PASSENGER,NO INJURY,CALIFORNIA,"C, CLASS C VEHICLES",,,,,,,,FEMALE,SECOND SEAT - RIGHT SIDE,SHOULDER AND LAP BELT USED,NOT TRAPPED,
5/25/17 20:57,Thursday,PASSENGER CAR,LIGHT TRUCK,,MAIN ST.,AMES ST.,,"MAIN ST. &amp; AMES ST.
Cambridge, MA
(42.36189374700007, -71.08146770699994)",,,"SIDESWIPE, SAME DIRECTION",ROADWAY,COLLISION WITH MOTOR VEHICLE IN TRAFFIC,DAYLIGHT,RAIN,CLOUDY,TRAFFIC CONTROL SIGNAL,YES,WET,FOUR WAY INTERSECTION,"TWO-WAY, DIVIDED, UNPROTECTED MEDIAN",NO,NO,25,INTERSECTION,MAIN ST.,SOUTHBOUND,AMES ST.,EASTBOUND,,,,,,,,,,,NONE,,,PAN,MA,PASSENGER CAR,,,,TURNING RIGHT,2015,COLLISION WITH MOTOR VEHICLE IN TRAFFIC,CIVIC,HONDA,2,,COLLISION WITH MOTOR VEHICLE IN TRAFFIC,,,,LEFT SIDE,,,,SOUTHBOUND,,,,,,,,,,,UNKNOWN,,,,,,,NOT DISTRACTED,,NO,PAN,MA,LIGHT TRUCK,,,Y,OVERTAKING / PASSING,2003,COLLISION WITH MOTOR VEHICLE IN TRAFFIC,EXPLORER,FORD,1,,COLLISION WITH MOTOR VEHICLE IN TRAFFIC,,,,RIGHT FRONT,,,,SOUTHBOUND,,,,,,,,,,,FAILED TO YIELD THE RIGHT OF WAY,,,,,,,UNKNOWN,,NO,OPERATOR/DRIVER,NO INJURY,MASSACHUSETTS,"D, CLASS D VEHICLES",,NONE,,,,,,MALE,"FRONT SEAT - LEFT SIDE, OR MOTORCYLE DRIVER",SHOULDER AND LAP BELT USED,NOT TRAPPED,Y,OCCUPANT/PASSENGER,NO INJURY,,UNKNOWN,,UNKNOWN,,,,,,FEMALE,FRONT SEAT - RIGHT SIDE,SHOULDER AND LAP BELT USED,NOT TRAPPED,
5/24/17 9:17,Wednesday,PASSENGER CAR,,1790,MASS AVE,,,"1790 MASS AVE
Cambridge, MA
(42.38595212700005, -71.11928843899994)",1,,"SIDESWIPE, SAME DIRECTION",UNKNOWN,COLLISION WITH PEDALCYCLE,DAYLIGHT,CLEAR,CLOUDY,NO CONTROLS,,DRY,NOT AT INTERSECTION,"TWO-WAY, DIVIDED, UNPROTECTED MEDIAN",NO,NO,25,NON INTERSECTION,,,,,,,SOUTHBOUND,,,,,,,,NONE,,,PAN,MA,PASSENGER CAR,,,,TRAVELING STRAIGHT AHEAD,2014,COLLISION WITH PEDALCYCLE,JETTA,VOLSWAGON,1,,COLLISION WITH PEDALCYCLE,,,,NONE,NONE,NONE,,SOUTHBOUND,,,,,,,,,,,OTHER IMPROPER ACTION,,,,,,,NOT DISTRACTED,,,,,,,,,,,,,,,,,,,,,,,,,,,,,,,,,,,,,,,,,,,,,NON-MOTORIST,NON FATAL INJURY - NON INCAPACITATING,MASSACHUSETTS,,,,CYCLIST,"WALKING, RUNNING OR CYCLING",IN ROADWAY,HELMET,,MALE,,,,,OPERATOR/DRIVER,NO INJURY,MASSACHUSETTS,"D, CLASS D VEHICLES",,NONE,,,,,,MALE,"FRONT SEAT - LEFT SIDE, OR MOTORCYLE DRIVER",SHOULDER AND LAP BELT USED,NOT TRAPPED,Y
4/13/17 19:21,Thursday,LIGHT TRUCK,LIGHT TRUCK,1432,MASSACHUSETTS AVENUE,,CHURCH STREET,"1432 MASSACHUSETTS AVENUE
Cambridge, MA
(42.37383213900006, -71.11893612499995)",,,REAR-END,ROADWAY,COLLISION WITH MOTOR VEHICLE IN TRAFFIC,DAYLIGHT,CLEAR,,NO CONTROLS,YES,DRY,NOT AT INTERSECTION,"TWO-WAY, DIVIDED, UNPROTECTED MEDIAN",NO,NO,25,NON INTERSECTION,,,,,,,NORTHBOUND,,,,,,,,NONE,,,PAN,MA,LIGHT TRUCK,,,Y,SLOWING OR STOPPED IN TRAFFIC,2011,COLLISION WITH MOTOR VEHICLE IN TRAFFIC,F150,FORD,1,,COLLISION WITH MOTOR VEHICLE IN TRAFFIC,,,,LEFT REAR,,,,NORTHBOUND,,,,,,,,,,,NO IMPROPER DRIVING,,,,,,,NOT DISTRACTED,,,PAN,MA,LIGHT TRUCK,,,Y,TRAVELING STRAIGHT AHEAD,2006,COLLISION WITH MOTOR VEHICLE IN TRAFFIC,XC90,VOLVO,1,,COLLISION WITH MOTOR VEHICLE IN TRAFFIC,,,,NONE,,,,NORTHBOUND,,,,,,,,,,,FOLLOWED TO CLOSELY,"OPERATING VEHICLE IN ERRATIC, RECKLESS, CARELESS,",,,,,,UNKNOWN,,,OPERATOR/DRIVER,NO INJURY,MASSACHUSETTS,"D, CLASS D VEHICLES",,UNKNOWN,,,,,,MALE,"FRONT SEAT - LEFT SIDE, OR MOTORCYLE DRIVER",UNKNOWN,NOT TRAPPED,Y,OPERATOR/DRIVER,UNKNOWN,,UNKNOWN,,UNKNOWN,,,,,,MALE,,,,
6/15/17 8:30,Thursday,LIGHT TRUCK,,,NORTHPPOINT BLVD,EAST ST,,"NORTHPPOINT BLVD &amp; EAST ST
Cambridge, MA
(42.37090797700006, -71.07232895399994)",1,,"SIDESWIPE, SAME DIRECTION",ROADWAY,COLLISION WITH PARKED MOTOR VEHICLE,DAYLIGHT,CLEAR,,STOP SIGNS,YES,DRY,T-INTERSECTION,"TWO-WAY, NOT DIVIDED",NO,NO,25,INTERSECTION,NORTHPPOINT BLVD,,EAST ST,,,,,,,,,,,,NONE,,,PAN,MA,LIGHT TRUCK,,,Y,PARKED,2016,COLLISION WITH PEDALCYCLE,F150,FORD,,,COLLISION WITH PEDALCYCLE,,,,LEFT SIDE,,,,,,,,,,,,,,,,,,,,,,,,,,,,,,,,,,,,,,,,,,,,,,,,,,,,,,,,,,,,,,,,,,,UNINVOLVED OWNER,,,,,,,,,,,MALE,,,,Y,,,,,,,,,,,,,,,,
5/21/17 18:00,Sunday,PASSENGER CAR,PASSENGER CAR,,MASSACHUSETTS AVE,WINDSOR,,"MASSACHUSETTS AVE &amp; WINDSOR
Cambridge, MA
(42.37376110900004, -71.11885805499998)",,,ANGLE,ROADWAY,COLLISION WITH MOTOR VEHICLE IN TRAFFIC,DAYLIGHT,CLEAR,,STOP SIGNS,YES,DRY,T-INTERSECTION,"TWO-WAY, NOT DIVIDED",NO,NO,25,INTERSECTION,MASSACHUSETTS AVE,WESTBOUND,WINDSOR,SOUTHBOUND,,,,,,,,,,,NONE,,,PAN,MA,PASSENGER CAR,,,,TURNING LEFT,2008,COLLISION WITH MOTOR VEHICLE IN TRAFFIC,SUV,HONDA,1,,COLLISION WITH MOTOR VEHICLE IN TRAFFIC,COLLISION WITH MOTOR VEHICLE IN TRAFFIC,,,RIGHT FRONT,CENTER FRONT,LEFT FRONT,,SOUTHBOUND,,,,,,,,,,,UNKNOWN,UNKNOWN,,,,,,UNKNOWN,,NO,PAN,MA,PASSENGER CAR,,,,TRAVELING STRAIGHT AHEAD,2013,COLLISION WITH MOTOR VEHICLE IN TRAFFIC,SEDAN,TOYT,1,,COLLISION WITH MOTOR VEHICLE IN TRAFFIC,,,,RIGHT FRONT,CENTER FRONT,,,WESTBOUND,,,,,,,,,,,NO IMPROPER DRIVING,,,,,,,UNKNOWN,,NO,OPERATOR/DRIVER,NO INJURY,MASSACHUSETTS,"D, CLASS D VEHICLES",,NONE,,,,,,MALE,"FRONT SEAT - LEFT SIDE, OR MOTORCYLE DRIVER",UNKNOWN,NOT TRAPPED,,OPERATOR/DRIVER,NO INJURY,MASSACHUSETTS,"D, CLASS D VEHICLES",,OTHER,,,,,,FEMALE,"FRONT SEAT - LEFT SIDE, OR MOTORCYLE DRIVER",UNKNOWN,NOT TRAPPED,Y
5/5/17 17:36,Friday,PASSENGER CAR,PASSENGER CAR,,VASSAR STREET,,AMESBURY STREET,"VASSAR STREET
Cambridge, MA
(42.35813407300003, -71.09889230499994)",,,ANGLE,ROADWAY,COLLISION WITH MOTOR VEHICLE IN TRAFFIC,DAYLIGHT,RAIN,,NO CONTROLS,NO,WET,T-INTERSECTION,"TWO-WAY, NOT DIVIDED",NO,NO,25,NON INTERSECTION,,,,,,,WESTBOUND,,SOUTHBOUND,,,MIT POLICE DEPARTMENT,,,NONE,,,PAN,MA,PASSENGER CAR,,,,TRAVELING STRAIGHT AHEAD,2002,COLLISION WITH MOTOR VEHICLE IN TRAFFIC,PROTEGE,MAZDA,1,,COLLISION WITH MOTOR VEHICLE IN TRAFFIC,,,,RIGHT FRONT,OTHER,,,EASTBOUND,,,,,,,,,,,NO IMPROPER DRIVING,,,,,,,NOT DISTRACTED,,YES VEHICLE OR TRAILER DISABLED,PAN,MA,PASSENGER CAR,,,,TURNING LEFT,2016,COLLISION WITH MOTOR VEHICLE IN TRAFFIC,PRIUS,TOYOTA,1,,COLLISION WITH MOTOR VEHICLE IN TRAFFIC,,,,RIGHT FRONT,OTHER,,,WESTBOUND,,,,,,,,,,,FAILED TO YIELD THE RIGHT OF WAY,,,,,,,UNKNOWN,,YES VEHICLE OR TRAILER DISABLED,OPERATOR/DRIVER,NO INJURY,MASSACHUSETTS,"D, CLASS D VEHICLES",,NONE,,,,,,MALE,,,,Y,OPERATOR/DRIVER,NO INJURY,MASSACHUSETTS,"D, CLASS D VEHICLES",,NONE,,,,,,FEMALE,,,,Y
4/17/17 17:23,Monday,LIGHT TRUCK,OTHER,100,CAMBRIDGESIDE PLACE,,,"100 CAMBRIDGESIDE PLACE
Cambridge, MA
(42.367019232000075, -71.07601559399995)",,,"SIDESWIPE, SAME DIRECTION",UNKNOWN,COLLISION WITH PARKED MOTOR VEHICLE,DAYLIGHT,CLEAR,,NO CONTROLS,,DRY,NOT AT INTERSECTION,UNKNOWN,NO,NO,10,NON INTERSECTION,,,,,,,NORTHBOUND,,,,,CAMBRIDGESIDE GALLERIA MALL,,,NONE,,,PAN,MA,LIGHT TRUCK,,,,PARKED,2013,UNKNOWN,RX350,LEXUS RX350,,,COLLISION WITH MOTOR VEHICLE IN TRAFFIC,,,,RIGHT FRONT,CENTER FRONT,LEFT FRONT,,,,,,,,,,,,,,,,,,,,,,NO,UNKNOWN,,OTHER,,,Y,UNKNOWN,,COLLISION WITH PARKED MOTOR VEHICLE,UNKNOWN,UNKNOWN,,,COLLISION WITH PARKED MOTOR VEHICLE,,,,UNKNOWN,,,,NORTHBOUND,,,,,,,,,,,"OPERATING VEHICLE IN ERRATIC, RECKLESS, CARELESS,",,,,,,,UNKNOWN,,NO,UNINVOLVED OWNER,,MASSACHUSETTS,"D, CLASS D VEHICLES",,UNKNOWN,,,,,,FEMALE,,,,Y,,,,,,,,,,,,,,,,
5/25/17 9:41,Thursday,PASSENGER CAR,,400,THIRD STREET,,,"400 THIRD STREET
Cambridge, MA
(42.36270928700003, -71.08421388399995)",1,,"SIDESWIPE, SAME DIRECTION",ROADWAY,COLLISION WITH PEDALCYCLE,DAYLIGHT,CLOUDY,,NO CONTROLS,YES,WET,NOT AT INTERSECTION,"TWO-WAY, NOT DIVIDED",NO,NO,25,NON INTERSECTION,,,,,,,NORTHBOUND,,,,,,,,NONE,,,PAN,MA,PASSENGER CAR,,,Y,PARKED,2017,COLLISION WITH PEDALCYCLE,CAMRY,TOYOTA,3,,COLLISION WITH PEDALCYCLE,,,,LEFT SIDE,,,,NORTHBOUND,,,,,,,,,,,UNKNOWN,,,,,,,UNKNOWN,,,,,,,,,,,,,,,,,,,,,,,,,,,,,,,,,,,,,,,,,,,,,NON-MOTORIST,NON FATAL INJURY - NON INCAPACITATING,,,,,CYCLIST,"WALKING, RUNNING OR CYCLING",SHARED-USE PATH OR TRAILS,HELMET,,MALE,,,,,UNINVOLVED OWNER,,,,,,,,,,,MALE,,,,Y
4/14/17 2:24,Friday,PASSENGER CAR,TRUCK TRAILER,,BROADWAY,QUINCY ST,,"BROADWAY &amp; QUINCY ST
Cambridge, MA
(42.364701998000044, -71.08905975299996)",,,SINGLE VEHICLE CRASH,OUTSIDE ROADWAY,COLLISION WITH CURB,DARK - LIGHTED ROADWAY,CLEAR,,TRAFFIC CONTROL SIGNAL,YES,DRY,Y-INTERSECTION,"TWO-WAY, DIVIDED, UNPROTECTED MEDIAN",NO,NO,25,INTERSECTION,BROADWAY,,QUINCY ST,,,,,,,,,,,,NONE,MUNICIPAL,CITY OWNED SIGN 'CREMINS SQUARE',PAV,MA,PASSENGER CAR,,,,TURNING RIGHT,2012,COLLISION WITH PARKED MOTOR VEHICLE,S5,AUDI,1,,COLLISION WITH CURB,COLLISION WITH LIGHT POLE OR OTHER POST/SUPPORT,COLLISION WITH TREE,COLLISION WITH PARKED MOTOR VEHICLE,RIGHT FRONT,CENTER FRONT,LEFT FRONT,Y,UNKNOWN,,,,,,,,,,,OVER CORRECTING / OVER STEERING,PHYSICAL IMPAIRMENT,,,,,,NOT DISTRACTED,,YES VEHICLE OR TRAILER DISABLED,MVN,MA,TRUCK TRAILER,,,,PARKED,2011,COLLISION WITH PARKED MOTOR VEHICLE,UTILIT,UNRUH,0,,COLLISION WITH PARKED MOTOR VEHICLE,,,,LEFT SIDE,LEFT REAR,,,,,,,,,MVN,MF6448,MASSACHUSETTS,2011,28 FEET,NO IMPROPER DRIVING,,,Y,,,,NOT DISTRACTED,,,OPERATOR/DRIVER,NO INJURY,MASSACHUSETTS,"D, CLASS D VEHICLES",,NONE,,,,,,MALE,"FRONT SEAT - LEFT SIDE, OR MOTORCYLE DRIVER",UNKNOWN,NOT TRAPPED,Y,UNINVOLVED OWNER,,,,,,,,,,,UNKNOWN,,,,Y
6/16/17 7:54,Friday,PASSENGER CAR,LIGHT TRUCK,,ALEWIFE BROOK PWK,,,"170R ALEWIFE BROOK PWK
Cambridge, MA
(42.390232594000054, -71.14190460799995)",,,ANGLE,OUTSIDE ROADWAY,COLLISION WITH MOTOR VEHICLE IN TRAFFIC,DAYLIGHT,CLEAR,CLEAR,NO CONTROLS,,DRY,NOT AT INTERSECTION,"TWO-WAY, NOT DIVIDED",NO,NO,10,NON INTERSECTION,,,,,,,NORTHBOUND,,,,,,,,UNKNOWN,,,PAN,MA,PASSENGER CAR,,,,TRAVELING STRAIGHT AHEAD,2005,COLLISION WITH MOTOR VEHICLE IN TRAFFIC,COBOLT,CHEVY,1,,COLLISION WITH PARKED MOTOR VEHICLE,COLLISION WITH MOTOR VEHICLE IN TRAFFIC,COLLISION WITH MOTOR VEHICLE IN TRAFFIC,COLLISION WITH MOTOR VEHICLE IN TRAFFIC,RIGHT FRONT,,,,NORTHBOUND,,,,,,,,,,,NO IMPROPER DRIVING,NO IMPROPER DRIVING,,,,,,NOT DISTRACTED,,NO,PAN,MA,LIGHT TRUCK,,,,BACKING,2010,COLLISION WITH MOTOR VEHICLE IN TRAFFIC,RX350,LEXUS,1,,COLLISION WITH MOTOR VEHICLE IN TRAFFIC,COLLISION WITH MOTOR VEHICLE IN TRAFFIC,COLLISION WITH MOTOR VEHICLE IN TRAFFIC,COLLISION WITH MOTOR VEHICLE IN TRAFFIC,RIGHT REAR,REAR CENTER,LEFT REAR,,NORTHBOUND,,,,,,,,,,,"OPERATING VEHICLE IN ERRATIC, RECKLESS, CARELESS,","OPERATING VEHICLE IN ERRATIC, RECKLESS, CARELESS,",,,,,,OTHER ACTIVITY,,YES VEHICLE OR TRAILER DISABLED,OPERATOR/DRIVER,NO INJURY,MASSACHUSETTS,"D, CLASS D VEHICLES",,NONE,,,,,22,FEMALE,UNKNOWN,UNKNOWN,NOT TRAPPED,,OPERATOR/DRIVER,NO INJURY,TEXAS,"C, CLASS C VEHICLES",,NONE,,,,,30,FEMALE,UNKNOWN,UNKNOWN,NOT TRAPPED,Y
4/5/17 19:39,Wednesday,PASSENGER CAR,,,ATHENAEUM STREET,WEST KENDALL,,"ATHENAEUM STREET &amp; WEST KENDALL
Cambridge, MA
(42.364157033000026, -71.08083083399998)",,1,SINGLE VEHICLE CRASH,ROADWAY,COLLISION WITH PEDESTRIAN,DAYLIGHT,CLEAR,,NO CONTROLS,NO,DRY,T-INTERSECTION,"ONE-WAY, NOT DIVIDED",NO,NO,25,INTERSECTION,ATHENAEUM STREET,WESTBOUND,WEST KENDALL,NORTHBOUND,,,,,,,,,,,NONE,,,PAN,MA,PASSENGER CAR,,,,TRAVELING STRAIGHT AHEAD,2016,COLLISION WITH PEDESTRIAN,GLC,MERCEDES,1,,COLLISION WITH PEDESTRIAN,,,,NONE,,,,WESTBOUND,,,,,,,,,,,"OPERATING VEHICLE IN ERRATIC, RECKLESS, CARELESS,",,,,,,,UNKNOWN,,,,,,,,,,,,,,,,,,,,,,,,,,,,,,,,,,,,,,,,,,,,,NON-MOTORIST,NON FATAL INJURY - NON INCAPACITATING,MASSACHUSETTS,,,,PEDESTRIAN,ENTERING OR CROSSING SPECIFIED LOCATION,MARKED CROSSWALK AT INTERSECTION,,,FEMALE,,,,,OPERATOR/DRIVER,NO INJURY,MASSACHUSETTS,"D, CLASS D VEHICLES",,UNKNOWN,,,,,,FEMALE,"FRONT SEAT - LEFT SIDE, OR MOTORCYLE DRIVER",UNKNOWN,NOT TRAPPED,Y
6/17/17 14:30,Saturday,TRACTOR / SEMI-TRIALER,,,MASSACHUSETTS AV,VASSAR ST,,"MASSACHUSETTS AV &amp; VASSAR ST
Cambridge, MA
(42.37376110900004, -71.11885805499998)",1,,"SIDESWIPE, SAME DIRECTION",ROADWAY,COLLISION WITH PEDALCYCLE,DAYLIGHT,CLEAR,CLEAR,TRAFFIC CONTROL SIGNAL,YES,DRY,FOUR WAY INTERSECTION,"TWO-WAY, NOT DIVIDED",NO,NO,25,INTERSECTION,MASSACHUSETTS AV,EASTBOUND,VASSAR ST,SOUTHBOUND,,,,,,,,,,,TRAFFIC CONTROL DEVICE,,MARIN BIKE COLOR SILVER,APPORTIONED,MA,TRACTOR / SEMI-TRIALER,,,Y,TURNING RIGHT,2008,COLLISION WITH PEDALCYCLE,UNKNOWN,FRGHT,1,,COLLISION WITH PEDALCYCLE,COLLISION WITH PEDALCYCLE,COLLISION WITH PEDALCYCLE,COLLISION WITH PEDALCYCLE,NONE,,,,SOUTHBOUND,,,,,,APPORTIONED,76465,,UNK,,UNKNOWN,UNKNOWN,Y,,,,,UNKNOWN,,,,,,,,,,,,,,,,,,,,,,,,,,,,,,,,,,,,,,,,,,,,,NON-MOTORIST,NO INJURY,,,,,,,,,,FEMALE,,,,,UNINVOLVED OWNER,,,,,,,,,,,UNKNOWN,,,,Y
5/12/17 0:30,Friday,LIGHT TRUCK,LIGHT TRUCK,282,MASSACHUSETTS AVE,,LANDSDOWNE ST,"282 MASSACHUSETTS AVE
Cambridge, MA
(42.36201490500008, -71.09805874799997)",,,ANGLE,ROADWAY,COLLISION WITH PARKED MOTOR VEHICLE,DARK - LIGHTED ROADWAY,CLEAR,,NO CONTROLS,,DRY,NOT AT INTERSECTION,"TWO-WAY, DIVIDED, UNPROTECTED MEDIAN",NO,NO,25,NON INTERSECTION,,,,,,,SOUTHBOUND,,,,,,,,NONE,,,PAN,MA,LIGHT TRUCK,,,Y,PARKED,2009,COLLISION WITH PARKED MOTOR VEHICLE,HIGHLANDER,TOYOTA,0,,COLLISION WITH PARKED MOTOR VEHICLE,,,,LEFT REAR,,,,SOUTHBOUND,,,,,,,,,,,,,,,,,,,,,,CT,LIGHT TRUCK,,,,UNKNOWN,2016,COLLISION WITH PARKED MOTOR VEHICLE,COMPASS,JEEP,,,COLLISION WITH PARKED MOTOR VEHICLE,,,,UNKNOWN,,,,SOUTHBOUND,,,,,,,,,,,UNKNOWN,,,,,,,UNKNOWN,,,UNINVOLVED OWNER,,MASSACHUSETTS,"D, CLASS D VEHICLES",,,,,,,,MALE,,,,,UNINVOLVED OWNER,,,,,,,,,,,,,,,Y
5/5/17 19:59,Friday,PASSENGER CAR,PASSENGER CAR,74,MOUNT AUBURN STREET,,,"74 MOUNT AUBURN STREET
Cambridge, MA
(42.37181852400005, -71.11829272999995)",,,"SIDESWIPE, SAME DIRECTION",ROADWAY,COLLISION WITH MOTOR VEHICLE IN TRAFFIC,DAYLIGHT,RAIN,UNKNOWN,TRAFFIC CONTROL SIGNAL,YES,WET,NOT AT INTERSECTION,"ONE-WAY, NOT DIVIDED",NO,NO,25,NON INTERSECTION,MOUNT AUBURN STREET,EASTBOUND,JFK STREET,EASTBOUND,DUNSTER STREET,EASTBOUND,EASTBOUND,,,,,,,,NONE,,,PAN,MA,PASSENGER CAR,,,,CHANGING LANES,2012,COLLISION WITH MOTOR VEHICLE IN TRAFFIC,TL,ACURA,1,,OTHER,COLLISION WITH MOTOR VEHICLE IN TRAFFIC,,,RIGHT FRONT,,,,EASTBOUND,,,,,,,,,,,UNKNOWN,,,,,,,NOT DISTRACTED,,,PAN,MA,PASSENGER CAR,,,Y,OVERTAKING / PASSING,2015,COLLISION WITH MOTOR VEHICLE IN TRAFFIC,COROLLA,TOYOTA,2,,COLLISION WITH MOTOR VEHICLE IN TRAFFIC,,,,LEFT REAR,LEFT SIDE,LEFT FRONT,,EASTBOUND,,,,,,,,,,,"OPERATING VEHICLE IN ERRATIC, RECKLESS, CARELESS,",UNKNOWN,,,,,,UNKNOWN,,,OPERATOR/DRIVER,NO INJURY,MASSACHUSETTS,"D, CLASS D VEHICLES",,NONE,,,,,,MALE,"FRONT SEAT - LEFT SIDE, OR MOTORCYLE DRIVER",UNKNOWN,,Y,OPERATOR/DRIVER,NO INJURY,MASSACHUSETTS,"D, CLASS D VEHICLES",,NONE,,,,,,MALE,UNKNOWN,UNKNOWN,,Y
4/18/17 20:00,Tuesday,PASSENGER CAR,,1,WHITE STREET,,,"1 WHITE STREET
Cambridge, MA
(42.38866499400007, -71.11899513399999)",1,1,SINGLE VEHICLE CRASH,ROADWAY,COLLISION WITH PEDESTRIAN,DARK - LIGHTED ROADWAY,CLEAR,,NO CONTROLS,,DRY,NOT AT INTERSECTION,"TWO-WAY, NOT DIVIDED",NO,NO,0,NON INTERSECTION,WHITE STREET,,MASS AVE,,,,WESTBOUND,,,,,,,MALL/SHOPPING CENTER,UNKNOWN,,,PAN,MA,PASSENGER CAR,,,,TURNING LEFT,2016,COLLISION WITH MOTOR VEHICLE IN TRAFFIC,COOPER,MINNI,1,,COLLISION WITH PEDESTRIAN,,,,UNKNOWN,,,,UNKNOWN,,,,,,,,,,,UNKNOWN,UNKNOWN,,,,,,UNKNOWN,,,,,,,,,,,,,,,,,,,,,,,,,,,,,,,,,,,,,,,,,,,,,OPERATOR/DRIVER,NO INJURY,MASSACHUSETTS,"D, CLASS D VEHICLES",,CORRECTIVE LENSES,,,,,,FEMALE,"FRONT SEAT - LEFT SIDE, OR MOTORCYLE DRIVER",UNKNOWN,NOT TRAPPED,Y,NON-MOTORIST,NON FATAL INJURY - POSSIBLE,MASSACHUSETTS,,,,PEDESTRIAN,"WALKING, RUNNING OR CYCLING",SIDEWALK,NONE USED,,MALE,,,,
4/9/17 8:58,Sunday,LIGHT TRUCK,,30,NEWTWOWNE CT,,,"30 NEWTWOWNE CT
Cambridge, MA
(42.36416996300005, -71.09406435199998)",,,REAR-END,ROADWAY,COLLISION WITH MOTOR VEHICLE IN TRAFFIC,DARK - LIGHTED ROADWAY,CLEAR,,NO CONTROLS,,DRY,NOT AT INTERSECTION,"TWO-WAY, NOT DIVIDED",NO,NO,25,NON INTERSECTION,,,,,,,EASTBOUND,,,,,OPPISITE 612 MAIN STREET,,,NONE,,,PAN,MA,LIGHT TRUCK,,,Y,PARKED,2005,COLLISION WITH PARKED MOTOR VEHICLE,HIGHLANDER,TOY,0,,COLLISION WITH PARKED MOTOR VEHICLE,,,,LEFT REAR,,,,,,,,,,,,,,,,,,,,,,,,,,,,,,,,,,,,,,,,,,,,,,,,,,,,,,,,,,,,,,,,,,,UNINVOLVED OWNER,,MASSACHUSETTS,"D, CLASS D VEHICLES",,,,,,,,MALE,,,,Y,,,,,,,,,,,,,,,,