Date Time,Day of Week,Object 1,Object 2,Street Number,Street Name,Cross Street,Near Street,Location,May involve cyclist,May Involve Pedestrian,Manner of Collision,First Harmful Event Location,First Harmful Event,Ambient Light,Weather Condition 1,Weather Condition 2,Traffic Control Device Type,Traffic Control Device Functionality,Road Surface Condition,Roadway Junction Type,Trafficway Description,School Bus Related,Work Zone,Speed Limit,Street or Intersection,Intersection Name 1,Intersection Direction 1,Intersection Name 2,Intersection Direction 2,Intersection Name 3,Intersection Direction 3,Street Direction,Nearest Intersection Distance,Nearest Intersection Direction,Landmark Distance,Landmark Direction,Landmark,Mile Marker Direction,Non Public Area,Road Contributing,Damaged Property Type,Description of Damaged Property,V1 Registration Type,v1 State Code,V1 Configuration,V1 Emergency Response,V1 Moped,V1 Hit and Run,V1 Action Prior to Crash,V1 Model Year,V1 Most Harmful Event,V1 Model,V1 Make,V1 Occupant Count,V1 Underride Override,V1 First Event,V1 Second Event,V1 Third Event,V1 Fourth Event,V1 Most Damaged Area,V1 Second Damaged Area,V1 Third Damaged Area,V1 Towed,V1 Travel Direction,V1 Interstate,V1 Cargo Body Type,V1 Gross Weight,V1 Haz Placard,V1 Haz Release,V1 Trailer Reg Type,V1 Trailer Reg Plate,V1 Trailer Reg State,V1 Trailer Reg Year,V1 Trailer Len,V1 Driver Contribution,V1 Driver Contribution 2,V1 Is Truck,V1 Has Trailer,V1 Is Bus,V1 Is Hazmat,V1 Reg Year,V1 Driver Distracted,V1 Bus Use,V1 Tow Use,V2 Registration Type,V2 State Code,V2 Configuration,V2 Emergency Response,V2 Moped,V2 Hit and Run,V2 Action Prior to Crash,V2 Model Year,V2 Most Harmful Event,V2 Model,V2 Make,V2 Occupant Count,V2 Underride Override,V2 First Event,V2 Second Event,V2 Third Event,V2 Fourth Event,V2 Most Damaged Area,V2 Second Damaged Area,V2 Third Damaged Area,V2 Towed,V2 Travel Direction,V2 Interstate,V2 Cargo Body Type,V2 Gross Weight,V2 Haz Placard,V2 Haz Release,V2 Trailer Reg Type,V2 Trailer Reg Plate,V2 Trailer Reg State,V2 Trailer Reg Year,V2 Trailer Len,V2 Driver Contribution,V2 Driver Contribution 2,V2 Is Truck,V2 Has Trailer,V2 Is Bus,V2 Is Hazmat,V2 Reg Year,V2 Driver Distracted,V2 Bus Use,V2 Tow Use,P1 Role,P1 Injury,P1 Drivers Lic State,P1 Drivers Lic Class 1,P1 Drivers Lic Class 2,P1 Drivers Lic Restrict,P1 Non Motorist Desc,P1 Non Motorist Action,P1 Non Motorist Location,P1 Safety Equipment,P1 Age,P1 Sex,P1 Seat Position,P1 Safety System,P1 Trapped,P1 Veh Owner,P2 Role,P2 Injury,P2 Drivers Lic State,P2 Drivers Lic Class 1,P2 Drivers Lic Class 2,P2 Drivers Lic Restrict,P2 Non Motorist Desc,P2 Non Motorist Action,P2 Non Motorist Location,P2 Safety Equipment,P2 Age,P2 Sex,P2 Seat Position,P2 Safety System,P2 Trapped,P2 Veh Owner
4/27/17 11:00,Thursday,PASSENGER CAR,PASSENGER CAR,,MASS AVE,HASKELL ST,,"MASS AVE &amp; HASKELL ST
Cambridge, MA
(42.39228296400006, -71.12758565699994)",,,ANGLE,ROADWAY,COLLISION WITH MOTOR VEHICLE IN TRAFFIC,DAYLIGHT,CLOUDY,,NO CONTROLS,,DRY,T-INTERSECTION,"TWO-WAY, DIVIDED, POSITIVE MEDIAN BARRIER",NO,NO,25,INTERSECTION,MASS AVE,EASTBOUND,HASKELL ST,SOUTHBOUND,,,,,,,,,,,NONE,,,PAN,MA,PASSENGER CAR,,,,ENTERING TRAFFIC LANE,2015,COLLISION WITH MOTOR VEHICLE IN TRAFFIC,CAMRY,TOYT,2,,COLLISION WITH MOTOR VEHICLE IN TRAFFIC,,,,LEFT FRONT,CENTER FRONT,,,EASTBOUND,,,,,,,,,,,UNKNOWN,,,,,,,UNKNOWN,,,PAV,MA,PASSENGER CAR,,,,TURNING RIGHT,2009,COLLISION WITH MOTOR VEHICLE IN TRAFFIC,OUTBAC,SUBA,1,,COLLISION WITH MOTOR VEHICLE IN TRAFFIC,,,,RIGHT SIDE,,,,EASTBOUND,,,,,,,,,,,UNKNOWN,,,,,,,UNKNOWN,,,OPERATOR/DRIVER,NO INJURY,MASSACHUSETTS,"D, CLASS D VEHICLES",,UNKNOWN,,,,,,MALE,"FRONT SEAT - LEFT SIDE, OR MOTORCYLE DRIVER",UNKNOWN,NOT TRAPPED,Y,OCCUPANT/PASSENGER,NO INJURY,,,,,,,,,,FEMALE,FRONT SEAT - RIGHT SIDE,UNKNOWN,NOT TRAPPED,
5/18/17 12:26,Thursday,LIGHT TRUCK,PASSENGER CAR,,BROADWAY,DANA STREET,,"BROADWAY &amp; DANA STREET
Cambridge, MA
(42.371837966000044, -71.10893008699998)",,,"SIDESWIPE, SAME DIRECTION",ROADWAY,COLLISION WITH MOTOR VEHICLE IN TRAFFIC,DAYLIGHT,CLEAR,,NO CONTROLS,,DRY,FOUR WAY INTERSECTION,"TWO-WAY, DIVIDED, UNPROTECTED MEDIAN",NO,NO,25,INTERSECTION,BROADWAY,WESTBOUND,DANA STREET,,,,,,,,,,,,NONE,,,PAN,MA,LIGHT TRUCK,,,,TRAVELING STRAIGHT AHEAD,2003,COLLISION WITH MOTOR VEHICLE IN TRAFFIC,E-150,FORD,1,,COLLISION WITH MOTOR VEHICLE IN TRAFFIC,COLLISION WITH PARKED MOTOR VEHICLE,,,RIGHT FRONT,RIGHT REAR,LEFT FRONT,Y,EASTBOUND,,,,,,,,,,,OPERATING DEFECTIVE EQUIPMENT,OTHER IMPROPER ACTION,,,,,,NOT DISTRACTED,,,PAN,MA,PASSENGER CAR,,,,PARKED,2002,COLLISION WITH MOTOR VEHICLE IN TRAFFIC,CAMRY,TOYOTA,0,,COLLISION WITH MOTOR VEHICLE IN TRAFFIC,,,,LEFT FRONT,LEFT SIDE,LEFT REAR,,,,,,,,,,,,,NO IMPROPER DRIVING,,,,,,,NOT DISTRACTED,,NO,OPERATOR/DRIVER,NO INJURY,MASSACHUSETTS,"D, CLASS D VEHICLES",,CORRECTIVE LENSES,,,,,,MALE,"FRONT SEAT - LEFT SIDE, OR MOTORCYLE DRIVER",UNKNOWN,NOT TRAPPED,Y,UNINVOLVED OWNER,,MASSACHUSETTS,"D, CLASS D VEHICLES",,NONE,,,,,,FEMALE,,,,Y
6/24/17 5:16,Saturday,LIGHT TRUCK,,260,GREEN STREET,,,"260 GREEN STREET
Cambridge, MA
(42.36432892000005, -71.10353829899998)",,,SINGLE VEHICLE CRASH,ROADWAY,OTHER,DARK - LIGHTED ROADWAY,CLEAR,,NO CONTROLS,,DRY,NOT AT INTERSECTION,"ONE-WAY, NOT DIVIDED",NO,NO,25,NON INTERSECTION,,,,,,,EASTBOUND,,,,,,,,NONE,STATE,GARAGE GATE ARM,PAN,MA,LIGHT TRUCK,,,Y,TRAVELING STRAIGHT AHEAD,2007,"OTHER FIXED OBJECT (WALL, BUILDING, TUNNEL)",AVALANCHE,CHEVY,1,,"OTHER FIXED OBJECT (WALL, BUILDING, TUNNEL)","OTHER FIXED OBJECT (WALL, BUILDING, TUNNEL)",,,RIGHT FRONT,CENTER FRONT,LEFT FRONT,Y,EASTBOUND,,,,,,,,,,,"OPERATING VEHICLE IN ERRATIC, RECKLESS, CARELESS,",,,,,,,OTHER ACTIVITY,,YES OTHER REASON NOT DISABLED,,,,,,,,,,,,,,,,,,,,,,,,,,,,,,,,,,,,,,,,,,,OPERATOR/DRIVER,NO INJURY,MASSACHUSETTS,"D, CLASS D VEHICLES",,NONE,,,,,,MALE,"FRONT SEAT - LEFT SIDE, OR MOTORCYLE DRIVER",UNKNOWN,NOT TRAPPED,Y,WITNESS,,DISTRICT OF COLUMBIA,,,,,,,,,MALE,,,,
5/9/17 19:11,Tuesday,PASSENGER CAR,PASSENGER CAR,,CAMBRIDGE STREET,,O'BRIEN HWAY.,"CAMBRIDGE STREET
Cambridge, MA
(42.37177216100008, -71.08567111699995)",,,"SIDESWIPE, SAME DIRECTION",ROADWAY,COLLISION WITH MOTOR VEHICLE IN TRAFFIC,DAYLIGHT,CLOUDY,,TRAFFIC CONTROL SIGNAL,YES,DRY,NOT AT INTERSECTION,"TWO-WAY, NOT DIVIDED",NO,NO,25,NON INTERSECTION,,,,,,,EASTBOUND,,SOUTHBOUND,,,,,,NONE,,,PAN,MA,PASSENGER CAR,,,,SLOWING OR STOPPED IN TRAFFIC,2012,COLLISION WITH MOTOR VEHICLE IN TRAFFIC,ACCORD,HONDA,1,,COLLISION WITH MOTOR VEHICLE IN TRAFFIC,,,,RIGHT SIDE,,,,UNKNOWN,,,,,,,,,,,UNKNOWN,,,,,,,UNKNOWN,,NO,PAN,MA,PASSENGER CAR,,,Y,OVERTAKING / PASSING,0,COLLISION WITH MOTOR VEHICLE IN TRAFFIC,SEDAN,HONDA,1,,COLLISION WITH MOTOR VEHICLE IN TRAFFIC,,,,LEFT SIDE,,,,UNKNOWN,,,,,,,,,,,"OPERATING VEHICLE IN ERRATIC, RECKLESS, CARELESS,","DISREGARDED TRAFFIC SIGNS, SIGNALS, ROAD MARKINGS",,,,,,UNKNOWN,,NO,OPERATOR/DRIVER,NO INJURY,MASSACHUSETTS,"D, CLASS D VEHICLES",,NONE,,,,,,FEMALE,,,,Y,OPERATOR/DRIVER,UNKNOWN,MASSACHUSETTS,"D, CLASS D VEHICLES",,UNKNOWN,,,,,,UNKNOWN,,,,
4/26/17 7:40,Wednesday,PASSENGER CAR,OTHER,252,WINDSOR ST,,MARKET ST,"252 WINDSOR ST
Cambridge, MA
(42.36738948500005, -71.09525991299995)",,1,"SIDESWIPE, SAME DIRECTION",ROADWAY,COLLISION WITH PEDESTRIAN,DAYLIGHT,CLOUDY,RAIN,NO CONTROLS,,WET,NOT AT INTERSECTION,"TWO-WAY, NOT DIVIDED",NO,NO,25,NON INTERSECTION,,,,,,,NORTHBOUND,,,,,,,,UNKNOWN,,,PAN,MA,PASSENGER CAR,,,,PARKED,2012,COLLISION WITH MOTOR VEHICLE IN TRAFFIC,JETTA,VOLV,0,,COLLISION WITH MOTOR VEHICLE IN TRAFFIC,,,,LEFT SIDE,,,,,,,,,,,,,,,,,,,,,,,,,MVN,MA,OTHER,,,,TRAVELING STRAIGHT AHEAD,1994,COLLISION WITH PARKED MOTOR VEHICLE,ARROW,PIERCE,,,COLLISION WITH PARKED MOTOR VEHICLE,,,,NONE,,,,NORTHBOUND,,,,,,,,,,,NO IMPROPER DRIVING,,,,,,,NOT DISTRACTED,,,UNINVOLVED OWNER,,MASSACHUSETTS,,,,,,,,,MALE,,,,Y,OPERATOR/DRIVER,NO INJURY,MASSACHUSETTS,"D, CLASS D VEHICLES",,UNKNOWN,,,,,,MALE,"FRONT SEAT - LEFT SIDE, OR MOTORCYLE DRIVER",UNKNOWN,NOT TRAPPED,
5/30/17 12:58,Tuesday,SINGLE UNIT TRUCK (2 AXLES - 6 TIRES),PASSENGER CAR,,PEMBERTON ST,RINDGE AVE,,"PEMBERTON ST &amp; RINDGE AVE
Cambridge, MA
(42.39048403000004, -71.12815238599995)",,,"SIDESWIPE, SAME DIRECTION",ROADSIDE,COLLISION WITH PARKED MOTOR VEHICLE,DAYLIGHT,CLOUDY,,STOP SIGNS,YES,DRY,T-INTERSECTION,"ONE-WAY, NOT DIVIDED",NO,YES,25,INTERSECTION,PEMBERTON ST,,RINDGE AVE,,,,,,,,,,,,WORK ZONE,,,CON,MA,SINGLE UNIT TRUCK (2 AXLES - 6 TIRES),,,,TRAVELING STRAIGHT AHEAD,2007,COLLISION WITH PARKED MOTOR VEHICLE,REEFER,PTRB,1,,COLLISION WITH PARKED MOTOR VEHICLE,,,,UNKNOWN,,,,EASTBOUND,,,,,,,,,,,UNKNOWN,,,,,,,UNKNOWN,,,PAN,MA,PASSENGER CAR,,,,PARKED,2000,COLLISION WITH PARKED MOTOR VEHICLE,CAMRY,TOYOTA,0,,COLLISION WITH PARKED MOTOR VEHICLE,,,,RIGHT SIDE,,,,,,,,,,,,,,,,,,,,,,,,,OPERATOR/DRIVER,NO INJURY,MASSACHUSETTS,"B, CLASS B VEHICLES",,UNKNOWN,,,,,,MALE,"FRONT SEAT - LEFT SIDE, OR MOTORCYLE DRIVER",SHOULDER AND LAP BELT USED,NOT TRAPPED,,UNINVOLVED OWNER,,MASSACHUSETTS,"D, CLASS D VEHICLES",,,,,,,,UNKNOWN,,,,Y
6/15/17 12:45,Thursday,PASSENGER CAR,PASSENGER CAR,,BLACKSTONE ST,,RIVER ST,"BLACKSTONE ST
Cambridge, MA
(42.36319237200007, -71.11462766599993)",,,"SIDESWIPE, SAME DIRECTION",ROADWAY,COLLISION WITH MOTOR VEHICLE IN TRAFFIC,DAYLIGHT,CLEAR,,NO CONTROLS,,DRY,NOT AT INTERSECTION,"TWO-WAY, NOT DIVIDED",NO,NO,25,NON INTERSECTION,,,,,,,WESTBOUND,,,,,,,,NONE,,,PAN,MA,PASSENGER CAR,,,,ENTERING TRAFFIC LANE,2009,COLLISION WITH MOTOR VEHICLE IN TRAFFIC,MALIBU,CHEV,1,,COLLISION WITH MOTOR VEHICLE IN TRAFFIC,,,,LEFT FRONT,,,,WESTBOUND,,,,,,,,,,,UNKNOWN,,,,,,,UNKNOWN,,,PAN,MA,PASSENGER CAR,,,,TRAVELING STRAIGHT AHEAD,2008,COLLISION WITH MOTOR VEHICLE IN TRAFFIC,YARIS,TOYT,1,,COLLISION WITH MOTOR VEHICLE IN TRAFFIC,,,,RIGHT SIDE,,,,EASTBOUND,,,,,,,,,,,UNKNOWN,,,,,,,UNKNOWN,,,OPERATOR/DRIVER,NON FATAL INJURY - POSSIBLE,MASSACHUSETTS,"D, CLASS D VEHICLES",,UNKNOWN,,,,,,FEMALE,"FRONT SEAT - LEFT SIDE, OR MOTORCYLE DRIVER",UNKNOWN,NOT TRAPPED,Y,OPERATOR/DRIVER,NO INJURY,MASSACHUSETTS,"D, CLASS D VEHICLES",,UNKNOWN,,,,,,FEMALE,"FRONT SEAT - LEFT SIDE, OR MOTORCYLE DRIVER",UNKNOWN,NOT TRAPPED,
4/14/17 22:10,Friday,LIGHT TRUCK,OTHER,,MIFFLIN PLACE,MOUNT AUBURN STREET,,"MIFFLIN PLACE &amp; MOUNT AUBURN STREET
Cambridge, MA
(42.37474132400007, -71.13124324299997)",,,ANGLE,ROADWAY,COLLISION WITH MOTOR VEHICLE IN TRAFFIC,DARK - LIGHTED ROADWAY,CLEAR,,STOP SIGNS,YES,DRY,T-INTERSECTION,"TWO-WAY, DIVIDED, UNPROTECTED MEDIAN",NO,NO,20,INTERSECTION,MIFFLIN PLACE,,MOUNT AUBURN STREET,,,,,,,,,,,,NONE,,,PAN,MA,LIGHT TRUCK,,,,SLOWING OR STOPPED IN TRAFFIC,2012,COLLISION WITH MOTOR VEHICLE IN TRAFFIC,RAV4,TOYOTA,1,,COLLISION WITH MOTOR VEHICLE IN TRAFFIC,COLLISION WITH MOTOR VEHICLE IN TRAFFIC,COLLISION WITH MOTOR VEHICLE IN TRAFFIC,COLLISION WITH MOTOR VEHICLE IN TRAFFIC,CENTER FRONT,,,,UNKNOWN,,,,,,,,,,,VISIBILITY OBSTRUCTED,FAILED TO YIELD THE RIGHT OF WAY,,,,,,UNKNOWN,,,,,OTHER,,Y,,TRAVELING STRAIGHT AHEAD,,COLLISION WITH MOTOR VEHICLE IN TRAFFIC,LX50,VESPA,1,,COLLISION WITH MOTOR VEHICLE IN TRAFFIC,COLLISION WITH MOTOR VEHICLE IN TRAFFIC,COLLISION WITH MOTOR VEHICLE IN TRAFFIC,COLLISION WITH MOTOR VEHICLE IN TRAFFIC,TOTAL / ALL AREAS,,,,UNKNOWN,,,,,,,,,,,NO IMPROPER DRIVING,NO IMPROPER DRIVING,,,,,,UNKNOWN,,,OPERATOR/DRIVER,NO INJURY,MASSACHUSETTS,"D, CLASS D VEHICLES",,UNKNOWN,,,,,,MALE,"FRONT SEAT - LEFT SIDE, OR MOTORCYLE DRIVER",UNKNOWN,NOT TRAPPED,Y,NON-MOTORIST,NON FATAL INJURY - POSSIBLE,,,,,OTHER NON MOTORIST,ENTERING OR CROSSING SPECIFIED LOCATION,IN ROADWAY,HELMET,,FEMALE,,,,
5/29/17 14:00,Monday,PASSENGER CAR,,366,BROADWAY,,,"366 BROADWAY
Cambridge, MA
(42.37065267300005, -71.10447178399994)",,,REAR-END,ROADSIDE,COLLISION WITH PARKED MOTOR VEHICLE,DAYLIGHT,CLEAR,,NO CONTROLS,NO,DRY,NOT AT INTERSECTION,"TWO-WAY, NOT DIVIDED",NO,NO,25,NON INTERSECTION,,,,,,,EASTBOUND,,,,,,,,NONE,,,PAN,NJ,PASSENGER CAR,,,Y,OTHER,2011,COLLISION WITH OTHER MOVABLE OBJECT,EAE,LEXUS,0,,COLLISION WITH OTHER MOVABLE OBJECT,,,,CENTER FRONT,RIGHT FRONT,LEFT FRONT,,UNKNOWN,,,,,,,,,,,NO IMPROPER DRIVING,,,,,,,NOT DISTRACTED,,,,,,,,,,,,,,,,,,,,,,,,,,,,,,,,,,,,,,,,,,,,,OPERATOR/DRIVER,NO INJURY,NEW JERSEY,"D, CLASS D VEHICLES",,NONE,,,,,,MALE,OTHER,UNKNOWN,NOT TRAPPED,Y,,,,,,,,,,,,,,,,
5/23/17 19:11,Tuesday,PASSENGER CAR,PASSENGER CAR,,GARDEN STREET,,HURON AVE,"GARDEN STREET
Cambridge, MA
(42.382044810000025, -71.12670389999994)",,,"SIDESWIPE, SAME DIRECTION",ROADSIDE,COLLISION WITH MOTOR VEHICLE IN TRAFFIC,DAYLIGHT,CLEAR,,TRAFFIC CONTROL SIGNAL,YES,DRY,NOT AT INTERSECTION,"TWO-WAY, NOT DIVIDED",NO,NO,25,NON INTERSECTION,,,,,,,SOUTHBOUND,,WESTBOUND,,,FIRE STATION,,,NONE,,,PAN,MD,PASSENGER CAR,,,,PARKED,2011,COLLISION WITH MOTOR VEHICLE IN TRAFFIC,XC70,VOLVO,1,,COLLISION WITH MOTOR VEHICLE IN TRAFFIC,,,,LEFT SIDE,OTHER,,,,,,,,,,,,,,,,,,,,,,,,PAN,MA,PASSENGER CAR,,,Y,TRAVELING STRAIGHT AHEAD,2008,COLLISION WITH PARKED MOTOR VEHICLE,SCION,TOYOTA,1,,COLLISION WITH PARKED MOTOR VEHICLE,,,,RIGHT SIDE,,,,SOUTHBOUND,,,,,,,,,,,UNKNOWN,,,,,,,UNKNOWN,,NO,OPERATOR/DRIVER,NO INJURY,CALIFORNIA,"C, CLASS C VEHICLES",,CORRECTIVE LENSES,,,,,,FEMALE,,,,Y,OPERATOR/DRIVER,UNKNOWN,MASSACHUSETTS,"D, CLASS D VEHICLES",,UNKNOWN,,,,,,UNKNOWN,,,,
4/17/17 22:18,Monday,PASSENGER CAR,PASSENGER CAR,,WINDSOR STREET,BROADWAY,,"WINDSOR STREET &amp; BROADWAY
Cambridge, MA
(42.371454983000035, -71.09376720499995)",,,"SIDESWIPE, SAME DIRECTION",ROADWAY,COLLISION WITH MOTOR VEHICLE IN TRAFFIC,DARK - LIGHTED ROADWAY,CLEAR,,TRAFFIC CONTROL SIGNAL,YES,DRY,FOUR WAY INTERSECTION,"TWO-WAY, NOT DIVIDED",NO,NO,25,INTERSECTION,WINDSOR STREET,NORTHBOUND,BROADWAY,EASTBOUND,,,,,,,,,,,NONE,,,PAN,MA,PASSENGER CAR,,,Y,TURNING RIGHT,2012,COLLISION WITH MOTOR VEHICLE IN TRAFFIC,MINI COOPER,BMW,1,,COLLISION WITH MOTOR VEHICLE IN TRAFFIC,,,,LEFT FRONT,,,,NORTHBOUND,,,,,,,,,,,"OPERATING VEHICLE IN ERRATIC, RECKLESS, CARELESS,",,,,,,,UNKNOWN,,,PAN,MA,PASSENGER CAR,,,,TURNING LEFT,2015,COLLISION WITH MOTOR VEHICLE IN TRAFFIC,LEGACY,SUBARU,1,,COLLISION WITH MOTOR VEHICLE IN TRAFFIC,,,,RIGHT REAR,,,,NORTHBOUND,,,,,,,,,,,NO IMPROPER DRIVING,,,,,,,UNKNOWN,,,OPERATOR/DRIVER,UNKNOWN,MASSACHUSETTS,UNKNOWN,,UNKNOWN,,,,,,MALE,"FRONT SEAT - LEFT SIDE, OR MOTORCYLE DRIVER",UNKNOWN,NOT TRAPPED,,OPERATOR/DRIVER,NO INJURY,MASSACHUSETTS,"D, CLASS D VEHICLES",,UNKNOWN,,,,,,MALE,,,,Y
5/18/17 11:13,Thursday,PASSENGER CAR,OTHER,,CONCORD AVE,,BOND STREET,"CONCORD AVE
Cambridge, MA
(42.38471931500004, -71.13605341999994)",,,"SIDESWIPE, SAME DIRECTION",ROADWAY,COLLISION WITH PARKED MOTOR VEHICLE,DAYLIGHT,CLEAR,,NO CONTROLS,NO,DRY,NOT AT INTERSECTION,"TWO-WAY, NOT DIVIDED",NO,NO,20,NON INTERSECTION,,,,,,,WESTBOUND,,EASTBOUND,,,,,,NONE,,,PAN,MA,PASSENGER CAR,,,,PARKED,2007,COLLISION WITH OTHER MOVABLE OBJECT,FIT,HOND,0,,COLLISION WITH OTHER MOVABLE OBJECT,,,,LEFT REAR,,,,EASTBOUND,,,,,,,,,,,NO IMPROPER DRIVING,,,,,,,NOT DISTRACTED,,NO,MVN,MA,OTHER,,,,TURNING RIGHT,2007,COLLISION WITH PARKED MOTOR VEHICLE,PUMPER,PIERC,4,,COLLISION WITH PARKED MOTOR VEHICLE,,,,NONE,,,,EASTBOUND,,,,,,,,,,,UNKNOWN,,,,,,,UNKNOWN,,NO,UNINVOLVED OWNER,,MASSACHUSETTS,"D, CLASS D VEHICLES",,UNKNOWN,,,,,,MALE,,,,,OPERATOR/DRIVER,NO INJURY,MASSACHUSETTS,UNKNOWN,,NONE,,,,,,MALE,,,,
4/24/17 11:00,Monday,LIGHT TRUCK,PASSENGER CAR,,MASS AVE,,VASSAR ST,"MASS AVE
Cambridge, MA
(42.37376110900004, -71.11885805499998)",,,REAR-END,ROADWAY,COLLISION WITH MOTOR VEHICLE IN TRAFFIC,DAYLIGHT,CLOUDY,,TRAFFIC CONTROL SIGNAL,YES,DRY,NOT AT INTERSECTION,"TWO-WAY, NOT DIVIDED",NO,NO,25,NON INTERSECTION,,,,,,,WESTBOUND,,,,,,,,NONE,,,PAN,MA,LIGHT TRUCK,,,Y,TRAVELING STRAIGHT AHEAD,2016,COLLISION WITH MOTOR VEHICLE IN TRAFFIC,RENEG,JEEP,,,COLLISION WITH MOTOR VEHICLE IN TRAFFIC,,,,UNKNOWN,,,,WESTBOUND,,,,,,,,,,,OTHER IMPROPER ACTION,,,,,,,UNKNOWN,,,PAN,MA,PASSENGER CAR,,,,SLOWING OR STOPPED IN TRAFFIC,2016,COLLISION WITH MOTOR VEHICLE IN TRAFFIC,FOCUS,FORD,3,,COLLISION WITH MOTOR VEHICLE IN TRAFFIC,,,,REAR CENTER,CENTER FRONT,,,WESTBOUND,,,,,,,,,,,NO IMPROPER DRIVING,,,,,,,NOT DISTRACTED,,,UNINVOLVED OWNER,,,,,,,,,,,UNKNOWN,,,,,OPERATOR/DRIVER,NO INJURY,MASSACHUSETTS,"D, CLASS D VEHICLES",,UNKNOWN,,,,,,MALE,"FRONT SEAT - LEFT SIDE, OR MOTORCYLE DRIVER",UNKNOWN,NOT TRAPPED,
6/13/17 10:41,Tuesday,PASSENGER CAR,PASSENGER CAR,295,RIVER ST,,PUTNAM AVE,"295 RIVER ST
Cambridge, MA
(42.36246270200007, -71.11310058899994)",,,REAR-END,ROADWAY,COLLISION WITH MOTOR VEHICLE IN TRAFFIC,DAYLIGHT,CLEAR,,NO CONTROLS,,DRY,NOT AT INTERSECTION,"ONE-WAY, NOT DIVIDED",NO,NO,25,NON INTERSECTION,,,,,,,NORTHBOUND,,EASTBOUND,,,,,,NONE,,,PAN,MA,PASSENGER CAR,,,,TRAVELING STRAIGHT AHEAD,2012,COLLISION WITH MOTOR VEHICLE IN TRAFFIC,FORESTER,SUBARU,1,,COLLISION WITH MOTOR VEHICLE IN TRAFFIC,,,,RIGHT REAR,REAR CENTER,LEFT REAR,Y,NORTHBOUND,,,,,,,,,,,NO IMPROPER DRIVING,,,,,,,NOT DISTRACTED,,YES VEHICLE OR TRAILER DISABLED,PAN,MA,PASSENGER CAR,,,,TRAVELING STRAIGHT AHEAD,2013,COLLISION WITH MOTOR VEHICLE IN TRAFFIC,RAV4,TOYT,1,,COLLISION WITH MOTOR VEHICLE IN TRAFFIC,COLLISION WITH MOTOR VEHICLE IN TRAFFIC,,,REAR CENTER,LEFT REAR,CENTER FRONT,Y,NORTHBOUND,,,,,,,,,,,NO IMPROPER DRIVING,,,,,,,NOT DISTRACTED,,YES VEHICLE OR TRAILER DISABLED,OPERATOR/DRIVER,NON FATAL INJURY - NON INCAPACITATING,MASSACHUSETTS,"D, CLASS D VEHICLES",,NONE,,,,,,FEMALE,"FRONT SEAT - LEFT SIDE, OR MOTORCYLE DRIVER",UNKNOWN,NOT TRAPPED,Y,OPERATOR/DRIVER,NON FATAL INJURY - NON INCAPACITATING,MASSACHUSETTS,"D, CLASS D VEHICLES",,NONE,,,,,,FEMALE,"FRONT SEAT - LEFT SIDE, OR MOTORCYLE DRIVER",UNKNOWN,NOT TRAPPED,Y
6/7/17 9:21,Wednesday,LIGHT TRUCK,LIGHT TRUCK,,CAMBRIDGE PARK DR,,STEEL PL,"CAMBRIDGE PARK DR
Cambridge, MA
(42.394665297000074, -71.14456474899998)",,,"SIDESWIPE, SAME DIRECTION",ROADWAY,COLLISION WITH MOTOR VEHICLE IN TRAFFIC,DAYLIGHT,CLOUDY,RAIN,TRAFFIC CONTROL SIGNAL,YES,WET,NOT AT INTERSECTION,"TWO-WAY, NOT DIVIDED",NO,NO,25,NON INTERSECTION,,,,,,,WESTBOUND,,,,,,,,NONE,,,PAN,MA,LIGHT TRUCK,,,,TRAVELING STRAIGHT AHEAD,2014,COLLISION WITH MOTOR VEHICLE IN TRAFFIC,COMPASS,JEEP,,,COLLISION WITH MOTOR VEHICLE IN TRAFFIC,,,,RIGHT FRONT,,,,WESTBOUND,,,,,,,,,,,NO IMPROPER DRIVING,,,,,,,UNKNOWN,,,PAN,MA,LIGHT TRUCK,,,Y,OTHER,2009,COLLISION WITH MOTOR VEHICLE IN TRAFFIC,CRV,HOND,,,COLLISION WITH MOTOR VEHICLE IN TRAFFIC,,,,UNKNOWN,,,,WESTBOUND,,,,,,,,,,,OTHER IMPROPER ACTION,,,,,,,UNKNOWN,,,OPERATOR/DRIVER,NO INJURY,MASSACHUSETTS,"D, CLASS D VEHICLES",,NONE,,,,,,FEMALE,"FRONT SEAT - LEFT SIDE, OR MOTORCYLE DRIVER",UNKNOWN,NOT TRAPPED,Y,UNINVOLVED OWNER,,,,,,,,,,,MALE,,,,Y