Date Time,Day of Week,Object 1,Object 2,Street Number,Street Name,Cross Street,Near Street,Location,May involve cyclist,May Involve Pedestrian,Manner of Collision,First Harmful Event Location,First Harmful Event,Ambient Light,Weather Condition 1,Weather Condition 2,Traffic Control Device Type,Traffic Control Device Functionality,Road Surface Condition,Roadway Junction Type,Trafficway Description,School Bus Related,Work Zone,Speed Limit,Street or Intersection,Intersection Name 1,Intersection Direction 1,Intersection Name 2,Intersection Direction 2,Intersection Name 3,Intersection Direction 3,Street Direction,Nearest Intersection Distance,Nearest Intersection Direction,Landmark Distance,Landmark Direction,Landmark,Mile Marker Direction,Non Public Area,Road Contributing,Damaged Property Type,Description of Damaged Property,V1 Registration Type,v1 State Code,V1 Configuration,V1 Emergency Response,V1 Moped,V1 Hit and Run,V1 Action Prior to Crash,V1 Model Year,V1 Most Harmful Event,V1 Model,V1 Make,V1 Occupant Count,V1 Underride Override,V1 First Event,V1 Second Event,V1 Third Event,V1 Fourth Event,V1 Most Damaged Area,V1 Second Damaged Area,V1 Third Damaged Area,V1 Towed,V1 Travel Direction,V1 Interstate,V1 Cargo Body Type,V1 Gross Weight,V1 Haz Placard,V1 Haz Release,V1 Trailer Reg Type,V1 Trailer Reg Plate,V1 Trailer Reg State,V1 Trailer Reg Year,V1 Trailer Len,V1 Driver Contribution,V1 Driver Contribution 2,V1 Is Truck,V1 Has Trailer,V1 Is Bus,V1 Is Hazmat,V1 Reg Year,V1 Driver Distracted,V1 Bus Use,V1 Tow Use,V2 Registration Type,V2 State Code,V2 Configuration,V2 Emergency Response,V2 Moped,V2 Hit and Run,V2 Action Prior to Crash,V2 Model Year,V2 Most Harmful Event,V2 Model,V2 Make,V2 Occupant Count,V2 Underride Override,V2 First Event,V2 Second Event,V2 Third Event,V2 Fourth Event,V2 Most Damaged Area,V2 Second Damaged Area,V2 Third Damaged Area,V2 Towed,V2 Travel Direction,V2 Interstate,V2 Cargo Body Type,V2 Gross Weight,V2 Haz Placard,V2 Haz Release,V2 Trailer Reg Type,V2 Trailer Reg Plate,V2 Trailer Reg State,V2 Trailer Reg Year,V2 Trailer Len,V2 Driver Contribution,V2 Driver Contribution 2,V2 Is Truck,V2 Has Trailer,V2 Is Bus,V2 Is Hazmat,V2 Reg Year,V2 Driver Distracted,V2 Bus Use,V2 Tow Use,P1 Role,P1 Injury,P1 Drivers Lic State,P1 Drivers Lic Class 1,P1 Drivers Lic Class 2,P1 Drivers Lic Restrict,P1 Non Motorist Desc,P1 Non Motorist Action,P1 Non Motorist Location,P1 Safety Equipment,P1 Age,P1 Sex,P1 Seat Position,P1 Safety System,P1 Trapped,P1 Veh Owner,P2 Role,P2 Injury,P2 Drivers Lic State,P2 Drivers Lic Class 1,P2 Drivers Lic Class 2,P2 Drivers Lic Restrict,P2 Non Motorist Desc,P2 Non Motorist Action,P2 Non Motorist Location,P2 Safety Equipment,P2 Age,P2 Sex,P2 Seat Position,P2 Safety System,P2 Trapped,P2 Veh Owner
5/14/17 0:40,Sunday,PASSENGER CAR,,,GARDEN STREET,LINNAEAN STREET,,"GARDEN STREET &amp; LINNAEAN STREET
Cambridge, MA
(42.383662505000075, -71.12323310599999)",,,ANGLE,ROADWAY,COLLISION WITH PARKED MOTOR VEHICLE,DARK - LIGHTED ROADWAY,RAIN,,NO CONTROLS,,WET,T-INTERSECTION,"TWO-WAY, NOT DIVIDED",NO,NO,25,INTERSECTION,GARDEN STREET,NORTHBOUND,LINNAEAN STREET,WESTBOUND,,,,,,,,,,,ROAD SURFACE CONDITION,,,PAN,MA,PASSENGER CAR,,,Y,PARKED,2007,COLLISION WITH PARKED MOTOR VEHICLE,CIVIC,HONDA,0,,COLLISION WITH PARKED MOTOR VEHICLE,,,,LEFT REAR,,,,NOT REPORTED,,,,,,,,,,,NO IMPROPER DRIVING,NO IMPROPER DRIVING,,,,,,NOT DISTRACTED,,,,,,,,,,,,,,,,,,,,,,,,,,,,,,,,,,,,,,,,,,,,,UNINVOLVED OWNER,,MASSACHUSETTS,,,,,,,,,MALE,,,,Y,WITNESS,,MASSACHUSETTS,,,,,,,,,MALE,,,,
5/16/17 10:01,Tuesday,LIGHT TRUCK,PASSENGER CAR,,WESTERN AVE,HEWS ST,,"WESTERN AVE &amp; HEWS ST
Cambridge, MA
(42.36475528500006, -71.11063467099996)",,,REAR-END,ROADWAY,COLLISION WITH MOTOR VEHICLE IN TRAFFIC,DAYLIGHT,CLEAR,,NO CONTROLS,,DRY,FOUR WAY INTERSECTION,"ONE-WAY, NOT DIVIDED",NO,NO,25,INTERSECTION,WESTERN AVE,WESTBOUND,HEWS ST,NORTHBOUND,,,,,,,,,,,NONE,,,CON,MA,LIGHT TRUCK,,,,TRAVELING STRAIGHT AHEAD,2008,COLLISION WITH MOTOR VEHICLE IN TRAFFIC,SRWSUP,FORD,1,,COLLISION WITH MOTOR VEHICLE IN TRAFFIC,,,,CENTER FRONT,,,,WESTBOUND,,,,,,,,,,,DISTRACTED,,,,,,,UNKNOWN,,,PAN,MA,PASSENGER CAR,,,,SLOWING OR STOPPED IN TRAFFIC,2015,COLLISION WITH MOTOR VEHICLE IN TRAFFIC,COROLLA,TOYOTA,2,,COLLISION WITH MOTOR VEHICLE IN TRAFFIC,COLLISION WITH MOTOR VEHICLE IN TRAFFIC,,,REAR CENTER,CENTER FRONT,,,WESTBOUND,,,,,,,,,,,NO IMPROPER DRIVING,,,,,,,NOT DISTRACTED,,,OPERATOR/DRIVER,NO INJURY,MASSACHUSETTS,"D, CLASS D VEHICLES",,NONE,,,,,,MALE,"FRONT SEAT - LEFT SIDE, OR MOTORCYLE DRIVER",UNKNOWN,NOT TRAPPED,,OPERATOR/DRIVER,NO INJURY,MASSACHUSETTS,"D, CLASS D VEHICLES",,NONE,,,,,,MALE,"FRONT SEAT - LEFT SIDE, OR MOTORCYLE DRIVER",UNKNOWN,NOT TRAPPED,Y
6/15/17 7:00,Thursday,PASSENGER CAR,OTHER,1,RICHDALE AVE,,,"1 RICHDALE AVE
Cambridge, MA
(42.388241238000035, -71.12147770399997)",,,UNKNOWN,OUTSIDE ROADWAY,COLLISION WITH PARKED MOTOR VEHICLE,UNKNOWN,UNKNOWN,,NO CONTROLS,,UNKNOWN,NOT AT INTERSECTION,"TWO-WAY, NOT DIVIDED",NO,NO,25,NON INTERSECTION,,,,,,,EASTBOUND,,,,,,,,NONE,,,PAN,MA,PASSENGER CAR,,,,PARKED,2016,UNKNOWN,C300,MERZ,0,,UNKNOWN,,,,LEFT FRONT,,,,,,,,,,,,,,,,,,,,,,,,,PAN,OT,OTHER,,,Y,UNKNOWN,,COLLISION WITH PARKED MOTOR VEHICLE,UNK,UNK,,,COLLISION WITH PARKED MOTOR VEHICLE,,,,UNKNOWN,,,,UNKNOWN,,,,,,,,,,,OTHER IMPROPER ACTION,,,,,,,MANUALLY OPERATING AN ELECTRONIC DEVICE,,,UNINVOLVED OWNER,,,,,,,,,,,FEMALE,,,,Y,,,,,,,,,,,,,,,,
6/15/17 15:47,Thursday,PASSENGER CAR,LIGHT TRUCK,8,CHARLES ST,,,"8 CHARLES ST
Cambridge, MA
(42.36716149100005, -71.07799491999998)",,,REAR-END,ROADWAY,COLLISION WITH MOTOR VEHICLE IN TRAFFIC,DAYLIGHT,CLEAR,,UNKNOWN,YES,DRY,NOT AT INTERSECTION,"ONE-WAY, NOT DIVIDED",NO,NO,25,NON INTERSECTION,,,,,,,EASTBOUND,,,,,,,,NONE,,,PAN,MA,PASSENGER CAR,,,,SLOWING OR STOPPED IN TRAFFIC,2012,COLLISION WITH MOTOR VEHICLE IN TRAFFIC,FUSION,FORD,1,,COLLISION WITH MOTOR VEHICLE IN TRAFFIC,,,,CENTER FRONT,RIGHT FRONT,,,EASTBOUND,,,,,,,,,,,OTHER IMPROPER ACTION,,,,,,,NOT DISTRACTED,,,LVN,MA,LIGHT TRUCK,,,,SLOWING OR STOPPED IN TRAFFIC,2013,COLLISION WITH MOTOR VEHICLE IN TRAFFIC,SILVERADO K15BLA,CHEVY,1,,COLLISION WITH MOTOR VEHICLE IN TRAFFIC,,,,REAR CENTER,,,,EASTBOUND,,,,,,,,,,,NO IMPROPER DRIVING,,,,,,,NOT DISTRACTED,,,OPERATOR/DRIVER,NO INJURY,MASSACHUSETTS,"D, CLASS D VEHICLES",,NONE,,,,,,MALE,"FRONT SEAT - LEFT SIDE, OR MOTORCYLE DRIVER",UNKNOWN,NOT TRAPPED,,OPERATOR/DRIVER,NO INJURY,MASSACHUSETTS,"D, CLASS D VEHICLES",,NONE,,,,,,MALE,"FRONT SEAT - LEFT SIDE, OR MOTORCYLE DRIVER",UNKNOWN,NOT TRAPPED,Y
4/5/17 11:45,Wednesday,LIGHT TRUCK,PASSENGER CAR,,MASS AVE,,MAGOUN ST,"MASS AVE
Cambridge, MA
(42.37376110900004, -71.11885805499998)",,,ANGLE,ROADWAY,COLLISION WITH MOTOR VEHICLE IN TRAFFIC,DAYLIGHT,CLOUDY,,NO CONTROLS,,WET,NOT AT INTERSECTION,"TWO-WAY, DIVIDED, POSITIVE MEDIAN BARRIER",NO,NO,25,NON INTERSECTION,MASS AVE,EASTBOUND,MAGOUN ST,,,,EASTBOUND,,,,,,,,UNKNOWN,,,PAN,MA,LIGHT TRUCK,,,,TRAVELING STRAIGHT AHEAD,2013,COLLISION WITH MOTOR VEHICLE IN TRAFFIC,JX55,INFI,1,,COLLISION WITH MOTOR VEHICLE IN TRAFFIC,,,,RIGHT FRONT,,,,EASTBOUND,,,,,,,,,,,UNKNOWN,,,,,,,UNKNOWN,,,PAN,MA,PASSENGER CAR,,,,CHANGING LANES,2010,COLLISION WITH MOTOR VEHICLE IN TRAFFIC,MKZ,LINC,1,,COLLISION WITH MOTOR VEHICLE IN TRAFFIC,,,,LEFT SIDE,,,,EASTBOUND,,,,,,,,,,,UNKNOWN,,,,,,,UNKNOWN,,,OPERATOR/DRIVER,NO INJURY,MASSACHUSETTS,"D, CLASS D VEHICLES",,UNKNOWN,,,,,,MALE,"FRONT SEAT - LEFT SIDE, OR MOTORCYLE DRIVER",UNKNOWN,NOT TRAPPED,Y,OPERATOR/DRIVER,NO INJURY,MASSACHUSETTS,"D, CLASS D VEHICLES","M, CLASS M VEHICLES",UNKNOWN,,,,,,MALE,"FRONT SEAT - LEFT SIDE, OR MOTORCYLE DRIVER",UNKNOWN,NOT TRAPPED,Y
6/13/17 0:36,Tuesday,PASSENGER CAR,MOTORCYCLE,,MASS AVE.,ALBANY ST.,,"MASS AVE. &amp; ALBANY ST.
Cambridge, MA
(42.360055242000044, -71.09775408399997)",,,ANGLE,ROADWAY,COLLISION WITH MOTOR VEHICLE IN TRAFFIC,DARK - LIGHTED ROADWAY,CLEAR,,TRAFFIC CONTROL SIGNAL,YES,DRY,FOUR WAY INTERSECTION,"TWO-WAY, DIVIDED, UNPROTECTED MEDIAN",NO,NO,25,INTERSECTION,MASS AVE.,WESTBOUND,ALBANY ST.,SOUTHBOUND,,,,,,,,,,,NONE,,,PAN,MA,PASSENGER CAR,,,,TURNING LEFT,2015,COLLISION WITH MOTOR VEHICLE IN TRAFFIC,MALIBU,CHEVY,1,,COLLISION WITH MOTOR VEHICLE IN TRAFFIC,,,,RIGHT FRONT,,,,WESTBOUND,,,,,,,,,,,NO IMPROPER DRIVING,,,,,,,NOT DISTRACTED,,NO,MCN,MA,MOTORCYCLE,,Y,,TRAVELING STRAIGHT AHEAD,2012,COLLISION WITH MOTOR VEHICLE IN TRAFFIC,PREGO (MC-23Y-150),JONWAY,2,,COLLISION WITH MOTOR VEHICLE IN TRAFFIC,,,,CENTER FRONT,RIGHT FRONT,LEFT FRONT,Y,EASTBOUND,,,,,,,,,,,NO IMPROPER DRIVING,,,,,,,NOT DISTRACTED,,YES OTHER REASON NOT DISABLED,OPERATOR/DRIVER,NO INJURY,MASSACHUSETTS,"D, CLASS D VEHICLES",,NONE,,,,,,MALE,"FRONT SEAT - LEFT SIDE, OR MOTORCYLE DRIVER",UNKNOWN,NOT TRAPPED,,OPERATOR/DRIVER,NON FATAL INJURY - POSSIBLE,MASSACHUSETTS,UNKNOWN,,OTHER,,,,,,MALE,"FRONT SEAT - LEFT SIDE, OR MOTORCYLE DRIVER",HELMET USED,NOT TRAPPED,Y
5/19/17 9:47,Friday,PASSENGER CAR,PASSENGER CAR,,MASSACHUSETTS AVE,,CEDAR ST,"MASSACHUSETTS AVE
Cambridge, MA
(42.37376110900004, -71.11885805499998)",,,REAR-END,ROADWAY,COLLISION WITH OTHER MOVABLE OBJECT,DAYLIGHT,CLEAR,,NO CONTROLS,NO,DRY,NOT AT INTERSECTION,"TWO-WAY, DIVIDED, UNPROTECTED MEDIAN",NO,NO,20,NON INTERSECTION,,,,,,,NORTHBOUND,,WESTBOUND,,,,,,NONE,,,PAN,MA,PASSENGER CAR,,,,TURNING RIGHT,2011,COLLISION WITH OTHER MOVABLE OBJECT,ROGUE,NISS,1,,COLLISION WITH OTHER MOVABLE OBJECT,,,,RIGHT FRONT,,,,NORTHBOUND,,,,,,,,,,,UNKNOWN,,,,,,,UNKNOWN,,NO,PAN,MA,PASSENGER CAR,,,,TURNING RIGHT,2010,COLLISION WITH OTHER MOVABLE OBJECT,RAV4,TOYT,1,,COLLISION WITH OTHER MOVABLE OBJECT,,,,LEFT REAR,,,,NORTHBOUND,,,,,,,,,,,UNKNOWN,,,,,,,UNKNOWN,,NO,OPERATOR/DRIVER,NO INJURY,MASSACHUSETTS,"D, CLASS D VEHICLES",,NONE,,,,,,FEMALE,,,,Y,OPERATOR/DRIVER,NO INJURY,MASSACHUSETTS,"D, CLASS D VEHICLES",,NONE,,,,,,MALE,,,,Y
6/29/17 16:35,Thursday,PASSENGER CAR,,,MASSACHUSETTS AVENUE,DOUGLASS STREET,,"MASSACHUSETTS AVENUE &amp; DOUGLASS STREET
Cambridge, MA
(42.37376110900004, -71.11885805499998)",1,,ANGLE,ROADWAY,COLLISION WITH PEDALCYCLE,DAYLIGHT,CLEAR,,TRAFFIC CONTROL SIGNAL,YES,DRY,FOUR WAY INTERSECTION,"TWO-WAY, NOT DIVIDED",NO,NO,25,INTERSECTION,MASSACHUSETTS AVENUE,EASTBOUND,DOUGLASS STREET,NORTHBOUND,,,,,,,,,,,NONE,,,PAN,MA,PASSENGER CAR,,,,SLOWING OR STOPPED IN TRAFFIC,2009,COLLISION WITH PEDALCYCLE,CIVIC,HONDA,1,,COLLISION WITH PEDALCYCLE,,,,RIGHT REAR,RIGHT SIDE,NONE,,NORTHBOUND,,,,,,,,,,,NO IMPROPER DRIVING,,,,,,,NOT DISTRACTED,,NO,,,,,,,,,,,,,,,,,,,,,,,,,,,,,,,,,,,,,,,,,,,OPERATOR/DRIVER,NO INJURY,MASSACHUSETTS,"D, CLASS D VEHICLES",,NONE,,,,,,FEMALE,"FRONT SEAT - LEFT SIDE, OR MOTORCYLE DRIVER",SHOULDER AND LAP BELT USED,NOT TRAPPED,Y,NON-MOTORIST,NON FATAL INJURY - NON INCAPACITATING,,,,,CYCLIST,ENTERING OR CROSSING SPECIFIED LOCATION,IN ROADWAY,NONE USED,,MALE,,,,
6/20/17 17:15,Tuesday,LIGHT TRUCK,PASSENGER CAR,49,WHITE STREET,,,"49 WHITE STREET
Cambridge, MA
(42.38929174200007, -71.11777847299999)",,,UNKNOWN,OUTSIDE ROADWAY,COLLISION WITH MOTOR VEHICLE IN TRAFFIC,DAYLIGHT,CLEAR,,NO CONTROLS,,DRY,NOT AT INTERSECTION,UNKNOWN,NO,NO,25,NON INTERSECTION,,,,,,,EASTBOUND,,,,,PORTER SQUARE SHOPPING MALL (SHAWS SUPERMARKET),,,NONE,,,PAN,CT,LIGHT TRUCK,,,,PARKED,2016,COLLISION WITH MOTOR VEHICLE IN TRAFFIC,RAV4,TOYOTA,0,,COLLISION WITH MOTOR VEHICLE IN TRAFFIC,,,,RIGHT FRONT,,,,,,,,,,,,,,,NO IMPROPER DRIVING,,,,,,,,,NO,PAN,MA,PASSENGER CAR,,,Y,UNKNOWN,0,COLLISION WITH PARKED MOTOR VEHICLE,UNKNOWN,UNKNOWN,1,,COLLISION WITH PARKED MOTOR VEHICLE,,,,UNKNOWN,,,,UNKNOWN,,,,,,,,,,,UNKNOWN,,,,,,,UNKNOWN,,,OPERATOR/DRIVER,UNKNOWN,ALBERTA,"D, CLASS D VEHICLES",,NONE,,,,,,MALE,,,,,OPERATOR/DRIVER,UNKNOWN,MASSACHUSETTS,"D, CLASS D VEHICLES",,NONE,,,,,,UNKNOWN,,,,
4/11/17 21:00,Tuesday,PASSENGER CAR,,,GARDEN ST,HURON AVE,,"GARDEN ST &amp; HURON AVE
Cambridge, MA
(42.380583330000036, -71.14182576699994)",,,REAR-END,ROADWAY,COLLISION WITH PARKED MOTOR VEHICLE,DAYLIGHT,UNKNOWN,,TRAFFIC CONTROL SIGNAL,YES,UNKNOWN,FOUR WAY INTERSECTION,"TWO-WAY, DIVIDED, UNPROTECTED MEDIAN",NO,NO,25,INTERSECTION,GARDEN ST,NORTHBOUND,HURON AVE,WESTBOUND,,,,,,,,,,,UNKNOWN,,,PAN,WA,PASSENGER CAR,,,Y,PARKED,2011,COLLISION WITH MOTOR VEHICLE IN TRAFFIC,2,SUBARU,0,,UNKNOWN,,,,RIGHT REAR,REAR CENTER,LEFT REAR,,,,,,,,,,,,,,,,,,,,,,,,,,,,,,,,,,,,,,,,,,,,,,,,,,,,,,,,,,,,,,,,,UNINVOLVED OWNER,,WASHINGTON,"D, CLASS D VEHICLES",,,,,,,,FEMALE,,,,Y,,,,,,,,,,,,,,,,
4/20/17 10:30,Thursday,PASSENGER CAR,SINGLE UNIT TRUCK (2 AXLES - 6 TIRES),,MASS AVE,ALEWIFE BROOK PARKWAY,,"MASS AVE &amp; ALEWIFE BROOK PARKWAY
Cambridge, MA
(42.39053802600006, -71.14174554499994)",,,ANGLE,UNKNOWN,UNKNOWN,DAYLIGHT,CLEAR,,TRAFFIC CONTROL SIGNAL,YES,DRY,FOUR WAY INTERSECTION,"TWO-WAY, DIVIDED, POSITIVE MEDIAN BARRIER",NO,NO,25,INTERSECTION,MASS AVE,WESTBOUND,ALEWIFE BROOK PARKWAY,SOUTHBOUND,,,,,,,,,,,NONE,,,PAN,MA,PASSENGER CAR,,,,ENTERING TRAFFIC LANE,2016,UNKNOWN,CAMRY,TOYOTA,2,,COLLISION WITH MOTOR VEHICLE IN TRAFFIC,,,,LEFT SIDE,LEFT REAR,REAR CENTER,,WESTBOUND,,,,,,,,,,,UNKNOWN,,,,,,,UNKNOWN,,,CON,MA,SINGLE UNIT TRUCK (2 AXLES - 6 TIRES),,,,TRAVELING STRAIGHT AHEAD,2000,UNKNOWN,DUMP,MACK,1,,COLLISION WITH MOTOR VEHICLE IN TRAFFIC,,,,RIGHT FRONT,CENTER FRONT,,,WESTBOUND,,,,,,,,,,,NO IMPROPER DRIVING,,,,,,,UNKNOWN,,,OPERATOR/DRIVER,NON FATAL INJURY - NON INCAPACITATING,MASSACHUSETTS,"D, CLASS D VEHICLES",,UNKNOWN,,,,,,MALE,"FRONT SEAT - LEFT SIDE, OR MOTORCYLE DRIVER",SHOULDER AND LAP BELT USED,NOT TRAPPED,Y,WITNESS,,,,,,,,,,,MALE,,,,
4/13/17 9:43,Thursday,LIGHT TRUCK,,271,THIRD STREET,,,"271 THIRD STREET
Cambridge, MA
(42.36589424600004, -71.08235236099995)",,,"SIDESWIPE, SAME DIRECTION",UNKNOWN,COLLISION WITH PARKED MOTOR VEHICLE,UNKNOWN,UNKNOWN,UNKNOWN,NO CONTROLS,,UNKNOWN,NOT AT INTERSECTION,"TWO-WAY, NOT DIVIDED",NO,NO,25,NON INTERSECTION,,,,,,,SOUTHBOUND,,,,,,,,UNKNOWN,,,PAN,MA,LIGHT TRUCK,,,Y,PARKED,2002,COLLISION WITH PARKED MOTOR VEHICLE,ODDESSY,HONDA,0,,UNKNOWN,,,,LEFT FRONT,CENTER FRONT,RIGHT FRONT,,,,,,,,,,,,,NO IMPROPER DRIVING,,,,,,,,,,,,,,,,,,,,,,,,,,,,,,,,,,,,,,,,,,,,,,,,,,,,UNINVOLVED OWNER,,MASSACHUSETTS,"D, CLASS D VEHICLES",,,,,,,,MALE,,,,Y,,,,,,,,,,,,,,,,
4/25/17 11:18,Tuesday,PASSENGER CAR,,,BRATTLE,MT. AUBURN,,"BRATTLE &amp; MT. AUBURN
Cambridge, MA
(42.375080000000025, -71.15000999999995)",,,ANGLE,UNKNOWN,COLLISION WITH MOTOR VEHICLE IN TRAFFIC,DAYLIGHT,CLOUDY,CLOUDY,NO CONTROLS,YES,DRY,Y-INTERSECTION,"TWO-WAY, DIVIDED, UNPROTECTED MEDIAN",NO,NO,25,INTERSECTION,BRATTLE,WESTBOUND,MT. AUBURN,WESTBOUND,,,,,,,,,,,NONE,,,PAN,MA,PASSENGER CAR,,,Y,TRAVELING STRAIGHT AHEAD,2014,COLLISION WITH MOTOR VEHICLE IN TRAFFIC,TIJUAN,VOLKSWAGON,1,,COLLISION WITH MOTOR VEHICLE IN TRAFFIC,,,,RIGHT REAR,OTHER,NONE,,WESTBOUND,,,,,,,,,,,NO IMPROPER DRIVING,NO IMPROPER DRIVING,,,,,,NOT DISTRACTED,,,,,,,,,,,,,,,,,,,,,,,,,,,,,,,,,,,,,,,,,,,,,OPERATOR/DRIVER,NO INJURY,MASSACHUSETTS,"D, CLASS D VEHICLES",,NONE,,,,,,FEMALE,"FRONT SEAT - LEFT SIDE, OR MOTORCYLE DRIVER",SHOULDER AND LAP BELT USED,NOT TRAPPED,Y,,,,,,,,,,,,,,,,
6/24/17 7:43,Saturday,LIGHT TRUCK,SINGLE UNIT TRUCK (2 AXLES - 6 TIRES),,THIRD STREET,CAMBRIDGE STREET,,"THIRD STREET &amp; CAMBRIDGE STREET
Cambridge, MA
(42.37177216100008, -71.08567111699995)",,,"SIDESWIPE, OPPOSITE DIRECTION",UNKNOWN,COLLISION WITH MOTOR VEHICLE IN TRAFFIC,DAYLIGHT,CLEAR,,TRAFFIC CONTROL SIGNAL,YES,DRY,FOUR WAY INTERSECTION,"TWO-WAY, NOT DIVIDED",NO,NO,25,INTERSECTION,THIRD STREET,SOUTHBOUND,CAMBRIDGE STREET,EASTBOUND,,,,,,,,,,,NONE,,,PAN,MA,LIGHT TRUCK,,,,TRAVELING STRAIGHT AHEAD,2013,COLLISION WITH MOTOR VEHICLE IN TRAFFIC,X328I,BMW,1,,COLLISION WITH MOTOR VEHICLE IN TRAFFIC,,,,RIGHT REAR,RIGHT SIDE,,,EASTBOUND,,,,,,,,,,,NO IMPROPER DRIVING,,,,,,,NOT DISTRACTED,,,CON,MA,SINGLE UNIT TRUCK (2 AXLES - 6 TIRES),,,,MAKING U-TURN,2017,COLLISION WITH MOTOR VEHICLE IN TRAFFIC,BUCKT,4300,1,,COLLISION WITH MOTOR VEHICLE IN TRAFFIC,,,,LEFT FRONT,,,,EASTBOUND,,,,,,,,,,,NO IMPROPER DRIVING,,,,,,,UNKNOWN,,,OPERATOR/DRIVER,NO INJURY,MASSACHUSETTS,"D, CLASS D VEHICLES",,NONE,,,,,,FEMALE,"FRONT SEAT - LEFT SIDE, OR MOTORCYLE DRIVER",SHOULDER AND LAP BELT USED,UNKNOWN,Y,OPERATOR/DRIVER,NO INJURY,MASSACHUSETTS,"A, CLASS A VEHICLES",,UNKNOWN,,,,,,MALE,"FRONT SEAT - LEFT SIDE, OR MOTORCYLE DRIVER",SHOULDER AND LAP BELT USED,NOT TRAPPED,
4/25/17 8:39,Tuesday,PASSENGER CAR,,,BROADWAY,DAVIS ST,,"BROADWAY &amp; DAVIS ST
Cambridge, MA
(42.364701998000044, -71.08905975299996)",1,,ANGLE,ROADWAY,COLLISION WITH PEDALCYCLE,DAYLIGHT,RAIN,,NO CONTROLS,,WET,T-INTERSECTION,"TWO-WAY, NOT DIVIDED",NO,NO,25,INTERSECTION,BROADWAY,EASTBOUND,DAVIS ST,SOUTHBOUND,,,,,,,,,,,NONE,,,PAN,MA,PASSENGER CAR,,,,TURNING LEFT,2007,COLLISION WITH PEDALCYCLE,CAMRY,TOYOTA,1,,COLLISION WITH PEDALCYCLE,,,,RIGHT SIDE,,,,SOUTHBOUND,,,,,,,,,,,UNKNOWN,,,,,,,UNKNOWN,,,,,,,,,,,,,,,,,,,,,,,,,,,,,,,,,,,,,,,,,,,,,OPERATOR/DRIVER,NO INJURY,MASSACHUSETTS,"D, CLASS D VEHICLES",,NONE,,,,,,MALE,"FRONT SEAT - LEFT SIDE, OR MOTORCYLE DRIVER",UNKNOWN,NOT TRAPPED,Y,NON-MOTORIST,NON FATAL INJURY - NON INCAPACITATING,,,,,CYCLIST,"WALKING, RUNNING OR CYCLING",AT INTERSECTION BUT NO CROSSWALK,UNKNOWN,,MALE,,,,
6/4/17 10:13,Sunday,PASSENGER CAR,,17,BOARDMAN ST,,BROADWAY,"17 BOARDMAN ST
Cambridge, MA
(42.367102670000065, -71.09657112699995)",,,REAR-END,ROADSIDE,COLLISION WITH PARKED MOTOR VEHICLE,UNKNOWN,CLEAR,,NO CONTROLS,,DRY,NOT AT INTERSECTION,"TWO-WAY, NOT DIVIDED",NO,NO,25,NON INTERSECTION,,,,,,,SOUTHBOUND,,NORTHBOUND,,,,,,NONE,,,PAN,MA,PASSENGER CAR,,,,PARKED,2011,UNKNOWN,COROLLA,TOYOTA,0,,UNKNOWN,,,,LEFT REAR,,,,SOUTHBOUND,,,,,,,,,,,NO IMPROPER DRIVING,,,,,,,NOT DISTRACTED,,,,,,,,Y,ENTERING TRAFFIC LANE,,COLLISION WITH PARKED MOTOR VEHICLE,UNKNOWN,UNKNOWN,1,,COLLISION WITH PARKED MOTOR VEHICLE,,,,UNKNOWN,,,,SOUTHBOUND,,,,,,,,,,,UNKNOWN,,,,,,,UNKNOWN,,,UNINVOLVED OWNER,,MASSACHUSETTS,"D, CLASS D VEHICLES",,CORRECTIVE LENSES,,,,,,FEMALE,,,,Y,,,,,,,,,,,,,,,,