Date Time,Day of Week,Object 1,Object 2,Street Number,Street Name,Cross Street,Near Street,Location,May involve cyclist,May Involve Pedestrian,Manner of Collision,First Harmful Event Location,First Harmful Event,Ambient Light,Weather Condition 1,Weather Condition 2,Traffic Control Device Type,Traffic Control Device Functionality,Road Surface Condition,Roadway Junction Type,Trafficway Description,School Bus Related,Work Zone,Speed Limit,Street or Intersection,Intersection Name 1,Intersection Direction 1,Intersection Name 2,Intersection Direction 2,Intersection Name 3,Intersection Direction 3,Street Direction,Nearest Intersection Distance,Nearest Intersection Direction,Landmark Distance,Landmark Direction,Landmark,Mile Marker Direction,Non Public Area,Road Contributing,Damaged Property Type,Description of Damaged Property,V1 Registration Type,v1 State Code,V1 Configuration,V1 Emergency Response,V1 Moped,V1 Hit and Run,V1 Action Prior to Crash,V1 Model Year,V1 Most Harmful Event,V1 Model,V1 Make,V1 Occupant Count,V1 Underride Override,V1 First Event,V1 Second Event,V1 Third Event,V1 Fourth Event,V1 Most Damaged Area,V1 Second Damaged Area,V1 Third Damaged Area,V1 Towed,V1 Travel Direction,V1 Interstate,V1 Cargo Body Type,V1 Gross Weight,V1 Haz Placard,V1 Haz Release,V1 Trailer Reg Type,V1 Trailer Reg Plate,V1 Trailer Reg State,V1 Trailer Reg Year,V1 Trailer Len,V1 Driver Contribution,V1 Driver Contribution 2,V1 Is Truck,V1 Has Trailer,V1 Is Bus,V1 Is Hazmat,V1 Reg Year,V1 Driver Distracted,V1 Bus Use,V1 Tow Use,V2 Registration Type,V2 State Code,V2 Configuration,V2 Emergency Response,V2 Moped,V2 Hit and Run,V2 Action Prior to Crash,V2 Model Year,V2 Most Harmful Event,V2 Model,V2 Make,V2 Occupant Count,V2 Underride Override,V2 First Event,V2 Second Event,V2 Third Event,V2 Fourth Event,V2 Most Damaged Area,V2 Second Damaged Area,V2 Third Damaged Area,V2 Towed,V2 Travel Direction,V2 Interstate,V2 Cargo Body Type,V2 Gross Weight,V2 Haz Placard,V2 Haz Release,V2 Trailer Reg Type,V2 Trailer Reg Plate,V2 Trailer Reg State,V2 Trailer Reg Year,V2 Trailer Len,V2 Driver Contribution,V2 Driver Contribution 2,V2 Is Truck,V2 Has Trailer,V2 Is Bus,V2 Is Hazmat,V2 Reg Year,V2 Driver Distracted,V2 Bus Use,V2 Tow Use,P1 Role,P1 Injury,P1 Drivers Lic State,P1 Drivers Lic Class 1,P1 Drivers Lic Class 2,P1 Drivers Lic Restrict,P1 Non Motorist Desc,P1 Non Motorist Action,P1 Non Motorist Location,P1 Safety Equipment,P1 Age,P1 Sex,P1 Seat Position,P1 Safety System,P1 Trapped,P1 Veh Owner,P2 Role,P2 Injury,P2 Drivers Lic State,P2 Drivers Lic Class 1,P2 Drivers Lic Class 2,P2 Drivers Lic Restrict,P2 Non Motorist Desc,P2 Non Motorist Action,P2 Non Motorist Location,P2 Safety Equipment,P2 Age,P2 Sex,P2 Seat Position,P2 Safety System,P2 Trapped,P2 Veh Owner
5/5/17 13:40,Friday,PASSENGER CAR,,362,GREEN ST,,,"362 GREEN ST
Cambridge, MA
(42.365490978000025, -71.10544540799998)",,,UNKNOWN,ROADWAY,COLLISION WITH PARKED MOTOR VEHICLE,DAYLIGHT,CLEAR,CLOUDY,NO CONTROLS,,WET,NOT AT INTERSECTION,"ONE-WAY, NOT DIVIDED",NO,NO,25,NON INTERSECTION,,,,,,,WESTBOUND,,,,,,,,UNKNOWN,,,PAN,MA,PASSENGER CAR,,,,PARKED,2006,COLLISION WITH MOTOR VEHICLE IN TRAFFIC,TAURUS,FORD,,,COLLISION WITH MOTOR VEHICLE IN TRAFFIC,,,,CENTER FRONT,,,,,,,,,,,,,,,,,,,,,,,,,PAN,OT,,,,Y,BACKING,,COLLISION WITH PARKED MOTOR VEHICLE,UNK,UNK,,,COLLISION WITH PARKED MOTOR VEHICLE,,,,UNKNOWN,,,,EASTBOUND,,,,,,,,,,,OTHER IMPROPER ACTION,,,,,,,UNKNOWN,,,UNINVOLVED OWNER,,,,,,,,,,,MALE,,,,Y,,,,,,,,,,,,,,,,
6/26/17 21:07,Monday,LIGHT TRUCK,PASSENGER CAR,,BROADWAY,TREMONT ST.,,"BROADWAY &amp; TREMONT ST.
Cambridge, MA
(42.37164541000004, -71.09803093499994)",,,"SIDESWIPE, OPPOSITE DIRECTION",ROADWAY,COLLISION WITH MOTOR VEHICLE IN TRAFFIC,DAYLIGHT,CLEAR,,NO CONTROLS,,DRY,T-INTERSECTION,"TWO-WAY, DIVIDED, UNPROTECTED MEDIAN",NO,NO,25,INTERSECTION,BROADWAY,NORTHBOUND,TREMONT ST.,WESTBOUND,,,,,,,,,,,NONE,,,MVN,MA,LIGHT TRUCK,Y,,,TRAVELING STRAIGHT AHEAD,2016,COLLISION WITH MOTOR VEHICLE IN TRAFFIC,EXPLORER,FORD,1,,COLLISION WITH MOTOR VEHICLE IN TRAFFIC,,,,RIGHT FRONT,RIGHT SIDE,,,NORTHBOUND,,,,,,,,,,,UNKNOWN,,,,,,,NOT DISTRACTED,,NO,LVN,MA,PASSENGER CAR,,,,TURNING LEFT,2014,COLLISION WITH MOTOR VEHICLE IN TRAFFIC,MKS`,LINCOLN,1,,COLLISION WITH MOTOR VEHICLE IN TRAFFIC,,,,RIGHT FRONT,CENTER FRONT,LEFT FRONT,Y,WESTBOUND,,,,,,,,,,,UNKNOWN,,,,,,,UNKNOWN,,YES VEHICLE OR TRAILER DISABLED,OPERATOR/DRIVER,NON FATAL INJURY - POSSIBLE,MASSACHUSETTS,"D, CLASS D VEHICLES",,NONE,,,,,,MALE,"FRONT SEAT - LEFT SIDE, OR MOTORCYLE DRIVER",NONE USED - VEHICLE OCCUPANT,NOT TRAPPED,,OPERATOR/DRIVER,NON FATAL INJURY - POSSIBLE,MASSACHUSETTS,"D, CLASS D VEHICLES",,NONE,,,,,,MALE,"FRONT SEAT - LEFT SIDE, OR MOTORCYLE DRIVER",UNKNOWN,NOT TRAPPED,Y
5/26/17 15:53,Friday,PASSENGER CAR,PASSENGER CAR,,CONCORD AVE,,CHILTON STREET,"CONCORD AVE
Cambridge, MA
(42.38471931500004, -71.13605341999994)",,,REAR-END,ROADWAY,COLLISION WITH MOTOR VEHICLE IN TRAFFIC,DAYLIGHT,CLOUDY,RAIN,NO CONTROLS,NO,DRY,NOT AT INTERSECTION,"TWO-WAY, NOT DIVIDED",NO,NO,25,NON INTERSECTION,,,,,,,NORTHBOUND,,EASTBOUND,,,,,,NONE,,,PAN,MA,PASSENGER CAR,,,,SLOWING OR STOPPED IN TRAFFIC,2005,COLLISION WITH MOTOR VEHICLE IN TRAFFIC,9.5,SAAB,1,,COLLISION WITH MOTOR VEHICLE IN TRAFFIC,,,,LEFT REAR,,,,NORTHBOUND,,,,,,,,,,,NO IMPROPER DRIVING,,,,,,,NOT DISTRACTED,,NO,PAN,MA,PASSENGER CAR,,,Y,TRAVELING STRAIGHT AHEAD,2009,COLLISION WITH MOTOR VEHICLE IN TRAFFIC,CX9,MAZDA,1,,COLLISION WITH MOTOR VEHICLE IN TRAFFIC,,,,UNKNOWN,,,,NORTHBOUND,,,,,,,,,,,UNKNOWN,,,,,,,UNKNOWN,,NO,OPERATOR/DRIVER,NO INJURY,MASSACHUSETTS,"D, CLASS D VEHICLES",,NONE,,,,,,FEMALE,,,,,UNINVOLVED OWNER,,,,,,,,,,,MALE,,,,
6/22/17 8:15,Thursday,LIGHT TRUCK,,,HAMPSHIRE ST,CAMBRIDGE ST,,"HAMPSHIRE ST &amp; CAMBRIDGE ST
Cambridge, MA
(42.36612000000008, -71.09149999999994)",1,,"SIDESWIPE, SAME DIRECTION",ROADWAY,COLLISION WITH PEDALCYCLE,DAYLIGHT,CLEAR,,TRAFFIC CONTROL SIGNAL,YES,DRY,FIVE-POINT OR MORE,"TWO-WAY, NOT DIVIDED",NO,NO,25,INTERSECTION,HAMPSHIRE ST,EASTBOUND,CAMBRIDGE ST,WESTBOUND,,,,,,,,,,,NONE,,,CON,MA,LIGHT TRUCK,,,,TURNING RIGHT,2017,COLLISION WITH PEDALCYCLE,TRANSI,FORD,1,,COLLISION WITH PEDALCYCLE,,,,NONE,,,,EASTBOUND,,,,,,,,,,,MADE AN IMPROPER TURN,,,,,,,UNKNOWN,,,,,,,,,,,,,,,,,,,,,,,,,,,,,,,,,,,,,,,,,,,,,OPERATOR/DRIVER,NO INJURY,MASSACHUSETTS,"D, CLASS D VEHICLES",,UNKNOWN,,,,,,MALE,"FRONT SEAT - LEFT SIDE, OR MOTORCYLE DRIVER",UNKNOWN,NOT TRAPPED,,UNINVOLVED OWNER,,,,,,,,,,,UNKNOWN,,,,Y
4/6/17 20:11,Thursday,PASSENGER CAR,,25,MT. AUBURN STREET,,ATHENS STREET,"25 MT. AUBURN STREET
Cambridge, MA
(42.37072055300007, -71.11505449599997)",1,,ANGLE,ROADWAY,COLLISION WITH MOTOR VEHICLE IN TRAFFIC,DAYLIGHT,RAIN,,NO CONTROLS,NO,WET,T-INTERSECTION,"ONE-WAY, NOT DIVIDED",NO,NO,25,NON INTERSECTION,,,,,,,SOUTHBOUND,,WESTBOUND,,,,,,NONE,,,PAN,MA,PASSENGER CAR,,,,TURNING RIGHT,2014,COLLISION WITH PEDALCYCLE,TAURUS,FORD,1,,COLLISION WITH PEDALCYCLE,,,,TOP AND WINDOWS,LEFT SIDE,,,WESTBOUND,,,,,,,,,,,NO IMPROPER DRIVING,,,,,,,NOT DISTRACTED,,YES VEHICLE OR TRAILER DISABLED,,,,,,,,,,,,,,,,,,,,,,,,,,,,,,,,,,,,,,,,,,,OPERATOR/DRIVER,NO INJURY,NEW JERSEY,"D, CLASS D VEHICLES",,NONE,,,,,,MALE,,,,Y,NON-MOTORIST,NON FATAL INJURY - POSSIBLE,,,,,CYCLIST,ENTERING OR CROSSING SPECIFIED LOCATION,IN ROADWAY,NONE USED,,MALE,,,,
4/6/17 13:00,Thursday,LIGHT TRUCK,PASSENGER CAR,,MASS AVE,,ALEWIFE BROOK PKWY,"MASS AVE
Cambridge, MA
(42.37376110900004, -71.11885805499998)",,,ANGLE,ROADWAY,COLLISION WITH MOTOR VEHICLE IN TRAFFIC,DAYLIGHT,RAIN,,NO CONTROLS,,WET,NOT AT INTERSECTION,"TWO-WAY, DIVIDED, POSITIVE MEDIAN BARRIER",NO,NO,25,NON INTERSECTION,,,,,,,WESTBOUND,,,,,,,,UNKNOWN,,,PAN,MA,LIGHT TRUCK,,,,TRAVELING STRAIGHT AHEAD,2015,COLLISION WITH MOTOR VEHICLE IN TRAFFIC,CX5,MAZD,1,,COLLISION WITH MOTOR VEHICLE IN TRAFFIC,,,,RIGHT FRONT,,,,WESTBOUND,,,,,,,,,,,UNKNOWN,,,,,,,UNKNOWN,,,PASS,NY,PASSENGER CAR,,,,CHANGING LANES,2016,COLLISION WITH MOTOR VEHICLE IN TRAFFIC,VRS,NISS,,,COLLISION WITH MOTOR VEHICLE IN TRAFFIC,,,,LEFT SIDE,,,,WESTBOUND,,,,,,,,,,,UNKNOWN,,,,,,,UNKNOWN,,,OPERATOR/DRIVER,NO INJURY,MASSACHUSETTS,"D, CLASS D VEHICLES",,UNKNOWN,,,,,,MALE,"FRONT SEAT - LEFT SIDE, OR MOTORCYLE DRIVER",UNKNOWN,NOT TRAPPED,Y,OPERATOR/DRIVER,NO INJURY,MICHIGAN,"C, CLASS C VEHICLES",,UNKNOWN,,,,,,MALE,"FRONT SEAT - LEFT SIDE, OR MOTORCYLE DRIVER",UNKNOWN,NOT TRAPPED,
5/7/17 14:22,Sunday,PASSENGER CAR,PASSENGER CAR,,GALILEO BLVD,BROADWAY,,"GALILEO BLVD &amp; BROADWAY
Cambridge, MA
(42.364701998000044, -71.08905975299996)",,,REAR-END,ROADWAY,COLLISION WITH MOTOR VEHICLE IN TRAFFIC,DAYLIGHT,CLEAR,,TRAFFIC CONTROL SIGNAL,YES,DRY,FOUR WAY INTERSECTION,"TWO-WAY, DIVIDED, UNPROTECTED MEDIAN",NO,NO,25,INTERSECTION,GALILEO BLVD,SOUTHBOUND,BROADWAY,WESTBOUND,,,,,,,,,,,NONE,,,PAN,MA,PASSENGER CAR,,,,TRAVELING STRAIGHT AHEAD,2012,COLLISION WITH MOTOR VEHICLE IN TRAFFIC,CRV,HONDA,1,,COLLISION WITH MOTOR VEHICLE IN TRAFFIC,,,,RIGHT FRONT,CENTER FRONT,LEFT FRONT,,SOUTHBOUND,,,,,,,,,,,UNKNOWN,,,,,,,NOT DISTRACTED,,NO,PAN,MA,PASSENGER CAR,,,,SLOWING OR STOPPED IN TRAFFIC,2016,COLLISION WITH MOTOR VEHICLE IN TRAFFIC,ACCORD,HONDA,2,,COLLISION WITH MOTOR VEHICLE IN TRAFFIC,,,,RIGHT REAR,REAR CENTER,LEFT REAR,,SOUTHBOUND,,,,,,,,,,,NO IMPROPER DRIVING,,,,,,,NOT DISTRACTED,,NO,OPERATOR/DRIVER,NO INJURY,MASSACHUSETTS,"D, CLASS D VEHICLES",,NONE,,,,,,FEMALE,"FRONT SEAT - LEFT SIDE, OR MOTORCYLE DRIVER",SHOULDER AND LAP BELT USED,NOT TRAPPED,Y,OPERATOR/DRIVER,NO INJURY,MASSACHUSETTS,"D, CLASS D VEHICLES",,NONE,,,,,,MALE,"FRONT SEAT - LEFT SIDE, OR MOTORCYLE DRIVER",SHOULDER AND LAP BELT USED,NOT TRAPPED,Y
6/6/17 18:30,Tuesday,PASSENGER CAR,,340,RIVER STREET,,,"340 RIVER STREET
Cambridge, MA
(42.362000290000026, -71.11434207399998)",,,"SIDESWIPE, SAME DIRECTION",ROADWAY,COLLISION WITH PARKED MOTOR VEHICLE,DAYLIGHT,RAIN,CLOUDY,NO CONTROLS,NO,WET,NOT AT INTERSECTION,UNKNOWN,NO,NO,25,NON INTERSECTION,,,,,,,NORTHBOUND,,,,,,,,UNKNOWN,,,PAN,NY,PASSENGER CAR,,,,PARKED,2013,COLLISION WITH PARKED MOTOR VEHICLE,ACCORD,HONDA,0,,COLLISION WITH MOTOR VEHICLE IN TRAFFIC,,,,RIGHT REAR,,,,UNKNOWN,,,,,,,,,,,NO IMPROPER DRIVING,,,,,,,NOT DISTRACTED,,,,,,,,,,,,,,,,,,,,,,,,,,,,,,,,,,,,,,,,,,,,,UNINVOLVED OWNER,,NEW YORK,UNKNOWN,,UNKNOWN,,,,,,FEMALE,,,,Y,,,,,,,,,,,,,,,,
4/29/17 2:01,Saturday,PASSENGER CAR,,,JOHN F. KENNEDY ST,MASSACHUSETTS AVE,,"JOHN F. KENNEDY ST &amp; MASSACHUSETTS AVE
Cambridge, MA
(42.37376110900004, -71.11885805499998)",,,"SIDESWIPE, SAME DIRECTION",ROADWAY,COLLISION WITH OTHER MOVABLE OBJECT,DARK - LIGHTED ROADWAY,CLEAR,,TRAFFIC CONTROL SIGNAL,YES,DRY,Y-INTERSECTION,"ONE-WAY, NOT DIVIDED",NO,NO,25,INTERSECTION,JOHN F. KENNEDY ST,NORTHBOUND,MASSACHUSETTS AVE,NORTHBOUND,BRATTLE,WESTBOUND,,,,,,,,,NONE,,,TAN,MA,PASSENGER CAR,,,,TURNING RIGHT,2011,COLLISION WITH OTHER MOVABLE OBJECT,CAMRY,TOYOTA,1,,COLLISION WITH OTHER MOVABLE OBJECT,,,,RIGHT SIDE,,,,WESTBOUND,,,,,,,,,,,UNKNOWN,,,,,,,UNKNOWN,,,,,,,,,,,,,,,,,,,,,,,,,,,,,,,,,,,,,,,,,,,,,OPERATOR/DRIVER,NO INJURY,MASSACHUSETTS,UNKNOWN,,UNKNOWN,,,,,,MALE,"FRONT SEAT - LEFT SIDE, OR MOTORCYLE DRIVER",UNKNOWN,,Y,NON-MOTORIST,NO INJURY,MASSACHUSETTS,,,,,,,,,MALE,,,,
5/12/17 8:30,Friday,PASSENGER CAR,,,HARDING ST,,CAMBRIDGE ST,"HARDING ST
Cambridge, MA
(42.37320819900003, -71.09049091499998)",,,UNKNOWN,ROADWAY,COLLISION WITH PARKED MOTOR VEHICLE,UNKNOWN,UNKNOWN,,NO CONTROLS,,UNKNOWN,NOT AT INTERSECTION,"ONE-WAY, NOT DIVIDED",NO,NO,25,NON INTERSECTION,,,,,,,NORTHBOUND,,,,,,,,NONE,,,PAN,MA,PASSENGER CAR,,,,PARKED,2017,COLLISION WITH MOTOR VEHICLE IN TRAFFIC,CIVIC,HOND,0,,COLLISION WITH MOTOR VEHICLE IN TRAFFIC,,,,LEFT SIDE,LEFT FRONT,,,,,,,,,,,,,,,,,,,,,,,,PAN,OT,,,,Y,UNKNOWN,,COLLISION WITH PARKED MOTOR VEHICLE,UNK,UNK,,,COLLISION WITH PARKED MOTOR VEHICLE,,,,UNKNOWN,,,,UNKNOWN,,,,,,,,,,,OTHER IMPROPER ACTION,,,,,,,UNKNOWN,,,UNINVOLVED OWNER,,,,,,,,,,,FEMALE,,,,Y,,,,,,,,,,,,,,,,
6/16/17 8:15,Friday,PASSENGER CAR,PASSENGER CAR,60,OXFORD ST,,HAMMOND ST,"60 OXFORD ST
Cambridge, MA
(42.380779733000054, -71.11633651499994)",,,"SIDESWIPE, SAME DIRECTION",ROADWAY,COLLISION WITH PARKED MOTOR VEHICLE,DAYLIGHT,CLOUDY,,NO CONTROLS,,DRY,NOT AT INTERSECTION,"TWO-WAY, NOT DIVIDED",NO,NO,25,NON INTERSECTION,,,,,,,WESTBOUND,,,,,,,,NONE,,,TAN,MA,PASSENGER CAR,,,Y,ENTERING TRAFFIC LANE,2011,COLLISION WITH PARKED MOTOR VEHICLE,CAMRY,TOYT,1,,COLLISION WITH PARKED MOTOR VEHICLE,,,,RIGHT FRONT,,,,WESTBOUND,,,,,,,,,,,OTHER IMPROPER ACTION,,,,,,,UNKNOWN,,,PAN,MA,PASSENGER CAR,,,,PARKED,2008,COLLISION WITH MOTOR VEHICLE IN TRAFFIC,3,MAZD,0,,COLLISION WITH MOTOR VEHICLE IN TRAFFIC,,,,LEFT REAR,,,,,,,,,,,,,,,,,,,,,,,,,OPERATOR/DRIVER,NO INJURY,MASSACHUSETTS,"D, CLASS D VEHICLES",,NONE,,,,,,MALE,"FRONT SEAT - LEFT SIDE, OR MOTORCYLE DRIVER",UNKNOWN,NOT TRAPPED,,UNINVOLVED OWNER,,,,,,,,,,,UNKNOWN,,,,Y
6/15/17 10:20,Thursday,PASSENGER CAR,LIGHT TRUCK,,ROGERS STREET,SECOND STREET,,"ROGERS STREET &amp; SECOND STREET
Cambridge, MA
(42.369211912000026, -71.07896924899995)",,,ANGLE,ROADWAY,COLLISION WITH MOTOR VEHICLE IN TRAFFIC,DAYLIGHT,CLEAR,CLEAR,STOP SIGNS,YES,DRY,FOUR WAY INTERSECTION,"TWO-WAY, DIVIDED, UNPROTECTED MEDIAN",NO,NO,25,INTERSECTION,ROGERS STREET,NORTHBOUND,SECOND STREET,WESTBOUND,,,,,,,,,,,OBSTRUCTION IN ROADWAY,,,PAN,MA,PASSENGER CAR,,,,TRAVELING STRAIGHT AHEAD,2015,COLLISION WITH MOTOR VEHICLE IN TRAFFIC,COROLLA,TOYOTA,1,,COLLISION WITH MOTOR VEHICLE IN TRAFFIC,,,,RIGHT FRONT,CENTER FRONT,,,NORTHBOUND,,,,,,,,,,,NO IMPROPER DRIVING,,,,,,,UNKNOWN,,,PAN,MA,LIGHT TRUCK,,,,TRAVELING STRAIGHT AHEAD,2003,COLLISION WITH MOTOR VEHICLE IN TRAFFIC,GRAND CHEROKEE,JEEP,1,,COLLISION WITH MOTOR VEHICLE IN TRAFFIC,,,,LEFT FRONT,,,,WESTBOUND,,,,,,,,,,,NO IMPROPER DRIVING,,,,,,,NOT DISTRACTED,,,OPERATOR/DRIVER,NO INJURY,MASSACHUSETTS,"D, CLASS D VEHICLES",,NONE,,,,,31,FEMALE,"FRONT SEAT - LEFT SIDE, OR MOTORCYLE DRIVER",UNKNOWN,NOT TRAPPED,Y,OPERATOR/DRIVER,NO INJURY,MASSACHUSETTS,"D, CLASS D VEHICLES",,CORRECTIVE LENSES,,,,,27,MALE,"FRONT SEAT - LEFT SIDE, OR MOTORCYLE DRIVER",UNKNOWN,NOT TRAPPED,Y
6/4/17 21:16,Sunday,PASSENGER CAR,PASSENGER CAR,699,MOUNT AUBURN STREET,,BELMONT STREET,"699 MOUNT AUBURN STREET
Cambridge, MA
(42.37482088500008, -71.14938505099997)",,,HEAD ON,ROADWAY,COLLISION WITH MOTOR VEHICLE IN TRAFFIC,DARK - LIGHTED ROADWAY,RAIN,,NO CONTROLS,,WET,NOT AT INTERSECTION,"TWO-WAY, DIVIDED, UNPROTECTED MEDIAN",NO,NO,25,NON INTERSECTION,,,,,,,WESTBOUND,200,WESTBOUND,1,NORTHBOUND,STARMARKET STORE,,,NONE,,,PAN,MA,PASSENGER CAR,,,Y,TRAVELING STRAIGHT AHEAD,2007,COLLISION WITH MOTOR VEHICLE IN TRAFFIC,MAXIMA,NISSAN,1,,COLLISION WITH MOTOR VEHICLE IN TRAFFIC,,,,RIGHT FRONT,CENTER FRONT,LEFT FRONT,Y,WESTBOUND,,,,,,,,,,,"OPERATING VEHICLE IN ERRATIC, RECKLESS, CARELESS,",EXCEEDED AUTH SPEED LIMIT,,,,,,OTHER ACTIVITY,,YES VEHICLE OR TRAILER DISABLED,PAN,MA,PASSENGER CAR,,,Y,UNKNOWN,2013,COLLISION WITH MOTOR VEHICLE IN TRAFFIC,GS350,LEXS,2,,COLLISION WITH MOTOR VEHICLE IN TRAFFIC,,,,RIGHT FRONT,RIGHT SIDE,RIGHT REAR,Y,UNKNOWN,,,,,,,,,,,"OPERATING VEHICLE IN ERRATIC, RECKLESS, CARELESS,",OTHER IMPROPER ACTION,,,,,,UNKNOWN,,YES VEHICLE OR TRAILER DISABLED,OPERATOR/DRIVER,NON FATAL INJURY - NON INCAPACITATING,MASSACHUSETTS,"D, CLASS D VEHICLES",,UNKNOWN,,,,,,MALE,"FRONT SEAT - LEFT SIDE, OR MOTORCYLE DRIVER",UNKNOWN,NOT TRAPPED,Y,OPERATOR/DRIVER,NO INJURY,,UNKNOWN,,UNKNOWN,,,,,,MALE,"FRONT SEAT - LEFT SIDE, OR MOTORCYLE DRIVER",UNKNOWN,NOT TRAPPED,
4/22/17 9:20,Saturday,LIGHT TRUCK,PASSENGER CAR,,MASSACHUSETTS AVE,GARDEN ST,,"MASSACHUSETTS AVE &amp; GARDEN ST
Cambridge, MA
(42.37376110900004, -71.11885805499998)",,,REAR-END,ROADWAY,COLLISION WITH MOTOR VEHICLE IN TRAFFIC,DAYLIGHT,CLOUDY,RAIN,NO CONTROLS,,WET,Y-INTERSECTION,"ONE-WAY, NOT DIVIDED",NO,NO,25,INTERSECTION,MASSACHUSETTS AVE,EASTBOUND,GARDEN ST,SOUTHBOUND,,,,,,,,,,,NONE,,,PAN,MA,LIGHT TRUCK,,,,SLOWING OR STOPPED IN TRAFFIC,2012,COLLISION WITH MOTOR VEHICLE IN TRAFFIC,CRC,HONDA,1,,COLLISION WITH MOTOR VEHICLE IN TRAFFIC,,,,RIGHT REAR,REAR CENTER,LEFT REAR,,SOUTHBOUND,,,,,,,,,,,NO IMPROPER DRIVING,,,,,,,UNKNOWN,,,PAN,MA,PASSENGER CAR,,,,SLOWING OR STOPPED IN TRAFFIC,2009,COLLISION WITH MOTOR VEHICLE IN TRAFFIC,ALTIMA,NISSAN,1,,COLLISION WITH MOTOR VEHICLE IN TRAFFIC,COLLISION WITH MOTOR VEHICLE IN TRAFFIC,,,CENTER FRONT,REAR CENTER,LEFT FRONT,,SOUTHBOUND,,,,,,,,,,,UNKNOWN,,,,,,,UNKNOWN,,,OPERATOR/DRIVER,UNKNOWN,MASSACHUSETTS,"D, CLASS D VEHICLES",,NONE,,,,,,FEMALE,"FRONT SEAT - LEFT SIDE, OR MOTORCYLE DRIVER",UNKNOWN,NOT TRAPPED,Y,OPERATOR/DRIVER,NO INJURY,MASSACHUSETTS,"D, CLASS D VEHICLES",,NONE,,,,,,MALE,"FRONT SEAT - LEFT SIDE, OR MOTORCYLE DRIVER",SHOULDER AND LAP BELT USED,NOT TRAPPED,Y
6/12/17 15:35,Monday,PASSENGER CAR,LIGHT TRUCK,,MASS AVE,NORFOLK ST,,"MASS AVE &amp; NORFOLK ST
Cambridge, MA
(42.373353415000054, -71.09611069899995)",,,ANGLE,ROADWAY,COLLISION WITH MOTOR VEHICLE IN TRAFFIC,DAYLIGHT,CLEAR,,STOP SIGNS,,DRY,T-INTERSECTION,"TWO-WAY, NOT DIVIDED",NO,NO,25,INTERSECTION,MASS AVE,WESTBOUND,NORFOLK ST,SOUTHBOUND,,,,,,,,,,,NONE,,,PASS,NH,PASSENGER CAR,,,,TRAVELING STRAIGHT AHEAD,2002,COLLISION WITH MOTOR VEHICLE IN TRAFFIC,LEGACY,SUBA,,,COLLISION WITH MOTOR VEHICLE IN TRAFFIC,,,,RIGHT SIDE,,,,WESTBOUND,,,,,,,,,,,NO IMPROPER DRIVING,,,,,,,UNKNOWN,,,PAN,MA,LIGHT TRUCK,,,,TURNING LEFT,2011,COLLISION WITH MOTOR VEHICLE IN TRAFFIC,SORE,KIA,,,COLLISION WITH MOTOR VEHICLE IN TRAFFIC,,,,RIGHT FRONT,,,,SOUTHBOUND,,,,,,,,,,,UNKNOWN,,,,,,,UNKNOWN,,,OPERATOR/DRIVER,NO INJURY,MASSACHUSETTS,"D, CLASS D VEHICLES",,NONE,,,,,,FEMALE,"FRONT SEAT - LEFT SIDE, OR MOTORCYLE DRIVER",UNKNOWN,NOT TRAPPED,,UNINVOLVED OWNER,,,,,,,,,,,MALE,,,,Y
4/17/17 22:20,Monday,PASSENGER CAR,PASSENGER CAR,,TECHNOLOGY SQUARE,TECHNOLOGY SQUARE,,"TECHNOLOGY SQUARE &amp; TECHNOLOGY SQUARE
Cambridge, MA
(42.36294000000004, -71.09281999999996)",,,REAR-END,ROADWAY,COLLISION WITH MOTOR VEHICLE IN TRAFFIC,DARK - LIGHTED ROADWAY,CLEAR,,NO CONTROLS,,DRY,T-INTERSECTION,"ONE-WAY, NOT DIVIDED",NO,NO,25,INTERSECTION,TECHNOLOGY SQUARE,SOUTHBOUND,TECHNOLOGY SQUARE,WESTBOUND,,,SOUTHBOUND,,,,,,,OTHER PRIVATE WAY,NONE,,,PAN,MA,PASSENGER CAR,,,Y,TRAVELING STRAIGHT AHEAD,2015,COLLISION WITH MOTOR VEHICLE IN TRAFFIC,LEGACY,SUBARU,1,,COLLISION WITH MOTOR VEHICLE IN TRAFFIC,,,,REAR CENTER,RIGHT REAR,LEFT REAR,,SOUTHBOUND,,,,,,,,,,,"OPERATING VEHICLE IN ERRATIC, RECKLESS, CARELESS,",,,,,,,UNKNOWN,,,MVN,MA,PASSENGER CAR,Y,,,TRAVELING STRAIGHT AHEAD,2016,COLLISION WITH MOTOR VEHICLE IN TRAFFIC,EXPLORER,FORD,2,,COLLISION WITH MOTOR VEHICLE IN TRAFFIC,,,,CENTER FRONT,,,,SOUTHBOUND,,,,,,,,,,,NO IMPROPER DRIVING,,,,,,,NOT DISTRACTED,,,OPERATOR/DRIVER,UNKNOWN,MASSACHUSETTS,UNKNOWN,,UNKNOWN,,,,,,MALE,"FRONT SEAT - LEFT SIDE, OR MOTORCYLE DRIVER",UNKNOWN,NOT TRAPPED,,OPERATOR/DRIVER,NO INJURY,MASSACHUSETTS,UNKNOWN,,UNKNOWN,,,,,,MALE,"FRONT SEAT - LEFT SIDE, OR MOTORCYLE DRIVER",SHOULDER AND LAP BELT USED,NOT TRAPPED,