Date Time,Day of Week,Object 1,Object 2,Street Number,Street Name,Cross Street,Near Street,Location,May involve cyclist,May Involve Pedestrian,Manner of Collision,First Harmful Event Location,First Harmful Event,Ambient Light,Weather Condition 1,Weather Condition 2,Traffic Control Device Type,Traffic Control Device Functionality,Road Surface Condition,Roadway Junction Type,Trafficway Description,School Bus Related,Work Zone,Speed Limit,Street or Intersection,Intersection Name 1,Intersection Direction 1,Intersection Name 2,Intersection Direction 2,Intersection Name 3,Intersection Direction 3,Street Direction,Nearest Intersection Distance,Nearest Intersection Direction,Landmark Distance,Landmark Direction,Landmark,Mile Marker Direction,Non Public Area,Road Contributing,Damaged Property Type,Description of Damaged Property,V1 Registration Type,v1 State Code,V1 Configuration,V1 Emergency Response,V1 Moped,V1 Hit and Run,V1 Action Prior to Crash,V1 Model Year,V1 Most Harmful Event,V1 Model,V1 Make,V1 Occupant Count,V1 Underride Override,V1 First Event,V1 Second Event,V1 Third Event,V1 Fourth Event,V1 Most Damaged Area,V1 Second Damaged Area,V1 Third Damaged Area,V1 Towed,V1 Travel Direction,V1 Interstate,V1 Cargo Body Type,V1 Gross Weight,V1 Haz Placard,V1 Haz Release,V1 Trailer Reg Type,V1 Trailer Reg Plate,V1 Trailer Reg State,V1 Trailer Reg Year,V1 Trailer Len,V1 Driver Contribution,V1 Driver Contribution 2,V1 Is Truck,V1 Has Trailer,V1 Is Bus,V1 Is Hazmat,V1 Reg Year,V1 Driver Distracted,V1 Bus Use,V1 Tow Use,V2 Registration Type,V2 State Code,V2 Configuration,V2 Emergency Response,V2 Moped,V2 Hit and Run,V2 Action Prior to Crash,V2 Model Year,V2 Most Harmful Event,V2 Model,V2 Make,V2 Occupant Count,V2 Underride Override,V2 First Event,V2 Second Event,V2 Third Event,V2 Fourth Event,V2 Most Damaged Area,V2 Second Damaged Area,V2 Third Damaged Area,V2 Towed,V2 Travel Direction,V2 Interstate,V2 Cargo Body Type,V2 Gross Weight,V2 Haz Placard,V2 Haz Release,V2 Trailer Reg Type,V2 Trailer Reg Plate,V2 Trailer Reg State,V2 Trailer Reg Year,V2 Trailer Len,V2 Driver Contribution,V2 Driver Contribution 2,V2 Is Truck,V2 Has Trailer,V2 Is Bus,V2 Is Hazmat,V2 Reg Year,V2 Driver Distracted,V2 Bus Use,V2 Tow Use,P1 Role,P1 Injury,P1 Drivers Lic State,P1 Drivers Lic Class 1,P1 Drivers Lic Class 2,P1 Drivers Lic Restrict,P1 Non Motorist Desc,P1 Non Motorist Action,P1 Non Motorist Location,P1 Safety Equipment,P1 Age,P1 Sex,P1 Seat Position,P1 Safety System,P1 Trapped,P1 Veh Owner,P2 Role,P2 Injury,P2 Drivers Lic State,P2 Drivers Lic Class 1,P2 Drivers Lic Class 2,P2 Drivers Lic Restrict,P2 Non Motorist Desc,P2 Non Motorist Action,P2 Non Motorist Location,P2 Safety Equipment,P2 Age,P2 Sex,P2 Seat Position,P2 Safety System,P2 Trapped,P2 Veh Owner
4/14/17 5:54,Friday,PASSENGER CAR,TRUCK TRAILER,,BROADWAY,QUINCY ST,,"BROADWAY &amp; QUINCY ST
Cambridge, MA
(42.364701998000044, -71.08905975299996)",,,ANGLE,ROADWAY,COLLISION WITH CURB,DARK - LIGHTED ROADWAY,CLEAR,,TRAFFIC CONTROL SIGNAL,YES,DRY,T-INTERSECTION,"TWO-WAY, NOT DIVIDED",NO,NO,25,INTERSECTION,BROADWAY,EASTBOUND,QUINCY ST,NORTHBOUND,,,,,,,,,,,NONE,,,PAV,MA,PASSENGER CAR,,,,TRAVELING STRAIGHT AHEAD,2012,COLLISION WITH PARKED MOTOR VEHICLE,S5,AUDI,1,,COLLISION WITH CURB,COLLISION WITH HIGHWAY TRAFFIC SIGN POST,COLLISION WITH TREE,COLLISION WITH PARKED MOTOR VEHICLE,RIGHT FRONT,CENTER FRONT,LEFT FRONT,Y,WESTBOUND,,,,,,,,ALBERTA,,OTHER,EXCEEDED AUTH SPEED LIMIT,,,,,,,UNKNOWN,,YES VEHICLE OR TRAILER DISABLED,MVN,MA,TRUCK TRAILER,,,,PARKED,2011,COLLISION WITH MOTOR VEHICLE IN TRAFFIC,UTILIT,UNRUH,0,,COLLISION WITH MOTOR VEHICLE IN TRAFFIC,,,,LEFT SIDE,,,,,,,,,,MVN,MF6448,MASSACHUSETTS,2011,OTHER,NO IMPROPER DRIVING,,,Y,,,,NOT DISTRACTED,,,OPERATOR/DRIVER,NO INJURY,MASSACHUSETTS,"D, CLASS D VEHICLES","M, CLASS M VEHICLES",NONE,,,,,,MALE,,,,Y,UNINVOLVED OWNER,,,,,,,,,,,UNKNOWN,,,,Y
6/16/17 5:49,Friday,SINGLE UNIT TRUCK (2 AXLES - 6 TIRES),PASSENGER CAR,,ELLERY STREET,CAMBRIDGE STREET,,"ELLERY STREET &amp; CAMBRIDGE STREET
Cambridge, MA
(42.37177216100008, -71.08567111699995)",,,"SIDESWIPE, SAME DIRECTION",ROADWAY,COLLISION WITH PARKED MOTOR VEHICLE,DAYLIGHT,CLOUDY,,STOP SIGNS,YES,DRY,T-INTERSECTION,"TWO-WAY, NOT DIVIDED",NO,NO,25,INTERSECTION,ELLERY STREET,,CAMBRIDGE STREET,,,,,,,,,,,,NONE,,,MVN,MA,SINGLE UNIT TRUCK (2 AXLES - 6 TIRES),Y,,,TURNING LEFT,2016,COLLISION WITH PARKED MOTOR VEHICLE,FIRE DASH,PIERCE,4,,COLLISION WITH PARKED MOTOR VEHICLE,,,,RIGHT REAR,,,,NORTHBOUND,,,,,,,,,,,NO IMPROPER DRIVING,,,,,,,NOT DISTRACTED,,,PAN,MA,PASSENGER CAR,,,,PARKED,2003,COLLISION WITH MOTOR VEHICLE IN TRAFFIC,CIVIC,HONDA,0,,COLLISION WITH MOTOR VEHICLE IN TRAFFIC,,,,LEFT FRONT,LEFT SIDE,,,,,,,,,,,,,,NO IMPROPER DRIVING,,,,,,,,,,UNINVOLVED OWNER,,MASSACHUSETTS,,,,,,,,,MALE,,,,Y,OPERATOR/DRIVER,NO INJURY,MASSACHUSETTS,"D, CLASS D VEHICLES",,NONE,,,,,,MALE,"FRONT SEAT - LEFT SIDE, OR MOTORCYLE DRIVER",SHOULDER AND LAP BELT USED,NOT TRAPPED,
5/21/17 22:42,Sunday,PASSENGER CAR,OTHER,,CORCORAN LANE,SAINT SAUVEUR CT,,"CORCORAN LANE &amp; SAINT SAUVEUR CT
Cambridge, MA
(42.377074220000054, -71.15297243699996)",,,"SIDESWIPE, SAME DIRECTION",UNKNOWN,COLLISION WITH PARKED MOTOR VEHICLE,UNKNOWN,CLEAR,UNKNOWN,NO CONTROLS,,DRY,T-INTERSECTION,"ONE-WAY, NOT DIVIDED",NO,NO,25,INTERSECTION,CORCORAN LANE,NORTHBOUND,SAINT SAUVEUR CT,EASTBOUND,,,,,,,,,,,UNKNOWN,,,PAN,MA,PASSENGER CAR,,,Y,PARKED,2009,COLLISION WITH PARKED MOTOR VEHICLE,ROGUE,NISS,0,,UNKNOWN,UNKNOWN,,,RIGHT FRONT,,,,UNKNOWN,,,,,,,,,,,UNKNOWN,UNKNOWN,,,,,,UNKNOWN,,NO,UNKNOWN,,OTHER,,,,UNKNOWN,,COLLISION WITH PARKED MOTOR VEHICLE,UNKNOWN,UNKNOWN,1,,COLLISION WITH PARKED MOTOR VEHICLE,UNKNOWN,,,UNKNOWN,,,,UNKNOWN,,,,,,,,,,,UNKNOWN,UNKNOWN,,,,,,UNKNOWN,,NO,UNINVOLVED OWNER,,MASSACHUSETTS,,,,,,,,,FEMALE,,,,,OPERATOR/DRIVER,UNKNOWN,,UNKNOWN,UNKNOWN,UNKNOWN,,,,,,UNKNOWN,UNKNOWN,UNKNOWN,UNKNOWN,
6/27/17 15:26,Tuesday,LIGHT TRUCK,OTHER,100,KIRKLAND,,,"100 KIRKLAND
Cambridge, MA
(42.37800887900005, -71.10748774999996)",,,"SIDESWIPE, SAME DIRECTION",ROADSIDE,COLLISION WITH PARKED MOTOR VEHICLE,DAYLIGHT,CLEAR,,NO CONTROLS,,DRY,NOT AT INTERSECTION,"TWO-WAY, NOT DIVIDED",NO,NO,25,NON INTERSECTION,,,,,,,EASTBOUND,,,,,,,,NONE,,,CON,MA,LIGHT TRUCK,,,,SLOWING OR STOPPED IN TRAFFIC,2015,COLLISION WITH MOPED,F150,FORD,1,,COLLISION WITH MOPED,,,,REAR CENTER,RIGHT REAR,,,EASTBOUND,,,,,,,,,,,NO IMPROPER DRIVING,,,,,,,NOT DISTRACTED,,,MCN,MA,OTHER,,,,TRAVELING STRAIGHT AHEAD,2013,COLLISION WITH PARKED MOTOR VEHICLE,BASHAN,TOO TOO,1,,COLLISION WITH PARKED MOTOR VEHICLE,COLLISION WITH MOTOR VEHICLE IN TRAFFIC,,,RIGHT SIDE,RIGHT REAR,,,EASTBOUND,,,,,,,,,,,NO IMPROPER DRIVING,,,,,,,NOT DISTRACTED,,,OPERATOR/DRIVER,NO INJURY,NEW HAMPSHIRE,"D, CLASS D VEHICLES",,NONE,,,,,,MALE,"FRONT SEAT - LEFT SIDE, OR MOTORCYLE DRIVER",SHOULDER AND LAP BELT USED,NOT TRAPPED,,OPERATOR/DRIVER,NON FATAL INJURY - NON INCAPACITATING,YUKON TERR,UNKNOWN,,NONE,,,,,,MALE,"FRONT SEAT - LEFT SIDE, OR MOTORCYLE DRIVER",HELMET USED,NOT TRAPPED,Y
4/2/17 15:00,Sunday,PASSENGER CAR,,800,TECHNOLOGY SQ,,,"800 TECHNOLOGY SQ
Cambridge, MA
(42.36415683400003, -71.09219290399994)",,,UNKNOWN,OUTSIDE ROADWAY,COLLISION WITH PARKED MOTOR VEHICLE,UNKNOWN,UNKNOWN,,NO CONTROLS,,UNKNOWN,NOT AT INTERSECTION,"TWO-WAY, NOT DIVIDED",NO,NO,,NON INTERSECTION,,,,,,,EASTBOUND,,,,,PARKING GARAGE,,,UNKNOWN,,,PAN,MA,PASSENGER CAR,,,,PARKED,2006,COLLISION WITH MOTOR VEHICLE IN TRAFFIC,TSX,ACURA,0,,COLLISION WITH MOTOR VEHICLE IN TRAFFIC,,,,RIGHT FRONT,,,,UNKNOWN,,,,,,,,,,,,,,,,,,,,,PAN,OT,,,,Y,UNKNOWN,,COLLISION WITH PARKED MOTOR VEHICLE,UNK,UNK,,,COLLISION WITH PARKED MOTOR VEHICLE,,,,UNKNOWN,,,,UNKNOWN,,,,,,,,,,,OTHER IMPROPER ACTION,,,,,,,UNKNOWN,,,UNINVOLVED OWNER,,,,,,,,,,,MALE,,,,Y,,,,,,,,,,,,,,,,
5/2/17 18:32,Tuesday,PASSENGER CAR,PASSENGER CAR,,HURON AVE,LEXINGTON AVE,,"HURON AVE &amp; LEXINGTON AVE
Cambridge, MA
(42.37992637800005, -71.14102571999996)",,,ANGLE,ROADWAY,COLLISION WITH MOTOR VEHICLE IN TRAFFIC,DAYLIGHT,CLOUDY,,STOP SIGNS,YES,DRY,T-INTERSECTION,"TWO-WAY, NOT DIVIDED",NO,NO,25,INTERSECTION,HURON AVE,WESTBOUND,LEXINGTON AVE,NORTHBOUND,,,,,,,,,,,TRAFFIC CONTROL DEVICE,,,PAN,MA,PASSENGER CAR,,,,TRAVELING STRAIGHT AHEAD,2016,COLLISION WITH MOTOR VEHICLE IN TRAFFIC,A6,AUDI,1,,COLLISION WITH MOTOR VEHICLE IN TRAFFIC,COLLISION WITH MOTOR VEHICLE IN TRAFFIC,,,RIGHT SIDE,UNKNOWN,,,NORTHBOUND,,,,,,,,,,,UNKNOWN,,,,,,,NOT DISTRACTED,,YES VEHICLE OR TRAILER DISABLED,PAN,MA,PASSENGER CAR,,,,TRAVELING STRAIGHT AHEAD,2007,COLLISION WITH MOTOR VEHICLE IN TRAFFIC,FIT,HONDA,1,,COLLISION WITH MOTOR VEHICLE IN TRAFFIC,,,,CENTER FRONT,OTHER,,,WESTBOUND,,,,,,,,,,,NO IMPROPER DRIVING,,,,,,,UNKNOWN,,YES VEHICLE OR TRAILER DISABLED,OPERATOR/DRIVER,NO INJURY,MASSACHUSETTS,"D, CLASS D VEHICLES",,NONE,,,,,,FEMALE,,,,Y,OPERATOR/DRIVER,NO INJURY,MASSACHUSETTS,"D, CLASS D VEHICLES",,NONE,,,,,,FEMALE,,,,Y
4/8/17 14:21,Saturday,PASSENGER CAR,,,MASSACHUSETTS AVE,,HANCOCK ST,"MASSACHUSETTS AVE
Cambridge, MA
(42.37376110900004, -71.11885805499998)",1,,REAR-END,MEDIAN,COLLISION WITH MOTOR VEHICLE IN TRAFFIC,DAYLIGHT,CLEAR,,NO CONTROLS,,DRY,NOT AT INTERSECTION,"TWO-WAY, DIVIDED, UNPROTECTED MEDIAN",NO,NO,25,NON INTERSECTION,,,,,,,SOUTHBOUND,,,,,,,,NONE,,,PAN,MA,PASSENGER CAR,,,Y,MAKING U-TURN,,COLLISION WITH PEDALCYCLE,UNKNOWN,UNKNOWN,1,,COLLISION WITH PEDALCYCLE,,,,LEFT REAR,,,,SOUTHBOUND,,,,,,,,,,,"OPERATING VEHICLE IN ERRATIC, RECKLESS, CARELESS,",,,,,,,UNKNOWN,,,,,,,,,,,,,,,,,,,,,,,,,,,,,,,,,,,,,,,,,,,,,NON-MOTORIST,NO INJURY,MASSACHUSETTS,UNKNOWN,,UNKNOWN,CYCLIST,"WALKING, RUNNING OR CYCLING",IN ROADWAY,UNKNOWN,,MALE,,,,,OPERATOR/DRIVER,UNKNOWN,,UNKNOWN,,UNKNOWN,,,,,,,"FRONT SEAT - LEFT SIDE, OR MOTORCYLE DRIVER",UNKNOWN,NOT TRAPPED,
6/24/17 13:44,Saturday,PASSENGER CAR,OTHER,95,MOORE STREET,,,"95 MOORE STREET
Cambridge, MA
(42.36604683000007, -71.09375462799994)",,,"SIDESWIPE, SAME DIRECTION",ROADWAY,COLLISION WITH PARKED MOTOR VEHICLE,DAYLIGHT,CLEAR,,NO CONTROLS,,DRY,NOT AT INTERSECTION,"ONE-WAY, NOT DIVIDED",NO,NO,25,NON INTERSECTION,,,,,,,SOUTHBOUND,,,,,,,,NONE,,,PAN,MA,PASSENGER CAR,,,,PARKED,2006,COLLISION WITH MOTOR VEHICLE IN TRAFFIC,3SERIES,BMW,0,,COLLISION WITH MOTOR VEHICLE IN TRAFFIC,,,,LEFT FRONT,,,,,,,,,,,,,,,NO IMPROPER DRIVING,,,,,,,,,,UNKNOWN,OT,OTHER,,,Y,UNKNOWN,,COLLISION WITH PARKED MOTOR VEHICLE,UNKNOWN,UNKNOWN,1,,COLLISION WITH PARKED MOTOR VEHICLE,,,,UNKNOWN,,,,UNKNOWN,,,,,,,,,,,"OPERATING VEHICLE IN ERRATIC, RECKLESS, CARELESS,",,,,,,,UNKNOWN,,,OPERATOR/DRIVER,NO INJURY,MASSACHUSETTS,"D, CLASS D VEHICLES",,NONE,,,,,,MALE,OTHER,,,Y,OPERATOR/DRIVER,UNKNOWN,,UNKNOWN,,UNKNOWN,,,,,,,"FRONT SEAT - LEFT SIDE, OR MOTORCYLE DRIVER",UNKNOWN,UNKNOWN,
5/21/17 13:52,Sunday,PASSENGER CAR,PASSENGER CAR,,WINDSOR STREET,,MAIN STREET,"WINDSOR STREET
Cambridge, MA
(42.371454983000035, -71.09376720499995)",,,"SIDESWIPE, SAME DIRECTION",UNKNOWN,COLLISION WITH MOTOR VEHICLE IN TRAFFIC,DUSK,CLEAR,CLEAR,NO CONTROLS,NO,DRY,NOT AT INTERSECTION,"TWO-WAY, NOT DIVIDED",NO,NO,,NON INTERSECTION,,,,,,,NORTHBOUND,,,,,,,,NONE,,,PAN,ME,PASSENGER CAR,,,,PARKED,2012,COLLISION WITH MOTOR VEHICLE IN TRAFFIC,CIVIC,HONDA,0,,COLLISION WITH MOTOR VEHICLE IN TRAFFIC,,,,LEFT REAR,,,,NORTHBOUND,,,,,,,,,,,NO IMPROPER DRIVING,NO IMPROPER DRIVING,,,,,,NOT DISTRACTED,,,PAN,MA,PASSENGER CAR,,,Y,ENTERING TRAFFIC LANE,2013,COLLISION WITH PARKED MOTOR VEHICLE,ELANTRA,HYUNDAI,1,,COLLISION WITH PARKED MOTOR VEHICLE,,,,UNKNOWN,,,,NORTHBOUND,,,,,,,,,,,UNKNOWN,UNKNOWN,,,,,,UNKNOWN,,,NON-MOTORIST,NO INJURY,,,,,,,,,,FEMALE,,,,,UNINVOLVED OWNER,,,,,,,,,,,FEMALE,,,,Y
4/1/17 2:00,Saturday,PASSENGER CAR,PASSENGER CAR,185,OTIS STREET,,FULKERSON,"185 OTIS STREET
Cambridge, MA
(42.37130004200003, -71.08718018399998)",,,ANGLE,ROADWAY,COLLISION WITH PARKED MOTOR VEHICLE,DARK - UNKNOWN ROADWAY LIGHTING,"SLEET, HAIL, FREEZING RAIN OR DRIZZLE",SNOW,NO CONTROLS,,SLUSH,NOT AT INTERSECTION,"TWO-WAY, NOT DIVIDED",NO,NO,25,NON INTERSECTION,,,,,,,EASTBOUND,,WESTBOUND,,,,,,NONE,,,PAN,MA,PASSENGER CAR,,,Y,PARKED,2014,OTHER,CIVIC,HONDA,0,,UNKNOWN,,,,LEFT FRONT,CENTER FRONT,,,,,,,,,,,,,,,,,,,,,,,,PAS,MA,PASSENGER CAR,,,Y,PARKED,2009,OTHER,C30,VOLVO,0,,UNKNOWN,,,,LEFT SIDE,LEFT REAR,,,,,,,,,,,,,,,,,,,,,,,,UNINVOLVED OWNER,,MASSACHUSETTS,,,,,,,,,FEMALE,,,,,UNINVOLVED OWNER,,MASSACHUSETTS,,,,,,,,,FEMALE,,,,Y
5/12/17 22:18,Friday,PASSENGER CAR,PASSENGER CAR,,CLIFTON,DUDLEY,,"CLIFTON &amp; DUDLEY
Cambridge, MA
(42.395615844000076, -71.13630772499994)",,,"SIDESWIPE, SAME DIRECTION",ROADWAY,COLLISION WITH MOTOR VEHICLE IN TRAFFIC,DARK - LIGHTED ROADWAY,CLEAR,,NO CONTROLS,,DRY,T-INTERSECTION,"ONE-WAY, NOT DIVIDED",NO,NO,25,INTERSECTION,CLIFTON,EASTBOUND,DUDLEY,NORTHBOUND,,,,,,,,,,,NONE,,,,,PASSENGER CAR,,,Y,OVERTAKING / PASSING,,COLLISION WITH MOTOR VEHICLE IN TRAFFIC,UNKNOWN,UNKNOWN,,,COLLISION WITH MOTOR VEHICLE IN TRAFFIC,,,,RIGHT FRONT,,,,EASTBOUND,,,,,,,,,,,"OPERATING VEHICLE IN ERRATIC, RECKLESS, CARELESS,",,,,,,,UNKNOWN,,,PAN,MA,PASSENGER CAR,,,,TURNING LEFT,2004,COLLISION WITH MOTOR VEHICLE IN TRAFFIC,FOCUS,FORD,1,,COLLISION WITH MOTOR VEHICLE IN TRAFFIC,,,,LEFT SIDE,,,,NORTHBOUND,,,,,,,,,,,NO IMPROPER DRIVING,,,,,,,UNKNOWN,,,OPERATOR/DRIVER,NO INJURY,MASSACHUSETTS,"D, CLASS D VEHICLES",,UNKNOWN,,,,,,MALE,"FRONT SEAT - LEFT SIDE, OR MOTORCYLE DRIVER",UNKNOWN,NOT TRAPPED,,UNINVOLVED OWNER,,,,,,,,,,,FEMALE,,,,Y
5/25/17 17:54,Thursday,PASSENGER CAR,,,MASS AVE,,SOMERVILLE AVE,"MASS AVE
Cambridge, MA
(42.37376110900004, -71.11885805499998)",1,,ANGLE,ROADWAY,COLLISION WITH OTHER MOVABLE OBJECT,DUSK,RAIN,CLOUDY,NO CONTROLS,,WET,DRIVEWAY,"TWO-WAY, DIVIDED, POSITIVE MEDIAN BARRIER",NO,NO,25,NON INTERSECTION,,,,,,,NORTHBOUND,,,,,PORTER SQUARE SHOPPING PLAZA EXIT,,,NONE,,,PAN,MA,PASSENGER CAR,,,,TURNING RIGHT,2005,COLLISION WITH OTHER MOVABLE OBJECT,ALTIMA,NISSAN,1,,COLLISION WITH OTHER MOVABLE OBJECT,,,,LEFT FRONT,,,,NORTHBOUND,,,,,,,,,,,UNKNOWN,,,,,,,UNKNOWN,,NO,,,,,,,,,,,,,,,,,,,,,,,,,,,,,,,,,,,,,,,,,,,OPERATOR/DRIVER,NO INJURY,MASSACHUSETTS,"D, CLASS D VEHICLES",,UNKNOWN,,,,,,MALE,"FRONT SEAT - LEFT SIDE, OR MOTORCYLE DRIVER",UNKNOWN,NOT TRAPPED,,NON-MOTORIST,NO INJURY,MASSACHUSETTS,"D, CLASS D VEHICLES",,,CYCLIST,"WALKING, RUNNING OR CYCLING",IN ROADWAY,HELMET,,MALE,,,,
6/28/17 17:39,Wednesday,LIGHT TRUCK,,1716,CAMBRIDGE ST,,,"1716 CAMBRIDGE ST
Cambridge, MA
(42.37523268900003, -71.11251374999995)",1,,SINGLE VEHICLE CRASH,ROADSIDE,COLLISION WITH PEDALCYCLE,DAYLIGHT,CLEAR,,NO CONTROLS,,DRY,NOT AT INTERSECTION,"TWO-WAY, NOT DIVIDED",NO,NO,25,NON INTERSECTION,,,,,,,EASTBOUND,,,,,,,,NONE,,,PAN,MA,LIGHT TRUCK,,,,PARKED,2017,COLLISION WITH PEDALCYCLE,CRV,HONDA,1,,COLLISION WITH PEDALCYCLE,,,,NONE,,,,EASTBOUND,,,,,,,,,,,INATTENTION,,,,,,,UNKNOWN,,,,,,,,,,,,,,,,,,,,,,,,,,,,,,,,,,,,,,,,,,,,,OPERATOR/DRIVER,NO INJURY,MASSACHUSETTS,"D, CLASS D VEHICLES",,NONE,,,,,,FEMALE,"FRONT SEAT - LEFT SIDE, OR MOTORCYLE DRIVER",UNKNOWN,NOT TRAPPED,Y,NON-MOTORIST,NON FATAL INJURY - NON INCAPACITATING,,,,,CYCLIST,"WALKING, RUNNING OR CYCLING",IN ROADWAY,HELMET,,MALE,,,,
5/3/17 16:26,Wednesday,PASSENGER CAR,,,CONCORD AV,BLANCHARD RD,,"CONCORD AV &amp; BLANCHARD RD
Cambridge, MA
(42.38646090000003, -71.16020399899998)",1,,ANGLE,ROADWAY,COLLISION WITH MOTOR VEHICLE IN TRAFFIC,DAYLIGHT,CLOUDY,,TRAFFIC CONTROL SIGNAL,YES,DRY,FOUR WAY INTERSECTION,"TWO-WAY, DIVIDED, UNPROTECTED MEDIAN",NO,NO,25,INTERSECTION,CONCORD AV,WESTBOUND,BLANCHARD RD,NORTHBOUND,,,,,,,,,,,NONE,,,PAN,MA,PASSENGER CAR,,,,TURNING RIGHT,1994,COLLISION WITH PEDALCYCLE,850,VOLVO,1,,COLLISION WITH PEDALCYCLE,,,,RIGHT FRONT,RIGHT SIDE,,,NORTHBOUND,,,,,,,,,,,UNKNOWN,,,,,,,NOT DISTRACTED,,NO,,,,,,,,,,,,,,,,,,,,,,,,,,,,,,,,,,,,,,,,,,,OPERATOR/DRIVER,NO INJURY,MASSACHUSETTS,"D, CLASS D VEHICLES",,CORRECTIVE LENSES,,,,,,FEMALE,"FRONT SEAT - LEFT SIDE, OR MOTORCYLE DRIVER",SHOULDER AND LAP BELT USED,NOT TRAPPED,Y,NON-MOTORIST,NON FATAL INJURY - POSSIBLE,,,,,CYCLIST,"WALKING, RUNNING OR CYCLING",IN ROADWAY,NONE USED,,MALE,,,,
5/10/17 19:00,Wednesday,PASSENGER CAR,,42,SECOND ST,,,"42 SECOND ST
Cambridge, MA
(42.369833871000026, -71.07877886099993)",,,"SIDESWIPE, SAME DIRECTION",ROADWAY,COLLISION WITH PARKED MOTOR VEHICLE,DARK - LIGHTED ROADWAY,CLEAR,,NO CONTROLS,,DRY,NOT AT INTERSECTION,"TWO-WAY, NOT DIVIDED",NO,NO,25,NON INTERSECTION,,,,,,,NORTHBOUND,,,,,,,,NONE,,,PAN,MA,PASSENGER CAR,,,Y,PARKED,2013,COLLISION WITH MOTOR VEHICLE IN TRAFFIC,ACCORD,HONDA,0,,COLLISION WITH MOTOR VEHICLE IN TRAFFIC,,,,LEFT REAR,LEFT SIDE,,,,,,,,,,,,,,NO IMPROPER DRIVING,,,,,,,NOT DISTRACTED,,,,,,,,,,,,,,,,,,,,,,,,,,,,,,,,,,,,,,,,,,,,,UNINVOLVED OWNER,,MASSACHUSETTS,,,,,,,,,FEMALE,,,,Y,,,,,,,,,,,,,,,,
4/14/17 19:27,Friday,PASSENGER CAR,PASSENGER CAR,,FIRST STREET,ROGERS STREET,,"FIRST STREET &amp; ROGERS STREET
Cambridge, MA
(42.36643324000005, -71.08239868899994)",,,ANGLE,ROADWAY,COLLISION WITH MOTOR VEHICLE IN TRAFFIC,DAYLIGHT,CLEAR,,STOP SIGNS,YES,DRY,FOUR WAY INTERSECTION,"TWO-WAY, DIVIDED, UNPROTECTED MEDIAN",NO,NO,25,INTERSECTION,FIRST STREET,SOUTHBOUND,ROGERS STREET,WESTBOUND,,,,,,,,,,,NONE,,,PAN,MA,PASSENGER CAR,,,,TRAVELING STRAIGHT AHEAD,2010,COLLISION WITH MOTOR VEHICLE IN TRAFFIC,CAMRY,TOYOTA,3,,COLLISION WITH MOTOR VEHICLE IN TRAFFIC,,,,LEFT REAR,,,,SOUTHBOUND,,,,,,,,,,,NO IMPROPER DRIVING,FAILED TO YIELD THE RIGHT OF WAY,,,,,,UNKNOWN,,,PAN,MA,PASSENGER CAR,,,,TRAVELING STRAIGHT AHEAD,2015,COLLISION WITH MOTOR VEHICLE IN TRAFFIC,MALIBU,CHEVY,1,,COLLISION WITH MOTOR VEHICLE IN TRAFFIC,,,,CENTER FRONT,,,,WESTBOUND,,,,,,,,,,,NO IMPROPER DRIVING,FAILED TO YIELD THE RIGHT OF WAY,,,,,,UNKNOWN,,,OPERATOR/DRIVER,NO INJURY,MASSACHUSETTS,"D, CLASS D VEHICLES",,UNKNOWN,,,,,,MALE,"FRONT SEAT - LEFT SIDE, OR MOTORCYLE DRIVER",UNKNOWN,NOT TRAPPED,Y,OPERATOR/DRIVER,NO INJURY,MASSACHUSETTS,"D, CLASS D VEHICLES",,UNKNOWN,,,,,,MALE,"FRONT SEAT - LEFT SIDE, OR MOTORCYLE DRIVER",UNKNOWN,NOT TRAPPED,
4/25/17 10:07,Tuesday,PASSENGER CAR,,,PLEASANT ST,AUBURN ST,,"PLEASANT ST &amp; AUBURN ST
Cambridge, MA
(42.36255756800006, -71.10994779399994)",,,"SIDESWIPE, SAME DIRECTION",ROADWAY,OTHER,UNKNOWN,UNKNOWN,OTHER,STOP SIGNS,NO,UNKNOWN,T-INTERSECTION,"ONE-WAY, NOT DIVIDED",NO,NO,20,INTERSECTION,PLEASANT ST,NORTHBOUND,AUBURN ST,WESTBOUND,,,,,,,,,,,NONE,,,PAN,MA,PASSENGER CAR,,,Y,PARKED,2009,OTHER,COROLLA,TOYOTA,,,OTHER,OTHER,OTHER,,RIGHT SIDE,RIGHT REAR,RIGHT FRONT,,EASTBOUND,,,,,,,,,,,NO IMPROPER DRIVING,NO IMPROPER DRIVING,,,,,,NOT DISTRACTED,,,,,,,,,,,,,,,,,,,,,,,,,,,,,,,,,,,,,,,,,,,,,UNINVOLVED OWNER,,MASSACHUSETTS,"D, CLASS D VEHICLES",,,,,,,,FEMALE,,,,Y,,,,,,,,,,,,,,,,
4/17/17 10:43,Monday,PASSENGER CAR,,1,WHITE STREET,,MASSACHUSETTS AVENUE,"1 WHITE STREET
Cambridge, MA
(42.38866499400007, -71.11899513399999)",,,REAR TO REAR,UNKNOWN,COLLISION WITH MOTOR VEHICLE IN TRAFFIC,DAYLIGHT,CLEAR,,NO CONTROLS,,DRY,NOT AT INTERSECTION,UNKNOWN,NO,NO,10,NON INTERSECTION,,,,,,,WESTBOUND,,,1,SOUTHBOUND,PORTER SQUARE SHOPPING CENTER,,,NONE,,,PAN,MD,PASSENGER CAR,,,,PARKED,2006,COLLISION WITH MOTOR VEHICLE IN TRAFFIC,3,MAZD,,,COLLISION WITH MOTOR VEHICLE IN TRAFFIC,,,,LEFT REAR,,,,,,,,,,,,,,,,,,,,,,,,NO,,,,,,Y,UNKNOWN,,COLLISION WITH PARKED MOTOR VEHICLE,UNKNOWN,UNKNOWN,,,COLLISION WITH PARKED MOTOR VEHICLE,,,,UNKNOWN,,,,UNKNOWN,,,,,,,,,,,"OPERATING VEHICLE IN ERRATIC, RECKLESS, CARELESS,",,,,,,,UNKNOWN,,NO,UNINVOLVED OWNER,NO INJURY,MARYLAND,"C, CLASS C VEHICLES",,CORRECTIVE LENSES,,,,,,MALE,,,,Y,,,,,,,,,,,,,,,,