Date Time,Day of Week,Object 1,Object 2,Street Number,Street Name,Cross Street,Near Street,Location,May involve cyclist,May Involve Pedestrian,Manner of Collision,First Harmful Event Location,First Harmful Event,Ambient Light,Weather Condition 1,Weather Condition 2,Traffic Control Device Type,Traffic Control Device Functionality,Road Surface Condition,Roadway Junction Type,Trafficway Description,School Bus Related,Work Zone,Speed Limit,Street or Intersection,Intersection Name 1,Intersection Direction 1,Intersection Name 2,Intersection Direction 2,Intersection Name 3,Intersection Direction 3,Street Direction,Nearest Intersection Distance,Nearest Intersection Direction,Landmark Distance,Landmark Direction,Landmark,Mile Marker Direction,Non Public Area,Road Contributing,Damaged Property Type,Description of Damaged Property,V1 Registration Type,v1 State Code,V1 Configuration,V1 Emergency Response,V1 Moped,V1 Hit and Run,V1 Action Prior to Crash,V1 Model Year,V1 Most Harmful Event,V1 Model,V1 Make,V1 Occupant Count,V1 Underride Override,V1 First Event,V1 Second Event,V1 Third Event,V1 Fourth Event,V1 Most Damaged Area,V1 Second Damaged Area,V1 Third Damaged Area,V1 Towed,V1 Travel Direction,V1 Interstate,V1 Cargo Body Type,V1 Gross Weight,V1 Haz Placard,V1 Haz Release,V1 Trailer Reg Type,V1 Trailer Reg Plate,V1 Trailer Reg State,V1 Trailer Reg Year,V1 Trailer Len,V1 Driver Contribution,V1 Driver Contribution 2,V1 Is Truck,V1 Has Trailer,V1 Is Bus,V1 Is Hazmat,V1 Reg Year,V1 Driver Distracted,V1 Bus Use,V1 Tow Use,V2 Registration Type,V2 State Code,V2 Configuration,V2 Emergency Response,V2 Moped,V2 Hit and Run,V2 Action Prior to Crash,V2 Model Year,V2 Most Harmful Event,V2 Model,V2 Make,V2 Occupant Count,V2 Underride Override,V2 First Event,V2 Second Event,V2 Third Event,V2 Fourth Event,V2 Most Damaged Area,V2 Second Damaged Area,V2 Third Damaged Area,V2 Towed,V2 Travel Direction,V2 Interstate,V2 Cargo Body Type,V2 Gross Weight,V2 Haz Placard,V2 Haz Release,V2 Trailer Reg Type,V2 Trailer Reg Plate,V2 Trailer Reg State,V2 Trailer Reg Year,V2 Trailer Len,V2 Driver Contribution,V2 Driver Contribution 2,V2 Is Truck,V2 Has Trailer,V2 Is Bus,V2 Is Hazmat,V2 Reg Year,V2 Driver Distracted,V2 Bus Use,V2 Tow Use,P1 Role,P1 Injury,P1 Drivers Lic State,P1 Drivers Lic Class 1,P1 Drivers Lic Class 2,P1 Drivers Lic Restrict,P1 Non Motorist Desc,P1 Non Motorist Action,P1 Non Motorist Location,P1 Safety Equipment,P1 Age,P1 Sex,P1 Seat Position,P1 Safety System,P1 Trapped,P1 Veh Owner,P2 Role,P2 Injury,P2 Drivers Lic State,P2 Drivers Lic Class 1,P2 Drivers Lic Class 2,P2 Drivers Lic Restrict,P2 Non Motorist Desc,P2 Non Motorist Action,P2 Non Motorist Location,P2 Safety Equipment,P2 Age,P2 Sex,P2 Seat Position,P2 Safety System,P2 Trapped,P2 Veh Owner
5/2/17 13:32,Tuesday,UNKNOWN HEAVY TRUCK,LIGHT TRUCK,,CAMBRIDGE ST,PROSPECT ST,,"CAMBRIDGE ST &amp; PROSPECT ST
Cambridge, MA
(42.37177216100008, -71.08567111699995)",,,ANGLE,ROADWAY,COLLISION WITH MOTOR VEHICLE IN TRAFFIC,DAYLIGHT,UNKNOWN,CLEAR,TRAFFIC CONTROL SIGNAL,YES,UNKNOWN,FOUR WAY INTERSECTION,"TWO-WAY, NOT DIVIDED",NO,NO,25,INTERSECTION,CAMBRIDGE ST,NORTHBOUND,PROSPECT ST,WESTBOUND,,,,,,,,,,,TRAFFIC CONGESTION RELATED,,,CON,MA,UNKNOWN HEAVY TRUCK,,,,TRAVELING STRAIGHT AHEAD,2011,COLLISION WITH MOTOR VEHICLE IN TRAFFIC,UNKNOWN,BOX TRUCK,1,,COLLISION WITH MOTOR VEHICLE IN TRAFFIC,,,,LEFT FRONT,,,,NORTHBOUND,,,,,,,,,,,NO IMPROPER DRIVING,,,,,,,NOT DISTRACTED,,,PAN,MA,LIGHT TRUCK,,,Y,BACKING,2007,COLLISION WITH MOTOR VEHICLE IN TRAFFIC,FORRESTER,SUBARU,2,,COLLISION WITH MOTOR VEHICLE IN TRAFFIC,,,,REAR CENTER,RIGHT REAR,LEFT REAR,,WESTBOUND,,,,,,,,,,,UNKNOWN,,,,,,,UNKNOWN,,,OPERATOR/DRIVER,NO INJURY,NEW HAMPSHIRE,UNKNOWN,,UNKNOWN,,,,,,MALE,"FRONT SEAT - LEFT SIDE, OR MOTORCYLE DRIVER",UNKNOWN,NOT TRAPPED,,WITNESS,,,,,,,,,,,MALE,,,,
4/12/17 22:40,Wednesday,PASSENGER CAR,PASSENGER CAR,92,JACKSON CIRCLE,,,"92 JACKSON CIRCLE
Cambridge, MA
(42.39185454700004, -71.13580154399995)",,,"SIDESWIPE, SAME DIRECTION",ROADWAY,COLLISION WITH MOTOR VEHICLE IN TRAFFIC,DARK - LIGHTED ROADWAY,CLEAR,,NO CONTROLS,,DRY,NOT AT INTERSECTION,"ONE-WAY, NOT DIVIDED",NO,NO,15,NON INTERSECTION,,,,,,,SOUTHBOUND,,,,,,,,NONE,,,PAN,MA,PASSENGER CAR,,,,TRAVELING STRAIGHT AHEAD,2012,COLLISION WITH MOTOR VEHICLE IN TRAFFIC,MAXIMA,NISSAN,1,,COLLISION WITH MOTOR VEHICLE IN TRAFFIC,,,,LEFT FRONT,,,,SOUTHBOUND,,,,,,,,,,,UNKNOWN,,,,,,,UNKNOWN,,,PAN,MA,PASSENGER CAR,,,,TRAVELING STRAIGHT AHEAD,2002,COLLISION WITH MOTOR VEHICLE IN TRAFFIC,ACCORD,HONDA,1,,COLLISION WITH MOTOR VEHICLE IN TRAFFIC,,,,RIGHT FRONT,,,,SOUTHBOUND,,,,,,,,,,,UNKNOWN,,,,,,,UNKNOWN,,,OPERATOR/DRIVER,NO INJURY,MASSACHUSETTS,"D, CLASS D VEHICLES",,NONE,,,,,48,FEMALE,"FRONT SEAT - LEFT SIDE, OR MOTORCYLE DRIVER",UNKNOWN,,Y,OPERATOR/DRIVER,NO INJURY,MASSACHUSETTS,"D, CLASS D VEHICLES",,NONE,,,,,,MALE,"FRONT SEAT - LEFT SIDE, OR MOTORCYLE DRIVER",,,
6/22/17 19:57,Thursday,PASSENGER CAR,,,NOTRE DAME AVENUE,SARGENT STREET,,"NOTRE DAME AVENUE &amp; SARGENT STREET
Cambridge, MA
(42.391787246000035, -71.13128923399995)",,,UNKNOWN,ROADWAY,COLLISION WITH MOTOR VEHICLE IN TRAFFIC,UNKNOWN,CLEAR,,STOP SIGNS,YES,DRY,T-INTERSECTION,"TWO-WAY, DIVIDED, UNPROTECTED MEDIAN",NO,NO,25,INTERSECTION,NOTRE DAME AVENUE,EASTBOUND,SARGENT STREET,SOUTHBOUND,,,,,,,,,,,UNKNOWN,,,PAN,MA,PASSENGER CAR,,,Y,PARKED,2006,COLLISION WITH MOTOR VEHICLE IN TRAFFIC,S60,VOLVO,0,,COLLISION WITH MOTOR VEHICLE IN TRAFFIC,,,,LEFT FRONT,LEFT SIDE,,,WESTBOUND,,,,,,,,,,,NO IMPROPER DRIVING,,,,,,,,,,,,,,,,,,,,,,,,,,,,,,,,,,,,,,,,,,,,,,,,,,,,UNINVOLVED OWNER,,MASSACHUSETTS,"D, CLASS D VEHICLES",,,,,,,,FEMALE,,,,Y,,,,,,,,,,,,,,,,
6/25/17 9:23,Sunday,PASSENGER CAR,,100,CAMBRIDGESIDE PLACE,,,"100 CAMBRIDGESIDE PLACE
Cambridge, MA
(42.367019232000075, -71.07601559399995)",,,UNKNOWN,UNKNOWN,UNKNOWN,UNKNOWN,CLEAR,,NO CONTROLS,,DRY,UNKNOWN,"ONE-WAY, NOT DIVIDED",NO,NO,25,NON INTERSECTION,CAMBRIDGESIDE PLACE,EASTBOUND,,,,,EASTBOUND,,,,,,,GARAGE,UNKNOWN,,,PAN,MA,PASSENGER CAR,,,Y,PARKED,2010,UNKNOWN,XC70,VOLVO,0,,UNKNOWN,,,,LEFT SIDE,,,,EASTBOUND,,,,,,,,,,,NO IMPROPER DRIVING,,,,,,,NOT DISTRACTED,,,,,,,,,,,,,,,,,,,,,,,,,,,,,,,,,,,,,,,,,,,,,UNINVOLVED OWNER,,MASSACHUSETTS,"D, CLASS D VEHICLES",,NONE,,,,,,MALE,,,,Y,,,,,,,,,,,,,,,,
4/7/17 4:00,Friday,LIGHT TRUCK,,80,PROSPECT STREET,,,"80 PROSPECT STREET
Cambridge, MA
(42.36705257700004, -71.10257428599994)",,,SINGLE VEHICLE CRASH,OUTSIDE ROADWAY,COLLISION WITH LIGHT POLE OR OTHER POST/SUPPORT,DARK - LIGHTED ROADWAY,CLOUDY,RAIN,NO CONTROLS,,WET,NOT AT INTERSECTION,UNKNOWN,NO,NO,,NON INTERSECTION,,,,,,,NORTHBOUND,,,,NORTHBOUND,PARKING LOT 80 PROSPECT STREET,,,NONE,,,MVN,MA,LIGHT TRUCK,,,,BACKING,2014,COLLISION WITH LIGHT POLE OR OTHER POST/SUPPORT,EXPLORER,FORD,1,,COLLISION WITH LIGHT POLE OR OTHER POST/SUPPORT,,,,REAR CENTER,,,,WESTBOUND,,,,,,,,,,,VISIBILITY OBSTRUCTED,,,,,,,NOT DISTRACTED,,,,,,,,,,,,,,,,,,,,,,,,,,,,,,,,,,,,,,,,,,,,,OPERATOR/DRIVER,NO INJURY,MASSACHUSETTS,"D, CLASS D VEHICLES",,NONE,,,,,,MALE,"FRONT SEAT - LEFT SIDE, OR MOTORCYLE DRIVER",UNKNOWN,NOT TRAPPED,,UNINVOLVED OWNER,,,,,,,,,,,,,,,Y
4/11/17 11:15,Tuesday,PASSENGER CAR,,120,CAMBRIDGE ST,,,"120 CAMBRIDGE ST
Cambridge, MA
(42.370731671000044, -71.07774376499998)",,,UNKNOWN,ROADWAY,UNKNOWN,DAYLIGHT,CLEAR,,NO CONTROLS,NO,DRY,NOT AT INTERSECTION,"TWO-WAY, DIVIDED, UNPROTECTED MEDIAN",NO,NO,25,NON INTERSECTION,,,,,,,SOUTHBOUND,,,,,,,,NONE,,,PAN,MA,PASSENGER CAR,,,Y,PARKED,2017,COLLISION WITH PARKED MOTOR VEHICLE,CAMRY,TOYOTA,,,UNKNOWN,,,,CENTER FRONT,,,,,,,,,,,,,,,,,,,,,,,,,,,,,,,,,,,,,,,,,,,,,,,,,,,,,,,,,,,,,,,,,,,UNINVOLVED OWNER,,,,,,,,,,,MALE,,,,Y,,,,,,,,,,,,,,,,
4/12/17 15:46,Wednesday,PASSENGER CAR,PASSENGER CAR,,MILLER AVE,ORCHARD ST,,"MILLER AVE &amp; ORCHARD ST
Cambridge, MA
(42.39147144000003, -71.12051787799999)",,,SINGLE VEHICLE CRASH,ROADWAY,COLLISION WITH MOTOR VEHICLE IN TRAFFIC,DAYLIGHT,RAIN,CLOUDY,STOP SIGNS,,WET,T-INTERSECTION,"ONE-WAY, NOT DIVIDED",NO,NO,25,INTERSECTION,MILLER AVE,SOUTHBOUND,ORCHARD ST,WESTBOUND,,,,,,,,,,,NONE,,,PAN,MA,PASSENGER CAR,,,,TRAVELING STRAIGHT AHEAD,2011,COLLISION WITH MOTOR VEHICLE IN TRAFFIC,FIT,HONDA,1,,COLLISION WITH MOTOR VEHICLE IN TRAFFIC,,,,LEFT SIDE,,,Y,WESTBOUND,,,,,,,,,,,NO IMPROPER DRIVING,,,,,,,UNKNOWN,,YES VEHICLE OR TRAILER DISABLED,PAN,MA,PASSENGER CAR,,,,TURNING LEFT,2017,COLLISION WITH MOTOR VEHICLE IN TRAFFIC,NV200,NISSAN,1,,COLLISION WITH MOTOR VEHICLE IN TRAFFIC,COLLISION WITH PARKED MOTOR VEHICLE,,,RIGHT FRONT,,,,SOUTHBOUND,,,,,,,,,,,UNKNOWN,,,,,,,UNKNOWN,,,OPERATOR/DRIVER,NO INJURY,MASSACHUSETTS,"D, CLASS D VEHICLES",,NONE,,,,,,FEMALE,"FRONT SEAT - LEFT SIDE, OR MOTORCYLE DRIVER",UNKNOWN,NOT TRAPPED,Y,OPERATOR/DRIVER,NO INJURY,MASSACHUSETTS,"D, CLASS D VEHICLES",,CORRECTIVE LENSES,,,,,,MALE,"FRONT SEAT - LEFT SIDE, OR MOTORCYLE DRIVER",UNKNOWN,NOT TRAPPED,Y
5/31/17 10:10,Wednesday,LIGHT TRUCK,PASSENGER CAR,,BROOKLINE ST,,MASS AVE,"BROOKLINE ST
Cambridge, MA
(42.358497879000026, -71.10682991699997)",,,ANGLE,ROADWAY,COLLISION WITH MOTOR VEHICLE IN TRAFFIC,DAYLIGHT,CLOUDY,,TRAFFIC CONTROL SIGNAL,YES,DRY,T-INTERSECTION,"ONE-WAY, NOT DIVIDED",NO,NO,25,NON INTERSECTION,,,,,,,NORTHBOUND,,,,,,,,NONE,,,PAS,MA,LIGHT TRUCK,,,,TURNING RIGHT,2007,COLLISION WITH MOTOR VEHICLE IN TRAFFIC,PATHFI,NISS,2,,COLLISION WITH MOTOR VEHICLE IN TRAFFIC,,,,RIGHT REAR,,,,NORTHBOUND,,,,,,,,,,,UNKNOWN,,,,,,,UNKNOWN,,,PAN,MA,PASSENGER CAR,,,,TURNING RIGHT,2015,COLLISION WITH MOTOR VEHICLE IN TRAFFIC,FIT,HOND,1,,COLLISION WITH MOTOR VEHICLE IN TRAFFIC,,,,LEFT FRONT,,,,NORTHBOUND,,,,,,,,,,,UNKNOWN,,,,,,,UNKNOWN,,,OPERATOR/DRIVER,NO INJURY,MASSACHUSETTS,"D, CLASS D VEHICLES",,NONE,,,,,,FEMALE,"FRONT SEAT - LEFT SIDE, OR MOTORCYLE DRIVER",UNKNOWN,NOT TRAPPED,Y,OCCUPANT/PASSENGER,NO INJURY,,,,,,,,,,MALE,FRONT SEAT - RIGHT SIDE,UNKNOWN,NOT TRAPPED,
6/20/17 6:15,Tuesday,LIGHT TRUCK,,,BINNEY ST,SECOND ST,,"BINNEY ST &amp; SECOND ST
Cambridge, MA
(42.369211912000026, -71.07896924899995)",,,UNKNOWN,ROADWAY,OTHER,DAWN,UNKNOWN,,TRAFFIC CONTROL SIGNAL,YES,UNKNOWN,FOUR WAY INTERSECTION,"TWO-WAY, NOT DIVIDED",NO,YES,25,INTERSECTION,BINNEY ST,EASTBOUND,SECOND ST,,,,,,,,,,,,OBSTRUCTION IN ROADWAY,MUNICIPAL,SEWER COVER,PAN,MA,LIGHT TRUCK,,,,TRAVELING STRAIGHT AHEAD,2001,OTHER,F250,FORD,1,,OTHER,,,,UNDERCARRIAGE,,,,EASTBOUND,,,,,,,,,,,NO IMPROPER DRIVING,,,,,,,NOT DISTRACTED,,,,,,,,,,,,,,,,,,,,,,,,,,,,,,,,,,,,,,,,,,,,,OPERATOR/DRIVER,NO INJURY,MASSACHUSETTS,UNKNOWN,,UNKNOWN,,,,,,MALE,"FRONT SEAT - LEFT SIDE, OR MOTORCYLE DRIVER",UNKNOWN,NOT TRAPPED,Y,,,,,,,,,,,,,,,,
4/13/17 20:13,Thursday,PASSENGER CAR,,,MASS AVE,ALBANY ST,,"MASS AVE &amp; ALBANY ST
Cambridge, MA
(42.360055242000044, -71.09775408399997)",1,1,ANGLE,ROADWAY,COLLISION WITH PEDALCYCLE,DARK - LIGHTED ROADWAY,CLEAR,,TRAFFIC CONTROL SIGNAL,YES,DRY,FOUR WAY INTERSECTION,"TWO-WAY, NOT DIVIDED",NO,NO,25,INTERSECTION,MASS AVE,EASTBOUND,ALBANY ST,SOUTHBOUND,,,,,,,,,,,NONE,,,PAN,MA,PASSENGER CAR,,,,TURNING LEFT,2007,COLLISION WITH PEDALCYCLE,COROLL,TOYOTA,1,,COLLISION WITH PEDALCYCLE,COLLISION WITH PEDESTRIAN,,,RIGHT SIDE,,,,SOUTHBOUND,,,,,,,,,,,UNKNOWN,,,,,,,NOT DISTRACTED,,,,,,,,,,,,,,,,,,,,,,,,,,,,,,,,,,,,,,,,,,,,,OPERATOR/DRIVER,NO INJURY,MASSACHUSETTS,"D, CLASS D VEHICLES",,UNKNOWN,,,,,,MALE,"FRONT SEAT - LEFT SIDE, OR MOTORCYLE DRIVER",SHOULDER AND LAP BELT USED,NOT TRAPPED,Y,NON-MOTORIST,NON FATAL INJURY - NON INCAPACITATING,MASSACHUSETTS,,,,CYCLIST,"WALKING, RUNNING OR CYCLING",SHARED-USE PATH OR TRAILS,HELMET,,MALE,,,,
5/22/17 13:51,Monday,TRUCK TRAILER,,,CLIFTON STREET,RINDGE AVE,,"CLIFTON STREET &amp; RINDGE AVE
Cambridge, MA
(42.395615844000076, -71.13630772499994)",,1,SINGLE VEHICLE CRASH,ROADWAY,COLLISION WITH LIGHT POLE OR OTHER POST/SUPPORT,DAYLIGHT,CLEAR,CLEAR,TRAFFIC CONTROL SIGNAL,YES,DRY,FOUR WAY INTERSECTION,"TWO-WAY, NOT DIVIDED",NO,NO,,INTERSECTION,CLIFTON STREET,,RINDGE AVE,,,,,,,,,,,,NONE,MUNICIPAL,PEDESTRIAN STREET LIGHT,APN,MA,TRUCK TRAILER,,,,BACKING,2016,COLLISION WITH LIGHT POLE OR OTHER POST/SUPPORT,TRACTOR,WSTR,1,,COLLISION WITH LIGHT POLE OR OTHER POST/SUPPORT,,,,NONE,NONE,NONE,,NORTHBOUND,,,,,,SMN,SM95570,MASSACHUSETTS,2004,OTHER,UNKNOWN,,,Y,,,,UNKNOWN,,,,,,,,,,,,,,,,,,,,,,,,,,,,,,,,,,,,,,,,,,,,,OPERATOR/DRIVER,NO INJURY,MASSACHUSETTS,"A, CLASS A VEHICLES",,NONE,,,,,,MALE,"FRONT SEAT - LEFT SIDE, OR MOTORCYLE DRIVER",UNKNOWN,NOT TRAPPED,,UNINVOLVED OWNER,,,,,,,,,,,UNKNOWN,,,,Y
5/19/17 21:54,Friday,PASSENGER CAR,LIGHT TRUCK,,BLANCHARD RD,MANNIX RD,,"BLANCHARD RD &amp; MANNIX RD
Cambridge, MA
(42.38646090000003, -71.16020399899998)",,,REAR-END,ROADWAY,COLLISION WITH MOTOR VEHICLE IN TRAFFIC,DAYLIGHT,CLEAR,,NO CONTROLS,,DRY,T-INTERSECTION,"TWO-WAY, NOT DIVIDED",NO,NO,35,INTERSECTION,BLANCHARD RD,,MANNIX RD,,,,,,,,,,,,NONE,,,PAN,MA,PASSENGER CAR,,,,SLOWING OR STOPPED IN TRAFFIC,2015,COLLISION WITH MOTOR VEHICLE IN TRAFFIC,CORROLLA,FORD,1,,COLLISION WITH MOTOR VEHICLE IN TRAFFIC,,,,REAR CENTER,,,,NORTHBOUND,,,,,,,,,,,NO IMPROPER DRIVING,,,,,,,NOT DISTRACTED,,,PAN,MA,LIGHT TRUCK,,,,TRAVELING STRAIGHT AHEAD,2009,COLLISION WITH MOTOR VEHICLE IN TRAFFIC,ESCAPE,FORD,1,,COLLISION WITH MOTOR VEHICLE IN TRAFFIC,,,,CENTER FRONT,,,,NORTHBOUND,,,,,,,,,,,UNKNOWN,,,,,,,UNKNOWN,,,OPERATOR/DRIVER,NO INJURY,MASSACHUSETTS,"D, CLASS D VEHICLES",,CORRECTIVE LENSES,,,,,,MALE,"FRONT SEAT - LEFT SIDE, OR MOTORCYLE DRIVER",UNKNOWN,NOT TRAPPED,Y,OPERATOR/DRIVER,NO INJURY,,UNKNOWN,,UNKNOWN,,,,,,MALE,"FRONT SEAT - LEFT SIDE, OR MOTORCYLE DRIVER",UNKNOWN,NOT TRAPPED,
5/3/17 19:26,Wednesday,PASSENGER CAR,,,GALILEO WAY,BROADWAY,,"GALILEO WAY &amp; BROADWAY
Cambridge, MA
(42.364701998000044, -71.08905975299996)",,,REAR-END,ROADWAY,OTHER,DAYLIGHT,CLEAR,CLEAR,TRAFFIC CONTROL SIGNAL,YES,UNKNOWN,FOUR WAY INTERSECTION,"TWO-WAY, DIVIDED, UNPROTECTED MEDIAN",NO,NO,25,INTERSECTION,GALILEO WAY,SOUTHBOUND,BROADWAY,WESTBOUND,,,,,,,,,,,UNKNOWN,,,PAN,MA,PASSENGER CAR,,,Y,SLOWING OR STOPPED IN TRAFFIC,1999,OTHER,GEOPRIZM,CHEVE,1,,OTHER,OTHER,OTHER,OTHER,RIGHT REAR,RIGHT REAR,REAR CENTER,,SOUTHBOUND,,,,,,,,,,,NO IMPROPER DRIVING,NO IMPROPER DRIVING,,,,,,UNKNOWN,,,,,,,,,,,,,,,,,,,,,,,,,,,,,,,,,,,,,,,,,,,,,OPERATOR/DRIVER,NO INJURY,MASSACHUSETTS,"D, CLASS D VEHICLES",,NONE,,,,,,FEMALE,"FRONT SEAT - LEFT SIDE, OR MOTORCYLE DRIVER",UNKNOWN,,Y,,,,,,,,,,,,,,,,
6/1/17 13:35,Thursday,LIGHT TRUCK,PASSENGER CAR,65,LINCOLN ST,,UNION ST,"65 LINCOLN ST
Cambridge, MA
(42.37128471300008, -71.09487339499998)",,,"SIDESWIPE, SAME DIRECTION",ROADWAY,COLLISION WITH PARKED MOTOR VEHICLE,DAYLIGHT,CLOUDY,,NO CONTROLS,,DRY,NOT AT INTERSECTION,"ONE-WAY, NOT DIVIDED",NO,NO,25,NON INTERSECTION,,,,,,,EASTBOUND,,,,,,,,NONE,,,CON,MA,LIGHT TRUCK,,,,LEAVING TRAFFIC LANE,1999,COLLISION WITH PARKED MOTOR VEHICLE,F450,FORD,1,,COLLISION WITH PARKED MOTOR VEHICLE,,,,NONE,,,,EASTBOUND,,DUMP,"10,001 - 26000 POUNDS",,,TRL,C30274,MASSACHUSETTS,,OTHER,UNKNOWN,,Y,Y,,,,UNKNOWN,,,PASS,NY,PASSENGER CAR,,,,PARKED,2017,COLLISION WITH MOTOR VEHICLE IN TRAFFIC,CHALL,DODGE,0,,COLLISION WITH MOTOR VEHICLE IN TRAFFIC,,,,LEFT FRONT,,,,EASTBOUND,,,,,,,,,,,NO IMPROPER DRIVING,,,,,,,,,,OPERATOR/DRIVER,NO INJURY,MASSACHUSETTS,"D, CLASS D VEHICLES",,NONE,,,,,,MALE,"FRONT SEAT - LEFT SIDE, OR MOTORCYLE DRIVER",UNKNOWN,NOT TRAPPED,,UNINVOLVED OWNER,,MASSACHUSETTS,,,,,,,,,MALE,,,,Y
5/31/17 14:24,Wednesday,LIGHT TRUCK,,,BROADWAY,,FELTON ST,"BROADWAY
Cambridge, MA
(42.364701998000044, -71.08905975299996)",,,UNKNOWN,ROADWAY,COLLISION WITH PARKED MOTOR VEHICLE,DAYLIGHT,RAIN,RAIN,NO CONTROLS,NO,WET,NOT AT INTERSECTION,"TWO-WAY, NOT DIVIDED",NO,NO,25,NON INTERSECTION,,,,,,,WESTBOUND,,,,,CRLS,,,UNKNOWN,,,PAN,MA,LIGHT TRUCK,,,Y,PARKED,2005,COLLISION WITH PARKED MOTOR VEHICLE,ARMADA,NISSAN,0,,COLLISION WITH PARKED MOTOR VEHICLE,COLLISION WITH PARKED MOTOR VEHICLE,COLLISION WITH PARKED MOTOR VEHICLE,COLLISION WITH PARKED MOTOR VEHICLE,LEFT SIDE,,,,UNKNOWN,,,,,,,,,,,UNKNOWN,UNKNOWN,,,,,,UNKNOWN,,,,,,,,,,,,,,,,,,,,,,,,,,,,,,,,,,,,,,,,,,,,,UNINVOLVED OWNER,,,,,,,,,,,FEMALE,,,,Y,,,,,,,,,,,,,,,,
5/20/17 20:14,Saturday,PASSENGER CAR,PASSENGER CAR,35,WHITE ST,,,"35 WHITE ST
Cambridge, MA
(42.389120785000046, -71.11809175299999)",,,REAR-END,ROADWAY,COLLISION WITH MOTOR VEHICLE IN TRAFFIC,DAYLIGHT,CLEAR,,NO CONTROLS,,DRY,NOT AT INTERSECTION,"TWO-WAY, NOT DIVIDED",NO,NO,25,NON INTERSECTION,,,,,,,NORTHBOUND,,NORTHBOUND,,,,,,NONE,,,PAN,MA,PASSENGER CAR,,,,BACKING,2012,COLLISION WITH MOTOR VEHICLE IN TRAFFIC,ENCLAV,BUICK,3,,COLLISION WITH MOTOR VEHICLE IN TRAFFIC,,,,REAR CENTER,LEFT REAR,,,UNKNOWN,,,,,,,,,,,NO IMPROPER DRIVING,,,,,,,UNKNOWN,,,PAN,MA,PASSENGER CAR,,,,TRAVELING STRAIGHT AHEAD,2007,COLLISION WITH MOTOR VEHICLE IN TRAFFIC,MUSTANG,FORD,1,,COLLISION WITH MOTOR VEHICLE IN TRAFFIC,,,,RIGHT SIDE,RIGHT FRONT,,Y,UNKNOWN,,,,,,,,,,,NO IMPROPER DRIVING,,,,,,,NOT DISTRACTED,,YES OTHER REASON NOT DISABLED,OPERATOR/DRIVER,NO INJURY,MASSACHUSETTS,"D, CLASS D VEHICLES",,NONE,,,,,,MALE,,,,Y,OCCUPANT/PASSENGER,NO INJURY,,,,,,,,,,MALE,,,,
6/1/17 15:03,Thursday,PASSENGER CAR,,,MT AUBURN,ELIOT,,"MT AUBURN &amp; ELIOT
Cambridge, MA
(42.375080000000025, -71.15000999999995)",,,SINGLE VEHICLE CRASH,ROADWAY,COLLISION WITH LIGHT POLE OR OTHER POST/SUPPORT,DAYLIGHT,CLEAR,,STOP SIGNS,YES,DRY,Y-INTERSECTION,"TWO-WAY, DIVIDED, UNPROTECTED MEDIAN",NO,NO,25,INTERSECTION,MT AUBURN,EASTBOUND,ELIOT,WESTBOUND,,,,,,,,,,,NONE,,,PAN,MA,PASSENGER CAR,,,,TRAVELING STRAIGHT AHEAD,1996,COLLISION WITH HIGHWAY TRAFFIC SIGN POST,CELICA,TOYOTA,1,,COLLISION WITH HIGHWAY TRAFFIC SIGN POST,,,,CENTER FRONT,RIGHT FRONT,,Y,EASTBOUND,,,,,,,,,,,NO IMPROPER DRIVING,,,,,,,UNKNOWN,,YES VEHICLE OR TRAILER DISABLED,,,,,,,,,,,,,,,,,,,,,,,,,,,,,,,,,,,,,,,,,,,OPERATOR/DRIVER,UNKNOWN,MASSACHUSETTS,"D, CLASS D VEHICLES",,NONE,,,,,,MALE,"FRONT SEAT - LEFT SIDE, OR MOTORCYLE DRIVER",SHOULDER AND LAP BELT USED,NOT TRAPPED,,UNINVOLVED OWNER,,MASSACHUSETTS,,,,,,,,,FEMALE,,,,Y
5/1/17 9:42,Monday,LIGHT TRUCK,,359,BROADWAY,,FAYETTE ST,"359 BROADWAY
Cambridge, MA
(42.37059832400007, -71.10420071199997)",,1,SINGLE VEHICLE CRASH,ROADSIDE,COLLISION WITH PEDESTRIAN,DAYLIGHT,CLOUDY,,NO CONTROLS,,DRY,NOT AT INTERSECTION,"TWO-WAY, NOT DIVIDED",NO,NO,25,NON INTERSECTION,,,,,,,EASTBOUND,,NORTHBOUND,,,,,,NONE,,,SPN,MA,LIGHT TRUCK,,,,BACKING,2013,COLLISION WITH PEDESTRIAN,CARAVAN,DODGE,1,,COLLISION WITH PEDESTRIAN,,,,NONE,,,,EASTBOUND,,,,,,,,,,,UNKNOWN,,,,,,,UNKNOWN,,,,,,,,,,,,,,,,,,,,,,,,,,,,,,,,,,,,,,,,,,,,,OPERATOR/DRIVER,NO INJURY,MASSACHUSETTS,"D, CLASS D VEHICLES",,CORRECTIVE LENSES,,,,,,FEMALE,"FRONT SEAT - LEFT SIDE, OR MOTORCYLE DRIVER",UNKNOWN,NOT TRAPPED,,NON-MOTORIST,NON FATAL INJURY - NON INCAPACITATING,MASSACHUSETTS,"D, CLASS D VEHICLES",,NONE,PEDESTRIAN,ENTERING OR CROSSING SPECIFIED LOCATION,SHOULDER,NONE USED,,FEMALE,,,,
4/26/17 2:05,Wednesday,PASSENGER CAR,,563,MASS AVE,,PEARL ST,"563 MASS AVE
Cambridge, MA
(42.36460690200005, -71.10235414699997)",,,UNKNOWN,ROADWAY,UNKNOWN,DARK - LIGHTED ROADWAY,RAIN,,NO CONTROLS,YES,WET,NOT AT INTERSECTION,"TWO-WAY, NOT DIVIDED",NO,NO,25,NON INTERSECTION,,,,,,,NORTHBOUND,,WESTBOUND,,,,,,NONE,,,PAN,MA,PASSENGER CAR,,,,TRAVELING STRAIGHT AHEAD,2010,UNKNOWN,COROLLA,TOYOTA,2,,UNKNOWN,,,,LEFT SIDE,,,Y,NORTHBOUND,,,,,,,,,,,NO IMPROPER DRIVING,,,,,,,NOT DISTRACTED,,NO,,,,,,,,,,,,,,,,,,,,,,,,,,,,,,,,,,,,,,,,,,,OPERATOR/DRIVER,NO INJURY,MASSACHUSETTS,"D, CLASS D VEHICLES",,NONE,,,,,,MALE,"FRONT SEAT - LEFT SIDE, OR MOTORCYLE DRIVER",SHOULDER AND LAP BELT USED,NOT TRAPPED,Y,OCCUPANT/PASSENGER,UNKNOWN,,,,,,,,,,,SECOND SEAT - RIGHT SIDE,UNKNOWN,NOT TRAPPED,