Date Time,Day of Week,Object 1,Object 2,Street Number,Street Name,Cross Street,Near Street,Location,May involve cyclist,May Involve Pedestrian,Manner of Collision,First Harmful Event Location,First Harmful Event,Ambient Light,Weather Condition 1,Weather Condition 2,Traffic Control Device Type,Traffic Control Device Functionality,Road Surface Condition,Roadway Junction Type,Trafficway Description,School Bus Related,Work Zone,Speed Limit,Street or Intersection,Intersection Name 1,Intersection Direction 1,Intersection Name 2,Intersection Direction 2,Intersection Name 3,Intersection Direction 3,Street Direction,Nearest Intersection Distance,Nearest Intersection Direction,Landmark Distance,Landmark Direction,Landmark,Mile Marker Direction,Non Public Area,Road Contributing,Damaged Property Type,Description of Damaged Property,V1 Registration Type,v1 State Code,V1 Configuration,V1 Emergency Response,V1 Moped,V1 Hit and Run,V1 Action Prior to Crash,V1 Model Year,V1 Most Harmful Event,V1 Model,V1 Make,V1 Occupant Count,V1 Underride Override,V1 First Event,V1 Second Event,V1 Third Event,V1 Fourth Event,V1 Most Damaged Area,V1 Second Damaged Area,V1 Third Damaged Area,V1 Towed,V1 Travel Direction,V1 Interstate,V1 Cargo Body Type,V1 Gross Weight,V1 Haz Placard,V1 Haz Release,V1 Trailer Reg Type,V1 Trailer Reg Plate,V1 Trailer Reg State,V1 Trailer Reg Year,V1 Trailer Len,V1 Driver Contribution,V1 Driver Contribution 2,V1 Is Truck,V1 Has Trailer,V1 Is Bus,V1 Is Hazmat,V1 Reg Year,V1 Driver Distracted,V1 Bus Use,V1 Tow Use,V2 Registration Type,V2 State Code,V2 Configuration,V2 Emergency Response,V2 Moped,V2 Hit and Run,V2 Action Prior to Crash,V2 Model Year,V2 Most Harmful Event,V2 Model,V2 Make,V2 Occupant Count,V2 Underride Override,V2 First Event,V2 Second Event,V2 Third Event,V2 Fourth Event,V2 Most Damaged Area,V2 Second Damaged Area,V2 Third Damaged Area,V2 Towed,V2 Travel Direction,V2 Interstate,V2 Cargo Body Type,V2 Gross Weight,V2 Haz Placard,V2 Haz Release,V2 Trailer Reg Type,V2 Trailer Reg Plate,V2 Trailer Reg State,V2 Trailer Reg Year,V2 Trailer Len,V2 Driver Contribution,V2 Driver Contribution 2,V2 Is Truck,V2 Has Trailer,V2 Is Bus,V2 Is Hazmat,V2 Reg Year,V2 Driver Distracted,V2 Bus Use,V2 Tow Use,P1 Role,P1 Injury,P1 Drivers Lic State,P1 Drivers Lic Class 1,P1 Drivers Lic Class 2,P1 Drivers Lic Restrict,P1 Non Motorist Desc,P1 Non Motorist Action,P1 Non Motorist Location,P1 Safety Equipment,P1 Age,P1 Sex,P1 Seat Position,P1 Safety System,P1 Trapped,P1 Veh Owner,P2 Role,P2 Injury,P2 Drivers Lic State,P2 Drivers Lic Class 1,P2 Drivers Lic Class 2,P2 Drivers Lic Restrict,P2 Non Motorist Desc,P2 Non Motorist Action,P2 Non Motorist Location,P2 Safety Equipment,P2 Age,P2 Sex,P2 Seat Position,P2 Safety System,P2 Trapped,P2 Veh Owner
8/3/17 19:42,Thursday,PASSENGER CAR,,1438,MASS AVE,,,"1438 MASS AVE
Cambridge, MA
(42.373843488000034, -71.11893815199994)",1,,SINGLE VEHICLE CRASH,ROADWAY,COLLISION WITH PEDALCYCLE,DAYLIGHT,CLEAR,CLEAR,NO CONTROLS,YES,DRY,NOT AT INTERSECTION,"TWO-WAY, DIVIDED, POSITIVE MEDIAN BARRIER",NO,NO,25,NON INTERSECTION,,,,,,,SOUTHBOUND,,,,,,,,NONE,,,PAS,MA,PASSENGER CAR,,,,OVERTAKING / PASSING,2011,COLLISION WITH PEDALCYCLE,C300,MERCEDES,2,,COLLISION WITH PEDALCYCLE,,,,RIGHT FRONT,,,,SOUTHBOUND,,,,,,,,,,,OTHER IMPROPER ACTION,INATTENTION,,,,,,UNKNOWN,,,,,,,,,,,,,,,,,,,,,,,,,,,,,,,,,,,,,,,,,,,,,OPERATOR/DRIVER,NO INJURY,MASSACHUSETTS,"D, CLASS D VEHICLES",UNKNOWN,UNKNOWN,,,,,,MALE,"FRONT SEAT - LEFT SIDE, OR MOTORCYLE DRIVER",UNKNOWN,NOT TRAPPED,Y,NON-MOTORIST,NON FATAL INJURY - INCAPACITATING,,,,,CYCLIST,"WALKING, RUNNING OR CYCLING",SHARED-USE PATH OR TRAILS,HELMET,,MALE,,,,
8/1/17 8:35,Tuesday,LIGHT TRUCK,,46,CONCORD AV,,,"46 CONCORD AV
Cambridge, MA
(42.38049049000006, -71.12770485999994)",1,,ANGLE,ROADWAY,COLLISION WITH PEDALCYCLE,DAYLIGHT,CLOUDY,,NO CONTROLS,,DRY,DRIVEWAY,"TWO-WAY, DIVIDED, UNPROTECTED MEDIAN",NO,NO,30,NON INTERSECTION,,,,,,,SOUTHBOUND,,,,,,,,NONE,,,PAN,MA,LIGHT TRUCK,,,,LEAVING TRAFFIC LANE,2015,COLLISION WITH PEDALCYCLE,HIGHLANDER,TOYOTA,1,,COLLISION WITH PEDALCYCLE,,,,RIGHT REAR,,,,SOUTHBOUND,,,,,,,,,,,NO IMPROPER DRIVING,,,,,,,NOT DISTRACTED,,NO,,,,,,,,,,,,,,,,,,,,,,,,,,,,,,,,,,,,,,,,,,,OPERATOR/DRIVER,NO INJURY,MASSACHUSETTS,"D, CLASS D VEHICLES",,NONE,,,,,,MALE,"FRONT SEAT - LEFT SIDE, OR MOTORCYLE DRIVER",SHOULDER AND LAP BELT USED,NOT TRAPPED,Y,NON-MOTORIST,NON FATAL INJURY - NON INCAPACITATING,,,,,CYCLIST,"WALKING, RUNNING OR CYCLING",IN ROADWAY,HELMET,,FEMALE,,,,
9/19/17 16:59,Tuesday,LIGHT TRUCK,PASSENGER CAR,80,THORNDIKE STREET,,SCIARAPPA STREET,"80 THORNDIKE STREET
Cambridge, MA
(42.36977760900004, -71.08155781599999)",,,"SIDESWIPE, SAME DIRECTION",ROADSIDE,COLLISION WITH PARKED MOTOR VEHICLE,DAYLIGHT,CLOUDY,,NO CONTROLS,NO,DRY,NOT AT INTERSECTION,"TWO-WAY, NOT DIVIDED",NO,NO,25,NON INTERSECTION,,,,,,,EASTBOUND,,NORTHBOUND,,,,,,NONE,,,PAN,MA,LIGHT TRUCK,,,,TRAVELING STRAIGHT AHEAD,2011,COLLISION WITH PARKED MOTOR VEHICLE,E243,FORD,1,,COLLISION WITH PARKED MOTOR VEHICLE,,,,RIGHT SIDE,,,,EASTBOUND,,,,,,,,,,,UNKNOWN,,,,,,,UNKNOWN,,NO,PAN,MA,PASSENGER CAR,,,,PARKED,2009,COLLISION WITH MOTOR VEHICLE IN TRAFFIC,OUTBACK,SUBARU,0,,COLLISION WITH MOTOR VEHICLE IN TRAFFIC,,,,LEFT FRONT,,,,,,,,,,,,,,,NO IMPROPER DRIVING,,,,,,,,,NO,OPERATOR/DRIVER,NO INJURY,MASSACHUSETTS,"D, CLASS D VEHICLES",,NONE,,,,,,MALE,,,,,UNINVOLVED OWNER,,,,,,,,,,,FEMALE,,,,
8/7/17 14:28,Monday,LIGHT TRUCK,PASSENGER CAR,2055,MASS AVE,,,"2055 MASS AVE
Cambridge, MA
(42.39095501400004, -71.12222197399996)",,,REAR TO REAR,OUTSIDE ROADWAY,COLLISION WITH PARKED MOTOR VEHICLE,DAYLIGHT,CLEAR,,NO CONTROLS,YES,DRY,NOT AT INTERSECTION,UNKNOWN,NO,NO,25,NON INTERSECTION,,,,,,,WESTBOUND,,,,SOUTHBOUND,SPPEDWAY GAS STATION,,,NONE,,,MVN,MA,LIGHT TRUCK,,,,BACKING,,COLLISION WITH PARKED MOTOR VEHICLE,PICK UP,CHEVY,1,,COLLISION WITH PARKED MOTOR VEHICLE,,,,NONE,,,,UNKNOWN,,,,,,,,,,,UNKNOWN,,,,,,,UNKNOWN,,,PAN,MA,PASSENGER CAR,,,,PARKED,2012,COLLISION WITH MOTOR VEHICLE IN TRAFFIC,CIVIC,HONDA,9,,COLLISION WITH MOTOR VEHICLE IN TRAFFIC,,,,RIGHT REAR,,,,WESTBOUND,,,,,,,,,,,NO IMPROPER DRIVING,,,,,,,NOT DISTRACTED,,,OPERATOR/DRIVER,NO INJURY,MASSACHUSETTS,UNKNOWN,,UNKNOWN,,,,,,FEMALE,"FRONT SEAT - LEFT SIDE, OR MOTORCYLE DRIVER",UNKNOWN,NOT TRAPPED,,OPERATOR/DRIVER,NO INJURY,MASSACHUSETTS,UNKNOWN,,UNKNOWN,,,,,,FEMALE,OTHER,UNKNOWN,NOT TRAPPED,Y
8/25/17 7:35,Friday,BUS SEATS MORE THAN 15 PEOPLE,SINGLE UNIT TRUCK (2 AXLES - 6 TIRES),125,FIRST ST,,BENT ST,"125 FIRST ST
Cambridge, MA
(42.36699095800003, -71.07784904399995)",,,"SIDESWIPE, OPPOSITE DIRECTION",ROADWAY,COLLISION WITH MOTOR VEHICLE IN TRAFFIC,DAYLIGHT,CLEAR,,NO CONTROLS,,DRY,NOT AT INTERSECTION,"TWO-WAY, DIVIDED, UNPROTECTED MEDIAN",NO,YES,25,NON INTERSECTION,,,,,,,EASTBOUND,,,,,,,,OBSTRUCTION IN ROADWAY,,,BUN,MA,BUS SEATS MORE THAN 15 PEOPLE,,,,TRAVELING STRAIGHT AHEAD,2016,COLLISION WITH MOTOR VEHICLE IN TRAFFIC,TRABUS,NFLY,1,,COLLISION WITH MOTOR VEHICLE IN TRAFFIC,,,,LEFT SIDE,LEFT REAR,,,WESTBOUND,,,,,,,,,,,UNKNOWN,,,,,,,NOT DISTRACTED,,,CON,MA,SINGLE UNIT TRUCK (2 AXLES - 6 TIRES),,,,SLOWING OR STOPPED IN TRAFFIC,2016,COLLISION WITH MOTOR VEHICLE IN TRAFFIC,F350,FORD,1,,COLLISION WITH MOTOR VEHICLE IN TRAFFIC,,,,NONE,,,,EASTBOUND,,,,,,,,,,,UNKNOWN,,,,,,,NOT DISTRACTED,,,OPERATOR/DRIVER,NO INJURY,MASSACHUSETTS,"B, CLASS B VEHICLES",,NONE,,,,,,MALE,"FRONT SEAT - LEFT SIDE, OR MOTORCYLE DRIVER",UNKNOWN,,,UNINVOLVED OWNER,,,,,,,,,,,,,,,Y
8/26/17 16:57,Saturday,PASSENGER CAR,,362,PARKING LOT OF 362 RINDGE AVE,,,"362 PARKING LOT OF 362 RINDGE AVE
Cambridge, MA
(42.39379190200003, -71.13839512899995)",,,REAR-END,OUTSIDE ROADWAY,COLLISION WITH PARKED MOTOR VEHICLE,DARK - UNKNOWN ROADWAY LIGHTING,UNKNOWN,,NO CONTROLS,,UNKNOWN,NOT AT INTERSECTION,UNKNOWN,NO,NO,25,NON INTERSECTION,,,,,,,NORTHBOUND,,,,,,,,UNKNOWN,,,PAN,MA,PASSENGER CAR,,,Y,PARKED,2017,COLLISION WITH PARKED MOTOR VEHICLE,SUBURBAN,CHEVROLET,0,,COLLISION WITH PARKED MOTOR VEHICLE,,,,CENTER FRONT,,,,NOT REPORTED,,,,,,,,,,,NO IMPROPER DRIVING,,,,,,,NOT DISTRACTED,,,,,,,,,,,,,,,,,,,,,,,,,,,,,,,,,,,,,,,,,,,,,UNINVOLVED OWNER,,,,,,,,,,,MALE,,,,Y,,,,,,,,,,,,,,,,
9/27/17 9:27,Wednesday,PASSENGER CAR,,,KINNAIRD STREET,WESTERN AVE,,"KINNAIRD STREET &amp; WESTERN AVE
Cambridge, MA
(42.366451676000054, -71.10976866099998)",1,1,ANGLE,ROADWAY,COLLISION WITH PEDALCYCLE,DAYLIGHT,CLEAR,,STOP SIGNS,NO,DRY,FOUR WAY INTERSECTION,"TWO-WAY, NOT DIVIDED",NO,NO,25,INTERSECTION,KINNAIRD STREET,WESTBOUND,WESTERN AVE,SOUTHBOUND,,,,,,,,,,,OTHER,,,PAN,MA,PASSENGER CAR,,,,TRAVELING STRAIGHT AHEAD,2010,COLLISION WITH PEDALCYCLE,PRIUS,TOYOTA,1,,COLLISION WITH PEDALCYCLE,,,,CENTER FRONT,RIGHT FRONT,LEFT FRONT,,WESTBOUND,,,,,,,,,,,NO IMPROPER DRIVING,,,,,,,NOT DISTRACTED,,NO,,,,,,,,,,,,,,,,,,,,,,,,,,,,,,,,,,,,,,,,,,,OPERATOR/DRIVER,NO INJURY,MASSACHUSETTS,"D, CLASS D VEHICLES",,CORRECTIVE LENSES,,,,,,FEMALE,"FRONT SEAT - LEFT SIDE, OR MOTORCYLE DRIVER",SHOULDER AND LAP BELT USED,NOT TRAPPED,Y,NON-MOTORIST,NON FATAL INJURY - NON INCAPACITATING,,,,,PEDESTRIAN,ENTERING OR CROSSING SPECIFIED LOCATION,MARKED CROSSWALK AT INTERSECTION,NONE USED,15,FEMALE,,,,
9/22/17 16:43,Friday,LIGHT TRUCK,LIGHT TRUCK,,GALILEO GALILEI WAY,AMES PLACE,,"GALILEO GALILEI WAY &amp; AMES PLACE
Cambridge, MA
(42.36489203100007, -71.08945871499998)",,,ANGLE,ROADWAY,COLLISION WITH MOTOR VEHICLE IN TRAFFIC,DAYLIGHT,CLOUDY,RAIN,STOP SIGNS,,WET,T-INTERSECTION,"TWO-WAY, DIVIDED, POSITIVE MEDIAN BARRIER",NO,NO,25,INTERSECTION,GALILEO GALILEI WAY,NORTHBOUND,AMES PLACE,WESTBOUND,,,,,,,,,,,NONE,,,PAN,MA,LIGHT TRUCK,,,,SLOWING OR STOPPED IN TRAFFIC,2013,COLLISION WITH MOTOR VEHICLE IN TRAFFIC,CROSST,HONDA,1,,COLLISION WITH MOTOR VEHICLE IN TRAFFIC,,,,LEFT REAR,,,,NORTHBOUND,,,,,,,,,,,NO IMPROPER DRIVING,,,,,,,NOT DISTRACTED,,NO,PAN,MA,LIGHT TRUCK,,,,TURNING RIGHT,2010,COLLISION WITH MOTOR VEHICLE IN TRAFFIC,ODYSSEY,HONDA,1,,COLLISION WITH MOTOR VEHICLE IN TRAFFIC,,,,RIGHT SIDE,RIGHT REAR,,,WESTBOUND,,,,,,,,,,,UNKNOWN,,,,,,,NOT DISTRACTED,,NO,OPERATOR/DRIVER,NON FATAL INJURY - POSSIBLE,MASSACHUSETTS,"D, CLASS D VEHICLES",,NONE,,,,,,FEMALE,"FRONT SEAT - LEFT SIDE, OR MOTORCYLE DRIVER",SHOULDER AND LAP BELT USED,NOT TRAPPED,Y,OPERATOR/DRIVER,NO INJURY,MASSACHUSETTS,"D, CLASS D VEHICLES",,NONE,,,,,,FEMALE,"FRONT SEAT - LEFT SIDE, OR MOTORCYLE DRIVER",SHOULDER AND LAP BELT USED,NOT TRAPPED,Y
9/26/17 9:00,Tuesday,TRACTOR / SEMI-TRIALER,,,RIVER ST,,MEMORIAL DR,"RIVER ST
Cambridge, MA
(42.363178032000064, -71.11088714899995)",,,ANGLE,ROADWAY,OTHER,DAYLIGHT,CLEAR,CLOUDY,NO CONTROLS,,DRY,NOT AT INTERSECTION,"ONE-WAY, NOT DIVIDED",NO,NO,25,NON INTERSECTION,,,,,,,NORTHBOUND,,,,,,,,NONE,,,CON,MA,TRACTOR / SEMI-TRIALER,,,,ENTERING TRAFFIC LANE,2016,OTHER,M2,FRHT,1,,OTHER,,,,LEFT FRONT,,,,NORTHBOUND,,OTHER,"MORE THAN 26,000 POUNDS",,,APN,T474946,ILLINOIS,2012,OTHER,UNKNOWN,,Y,Y,,,,UNKNOWN,,,,,,,,,,,,,,,,,,,,,,,,,,,,,,,,,,,,,,,,,,,,,OPERATOR/DRIVER,NO INJURY,MASSACHUSETTS,"A, CLASS A VEHICLES","M, CLASS M VEHICLES",UNKNOWN,,,,,,MALE,"FRONT SEAT - LEFT SIDE, OR MOTORCYLE DRIVER",UNKNOWN,NOT TRAPPED,,UNINVOLVED OWNER,,,,,,,,,,,UNKNOWN,,,,Y
9/11/17 17:33,Monday,PASSENGER CAR,,564,MASSACHUSETTS AVENUE,,,"564 MASSACHUSETTS AVENUE
Cambridge, MA
(42.36453710500007, -71.10234878799997)",,,"SIDESWIPE, SAME DIRECTION",ROADSIDE,COLLISION WITH PARKED MOTOR VEHICLE,DAYLIGHT,CLEAR,,NO CONTROLS,YES,DRY,NOT AT INTERSECTION,"TWO-WAY, DIVIDED, UNPROTECTED MEDIAN",NO,NO,25,NON INTERSECTION,MASSACHUSETTS AVENUE,WESTBOUND,PEARL STREET,NORTHBOUND,,,WESTBOUND,,,,,,,,NONE,,,PAN,MA,PASSENGER CAR,,,,PARKED,2012,COLLISION WITH PARKED MOTOR VEHICLE,SENTRA,NISSAN,0,,COLLISION WITH PARKED MOTOR VEHICLE,,,,LEFT FRONT,,,,UNKNOWN,,,,,,,,,,,NO IMPROPER DRIVING,,,,,,,NOT DISTRACTED,,,,,,,,,,,,,,,,,,,,,,,,,,,,,,,,,,,,,,,,,,,,,UNINVOLVED OWNER,,MASSACHUSETTS,"D, CLASS D VEHICLES",,NONE,,,,,,FEMALE,,,,Y,OPERATOR/DRIVER,NON FATAL INJURY - NON INCAPACITATING,MASSACHUSETTS,"D, CLASS D VEHICLES",,NONE,,,,,,FEMALE,,,,
9/6/17 11:40,Wednesday,LIGHT TRUCK,PASSENGER CAR,,MONTGOMERY ST,DUDLEY ST,,"MONTGOMERY ST &amp; DUDLEY ST
Cambridge, MA
(42.39541301100007, -71.13317931599994)",,,ANGLE,ROADWAY,COLLISION WITH MOTOR VEHICLE IN TRAFFIC,DAYLIGHT,CLOUDY,,STOP SIGNS,YES,DRY,FOUR WAY INTERSECTION,"ONE-WAY, NOT DIVIDED",NO,NO,25,INTERSECTION,MONTGOMERY ST,NORTHBOUND,DUDLEY ST,EASTBOUND,,,,,,,,,,,NONE,OTHER,FENCE,PAN,MA,LIGHT TRUCK,,,,TURNING RIGHT,2003,COLLISION WITH MOTOR VEHICLE IN TRAFFIC,GRACAR,DODGE,1,,COLLISION WITH MOTOR VEHICLE IN TRAFFIC,,,,LEFT FRONT,CENTER FRONT,RIGHT FRONT,Y,NORTHBOUND,,,,,,,,,,,FAILED TO YIELD THE RIGHT OF WAY,,,,,,,UNKNOWN,,YES VEHICLE OR TRAILER DISABLED,PAN,MA,PASSENGER CAR,,,,TRAVELING STRAIGHT AHEAD,2011,COLLISION WITH MOTOR VEHICLE IN TRAFFIC,AVENGE,DODG,3,,COLLISION WITH MOTOR VEHICLE IN TRAFFIC,,,,CENTER FRONT,RIGHT FRONT,,,EASTBOUND,,,,,,,,,,,NO IMPROPER DRIVING,,,,,,,UNKNOWN,,,OPERATOR/DRIVER,NO INJURY,MASSACHUSETTS,"D, CLASS D VEHICLES",,UNKNOWN,,,,,,FEMALE,"FRONT SEAT - LEFT SIDE, OR MOTORCYLE DRIVER",UNKNOWN,NOT TRAPPED,Y,OPERATOR/DRIVER,NO INJURY,MASSACHUSETTS,"D, CLASS D VEHICLES",,UNKNOWN,,,,,,FEMALE,"FRONT SEAT - LEFT SIDE, OR MOTORCYLE DRIVER",UNKNOWN,NOT TRAPPED,
7/9/17 18:20,Sunday,LIGHT TRUCK,,205,CHARLES ST.,,,"205 CHARLES ST.
Cambridge, MA
(42.36809737300007, -71.08424948699997)",,,UNKNOWN,ROADSIDE,COLLISION WITH PARKED MOTOR VEHICLE,DAYLIGHT,CLEAR,CLEAR,NO CONTROLS,,DRY,NOT AT INTERSECTION,"TWO-WAY, NOT DIVIDED",NO,NO,,NON INTERSECTION,,,,,,,EASTBOUND,,,,,,,,UNKNOWN,,,PAN,MA,LIGHT TRUCK,,,Y,PARKED,2014,COLLISION WITH PARKED MOTOR VEHICLE,ESCAPE,FORD,0,,COLLISION WITH PARKED MOTOR VEHICLE,COLLISION WITH PARKED MOTOR VEHICLE,COLLISION WITH PARKED MOTOR VEHICLE,COLLISION WITH PARKED MOTOR VEHICLE,LEFT FRONT,,,,EASTBOUND,,,,,,,,,,,NO IMPROPER DRIVING,NO IMPROPER DRIVING,,,,,,NOT DISTRACTED,,NO,,,,,,,,,,,,,,,,,,,,,,,,,,,,,,,,,,,,,,,,,,,OPERATOR/DRIVER,NO INJURY,MASSACHUSETTS,"D, CLASS D VEHICLES",,NONE,,,,,24,FEMALE,OTHER,UNKNOWN,NOT TRAPPED,Y,,,,,,,,,,,,,,,,
7/11/17 22:55,Tuesday,PASSENGER CAR,LIGHT TRUCK,,GARDEN ST.,MASON ST.,,"GARDEN ST. &amp; MASON ST.
Cambridge, MA
(42.382044810000025, -71.12670389999994)",,,ANGLE,UNKNOWN,COLLISION WITH MOTOR VEHICLE IN TRAFFIC,DARK - LIGHTED ROADWAY,CLEAR,CLEAR,TRAFFIC CONTROL SIGNAL,YES,DRY,T-INTERSECTION,"TWO-WAY, NOT DIVIDED",NO,NO,25,INTERSECTION,GARDEN ST.,WESTBOUND,MASON ST.,,,NORTHBOUND,,,,,,,,,NONE,,,PAN,MA,PASSENGER CAR,,,,TRAVELING STRAIGHT AHEAD,2014,COLLISION WITH MOTOR VEHICLE IN TRAFFIC,SEDAN,MERZ,2,,COLLISION WITH MOTOR VEHICLE IN TRAFFIC,COLLISION WITH MOTOR VEHICLE IN TRAFFIC,COLLISION WITH MOTOR VEHICLE IN TRAFFIC,COLLISION WITH MOTOR VEHICLE IN TRAFFIC,LEFT SIDE,,,,WESTBOUND,,,,,,,,,,,NO IMPROPER DRIVING,UNKNOWN,,,,,,NOT DISTRACTED,,,PAN,MA,LIGHT TRUCK,,,,TURNING LEFT,2008,COLLISION WITH MOTOR VEHICLE IN TRAFFIC,UTIL,MERC,1,,COLLISION WITH MOTOR VEHICLE IN TRAFFIC,COLLISION WITH MOTOR VEHICLE IN TRAFFIC,COLLISION WITH MOTOR VEHICLE IN TRAFFIC,COLLISION WITH MOTOR VEHICLE IN TRAFFIC,RIGHT FRONT,,,,NORTHBOUND,,,,,,,,,,,UNKNOWN,UNKNOWN,,,,,,UNKNOWN,,,OPERATOR/DRIVER,NO INJURY,MASSACHUSETTS,"D, CLASS D VEHICLES",,NONE,,,,,,MALE,"FRONT SEAT - LEFT SIDE, OR MOTORCYLE DRIVER",SHOULDER AND LAP BELT USED,,Y,OCCUPANT/PASSENGER,NO INJURY,,,,,,,,,,FEMALE,FRONT SEAT - RIGHT SIDE,SHOULDER AND LAP BELT USED,,
9/28/17 13:55,Thursday,PASSENGER CAR,LIGHT TRUCK,,GALILEI WAY,,BROADWAY,"GALILEI WAY
Cambridge, MA
(42.36679000000004, -71.10600999999997)",,,REAR-END,ROADWAY,COLLISION WITH MOTOR VEHICLE IN TRAFFIC,DAYLIGHT,CLEAR,,TRAFFIC CONTROL SIGNAL,YES,DRY,NOT AT INTERSECTION,"TWO-WAY, NOT DIVIDED",NO,NO,25,NON INTERSECTION,,,,,,,SOUTHBOUND,,,,,,,,NONE,,,PAN,MA,PASSENGER CAR,,,,SLOWING OR STOPPED IN TRAFFIC,2014,COLLISION WITH MOTOR VEHICLE IN TRAFFIC,FUSION,FORD,1,,COLLISION WITH MOTOR VEHICLE IN TRAFFIC,,,,CENTER FRONT,LEFT FRONT,,,SOUTHBOUND,,,,,,,,,,,NO IMPROPER DRIVING,,,,,,,UNKNOWN,,,PAN,MA,LIGHT TRUCK,,,,SLOWING OR STOPPED IN TRAFFIC,2010,COLLISION WITH MOTOR VEHICLE IN TRAFFIC,VENZA,TOYT,1,,COLLISION WITH MOTOR VEHICLE IN TRAFFIC,,,,REAR CENTER,LEFT REAR,,,SOUTHBOUND,,,,,,,,,,,NO IMPROPER DRIVING,,,,,,,UNKNOWN,,,OPERATOR/DRIVER,NO INJURY,MASSACHUSETTS,"D, CLASS D VEHICLES",,UNKNOWN,,,,,,FEMALE,"FRONT SEAT - LEFT SIDE, OR MOTORCYLE DRIVER",UNKNOWN,NOT TRAPPED,,UNINVOLVED OWNER,,,,,,,,,,,,,,,Y
8/11/17 13:26,Friday,PASSENGER CAR,TRACTOR / SEMI-TRIALER,,TREMONT ST,CAMBRIDGE ST,,"TREMONT ST &amp; CAMBRIDGE ST
Cambridge, MA
(42.373701735000054, -71.10071559299996)",,,"SIDESWIPE, SAME DIRECTION",ROADWAY,COLLISION WITH PARKED MOTOR VEHICLE,DAYLIGHT,CLEAR,,STOP SIGNS,YES,DRY,T-INTERSECTION,"ONE-WAY, NOT DIVIDED",NO,NO,25,INTERSECTION,TREMONT ST,SOUTHBOUND,CAMBRIDGE ST,WESTBOUND,,,,,,,,,,,NONE,,,PAN,MA,PASSENGER CAR,,,,PARKED,2016,COLLISION WITH MOTOR VEHICLE IN TRAFFIC,SONATA,HYUNDAI,0,,COLLISION WITH MOTOR VEHICLE IN TRAFFIC,,,,RIGHT SIDE,,,,SOUTHBOUND,,,,,,,,,,,NO IMPROPER DRIVING,,,,,,,NOT DISTRACTED,,,,YT,TRACTOR / SEMI-TRIALER,,,Y,TURNING RIGHT,,COLLISION WITH PARKED MOTOR VEHICLE,UNKNOWN,UNKNOWN,1,,COLLISION WITH PARKED MOTOR VEHICLE,,,,LEFT REAR,,,,WESTBOUND,,,,,,,,,,,UNKNOWN,,,,,,,UNKNOWN,,,UNINVOLVED OWNER,,MASSACHUSETTS,"D, CLASS D VEHICLES",,NONE,,,,,,MALE,,,,Y,,,,,,,,,,,,,,,,
9/30/17 14:35,Saturday,PASSENGER CAR,PASSENGER CAR,6,UNIVERSITY RD,,BENNETT ST,"6 UNIVERSITY RD
Cambridge, MA
(42.37293722600003, -71.12317514699998)",,,UNKNOWN,ROADSIDE,COLLISION WITH PARKED MOTOR VEHICLE,DAYLIGHT,RAIN,,NO CONTROLS,NO,WET,NOT AT INTERSECTION,"TWO-WAY, NOT DIVIDED",NO,NO,25,NON INTERSECTION,,,,,,,NORTHBOUND,,,,,,,,UNKNOWN,,,PAN,MA,PASSENGER CAR,,,Y,PARKED,2014,COLLISION WITH PARKED MOTOR VEHICLE,CX5,MAZDA,0,,COLLISION WITH MOTOR VEHICLE IN TRAFFIC,,,,LEFT REAR,CENTER FRONT,,,NORTHBOUND,,,,,,,,,,,UNKNOWN,,,,,,,UNKNOWN,,,PAN,MA,PASSENGER CAR,,,Y,UNKNOWN,2000,COLLISION WITH PARKED MOTOR VEHICLE,MALIBU,CHEVY,0,,COLLISION WITH PARKED MOTOR VEHICLE,,,,UNKNOWN,,,,NORTHBOUND,,,,,,,,,,,UNKNOWN,,,,,,,UNKNOWN,,,UNINVOLVED OWNER,,,,,,,,,,,MALE,,,,Y,UNINVOLVED OWNER,,,,,,,,,,,MALE,,,,Y
7/25/17 21:55,Tuesday,PASSENGER CAR,,51,BRATTLE ST,,,"51 BRATTLE ST
Cambridge, MA
(42.37432491100003, -71.12178586999994)",1,1,SINGLE VEHICLE CRASH,ROADWAY,COLLISION WITH PEDESTRIAN,DARK - LIGHTED ROADWAY,CLEAR,CLEAR,NO CONTROLS,YES,DRY,NOT AT INTERSECTION,"ONE-WAY, NOT DIVIDED",NO,NO,25,NON INTERSECTION,,,,,,,NORTHBOUND,,,,,,,,NONE,,,PAN,MA,PASSENGER CAR,,,,TRAVELING STRAIGHT AHEAD,2003,COLLISION WITH PEDESTRIAN,330XI,BMW,1,,COLLISION WITH PEDESTRIAN,COLLISION WITH PEDESTRIAN,,,UNKNOWN,,,,WESTBOUND,,,,,,,,,,,OVER CORRECTING / OVER STEERING,,,,,,,UNKNOWN,,,,,,,,,,,,,,,,,,,,,,,,,,,,,,,,,,,,,,,,,,,,,OPERATOR/DRIVER,NO INJURY,MASSACHUSETTS,"D, CLASS D VEHICLES",,NONE,,,,,,MALE,"FRONT SEAT - LEFT SIDE, OR MOTORCYLE DRIVER",UNKNOWN,NOT TRAPPED,Y,NON-MOTORIST,NON FATAL INJURY - POSSIBLE,MASSACHUSETTS,,,,PEDESTRIAN,"WALKING, RUNNING OR CYCLING",IN ROADWAY,NONE USED,,MALE,,,,