Date Time,Day of Week,Object 1,Object 2,Street Number,Street Name,Cross Street,Near Street,Location,May involve cyclist,May Involve Pedestrian,Manner of Collision,First Harmful Event Location,First Harmful Event,Ambient Light,Weather Condition 1,Weather Condition 2,Traffic Control Device Type,Traffic Control Device Functionality,Road Surface Condition,Roadway Junction Type,Trafficway Description,School Bus Related,Work Zone,Speed Limit,Street or Intersection,Intersection Name 1,Intersection Direction 1,Intersection Name 2,Intersection Direction 2,Intersection Name 3,Intersection Direction 3,Street Direction,Nearest Intersection Distance,Nearest Intersection Direction,Landmark Distance,Landmark Direction,Landmark,Mile Marker Direction,Non Public Area,Road Contributing,Damaged Property Type,Description of Damaged Property,V1 Registration Type,v1 State Code,V1 Configuration,V1 Emergency Response,V1 Moped,V1 Hit and Run,V1 Action Prior to Crash,V1 Model Year,V1 Most Harmful Event,V1 Model,V1 Make,V1 Occupant Count,V1 Underride Override,V1 First Event,V1 Second Event,V1 Third Event,V1 Fourth Event,V1 Most Damaged Area,V1 Second Damaged Area,V1 Third Damaged Area,V1 Towed,V1 Travel Direction,V1 Interstate,V1 Cargo Body Type,V1 Gross Weight,V1 Haz Placard,V1 Haz Release,V1 Trailer Reg Type,V1 Trailer Reg Plate,V1 Trailer Reg State,V1 Trailer Reg Year,V1 Trailer Len,V1 Driver Contribution,V1 Driver Contribution 2,V1 Is Truck,V1 Has Trailer,V1 Is Bus,V1 Is Hazmat,V1 Reg Year,V1 Driver Distracted,V1 Bus Use,V1 Tow Use,V2 Registration Type,V2 State Code,V2 Configuration,V2 Emergency Response,V2 Moped,V2 Hit and Run,V2 Action Prior to Crash,V2 Model Year,V2 Most Harmful Event,V2 Model,V2 Make,V2 Occupant Count,V2 Underride Override,V2 First Event,V2 Second Event,V2 Third Event,V2 Fourth Event,V2 Most Damaged Area,V2 Second Damaged Area,V2 Third Damaged Area,V2 Towed,V2 Travel Direction,V2 Interstate,V2 Cargo Body Type,V2 Gross Weight,V2 Haz Placard,V2 Haz Release,V2 Trailer Reg Type,V2 Trailer Reg Plate,V2 Trailer Reg State,V2 Trailer Reg Year,V2 Trailer Len,V2 Driver Contribution,V2 Driver Contribution 2,V2 Is Truck,V2 Has Trailer,V2 Is Bus,V2 Is Hazmat,V2 Reg Year,V2 Driver Distracted,V2 Bus Use,V2 Tow Use,P1 Role,P1 Injury,P1 Drivers Lic State,P1 Drivers Lic Class 1,P1 Drivers Lic Class 2,P1 Drivers Lic Restrict,P1 Non Motorist Desc,P1 Non Motorist Action,P1 Non Motorist Location,P1 Safety Equipment,P1 Age,P1 Sex,P1 Seat Position,P1 Safety System,P1 Trapped,P1 Veh Owner,P2 Role,P2 Injury,P2 Drivers Lic State,P2 Drivers Lic Class 1,P2 Drivers Lic Class 2,P2 Drivers Lic Restrict,P2 Non Motorist Desc,P2 Non Motorist Action,P2 Non Motorist Location,P2 Safety Equipment,P2 Age,P2 Sex,P2 Seat Position,P2 Safety System,P2 Trapped,P2 Veh Owner
8/23/17 19:14,Wednesday,OTHER,,,MASSACHUSETTS AVE,WENDELL,,"MASSACHUSETTS AVE &amp; WENDELL
Cambridge, MA
(42.36262560200004, -71.09902764999998)",,1,UNKNOWN,ROADWAY,COLLISION WITH PEDESTRIAN,DAYLIGHT,CLEAR,,TRAFFIC CONTROL SIGNAL,YES,DRY,FOUR WAY INTERSECTION,"TWO-WAY, DIVIDED, POSITIVE MEDIAN BARRIER",NO,NO,25,INTERSECTION,MASSACHUSETTS AVE,NORTHBOUND,WENDELL,WESTBOUND,,,,,,,,,,,NONE,,,PAN,MA,OTHER,,,,TRAVELING STRAIGHT AHEAD,,COLLISION WITH PEDESTRIAN,BIKE,BIKE,1,,COLLISION WITH PEDESTRIAN,,,,RIGHT FRONT,CENTER FRONT,LEFT FRONT,,NORTHBOUND,,,,,,,,,,,NO IMPROPER DRIVING,,,,,,,NOT DISTRACTED,,,,,,,,,,,,,,,,,,,,,,,,,,,,,,,,,,,,,,,,,,,,,OPERATOR/DRIVER,NO INJURY,MASSACHUSETTS,"D, CLASS D VEHICLES",,NONE,,,,,33,MALE,,,,Y,NON-MOTORIST,NON FATAL INJURY - POSSIBLE,,,,,,,,,,,,,,
8/2/17 17:30,Wednesday,PASSENGER CAR,PASSENGER CAR,,MAGAZINE STREET,FAIRMONT STREET,,"MAGAZINE STREET &amp; FAIRMONT STREET
Cambridge, MA
(42.36086127500005, -71.10915636099998)",,,"SIDESWIPE, SAME DIRECTION",ROADSIDE,COLLISION WITH PARKED MOTOR VEHICLE,UNKNOWN,UNKNOWN,,NO CONTROLS,,UNKNOWN,T-INTERSECTION,"TWO-WAY, DIVIDED, UNPROTECTED MEDIAN",NO,NO,25,INTERSECTION,MAGAZINE STREET,,FAIRMONT STREET,,,,,,,,,,,,UNKNOWN,,,PAN,MA,PASSENGER CAR,,,Y,PARKED,2016,COLLISION WITH PARKED MOTOR VEHICLE,FIESTA,FORD,0,,COLLISION WITH PARKED MOTOR VEHICLE,COLLISION WITH PARKED MOTOR VEHICLE,,,LEFT FRONT,,,,UNKNOWN,,,,,,,,,,,UNKNOWN,,,,,,,UNKNOWN,,,PAN,MA,PASSENGER CAR,,,Y,PARKED,1999,COLLISION WITH PARKED MOTOR VEHICLE,ESCORT,FORD,0,,COLLISION WITH PARKED MOTOR VEHICLE,COLLISION WITH PARKED MOTOR VEHICLE,,,LEFT FRONT,,,,UNKNOWN,,,,,,,,,,,UNKNOWN,,,,,,,UNKNOWN,,,UNINVOLVED OWNER,,MASSACHUSETTS,"D, CLASS D VEHICLES",,NONE,,,,,,FEMALE,,,,Y,UNINVOLVED OWNER,,MASSACHUSETTS,"D, CLASS D VEHICLES",,NONE,,,,,,MALE,,,,Y
8/10/17 10:25,Thursday,PASSENGER CAR,PASSENGER CAR,,CAMBRIDGE PARK DRIVE,,ALEWIFE BROOK PARKWAY,"CAMBRIDGE PARK DRIVE
Cambridge, MA
(42.394665297000074, -71.14456474899998)",,,REAR-END,ROADWAY,COLLISION WITH MOTOR VEHICLE IN TRAFFIC,DAYLIGHT,CLEAR,,UNKNOWN,,DRY,UNKNOWN,"TWO-WAY, NOT DIVIDED",NO,NO,20,NON INTERSECTION,,,,,,,EASTBOUND,,SOUTHBOUND,,,,,,UNKNOWN,,,PAN,MA,PASSENGER CAR,,,,SLOWING OR STOPPED IN TRAFFIC,2008,COLLISION WITH MOTOR VEHICLE IN TRAFFIC,SENTRA,NISS,1,,COLLISION WITH MOTOR VEHICLE IN TRAFFIC,,,,LEFT REAR,REAR CENTER,,,EASTBOUND,,,,,,,,,,,UNKNOWN,,,,,,,UNKNOWN,,NO,PAN,MA,PASSENGER CAR,,,Y,TRAVELING STRAIGHT AHEAD,2014,COLLISION WITH MOTOR VEHICLE IN TRAFFIC,EXPLOR,FORD,1,,COLLISION WITH MOTOR VEHICLE IN TRAFFIC,,,,UNKNOWN,,,,EASTBOUND,,,,,,,,,,,UNKNOWN,,,,,,,UNKNOWN,,NO,OPERATOR/DRIVER,NO INJURY,MASSACHUSETTS,"D, CLASS D VEHICLES",,NONE,,,,,,FEMALE,,,,Y,OPERATOR/DRIVER,NO INJURY,MASSACHUSETTS,"D, CLASS D VEHICLES",,CORRECTIVE LENSES,,,,,,FEMALE,,,,Y
8/4/17 12:21,Friday,PASSENGER CAR,PASSENGER CAR,,GARDEN ST.,LINNAEAN ST.,,"GARDEN ST. &amp; LINNAEAN ST.
Cambridge, MA
(42.383662505000075, -71.12323310599999)",,,REAR-END,ROADWAY,COLLISION WITH MOTOR VEHICLE IN TRAFFIC,DAYLIGHT,CLEAR,CLEAR,TRAFFIC CONTROL SIGNAL,YES,DRY,FOUR WAY INTERSECTION,"TWO-WAY, DIVIDED, UNPROTECTED MEDIAN",NO,NO,20,INTERSECTION,GARDEN ST.,SOUTHBOUND,LINNAEAN ST.,WESTBOUND,,,,,,,,,,,NONE,,,PAN,MA,PASSENGER CAR,,,,TRAVELING STRAIGHT AHEAD,2014,COLLISION WITH MOTOR VEHICLE IN TRAFFIC,SONATRA,HYUNDI,1,,COLLISION WITH MOTOR VEHICLE IN TRAFFIC,,,,CENTER FRONT,,,,SOUTHBOUND,,,,,,,,,,,UNKNOWN,,,,,,,NOT DISTRACTED,,,PAN,MA,PASSENGER CAR,,,,SLOWING OR STOPPED IN TRAFFIC,2014,COLLISION WITH MOTOR VEHICLE IN TRAFFIC,ELANTRA,HYUNDI,2,,COLLISION WITH MOTOR VEHICLE IN TRAFFIC,,,,REAR CENTER,,,,SOUTHBOUND,,,,,,,,,,,NO IMPROPER DRIVING,NO IMPROPER DRIVING,,,,,,NOT DISTRACTED,,,OPERATOR/DRIVER,NO INJURY,MASSACHUSETTS,"D, CLASS D VEHICLES",,NONE,,,,,,MALE,"FRONT SEAT - LEFT SIDE, OR MOTORCYLE DRIVER",SHOULDER AND LAP BELT USED,NOT TRAPPED,Y,OPERATOR/DRIVER,NO INJURY,MASSACHUSETTS,"D, CLASS D VEHICLES",,NONE,,,,,,MALE,"FRONT SEAT - LEFT SIDE, OR MOTORCYLE DRIVER",SHOULDER AND LAP BELT USED,NOT TRAPPED,Y
8/10/17 8:00,Thursday,LIGHT TRUCK,,,CAMBRIDGE ST,SUMNER RD,,"CAMBRIDGE ST &amp; SUMNER RD
Cambridge, MA
(42.373701735000054, -71.10071559299996)",1,,ANGLE,ROADWAY,COLLISION WITH PEDALCYCLE,DAYLIGHT,CLEAR,,NO CONTROLS,,DRY,T-INTERSECTION,"TWO-WAY, NOT DIVIDED",NO,NO,25,INTERSECTION,CAMBRIDGE ST,EASTBOUND,SUMNER RD,NORTHBOUND,,,,,,,,,,,NONE,,,PAN,MA,LIGHT TRUCK,,,,TURNING LEFT,2013,COLLISION WITH PEDALCYCLE,CRV,HOND,1,,COLLISION WITH PEDALCYCLE,,,,CENTER FRONT,,,,EASTBOUND,,,,,,,,,,,FAILED TO YIELD THE RIGHT OF WAY,GLARE,,,,,,NOT DISTRACTED,,,,,,,,,,,,,,,,,,,,,,,,,,,,,,,,,,,,,,,,,,,,,OPERATOR/DRIVER,NO INJURY,MASSACHUSETTS,"D, CLASS D VEHICLES",,UNKNOWN,,,,,,MALE,"FRONT SEAT - LEFT SIDE, OR MOTORCYLE DRIVER",UNKNOWN,NOT TRAPPED,Y,NON-MOTORIST,NON FATAL INJURY - POSSIBLE,,,,,CYCLIST,"WALKING, RUNNING OR CYCLING",IN ROADWAY,HELMET,,FEMALE,,,,
7/7/17 9:30,Friday,SINGLE UNIT TRUCK (2 AXLES - 6 TIRES),,,KELLY RD,,MAGAZINE ST,"KELLY RD
Cambridge, MA
(42.36250099400007, -71.10938132499996)",,,SINGLE VEHICLE CRASH,OUTSIDE ROADWAY,OTHER,DAYLIGHT,CLOUDY,,NO CONTROLS,,DRY,NOT AT INTERSECTION,"ONE-WAY, NOT DIVIDED",NO,NO,25,NON INTERSECTION,,,,,,,EASTBOUND,,,,,,,,OTHER,UTILITIES,CABLE LINE,CON,MA,SINGLE UNIT TRUCK (2 AXLES - 6 TIRES),,,,TRAVELING STRAIGHT AHEAD,2018,OTHER,BOX,FRHT,2,,OTHER,,,,TOP AND WINDOWS,,,,EASTBOUND,UNKNOWN,OTHER,"10,001 - 26000 POUNDS",,,,,,,,NO IMPROPER DRIVING,,Y,,,,,UNKNOWN,,,,,,,,,,,,,,,,,,,,,,,,,,,,,,,,,,,,,,,,,,,,,UNINVOLVED OWNER,NO INJURY,,,,,,,,,,UNKNOWN,,,,Y,OPERATOR/DRIVER,NO INJURY,MASSACHUSETTS,"D, CLASS D VEHICLES",,NONE,,,,,,MALE,"FRONT SEAT - LEFT SIDE, OR MOTORCYLE DRIVER",UNKNOWN,NOT TRAPPED,
8/14/17 16:54,Monday,LIGHT TRUCK,LIGHT TRUCK,330,MT. AUBURN ST.,,,"330 MT. AUBURN ST.
Cambridge, MA
(42.37488453100008, -71.13406316999993)",,,ANGLE,UNKNOWN,COLLISION WITH PARKED MOTOR VEHICLE,OTHER,OTHER,OTHER,NO CONTROLS,NO,DRY,NOT AT INTERSECTION,UNKNOWN,NO,NO,15,NON INTERSECTION,,,,,,,EASTBOUND,,,,,MT. AUBURN HOSPITAL PARKING GARAGE,,,NONE,,,PAN,MA,LIGHT TRUCK,,,,PARKED,2009,OTHER,CRV,HONDA,0,,OTHER,OTHER,OTHER,OTHER,LEFT REAR,,,,EASTBOUND,,,,,,,,,,,NO IMPROPER DRIVING,NO IMPROPER DRIVING,,,,,,NOT DISTRACTED,,,MVN,MA,LIGHT TRUCK,,,,TURNING LEFT,2010,COLLISION WITH PARKED MOTOR VEHICLE,VAN,FORD,1,,COLLISION WITH PARKED MOTOR VEHICLE,COLLISION WITH PARKED MOTOR VEHICLE,COLLISION WITH PARKED MOTOR VEHICLE,COLLISION WITH PARKED MOTOR VEHICLE,RIGHT FRONT,,,,EASTBOUND,,,,,,,,,,,NO IMPROPER DRIVING,NO IMPROPER DRIVING,,,,,,NOT DISTRACTED,,,UNINVOLVED OWNER,NO INJURY,MASSACHUSETTS,"D, CLASS D VEHICLES",,NONE,,,,,,MALE,,,,Y,OPERATOR/DRIVER,NO INJURY,MASSACHUSETTS,"D, CLASS D VEHICLES",,NONE,,,,,,MALE,,,,
9/22/17 11:00,Friday,LIGHT TRUCK,LIGHT TRUCK,77,MASS AVE,,,"77 MASS AVE
Cambridge, MA
(42.359003750000056, -71.09347533199997)",1,,UNKNOWN,ROADWAY,COLLISION WITH PEDALCYCLE,DAYLIGHT,CLOUDY,,TRAFFIC CONTROL SIGNAL,YES,OTHER,NOT AT INTERSECTION,"TWO-WAY, NOT DIVIDED",NO,NO,25,NON INTERSECTION,,,,,,,WESTBOUND,,,,,,,,OTHER,,,PAS,NY,LIGHT TRUCK,,,,ENTERING TRAFFIC LANE,2016,OTHER,UNKNOWN,MERCEDES,1,,OTHER,,,,NONE,,,,WESTBOUND,,,,,,,,,,,UNKNOWN,,,,,,,UNKNOWN,,,PAN,MA,LIGHT TRUCK,,,,TRAVELING STRAIGHT AHEAD,2011,COLLISION WITH PEDALCYCLE,TACOMA,TOYT,1,,COLLISION WITH PEDALCYCLE,,,,NONE,,,,WESTBOUND,,,,,,,,,,,UNKNOWN,,,,,,,UNKNOWN,,,OPERATOR/DRIVER,NO INJURY,NEW YORK,UNKNOWN,,UNKNOWN,,,,,,FEMALE,"FRONT SEAT - LEFT SIDE, OR MOTORCYLE DRIVER",UNKNOWN,NOT TRAPPED,,UNINVOLVED OWNER,,,,,,,,,,,UNKNOWN,,,,Y
8/1/17 18:29,Tuesday,PASSENGER CAR,,22,LOPEZ AVE,,HURLEY ST,"22 LOPEZ AVE
Cambridge, MA
(42.36835761900005, -71.07978551399998)",,1,"SIDESWIPE, SAME DIRECTION",ROADWAY,COLLISION WITH PEDESTRIAN,DAYLIGHT,CLEAR,,NO CONTROLS,,DRY,NOT AT INTERSECTION,"TWO-WAY, NOT DIVIDED",NO,NO,25,NON INTERSECTION,,,,,,,NORTHBOUND,,EASTBOUND,,,,,,NONE,,,PAN,MA,PASSENGER CAR,,,,TRAVELING STRAIGHT AHEAD,2014,COLLISION WITH PEDESTRIAN,MALIBU,CHEVY,1,,COLLISION WITH PEDESTRIAN,,,,NONE,,,,NORTHBOUND,,,,,,,,,,,UNKNOWN,,,,,,,UNKNOWN,,NO,,,,,,,,,,,,,,,,,,,,,,,,,,,,,,,,,,,,,,,,,,,OPERATOR/DRIVER,NO INJURY,MASSACHUSETTS,"D, CLASS D VEHICLES",,CORRECTIVE LENSES,,,,,,MALE,"FRONT SEAT - LEFT SIDE, OR MOTORCYLE DRIVER",SHOULDER AND LAP BELT USED,NOT TRAPPED,Y,NON-MOTORIST,NON FATAL INJURY - NON INCAPACITATING,,,,,PEDESTRIAN,STANDING,IN ROADWAY,NONE USED,,FEMALE,,,,
7/5/17 21:47,Wednesday,LIGHT TRUCK,MOTORCYCLE,36,JFK STREET,,MT. AUBURN STREET,"36 JFK STREET
Cambridge, MA
(42.37275753000006, -71.11994710199997)",,,HEAD ON,ROADSIDE,OTHER,DARK - LIGHTED ROADWAY,CLEAR,,NO CONTROLS,,DRY,NOT AT INTERSECTION,"ONE-WAY, NOT DIVIDED",NO,NO,25,NON INTERSECTION,,,,,,,EASTBOUND,,SOUTHBOUND,,,,,,NONE,,,PAN,NY,LIGHT TRUCK,,,,TRAVELING STRAIGHT AHEAD,1995,OTHER,ECOVAN,FORD,1,,OTHER,,,,NONE,,,,EASTBOUND,,,,,,,,,,,FATIGUED/ASLEEP,,,,,,,UNKNOWN,,YES OTHER REASON NOT DISABLED,MCN,MA,MOTORCYCLE,,,,PARKED,2012,COLLISION WITH MOTOR VEHICLE IN TRAFFIC,NINJA,KAWASAKI,0,,COLLISION WITH MOTOR VEHICLE IN TRAFFIC,,,,RIGHT SIDE,LEFT SIDE,TOP AND WINDOWS,,,,,,,,,,,,,,,,,,,,,,,OPERATOR/DRIVER,NO INJURY,NEW YORK,"D, CLASS D VEHICLES",,UNKNOWN,,,,,,MALE,,,,Y,UNINVOLVED OWNER,,MASSACHUSETTS,"D, CLASS D VEHICLES",,NONE,,,,,,MALE,,,,
7/24/17 20:32,Monday,PASSENGER CAR,,80,FAWCETT STREET,,,"80 FAWCETT STREET
Cambridge, MA
(42.39213509500007, -71.14612594399995)",,,SINGLE VEHICLE CRASH,SHOULDER - PAVED,COLLISION WITH LIGHT POLE OR OTHER POST/SUPPORT,DARK - LIGHTED ROADWAY,RAIN,CLOUDY,NO CONTROLS,,WET,NOT AT INTERSECTION,"TWO-WAY, NOT DIVIDED",NO,NO,25,NON INTERSECTION,,,,,,,SOUTHBOUND,,,,,,,,ROAD SURFACE CONDITION,MUNICIPAL,STREET SIGN POLE,PASS,NH,PASSENGER CAR,,,,TRAVELING STRAIGHT AHEAD,1997,COLLISION WITH LIGHT POLE OR OTHER POST/SUPPORT,SC,SATURN,2,,COLLISION WITH CURB,COLLISION WITH LIGHT POLE OR OTHER POST/SUPPORT,,,RIGHT FRONT,,,Y,SOUTHBOUND,,,,,,,,,,,UNKNOWN,,,,,,,NOT DISTRACTED,,YES VEHICLE OR TRAILER DISABLED,,,,,,,,,,,,,,,,,,,,,,,,,,,,,,,,,,,,,,,,,,,OPERATOR/DRIVER,NO INJURY,NEW HAMPSHIRE,"D, CLASS D VEHICLES",,UNKNOWN,,,,,,MALE,"FRONT SEAT - LEFT SIDE, OR MOTORCYLE DRIVER",SHOULDER AND LAP BELT USED,NOT TRAPPED,Y,OCCUPANT/PASSENGER,NO INJURY,MASSACHUSETTS,,,,,,,,,FEMALE,FRONT SEAT - RIGHT SIDE,SHOULDER AND LAP BELT USED,NOT TRAPPED,
9/22/17 19:33,Friday,PASSENGER CAR,,,BRATTLE,SPARKS,,"BRATTLE &amp; SPARKS
Cambridge, MA
(42.375778463000074, -71.14153868599993)",1,,ANGLE,UNKNOWN,COLLISION WITH PEDALCYCLE,DARK - LIGHTED ROADWAY,CLOUDY,RAIN,NO CONTROLS,NO,WET,T-INTERSECTION,"TWO-WAY, DIVIDED, UNPROTECTED MEDIAN",NO,NO,25,INTERSECTION,BRATTLE,EASTBOUND,SPARKS,SOUTHBOUND,,,,,,,,,,,NONE,,,PAN,MA,PASSENGER CAR,,,,TURNING LEFT,2016,UNKNOWN,FIT,HOND,2,,COLLISION WITH PEDALCYCLE,UNKNOWN,,UNKNOWN,LEFT FRONT,,,,SOUTHBOUND,,,,,,,,,,,UNKNOWN,,,,,,,UNKNOWN,,NO,,,,,,,,,,,,,,,,,,,,,,,,,,,,,,,,,,,,,,,,,,,OPERATOR/DRIVER,NO INJURY,MASSACHUSETTS,"D, CLASS D VEHICLES",,UNKNOWN,,,,,76,FEMALE,"FRONT SEAT - LEFT SIDE, OR MOTORCYLE DRIVER",SHOULDER BELT USED ONLY,NOT TRAPPED,Y,OCCUPANT/PASSENGER,NO INJURY,,UNKNOWN,,UNKNOWN,,,,,23,MALE,FRONT SEAT - RIGHT SIDE,SHOULDER BELT USED ONLY,NOT TRAPPED,
8/9/17 12:05,Wednesday,LIGHT TRUCK,PASSENGER CAR,,PUTNAM AVE,,,"Cambridge, MA
(42.36679000000004, -71.10600999999997)",,,HEAD ON,ROADWAY,COLLISION WITH MOTOR VEHICLE IN TRAFFIC,DAYLIGHT,CLEAR,,TRAFFIC CONTROL SIGNAL,YES,DRY,FOUR WAY INTERSECTION,"TWO-WAY, NOT DIVIDED",NO,NO,25,INTERSECTION,PUTNAM AVE,EASTBOUND,,,WESTERN AVE,,,,,,,,,,NONE,,,PAN,MA,LIGHT TRUCK,,,,TURNING LEFT,2000,COLLISION WITH MOTOR VEHICLE IN TRAFFIC,S70SE,VOLV,1,,COLLISION WITH MOTOR VEHICLE IN TRAFFIC,,,,LEFT FRONT,CENTER FRONT,,,WESTBOUND,,,,,,,,,,,FAILED TO YIELD THE RIGHT OF WAY,,,,,,,UNKNOWN,,,PAN,MA,PASSENGER CAR,,,,TRAVELING STRAIGHT AHEAD,2017,COLLISION WITH MOTOR VEHICLE IN TRAFFIC,FIESTA,FORD,1,,COLLISION WITH MOTOR VEHICLE IN TRAFFIC,,,,LEFT FRONT,CENTER FRONT,,Y,EASTBOUND,,,,,,,,,,,OTHER IMPROPER ACTION,,,,,,,UNKNOWN,,YES VEHICLE OR TRAILER DISABLED,OPERATOR/DRIVER,NO INJURY,MASSACHUSETTS,"D, CLASS D VEHICLES",,UNKNOWN,,,,,,MALE,"FRONT SEAT - LEFT SIDE, OR MOTORCYLE DRIVER",UNKNOWN,NOT TRAPPED,Y,OPERATOR/DRIVER,NO INJURY,MASSACHUSETTS,"D, CLASS D VEHICLES",,UNKNOWN,,,,,,MALE,"FRONT SEAT - LEFT SIDE, OR MOTORCYLE DRIVER",UNKNOWN,NOT TRAPPED,
7/31/17 13:20,Monday,PASSENGER CAR,LIGHT TRUCK,29,NEWTOWNE CT / PARKING LOT,,,"29 NEWTOWNE CT / PARKING LOT
Cambridge, MA
(42.364302416000044, -71.09400510799998)",,,ANGLE,OUTSIDE ROADWAY,COLLISION WITH PARKED MOTOR VEHICLE,DAYLIGHT,CLEAR,CLEAR,NO CONTROLS,,DRY,NOT AT INTERSECTION,"TWO-WAY, NOT DIVIDED",NO,NO,25,NON INTERSECTION,,,,,,,SOUTHBOUND,,,,,,,,NONE,,,PAN,MA,PASSENGER CAR,,,Y,PARKED,2001,COLLISION WITH PARKED MOTOR VEHICLE,ALTIMA,NISSAN,0,,COLLISION WITH PARKED MOTOR VEHICLE,COLLISION WITH MOTOR VEHICLE IN TRAFFIC,,,LEFT FRONT,CENTER FRONT,RIGHT FRONT,,UNKNOWN,,,,,,,,,,,NO IMPROPER DRIVING,OTHER IMPROPER ACTION,,,,,,NOT DISTRACTED,,,CON,MA,LIGHT TRUCK,,,Y,TURNING RIGHT,2016,COLLISION WITH PARKED MOTOR VEHICLE,SPRINTER VAN,MERCEDES,1,,COLLISION WITH PARKED MOTOR VEHICLE,COLLISION WITH MOTOR VEHICLE IN TRAFFIC,,,UNKNOWN,,,,UNKNOWN,,,,,,,,,,,NO IMPROPER DRIVING,OTHER IMPROPER ACTION,Y,,,,,UNKNOWN,,,UNINVOLVED OWNER,,MASSACHUSETTS,"D, CLASS D VEHICLES",,,,,,,,FEMALE,,,,Y,UNINVOLVED OWNER,,,,,,,,,,,UNKNOWN,,,,Y
8/17/17 9:44,Thursday,LIGHT TRUCK,OTHER,,MOUNT AUBURN STREET,ABERDEEN AVENUE,,"MOUNT AUBURN STREET &amp; ABERDEEN AVENUE
Cambridge, MA
(42.37474132400007, -71.13124324299997)",1,,ANGLE,ROADWAY,COLLISION WITH PEDALCYCLE,DAYLIGHT,CLEAR,CLEAR,TRAFFIC CONTROL SIGNAL,YES,DRY,T-INTERSECTION,"TWO-WAY, DIVIDED, UNPROTECTED MEDIAN",NO,NO,25,INTERSECTION,MOUNT AUBURN STREET,EASTBOUND,ABERDEEN AVENUE,NORTHBOUND,,,,,,,,,,,NONE,,,UNK,OT,LIGHT TRUCK,,,,TURNING LEFT,,COLLISION WITH PEDALCYCLE,UNK,UNK,1,,COLLISION WITH PEDALCYCLE,,,,RIGHT FRONT,,,,SOUTHBOUND,,,,,,,,,,,UNKNOWN,,,,,,,UNKNOWN,,,UNK,OT,OTHER,,,,TURNING LEFT,,COLLISION WITH MOTOR VEHICLE IN TRAFFIC,UNK,UNK,1,,COLLISION WITH MOTOR VEHICLE IN TRAFFIC,,,,OTHER,,,,NORTHBOUND,,,,,,,,,,,"DISREGARDED TRAFFIC SIGNS, SIGNALS, ROAD MARKINGS",,,,,,,UNKNOWN,,,NON-MOTORIST,NON FATAL INJURY - NON INCAPACITATING,MASSACHUSETTS,,,,CYCLIST,"WALKING, RUNNING OR CYCLING",IN ROADWAY,HELMET,,MALE,,,,,OPERATOR/DRIVER,UNKNOWN,,UNKNOWN,UNKNOWN,UNKNOWN,,,,,,FEMALE,"FRONT SEAT - LEFT SIDE, OR MOTORCYLE DRIVER",,,
8/23/17 13:00,Wednesday,LIGHT TRUCK,,24,IRVING ST,,CAMBRIDGE ST,"24 IRVING ST
Cambridge, MA
(42.37561560200004, -71.11094719799996)",,,"SIDESWIPE, SAME DIRECTION",OUTSIDE ROADWAY,COLLISION WITH PARKED MOTOR VEHICLE,DAYLIGHT,CLEAR,,NO CONTROLS,,DRY,NOT AT INTERSECTION,UNKNOWN,NO,NO,25,NON INTERSECTION,,,,,,,EASTBOUND,,,,,,,,NONE,,,PAN,NC,LIGHT TRUCK,,,,PARKED,2005,COLLISION WITH MOTOR VEHICLE IN TRAFFIC,ODYSSEY,HONDA,0,,COLLISION WITH MOTOR VEHICLE IN TRAFFIC,,,,LEFT REAR,,,,EASTBOUND,,,,,,,,,,,NO IMPROPER DRIVING,,,,,,,NOT DISTRACTED,,,,,,,,Y,TRAVELING STRAIGHT AHEAD,,COLLISION WITH PARKED MOTOR VEHICLE,UNKNOWN,UNKNOWN,1,,COLLISION WITH PARKED MOTOR VEHICLE,,,,RIGHT FRONT,,,,EASTBOUND,,,,,,,,,,,UNKNOWN,,,,,,,UNKNOWN,,,UNINVOLVED OWNER,,NORTH CAROLINA,"C, CLASS C VEHICLES",,NONE,,,,,,MALE,,,,Y,,,,,,,,,,,,,,,,
7/6/17 13:35,Thursday,UNKNOWN HEAVY TRUCK,,9,UPLAND RD,,,"9 UPLAND RD
Cambridge, MA
(42.388099417000035, -71.11999661699997)",,,"SIDESWIPE, SAME DIRECTION",ROADSIDE,COLLISION WITH TREE,DAYLIGHT,CLEAR,CLEAR,NO CONTROLS,NO,DRY,NOT AT INTERSECTION,"TWO-WAY, NOT DIVIDED",NO,NO,20,NON INTERSECTION,,,,,,,EASTBOUND,,,,,,,,NONE,MUNICIPAL,TREE LIMBS,APN,NH,UNKNOWN HEAVY TRUCK,,,,SLOWING OR STOPPED IN TRAFFIC,2015,COLLISION WITH TREE,BOX,TRUCK,1,,COLLISION WITH TREE,,,,RIGHT FRONT,RIGHT SIDE,,,EASTBOUND,,,,,,,,,,,INATTENTION,,Y,,,,,UNKNOWN,,,,,,,,,,,,,,,,,,,,,,,,,,,,,,,,,,,,,,,,,,,,,OPERATOR/DRIVER,UNKNOWN,MASSACHUSETTS,"B, CLASS B VEHICLES",,NONE,,,,,,MALE,"FRONT SEAT - LEFT SIDE, OR MOTORCYLE DRIVER",UNKNOWN,NOT TRAPPED,,UNINVOLVED OWNER,NO INJURY,,,,,,,,,,UNKNOWN,,,,Y