Date Time,Day of Week,Object 1,Object 2,Street Number,Street Name,Cross Street,Near Street,Location,May involve cyclist,May Involve Pedestrian,Manner of Collision,First Harmful Event Location,First Harmful Event,Ambient Light,Weather Condition 1,Weather Condition 2,Traffic Control Device Type,Traffic Control Device Functionality,Road Surface Condition,Roadway Junction Type,Trafficway Description,School Bus Related,Work Zone,Speed Limit,Street or Intersection,Intersection Name 1,Intersection Direction 1,Intersection Name 2,Intersection Direction 2,Intersection Name 3,Intersection Direction 3,Street Direction,Nearest Intersection Distance,Nearest Intersection Direction,Landmark Distance,Landmark Direction,Landmark,Mile Marker Direction,Non Public Area,Road Contributing,Damaged Property Type,Description of Damaged Property,V1 Registration Type,v1 State Code,V1 Configuration,V1 Emergency Response,V1 Moped,V1 Hit and Run,V1 Action Prior to Crash,V1 Model Year,V1 Most Harmful Event,V1 Model,V1 Make,V1 Occupant Count,V1 Underride Override,V1 First Event,V1 Second Event,V1 Third Event,V1 Fourth Event,V1 Most Damaged Area,V1 Second Damaged Area,V1 Third Damaged Area,V1 Towed,V1 Travel Direction,V1 Interstate,V1 Cargo Body Type,V1 Gross Weight,V1 Haz Placard,V1 Haz Release,V1 Trailer Reg Type,V1 Trailer Reg Plate,V1 Trailer Reg State,V1 Trailer Reg Year,V1 Trailer Len,V1 Driver Contribution,V1 Driver Contribution 2,V1 Is Truck,V1 Has Trailer,V1 Is Bus,V1 Is Hazmat,V1 Reg Year,V1 Driver Distracted,V1 Bus Use,V1 Tow Use,V2 Registration Type,V2 State Code,V2 Configuration,V2 Emergency Response,V2 Moped,V2 Hit and Run,V2 Action Prior to Crash,V2 Model Year,V2 Most Harmful Event,V2 Model,V2 Make,V2 Occupant Count,V2 Underride Override,V2 First Event,V2 Second Event,V2 Third Event,V2 Fourth Event,V2 Most Damaged Area,V2 Second Damaged Area,V2 Third Damaged Area,V2 Towed,V2 Travel Direction,V2 Interstate,V2 Cargo Body Type,V2 Gross Weight,V2 Haz Placard,V2 Haz Release,V2 Trailer Reg Type,V2 Trailer Reg Plate,V2 Trailer Reg State,V2 Trailer Reg Year,V2 Trailer Len,V2 Driver Contribution,V2 Driver Contribution 2,V2 Is Truck,V2 Has Trailer,V2 Is Bus,V2 Is Hazmat,V2 Reg Year,V2 Driver Distracted,V2 Bus Use,V2 Tow Use,P1 Role,P1 Injury,P1 Drivers Lic State,P1 Drivers Lic Class 1,P1 Drivers Lic Class 2,P1 Drivers Lic Restrict,P1 Non Motorist Desc,P1 Non Motorist Action,P1 Non Motorist Location,P1 Safety Equipment,P1 Age,P1 Sex,P1 Seat Position,P1 Safety System,P1 Trapped,P1 Veh Owner,P2 Role,P2 Injury,P2 Drivers Lic State,P2 Drivers Lic Class 1,P2 Drivers Lic Class 2,P2 Drivers Lic Restrict,P2 Non Motorist Desc,P2 Non Motorist Action,P2 Non Motorist Location,P2 Safety Equipment,P2 Age,P2 Sex,P2 Seat Position,P2 Safety System,P2 Trapped,P2 Veh Owner
7/7/17 16:10,Friday,LIGHT TRUCK,LIGHT TRUCK,,THIRD STREET,SPRING STREET,,"THIRD STREET &amp; SPRING STREET
Cambridge, MA
(42.36921102300005, -71.08237625299995)",,,ANGLE,ROADWAY,COLLISION WITH MOTOR VEHICLE IN TRAFFIC,DAYLIGHT,RAIN,,STOP SIGNS,YES,WET,FOUR WAY INTERSECTION,"TWO-WAY, DIVIDED, UNPROTECTED MEDIAN",NO,NO,25,INTERSECTION,THIRD STREET,SOUTHBOUND,SPRING STREET,WESTBOUND,,,,,,,,,,,NONE,,,PASS,NH,LIGHT TRUCK,,,,TRAVELING STRAIGHT AHEAD,2015,COLLISION WITH MOTOR VEHICLE IN TRAFFIC,CROSSTREK,SUBARU,1,,COLLISION WITH MOTOR VEHICLE IN TRAFFIC,,,,RIGHT SIDE,RIGHT FRONT,,Y,WESTBOUND,,,,,,,,,,,FAILED TO YIELD THE RIGHT OF WAY,,,,,,,UNKNOWN,,YES VEHICLE OR TRAILER DISABLED,PASS,NH,LIGHT TRUCK,,,,TRAVELING STRAIGHT AHEAD,2006,COLLISION WITH MOTOR VEHICLE IN TRAFFIC,NAVIGATOR,LINCOLN,3,,COLLISION WITH MOTOR VEHICLE IN TRAFFIC,,,,UNKNOWN,,,,SOUTHBOUND,,,,,,,,,,,UNKNOWN,,,,,,,UNKNOWN,,,OPERATOR/DRIVER,NO INJURY,MASSACHUSETTS,UNKNOWN,,UNKNOWN,,,,,,FEMALE,"FRONT SEAT - LEFT SIDE, OR MOTORCYLE DRIVER",UNKNOWN,NOT TRAPPED,,UNINVOLVED OWNER,NO INJURY,,,,,,,,,,FEMALE,,,,Y
7/18/17 9:00,Tuesday,LIGHT TRUCK,,70,YORK ST,,,"70 YORK ST
Cambridge, MA
(42.36985950900004, -71.09293093499997)",,,UNKNOWN,ROADWAY,COLLISION WITH PARKED MOTOR VEHICLE,UNKNOWN,UNKNOWN,,NO CONTROLS,,UNKNOWN,NOT AT INTERSECTION,"ONE-WAY, NOT DIVIDED",NO,NO,25,NON INTERSECTION,,,,,,,EASTBOUND,,,,,DONNELLY FIELD,,,UNKNOWN,,,PAN,MA,LIGHT TRUCK,,,,PARKED,2003,COLLISION WITH MOTOR VEHICLE IN TRAFFIC,SEDONA,KIA,0,,COLLISION WITH MOTOR VEHICLE IN TRAFFIC,,,,RIGHT SIDE,,,,,,,,,,,,,,,,,,,,,,,,,PAN,OT,,,,Y,UNKNOWN,,COLLISION WITH PARKED MOTOR VEHICLE,UNK,UNK,,,COLLISION WITH PARKED MOTOR VEHICLE,,,,UNKNOWN,,,,UNKNOWN,,,,,,,,,,,UNKNOWN,,,,,,,UNKNOWN,,,UNINVOLVED OWNER,,MASSACHUSETTS,,,,,,,,,MALE,,,,Y,,,,,,,,,,,,,,,,
9/29/17 16:52,Friday,PASSENGER CAR,,,BROADWAY,GALILEO WAY,,"BROADWAY &amp; GALILEO WAY
Cambridge, MA
(42.364701998000044, -71.08905975299996)",1,1,SINGLE VEHICLE CRASH,ROADWAY,COLLISION WITH PEDALCYCLE,DAYLIGHT,CLEAR,,TRAFFIC CONTROL SIGNAL,YES,DRY,FOUR WAY INTERSECTION,"TWO-WAY, DIVIDED, POSITIVE MEDIAN BARRIER",NO,NO,25,INTERSECTION,BROADWAY,,GALILEO WAY,,,,,,,,,,,,NONE,,,PAN,MA,PASSENGER CAR,,,,TURNING LEFT,2009,COLLISION WITH PEDALCYCLE,SENTRA,NISSAN,1,,COLLISION WITH PEDESTRIAN,,,,CENTER FRONT,,,,EASTBOUND,,,,,,,,,,,NO IMPROPER DRIVING,,,,,,,NOT DISTRACTED,,,,,,,,,,,,,,,,,,,,,,,,,,,,,,,,,,,,,,,,,,,,,OPERATOR/DRIVER,NO INJURY,MASSACHUSETTS,"D, CLASS D VEHICLES",,NONE,,,,,,FEMALE,"FRONT SEAT - LEFT SIDE, OR MOTORCYLE DRIVER",SHOULDER AND LAP BELT USED,,Y,WITNESS,,MASSACHUSETTS,"D, CLASS D VEHICLES",,NONE,,,,,,MALE,,,,
7/23/17 11:48,Sunday,LIGHT TRUCK,,2130,MASSACHUSETTS AVE.,,,"2130 MASSACHUSETTS AVE.
Cambridge, MA
(42.39218481100005, -71.12442251499994)",1,,UNKNOWN,ROADWAY,COLLISION WITH PEDALCYCLE,DAYLIGHT,CLEAR,,NO CONTROLS,,DRY,NOT AT INTERSECTION,"TWO-WAY, DIVIDED, POSITIVE MEDIAN BARRIER",NO,NO,20,NON INTERSECTION,,,,,,,SOUTHBOUND,,,,,,,,NONE,OTHER,TREX SPORT BICYCLE GREY,PAN,MA,LIGHT TRUCK,,,,PARKED,2015,COLLISION WITH PEDALCYCLE,RAV4,TOYOTA,1,,COLLISION WITH PEDALCYCLE,,,,LEFT SIDE,,,,NOT REPORTED,,,,,,,,,,,NO IMPROPER DRIVING,,,,,,,UNKNOWN,,,,,,,,,,,,,,,,,,,,,,,,,,,,,,,,,,,,,,,,,,,,,OPERATOR/DRIVER,NO INJURY,MASSACHUSETTS,"D, CLASS D VEHICLES",,UNKNOWN,,,,,,MALE,"FRONT SEAT - LEFT SIDE, OR MOTORCYLE DRIVER",UNKNOWN,NOT TRAPPED,Y,NON-MOTORIST,NON FATAL INJURY - NON INCAPACITATING,,,,,CYCLIST,"WALKING, RUNNING OR CYCLING",IN ROADWAY,HELMET,,MALE,,,,
9/5/17 15:36,Tuesday,PASSENGER CAR,BUS SEATS MORE THAN 15 PEOPLE,,PEABODY STREET,,MASSACHUSETTS AVE,"PEABODY STREET
Cambridge, MA
(42.37459848800006, -71.11870691899998)",,,"SIDESWIPE, SAME DIRECTION",ROADWAY,COLLISION WITH MOTOR VEHICLE IN TRAFFIC,DAYLIGHT,CLEAR,,NO CONTROLS,NO,DRY,UNKNOWN,"ONE-WAY, NOT DIVIDED",YES,NO,25,NON INTERSECTION,PEABODY STREET,EASTBOUND,MASSACHUSETTS AVE,NORTHBOUND,,,EASTBOUND,,NORTHBOUND,,,,,,NONE,,,PAN,CA,PASSENGER CAR,,,,TURNING LEFT,2010,COLLISION WITH MOTOR VEHICLE IN TRAFFIC,A5,AUDI,1,,COLLISION WITH MOTOR VEHICLE IN TRAFFIC,,,,RIGHT REAR,,,,WESTBOUND,,,,,,,,,,,UNKNOWN,,,,,,,UNKNOWN,,NO,BUN,MA,BUS SEATS MORE THAN 15 PEOPLE,,,Y,TRAVELING STRAIGHT AHEAD,0,COLLISION WITH PARKED MOTOR VEHICLE,SCHOOL BUS,INTL,1,,COLLISION WITH MOTOR VEHICLE IN TRAFFIC,,COLLISION WITH MOTOR VEHICLE IN TRAFFIC,,UNKNOWN,,,,EASTBOUND,,,,,,,,,,,UNKNOWN,,,,,,,UNKNOWN,,NO,OPERATOR/DRIVER,NO INJURY,CALIFORNIA,"D, CLASS D VEHICLES",,UNKNOWN,,,,,,MALE,,,,,OPERATOR/DRIVER,UNKNOWN,MASSACHUSETTS,"D, CLASS D VEHICLES",,UNKNOWN,,,,,,UNKNOWN,,,,
7/12/17 17:37,Wednesday,LIGHT TRUCK,,,MASSACHUSETTS AVE,,VASSAR STREET,"MASSACHUSETTS AVE
Cambridge, MA
(42.36262560200004, -71.09902764999998)",1,,ANGLE,ROADWAY,COLLISION WITH PEDALCYCLE,DAYLIGHT,CLOUDY,,TRAFFIC CONTROL SIGNAL,YES,DRY,NOT AT INTERSECTION,"TWO-WAY, NOT DIVIDED",NO,NO,25,NON INTERSECTION,,,,,,,NORTHBOUND,,EASTBOUND,,,,,,NONE,OTHER,BICYCLE,PAN,MA,LIGHT TRUCK,,,,TURNING RIGHT,2010,COLLISION WITH PEDALCYCLE,CRV,HONDA,2,,COLLISION WITH PEDALCYCLE,,,,CENTER FRONT,OTHER,,,EASTBOUND,,,,,,,,,,,NO IMPROPER DRIVING,,,,,,,NOT DISTRACTED,,NO,,,,,,,,,,,,,,,,,,,,,,,,,,,,,,,,,,,,,,,,,,,OPERATOR/DRIVER,NO INJURY,MASSACHUSETTS,"D, CLASS D VEHICLES",,NONE,,,,,,FEMALE,,,,Y,NON-MOTORIST,NO INJURY,MASSACHUSETTS,"D, CLASS D VEHICLES",,NONE,CYCLIST,ENTERING OR CROSSING SPECIFIED LOCATION,NON-INTERSECTION CROSSWALK,HELMET,,FEMALE,,,,
7/5/17 23:00,Wednesday,LIGHT TRUCK,PASSENGER CAR,192,WILLOW ST,,CAMBRIDGE ST,"192 WILLOW ST
Cambridge, MA
(42.37381649100007, -71.09157640799998)",,,"SIDESWIPE, OPPOSITE DIRECTION",OUTSIDE ROADWAY,COLLISION WITH PARKED MOTOR VEHICLE,UNKNOWN,CLEAR,,NO CONTROLS,,DRY,NOT AT INTERSECTION,UNKNOWN,NO,NO,10,NON INTERSECTION,,,,,,,NORTHBOUND,,SOUTHBOUND,,,,,,NONE,,,PAV,MA,LIGHT TRUCK,,,,PARKED,2000,OTHER,TROOPER,ISUZU,0,,OTHER,,,,LEFT REAR,LEFT SIDE,,,SOUTHBOUND,,,,,,,,,,,NO IMPROPER DRIVING,,,,,,,NOT DISTRACTED,,,PAN,MA,PASSENGER CAR,,,Y,OTHER,2012,COLLISION WITH PARKED MOTOR VEHICLE,FOCUS,FORD,1,,COLLISION WITH PARKED MOTOR VEHICLE,,,,LEFT FRONT,LEFT SIDE,,,NORTHBOUND,,,,,,,,,,,UNKNOWN,,,,,,,UNKNOWN,,,UNINVOLVED OWNER,NO INJURY,MASSACHUSETTS,"D, CLASS D VEHICLES",,NONE,,,,,,FEMALE,,,,Y,OPERATOR/DRIVER,UNKNOWN,MASSACHUSETTS,"B, CLASS B VEHICLES",,CORRECTIVE LENSES,,,,,,FEMALE,"FRONT SEAT - LEFT SIDE, OR MOTORCYLE DRIVER",UNKNOWN,NOT TRAPPED,Y
7/24/17 17:25,Monday,PASSENGER CAR,PASSENGER CAR,19,HINGHAM STREET,,,"19 HINGHAM STREET
Cambridge, MA
(42.36521544500005, -71.11471827999998)",,,UNKNOWN,ROADSIDE,COLLISION WITH MOTOR VEHICLE IN TRAFFIC,DAYLIGHT,RAIN,,NO CONTROLS,NO,WET,NOT AT INTERSECTION,"ONE-WAY, NOT DIVIDED",NO,NO,25,NON INTERSECTION,,,,,,,EASTBOUND,,,,,,,,NONE,,,PAN,MA,PASSENGER CAR,,,,PARKED,1998,COLLISION WITH MOTOR VEHICLE IN TRAFFIC,ACCORD,HONDA,0,,COLLISION WITH MOTOR VEHICLE IN TRAFFIC,,,,RIGHT REAR,REAR CENTER,,,,,,,,,,,,,,,,,,,,,,,NO,PAN,MA,PASSENGER CAR,,,Y,ENTERING TRAFFIC LANE,2008,COLLISION WITH PARKED MOTOR VEHICLE,PRIUS,TOYOTA,1,,COLLISION WITH PARKED MOTOR VEHICLE,,,,UNKNOWN,,,,EASTBOUND,,,,,,,,,,,UNKNOWN,,,,,,,UNKNOWN,,,UNINVOLVED OWNER,NO INJURY,MASSACHUSETTS,"D, CLASS D VEHICLES",,NONE,,,,,,FEMALE,,,,,OPERATOR/DRIVER,UNKNOWN,MASSACHUSETTS,"D, CLASS D VEHICLES",,UNKNOWN,,,,,,UNKNOWN,,,,
9/27/17 19:54,Wednesday,PASSENGER CAR,OTHER,100,LINKSEY WAY,,,"100 LINKSEY WAY
Cambridge, MA
(42.36474789500005, -71.08062735599998)",,,SINGLE VEHICLE CRASH,UNKNOWN,COLLISION WITH PARKED MOTOR VEHICLE,DAYLIGHT,CLEAR,CLEAR,NO CONTROLS,YES,DRY,NOT AT INTERSECTION,"TWO-WAY, NOT DIVIDED",NO,NO,20,NON INTERSECTION,,,,,,,EASTBOUND,,,,,,EASTBOUND,,NONE,UNKNOWN,CAR BUMPER,PAN,MA,PASSENGER CAR,,,Y,PARKED,2016,UNKNOWN,CX5,MAZDA,0,,COLLISION WITH OTHER MOVABLE OBJECT,UNKNOWN,UNKNOWN,UNKNOWN,LEFT REAR,,,,UNKNOWN,,,,,,,,,,,NO IMPROPER DRIVING,UNKNOWN,,,,,,UNKNOWN,,NO,UNKNOWN,,OTHER,,,Y,UNKNOWN,,UNKNOWN,UNKNOWN,UNKNOWN,1,,UNKNOWN,UNKNOWN,UNKNOWN,UNKNOWN,LEFT FRONT,,,,UNKNOWN,,,,,,,,,,,UNKNOWN,UNKNOWN,,,,,,UNKNOWN,,NO,OPERATOR/DRIVER,NO INJURY,MASSACHUSETTS,"D, CLASS D VEHICLES","M, CLASS M VEHICLES",NONE,,,,,,MALE,UNKNOWN,NONE USED - VEHICLE OCCUPANT,NOT TRAPPED,Y,,,,,,,,,,,,,,,,
9/15/17 17:25,Friday,LIGHT TRUCK,,,PUTNAM AVE.,GREEN ST.,,"PUTNAM AVE. &amp; GREEN ST.
Cambridge, MA
(42.361555285000065, -71.11341860699997)",1,,ANGLE,UNKNOWN,COLLISION WITH PEDALCYCLE,DAYLIGHT,CLOUDY,RAIN,STOP SIGNS,NO,DRY,FOUR WAY INTERSECTION,"TWO-WAY, NOT DIVIDED",NO,NO,25,INTERSECTION,PUTNAM AVE.,NORTHBOUND,GREEN ST.,WESTBOUND,,,,,,,,,,,UNKNOWN,,,PAN,MA,LIGHT TRUCK,,,,TURNING LEFT,2008,COLLISION WITH PEDALCYCLE,UTIL,SUBA,1,,COLLISION WITH PEDALCYCLE,COLLISION WITH PEDALCYCLE,COLLISION WITH PEDALCYCLE,COLLISION WITH PEDALCYCLE,LEFT FRONT,,,,WESTBOUND,,,,,,,,,,,FAILED TO YIELD THE RIGHT OF WAY,FAILED TO YIELD THE RIGHT OF WAY,,,,,,UNKNOWN,,NO,,,,,,,,,,,,,,,,,,,,,,,,,,,,,,,,,,,,,,,,,,,OPERATOR/DRIVER,NO INJURY,MASSACHUSETTS,"D, CLASS D VEHICLES",,NONE,,,,,,MALE,"FRONT SEAT - LEFT SIDE, OR MOTORCYLE DRIVER",SHOULDER AND LAP BELT USED,,Y,NON-MOTORIST,NON FATAL INJURY - POSSIBLE,,,,,,,,,,,,,,
8/13/17 11:03,Sunday,PASSENGER CAR,PASSENGER CAR,,MASS AVE,ARROW STREET,,"MASS AVE &amp; ARROW STREET
Cambridge, MA
(42.371217416000036, -71.11487625999996)",,,"SIDESWIPE, SAME DIRECTION",ROADWAY,COLLISION WITH PARKED MOTOR VEHICLE,DAYLIGHT,CLEAR,CLEAR,NO CONTROLS,NO,DRY,Y-INTERSECTION,"ONE-WAY, NOT DIVIDED",NO,NO,25,INTERSECTION,MASS AVE,NORTHBOUND,ARROW STREET,WESTBOUND,REMINGTON STREET,EASTBOUND,,,,,,,,,NONE,,,PAN,MA,PASSENGER CAR,,,,TRAVELING STRAIGHT AHEAD,2017,COLLISION WITH PARKED MOTOR VEHICLE,UTILITY,FORD,1,,COLLISION WITH PARKED MOTOR VEHICLE,COLLISION WITH PARKED MOTOR VEHICLE,COLLISION WITH PARKED MOTOR VEHICLE,COLLISION WITH PARKED MOTOR VEHICLE,LEFT FRONT,CENTER FRONT,LEFT SIDE,,NORTHBOUND,,,,,,,,,,,OVER CORRECTING / OVER STEERING,OVER CORRECTING / OVER STEERING,,,,,,EXTERNAL DISTRACTION,,YES VEHICLE OR TRAILER DISABLED,PAN,MA,PASSENGER CAR,,,,PARKED,2016,COLLISION WITH MOTOR VEHICLE IN TRAFFIC,STWAG,VOLKS,0,,COLLISION WITH MOTOR VEHICLE IN TRAFFIC,COLLISION WITH MOTOR VEHICLE IN TRAFFIC,COLLISION WITH MOTOR VEHICLE IN TRAFFIC,COLLISION WITH MOTOR VEHICLE IN TRAFFIC,RIGHT REAR,RIGHT SIDE,,,NORTHBOUND,,,,,,,,,,,NO IMPROPER DRIVING,NO IMPROPER DRIVING,,,,,,NOT DISTRACTED,,NO,OPERATOR/DRIVER,NO INJURY,MASSACHUSETTS,"D, CLASS D VEHICLES",,NONE,,,,,,MALE,"FRONT SEAT - LEFT SIDE, OR MOTORCYLE DRIVER",UNKNOWN,NOT TRAPPED,Y,UNINVOLVED OWNER,NO INJURY,,,,,,,,,,,,,,Y
9/20/17 10:20,Wednesday,LIGHT TRUCK,PASSENGER CAR,,BROADWAY,HIGHLAND AVE,,"BROADWAY &amp; HIGHLAND AVE
Cambridge, MA
(42.372914929000046, -71.10577948299994)",,,REAR-END,ROADWAY,COLLISION WITH MOTOR VEHICLE IN TRAFFIC,DAYLIGHT,RAIN,CLOUDY,NO CONTROLS,,WET,FOUR WAY INTERSECTION,"TWO-WAY, NOT DIVIDED",NO,NO,25,INTERSECTION,BROADWAY,WESTBOUND,HIGHLAND AVE,SOUTHBOUND,,,,,,,,,,,ROAD SURFACE CONDITION,,,PAS,MA,LIGHT TRUCK,,,,SLOWING OR STOPPED IN TRAFFIC,2007,COLLISION WITH MOTOR VEHICLE IN TRAFFIC,X3,BMW,1,,COLLISION WITH MOTOR VEHICLE IN TRAFFIC,,,,RIGHT REAR,REAR CENTER,LEFT REAR,,WESTBOUND,,,,,,,,,,,NO IMPROPER DRIVING,,,,,,,UNKNOWN,,,PAN,MA,PASSENGER CAR,,,,TRAVELING STRAIGHT AHEAD,2011,COLLISION WITH MOTOR VEHICLE IN TRAFFIC,COROLL,TOYT,1,,COLLISION WITH MOTOR VEHICLE IN TRAFFIC,,,,LEFT FRONT,CENTER FRONT,RIGHT FRONT,,WESTBOUND,,,,,,,,,,,UNKNOWN,,,,,,,NOT DISTRACTED,,YES VEHICLE OR TRAILER DISABLED,OPERATOR/DRIVER,NO INJURY,MASSACHUSETTS,"D, CLASS D VEHICLES",,UNKNOWN,,,,,,FEMALE,"FRONT SEAT - LEFT SIDE, OR MOTORCYLE DRIVER",UNKNOWN,NOT TRAPPED,Y,OPERATOR/DRIVER,NON FATAL INJURY - POSSIBLE,MASSACHUSETTS,"D, CLASS D VEHICLES",,UNKNOWN,,,,,,MALE,"FRONT SEAT - LEFT SIDE, OR MOTORCYLE DRIVER",UNKNOWN,NOT TRAPPED,Y
8/31/17 14:21,Thursday,OTHER,OTHER,,BROADWAY,,GALILEO GALILEI WAY,"BROADWAY
Cambridge, MA
(42.364701998000044, -71.08905975299996)",,,"SIDESWIPE, SAME DIRECTION",ROADWAY,COLLISION WITH OTHER MOVABLE OBJECT,DAYLIGHT,CLEAR,,NO CONTROLS,NO,DRY,NOT AT INTERSECTION,"TWO-WAY, NOT DIVIDED",NO,NO,20,NON INTERSECTION,,,,,,,NORTHBOUND,,,,,,,,NONE,,,APN,MA,OTHER,,,,SLOWING OR STOPPED IN TRAFFIC,2013,COLLISION WITH OTHER MOVABLE OBJECT,TS35C,TEMS,4,,COLLISION WITH OTHER MOVABLE OBJECT,,,,LEFT SIDE,,,,NORTHBOUND,,,,,,,,,,,UNKNOWN,,,,,,,UNKNOWN,,,CON,MA,OTHER,,,,TRAVELING STRAIGHT AHEAD,2014,COLLISION WITH OTHER MOVABLE OBJECT,E350,FORD,2,,COLLISION WITH OTHER MOVABLE OBJECT,,,,RIGHT SIDE,,,,NORTHBOUND,,,,,,,,,,,UNKNOWN,,,,,,,UNKNOWN,,NO,OPERATOR/DRIVER,NO INJURY,MASSACHUSETTS,"B, CLASS B VEHICLES",,NONE,,,,,,MALE,,,,,OCCUPANT/PASSENGER,NO INJURY,,,,,,,,,,FEMALE,OTHER,UNKNOWN,NOT TRAPPED,
8/9/17 8:25,Wednesday,PASSENGER CAR,PASSENGER CAR,,GARDEN ST,,HURON AVE,"GARDEN ST
Cambridge, MA
(42.382044810000025, -71.12670389999994)",,,ANGLE,ROADWAY,COLLISION WITH MOTOR VEHICLE IN TRAFFIC,DAYLIGHT,CLEAR,,TRAFFIC CONTROL SIGNAL,YES,DRY,NOT AT INTERSECTION,"TWO-WAY, NOT DIVIDED",NO,NO,25,NON INTERSECTION,,,,,,,EASTBOUND,,,,,,,,OTHER,,,PAN,MA,PASSENGER CAR,,,,OVERTAKING / PASSING,2016,COLLISION WITH MOTOR VEHICLE IN TRAFFIC,ACCOR,HOND,1,,COLLISION WITH MOTOR VEHICLE IN TRAFFIC,,,,LEFT FRONT,CENTER FRONT,RIGHT FRONT,Y,EASTBOUND,,,,,,,,,,,OTHER IMPROPER ACTION,,,,,,,UNKNOWN,,YES VEHICLE OR TRAILER DISABLED,PAN,MA,PASSENGER CAR,,,,OVERTAKING / PASSING,2008,COLLISION WITH MOTOR VEHICLE IN TRAFFIC,IMPREZ,SUBA,1,,COLLISION WITH MOTOR VEHICLE IN TRAFFIC,,,,RIGHT SIDE,RIGHT REAR,,,EASTBOUND,,,,,,,,,,,OTHER IMPROPER ACTION,,,,,,,UNKNOWN,,,OPERATOR/DRIVER,NO INJURY,MASSACHUSETTS,"D, CLASS D VEHICLES",,UNKNOWN,,,,,,MALE,"FRONT SEAT - LEFT SIDE, OR MOTORCYLE DRIVER",UNKNOWN,NOT TRAPPED,Y,OPERATOR/DRIVER,NO INJURY,MASSACHUSETTS,"D, CLASS D VEHICLES",,UNKNOWN,,,,,,FEMALE,"FRONT SEAT - LEFT SIDE, OR MOTORCYLE DRIVER",UNKNOWN,NOT TRAPPED,Y
7/14/17 22:00,Friday,PASSENGER CAR,OTHER,147,OTIS STREET,,SIXTH STREET,"147 OTIS STREET
Cambridge, MA
(42.37099141300007, -71.08510859899997)",,,UNKNOWN,ROADWAY,COLLISION WITH PARKED MOTOR VEHICLE,UNKNOWN,UNKNOWN,,NO CONTROLS,,UNKNOWN,NOT AT INTERSECTION,"TWO-WAY, NOT DIVIDED",NO,NO,25,NON INTERSECTION,,,,,,,WESTBOUND,20,EASTBOUND,,,,,,NONE,,,PAN,MA,PASSENGER CAR,,,,PARKED,2011,COLLISION WITH MOTOR VEHICLE IN TRAFFIC,IMPREZ,SUBARU,0,,COLLISION WITH MOTOR VEHICLE IN TRAFFIC,,,,LEFT SIDE,LEFT REAR,,,WESTBOUND,,,,,,,,,,,NO IMPROPER DRIVING,,,,,,,NOT DISTRACTED,,NO,UNKNOWN,,OTHER,,,Y,UNKNOWN,,COLLISION WITH PARKED MOTOR VEHICLE,UNKNOWN,UNKNOWN,1,,UNKNOWN,,,,UNKNOWN,UNKNOWN,UNKNOWN,,UNKNOWN,,,,,,,,,,,UNKNOWN,,,,,,,UNKNOWN,,NO,UNINVOLVED OWNER,,MASSACHUSETTS,,,UNKNOWN,,,,,,FEMALE,,,,Y,OPERATOR/DRIVER,UNKNOWN,,UNKNOWN,,UNKNOWN,,,,,,,"FRONT SEAT - LEFT SIDE, OR MOTORCYLE DRIVER",UNKNOWN,UNKNOWN,
9/6/17 4:45,Wednesday,PASSENGER CAR,LIGHT TRUCK,,LANGDON ST,,MASS AVE,"LANGDON ST
Cambridge, MA
(42.38064841200003, -71.12130166999998)",,,"SIDESWIPE, SAME DIRECTION",ROADWAY,COLLISION WITH PARKED MOTOR VEHICLE,DAYLIGHT,CLOUDY,,NO CONTROLS,,DRY,NOT AT INTERSECTION,"TWO-WAY, NOT DIVIDED",NO,NO,25,NON INTERSECTION,,,,,,,NORTHBOUND,,EASTBOUND,,,,,,NONE,,,PAR,MA,PASSENGER CAR,,,,TURNING RIGHT,2016,COLLISION WITH PARKED MOTOR VEHICLE,FOREST,SUBA,1,,COLLISION WITH PARKED MOTOR VEHICLE,,,,RIGHT SIDE,,,,NORTHBOUND,,,,,,,,,,,UNKNOWN,,,,,,,UNKNOWN,,,PASS,CT,LIGHT TRUCK,,,,PARKED,2016,COLLISION WITH MOTOR VEHICLE IN TRAFFIC,ESCAL,CADI,,,COLLISION WITH MOTOR VEHICLE IN TRAFFIC,,,,LEFT FRONT,,,,,,,,,,,,,,,,,,,,,,,,,OPERATOR/DRIVER,NO INJURY,MASSACHUSETTS,"D, CLASS D VEHICLES",,UNKNOWN,,,,,,FEMALE,"FRONT SEAT - LEFT SIDE, OR MOTORCYLE DRIVER",UNKNOWN,NOT TRAPPED,Y,UNINVOLVED OWNER,,,,,,,,,,,FEMALE,,,,Y
8/25/17 13:41,Friday,LIGHT TRUCK,SINGLE UNIT TRUCK (2 AXLES - 6 TIRES),,GIBSON ST,FOSTER ST,,"GIBSON ST &amp; FOSTER ST
Cambridge, MA
(42.376166116000036, -71.13076717899997)",,,ANGLE,ROADWAY,COLLISION WITH PARKED MOTOR VEHICLE,DAYLIGHT,CLOUDY,CLOUDY,STOP SIGNS,NO,DRY,T-INTERSECTION,"ONE-WAY, NOT DIVIDED",NO,NO,25,INTERSECTION,GIBSON ST,NORTHBOUND,FOSTER ST,EASTBOUND,,,,,,,,,,,NONE,,,CON,MA,LIGHT TRUCK,,,Y,PARKED,2011,COLLISION WITH PARKED MOTOR VEHICLE,PICK UP,FORD,0,,COLLISION WITH PARKED MOTOR VEHICLE,COLLISION WITH PARKED MOTOR VEHICLE,COLLISION WITH PARKED MOTOR VEHICLE,COLLISION WITH PARKED MOTOR VEHICLE,CENTER FRONT,LEFT FRONT,,,SOUTHBOUND,,,,,,,,,,,OTHER IMPROPER ACTION,OTHER IMPROPER ACTION,,,,,,UNKNOWN,,,,MA,SINGLE UNIT TRUCK (2 AXLES - 6 TIRES),,,Y,BACKING,,COLLISION WITH PARKED MOTOR VEHICLE,FLATBED TOW TRUCK,UNKNOWN,1,,COLLISION WITH PARKED MOTOR VEHICLE,COLLISION WITH PARKED MOTOR VEHICLE,COLLISION WITH PARKED MOTOR VEHICLE,COLLISION WITH PARKED MOTOR VEHICLE,LEFT REAR,,,,SOUTHBOUND,,,,,,,,,,,OTHER IMPROPER ACTION,OTHER IMPROPER ACTION,,,,,,UNKNOWN,,,UNINVOLVED OWNER,NO INJURY,,UNKNOWN,UNKNOWN,UNKNOWN,,,,,,MALE,,,,Y,OPERATOR/DRIVER,NO INJURY,,UNKNOWN,UNKNOWN,UNKNOWN,,,,,,MALE,"FRONT SEAT - LEFT SIDE, OR MOTORCYLE DRIVER",UNKNOWN,NOT TRAPPED,