Date Time,Day of Week,Object 1,Object 2,Street Number,Street Name,Cross Street,Near Street,Location,May involve cyclist,May Involve Pedestrian,Manner of Collision,First Harmful Event Location,First Harmful Event,Ambient Light,Weather Condition 1,Weather Condition 2,Traffic Control Device Type,Traffic Control Device Functionality,Road Surface Condition,Roadway Junction Type,Trafficway Description,School Bus Related,Work Zone,Speed Limit,Street or Intersection,Intersection Name 1,Intersection Direction 1,Intersection Name 2,Intersection Direction 2,Intersection Name 3,Intersection Direction 3,Street Direction,Nearest Intersection Distance,Nearest Intersection Direction,Landmark Distance,Landmark Direction,Landmark,Mile Marker Direction,Non Public Area,Road Contributing,Damaged Property Type,Description of Damaged Property,V1 Registration Type,v1 State Code,V1 Configuration,V1 Emergency Response,V1 Moped,V1 Hit and Run,V1 Action Prior to Crash,V1 Model Year,V1 Most Harmful Event,V1 Model,V1 Make,V1 Occupant Count,V1 Underride Override,V1 First Event,V1 Second Event,V1 Third Event,V1 Fourth Event,V1 Most Damaged Area,V1 Second Damaged Area,V1 Third Damaged Area,V1 Towed,V1 Travel Direction,V1 Interstate,V1 Cargo Body Type,V1 Gross Weight,V1 Haz Placard,V1 Haz Release,V1 Trailer Reg Type,V1 Trailer Reg Plate,V1 Trailer Reg State,V1 Trailer Reg Year,V1 Trailer Len,V1 Driver Contribution,V1 Driver Contribution 2,V1 Is Truck,V1 Has Trailer,V1 Is Bus,V1 Is Hazmat,V1 Reg Year,V1 Driver Distracted,V1 Bus Use,V1 Tow Use,V2 Registration Type,V2 State Code,V2 Configuration,V2 Emergency Response,V2 Moped,V2 Hit and Run,V2 Action Prior to Crash,V2 Model Year,V2 Most Harmful Event,V2 Model,V2 Make,V2 Occupant Count,V2 Underride Override,V2 First Event,V2 Second Event,V2 Third Event,V2 Fourth Event,V2 Most Damaged Area,V2 Second Damaged Area,V2 Third Damaged Area,V2 Towed,V2 Travel Direction,V2 Interstate,V2 Cargo Body Type,V2 Gross Weight,V2 Haz Placard,V2 Haz Release,V2 Trailer Reg Type,V2 Trailer Reg Plate,V2 Trailer Reg State,V2 Trailer Reg Year,V2 Trailer Len,V2 Driver Contribution,V2 Driver Contribution 2,V2 Is Truck,V2 Has Trailer,V2 Is Bus,V2 Is Hazmat,V2 Reg Year,V2 Driver Distracted,V2 Bus Use,V2 Tow Use,P1 Role,P1 Injury,P1 Drivers Lic State,P1 Drivers Lic Class 1,P1 Drivers Lic Class 2,P1 Drivers Lic Restrict,P1 Non Motorist Desc,P1 Non Motorist Action,P1 Non Motorist Location,P1 Safety Equipment,P1 Age,P1 Sex,P1 Seat Position,P1 Safety System,P1 Trapped,P1 Veh Owner,P2 Role,P2 Injury,P2 Drivers Lic State,P2 Drivers Lic Class 1,P2 Drivers Lic Class 2,P2 Drivers Lic Restrict,P2 Non Motorist Desc,P2 Non Motorist Action,P2 Non Motorist Location,P2 Safety Equipment,P2 Age,P2 Sex,P2 Seat Position,P2 Safety System,P2 Trapped,P2 Veh Owner
9/14/17 6:00,Thursday,LIGHT TRUCK,SINGLE UNIT TRUCK (2 AXLES - 6 TIRES),,PORTER STREET,,,"64-68 PORTER STREET
Cambridge, MA
(42.37364566000008, -71.08970493199996)",,,"SIDESWIPE, SAME DIRECTION",ROADSIDE,COLLISION WITH MOTOR VEHICLE IN TRAFFIC,DAYLIGHT,CLEAR,,NO CONTROLS,NO,DRY,NOT AT INTERSECTION,"TWO-WAY, NOT DIVIDED",NO,NO,25,NON INTERSECTION,,,,,,,EASTBOUND,,,,,,,,NONE,,,PAN,MA,LIGHT TRUCK,,,,PARKED,2013,COLLISION WITH MOTOR VEHICLE IN TRAFFIC,ROGUE,NISSAN,0,,COLLISION WITH MOTOR VEHICLE IN TRAFFIC,,,,LEFT SIDE,,,,,,,,,,,,,,,NO IMPROPER DRIVING,,,,,,,,,NO,PAN,MA,SINGLE UNIT TRUCK (2 AXLES - 6 TIRES),,,Y,TRAVELING STRAIGHT AHEAD,2009,COLLISION WITH PARKED MOTOR VEHICLE,T7F042,ISUZU,1,,COLLISION WITH PARKED MOTOR VEHICLE,,,,UNKNOWN,,,,EASTBOUND,,,,,,,,,,,UNKNOWN,,,,,,,UNKNOWN,,NO,UNINVOLVED OWNER,,MASSACHUSETTS,"D, CLASS D VEHICLES",,NONE,,,,,,MALE,,,,,OPERATOR/DRIVER,NO INJURY,MASSACHUSETTS,"D, CLASS D VEHICLES",,UNKNOWN,,,,,,UNKNOWN,,,,
8/8/17 12:10,Tuesday,PASSENGER CAR,BUS SEATS MORE THAN 15 PEOPLE,,VASSAR ST,MAIN ST,,"VASSAR ST &amp; MAIN ST
Cambridge, MA
(42.35813407300003, -71.09889230499994)",,,"SIDESWIPE, SAME DIRECTION",ROADWAY,COLLISION WITH MOTOR VEHICLE IN TRAFFIC,DAYLIGHT,CLOUDY,,TRAFFIC CONTROL SIGNAL,YES,DRY,FOUR WAY INTERSECTION,"TWO-WAY, NOT DIVIDED",NO,NO,25,INTERSECTION,VASSAR ST,NORTHBOUND,MAIN ST,EASTBOUND,,,,,,,,,,,NONE,,,PAN,MA,PASSENGER CAR,,,,TURNING RIGHT,2004,COLLISION WITH MOTOR VEHICLE IN TRAFFIC,AVALON,TOYT,1,,COLLISION WITH MOTOR VEHICLE IN TRAFFIC,,,,LEFT SIDE,LEFT FRONT,,Y,NORTHBOUND,,,,,,,,,,,NO IMPROPER DRIVING,,,,,,,UNKNOWN,,YES VEHICLE OR TRAILER DISABLED,APN,MA,BUS SEATS MORE THAN 15 PEOPLE,,,,UNKNOWN,2014,COLLISION WITH MOTOR VEHICLE IN TRAFFIC,J4500,MCI,1,,COLLISION WITH MOTOR VEHICLE IN TRAFFIC,,,,UNKNOWN,,,,NORTHBOUND,,BUS SEATS MORE THAN 15 PEOPLE,"MORE THAN 26,000 POUNDS",,,,,,,,UNKNOWN,,,,Y,,,UNKNOWN,CHARTER/TOUR,,OPERATOR/DRIVER,NO INJURY,MASSACHUSETTS,"D, CLASS D VEHICLES",,UNKNOWN,,,,,,MALE,"FRONT SEAT - LEFT SIDE, OR MOTORCYLE DRIVER",UNKNOWN,NOT TRAPPED,Y,OPERATOR/DRIVER,UNKNOWN,MASSACHUSETTS,"B, CLASS B VEHICLES",,UNKNOWN,,,,,,MALE,"FRONT SEAT - LEFT SIDE, OR MOTORCYLE DRIVER",UNKNOWN,NOT TRAPPED,
7/13/17 16:01,Thursday,PASSENGER CAR,,,ROBINSON STREET,GARDEN STREET,,"ROBINSON STREET &amp; GARDEN STREET
Cambridge, MA
(42.38350352600003, -71.12664511399998)",,,UNKNOWN,UNKNOWN,COLLISION WITH PARKED MOTOR VEHICLE,DAYLIGHT,UNKNOWN,,STOP SIGNS,YES,UNKNOWN,T-INTERSECTION,"TWO-WAY, NOT DIVIDED",NO,NO,25,INTERSECTION,ROBINSON STREET,WESTBOUND,GARDEN STREET,SOUTHBOUND,,,,,,,,,,,UNKNOWN,,,PAN,MA,PASSENGER CAR,,,Y,PARKED,2009,UNKNOWN,PRIUS,TOYOTA,0,,COLLISION WITH PARKED MOTOR VEHICLE,,,,LEFT SIDE,LEFT FRONT,CENTER FRONT,,WESTBOUND,,,,,,,,,,,NO IMPROPER DRIVING,,,,,,,NOT DISTRACTED,,,,,,,,,,,,,,,,,,,,,,,,,,,,,,,,,,,,,,,,,,,,,UNINVOLVED OWNER,,MASSACHUSETTS,,,,,,,,,MALE,,,,Y,,,,,,,,,,,,,,,,
9/13/17 17:00,Wednesday,PASSENGER CAR,,186,HAMPSHIRE STREET,,PROSPECT STREET,"186 HAMPSHIRE STREET
Cambridge, MA
(42.372510979000026, -71.09945226599996)",1,,ANGLE,ROADSIDE,COLLISION WITH PEDALCYCLE,DAYLIGHT,CLEAR,,NO CONTROLS,NO,DRY,NOT AT INTERSECTION,"TWO-WAY, NOT DIVIDED",NO,NO,25,NON INTERSECTION,,,,,,,SOUTHBOUND,,WESTBOUND,,,SEVEN ELEVEN STORE,,,NONE,,,PAN,MA,PASSENGER CAR,,,,TURNING LEFT,2001,COLLISION WITH PEDALCYCLE,ALTIMA,NISSAN,1,,COLLISION WITH PEDALCYCLE,,,,RIGHT REAR,,,,WESTBOUND,,,,,,,,,,,"DISREGARDED TRAFFIC SIGNS, SIGNALS, ROAD MARKINGS",MADE AN IMPROPER TURN,,,,,,NOT DISTRACTED,,,,,,,,,,,,,,,,,,,,,,,,,,,,,,,,,,,,,,,,,,,,,,,,,,,,,,,,,,,,,OPERATOR/DRIVER,NO INJURY,LOUISIANA,"D, CLASS D VEHICLES",,NONE,,,,,,MALE,,,,
8/7/17 13:46,Monday,SINGLE UNIT TRUCK (2 AXLES - 6 TIRES),PASSENGER CAR,251,MT. AUBURN STREET,,SPARKS STREET,"251 MT. AUBURN STREET
Cambridge, MA
(42.37483496900006, -71.13148987099999)",,,ANGLE,ROADWAY,COLLISION WITH PARKED MOTOR VEHICLE,DAYLIGHT,CLEAR,CLEAR,NO CONTROLS,,DRY,NOT AT INTERSECTION,"TWO-WAY, DIVIDED, UNPROTECTED MEDIAN",NO,NO,25,NON INTERSECTION,,,,,,,WESTBOUND,100FT,EASTBOUND,100FT,WESTBOUND,MT. AUURN HOSPITAL,,,NONE,,,APN,MA,SINGLE UNIT TRUCK (2 AXLES - 6 TIRES),,,,TURNING LEFT,2015,COLLISION WITH PARKED MOTOR VEHICLE,338,HINO,1,,COLLISION WITH PARKED MOTOR VEHICLE,COLLISION WITH PARKED MOTOR VEHICLE,COLLISION WITH PARKED MOTOR VEHICLE,COLLISION WITH PARKED MOTOR VEHICLE,NONE,,,,EASTBOUND,,OTHER,"MORE THAN 26,000 POUNDS",,,,,,,,VISIBILITY OBSTRUCTED,VISIBILITY OBSTRUCTED,Y,,,,2015,UNKNOWN,,NO,PAN,MA,PASSENGER CAR,,,,PARKED,2012,COLLISION WITH MOTOR VEHICLE IN TRAFFIC,SEDAN,TOYOTA,0,,COLLISION WITH MOTOR VEHICLE IN TRAFFIC,COLLISION WITH MOTOR VEHICLE IN TRAFFIC,COLLISION WITH MOTOR VEHICLE IN TRAFFIC,COLLISION WITH MOTOR VEHICLE IN TRAFFIC,LEFT SIDE,LEFT REAR,LEFT FRONT,,EASTBOUND,,,,,,,,,,,NO IMPROPER DRIVING,NO IMPROPER DRIVING,,,,,,,,NO,OPERATOR/DRIVER,NO INJURY,MASSACHUSETTS,"A, CLASS A VEHICLES",,NONE,,,,,,MALE,"FRONT SEAT - LEFT SIDE, OR MOTORCYLE DRIVER",UNKNOWN,NOT TRAPPED,,UNINVOLVED OWNER,,,,,,,,,,,,,,,Y
8/7/17 10:42,Monday,BUS SEATS 7 - 15 PEOPLE,,,RINDGE AVE,,SHERMAN STREET,"RINDGE AVE
Cambridge, MA
(42.39347195300007, -71.13257752199996)",1,,"SIDESWIPE, SAME DIRECTION",ROADWAY,COLLISION WITH OTHER MOVABLE OBJECT,DAYLIGHT,CLOUDY,,NO CONTROLS,YES,DRY,NOT AT INTERSECTION,"TWO-WAY, NOT DIVIDED",NO,NO,25,NON INTERSECTION,,,,,,,EASTBOUND,,,,,,,,UNKNOWN,,,LVN,MA,BUS SEATS 7 - 15 PEOPLE,,,Y,TRAVELING STRAIGHT AHEAD,,COLLISION WITH OTHER MOVABLE OBJECT,4350,FORD,1,,COLLISION WITH OTHER MOVABLE OBJECT,,,,NONE,,,,EASTBOUND,,,,,,,,,,,UNKNOWN,,,,Y,,,UNKNOWN,CHARTER/TOUR,,,,,,,,,,,,,,,,,,,,,,,,,,,,,,,,,,,,,,,,,,,,OPERATOR/DRIVER,NO INJURY,MASSACHUSETTS,"D, CLASS D VEHICLES",,UNKNOWN,,,,,,MALE,"FRONT SEAT - LEFT SIDE, OR MOTORCYLE DRIVER",UNKNOWN,NOT TRAPPED,,NON-MOTORIST,NO INJURY,MASSACHUSETTS,,,,CYCLIST,"WALKING, RUNNING OR CYCLING",IN ROADWAY,HELMET,,MALE,,,,
9/26/17 20:59,Tuesday,TRACTOR / SEMI-TRIALER,LIGHT TRUCK,,BISHOP ROCHARD ALLEN DR,INMEN ST,,"BISHOP ROCHARD ALLEN DR &amp; INMEN ST
Cambridge, MA
(42.36533254300008, -71.10148889599998)",,,"SIDESWIPE, SAME DIRECTION",ROADWAY,COLLISION WITH PARKED MOTOR VEHICLE,DUSK,CLEAR,CLEAR,STOP SIGNS,YES,DRY,T-INTERSECTION,"ONE-WAY, NOT DIVIDED",NO,NO,20,INTERSECTION,BISHOP ROCHARD ALLEN DR,NORTHBOUND,INMEN ST,EASTBOUND,,,,,,,,,,,NONE,,,CM,IN,TRACTOR / SEMI-TRIALER,,,,TRAVELING STRAIGHT AHEAD,2013,COLLISION WITH PARKED MOTOR VEHICLE,TR,IHC,2,,COLLISION WITH PARKED MOTOR VEHICLE,,,,RIGHT SIDE,,,,NORTHBOUND,,,,,,TRAILER,1013053,INDIANA,2013,OTHER,NO IMPROPER DRIVING,NO IMPROPER DRIVING,,Y,,,,NOT DISTRACTED,,NO,PAN,MA,LIGHT TRUCK,,,,PARKED,2011,COLLISION WITH MOTOR VEHICLE IN TRAFFIC,EXPLORER,FORD,0,,COLLISION WITH MOTOR VEHICLE IN TRAFFIC,,,,LEFT REAR,,,,UNKNOWN,,,,,,,,,,,NO IMPROPER DRIVING,,,,,,,NOT DISTRACTED,,,OPERATOR/DRIVER,NO INJURY,CONNECTICUT,"A, CLASS A VEHICLES",,NONE,,,,,,MALE,"FRONT SEAT - LEFT SIDE, OR MOTORCYLE DRIVER",UNKNOWN,NOT TRAPPED,,UNINVOLVED OWNER,,,,,,,,,,,UNKNOWN,,,,Y
9/29/17 17:45,Friday,PASSENGER CAR,PASSENGER CAR,,RINDGE AVE,REED STREET,,"RINDGE AVE &amp; REED STREET
Cambridge, MA
(42.39534459600003, -71.13214488399996)",,,ANGLE,ROADWAY,COLLISION WITH MOTOR VEHICLE IN TRAFFIC,DAYLIGHT,CLEAR,,STOP SIGNS,YES,DRY,FOUR WAY INTERSECTION,"TWO-WAY, DIVIDED, UNPROTECTED MEDIAN",NO,NO,25,INTERSECTION,RINDGE AVE,EASTBOUND,REED STREET,NORTHBOUND,SERGENT STREET,SOUTHBOUND,,,,,,,,,NONE,,,PAN,MA,PASSENGER CAR,,,,TRAVELING STRAIGHT AHEAD,2016,COLLISION WITH MOTOR VEHICLE IN TRAFFIC,SENTRA,NISSAN,2,,COLLISION WITH MOTOR VEHICLE IN TRAFFIC,,,,LEFT FRONT,LEFT SIDE,CENTER FRONT,Y,EASTBOUND,,,,,,,,,,,NO IMPROPER DRIVING,,,,,,,UNKNOWN,,YES OTHER REASON NOT DISABLED,PAN,MA,PASSENGER CAR,,,,ENTERING TRAFFIC LANE,2012,COLLISION WITH MOTOR VEHICLE IN TRAFFIC,ACCORD,HONDA,1,,COLLISION WITH OTHER MOVABLE OBJECT,,,,CENTER FRONT,,,,SOUTHBOUND,,,,,,,,,,,UNKNOWN,UNKNOWN,,,,,,UNKNOWN,,,OPERATOR/DRIVER,NON FATAL INJURY - POSSIBLE,MASSACHUSETTS,"D, CLASS D VEHICLES",,NONE,,,,,,MALE,"FRONT SEAT - LEFT SIDE, OR MOTORCYLE DRIVER",UNKNOWN,,Y,OCCUPANT/PASSENGER,NO INJURY,,,,,,,,,,MALE,FRONT SEAT - RIGHT SIDE,UNKNOWN,,
7/25/17 16:54,Tuesday,LIGHT TRUCK,OTHER,541,PUTNAM AVE,,BROOKLINE STREET,"541 PUTNAM AVE
Cambridge, MA
(42.35755430900008, -71.10838991099996)",,,"SIDESWIPE, SAME DIRECTION",ROADSIDE,COLLISION WITH MOTOR VEHICLE IN TRAFFIC,DAYLIGHT,CLOUDY,CLEAR,NO CONTROLS,NO,DRY,NOT AT INTERSECTION,"TWO-WAY, NOT DIVIDED",NO,NO,25,NON INTERSECTION,,,,,,,SOUTHBOUND,,EASTBOUND,,,,,,NONE,,,PAN,MA,LIGHT TRUCK,,,,PARKED,2011,COLLISION WITH MOTOR VEHICLE IN TRAFFIC,DURANGO,DODGE,0,,COLLISION WITH MOTOR VEHICLE IN TRAFFIC,,,,LEFT FRONT,,,,,,,,,,,,,,,,,,,,,,,,,PAN,MA,OTHER,,,Y,TRAVELING STRAIGHT AHEAD,0,COLLISION WITH PARKED MOTOR VEHICLE,UNKNOWN,UNKNOWN,1,,COLLISION WITH PARKED MOTOR VEHICLE,,,,UNKNOWN,,,,SOUTHBOUND,,,,,,,,,,,UNKNOWN,,,,,,,UNKNOWN,,,UNINVOLVED OWNER,,MASSACHUSETTS,"D, CLASS D VEHICLES",,NONE,,,,,,MALE,,,,,OPERATOR/DRIVER,UNKNOWN,MASSACHUSETTS,"D, CLASS D VEHICLES",,UNKNOWN,,,,,,UNKNOWN,,,,
7/28/17 17:04,Friday,PASSENGER CAR,,,FRESH POND SHOPPING CENTER,,ALEWIFE BROOK PARKWAY,"FRESH POND SHOPPING CENTER
Cambridge, MA
(42.37606827400003, -71.14061945599997)",,,ANGLE,ROADWAY,COLLISION WITH PARKED MOTOR VEHICLE,UNKNOWN,UNKNOWN,,NO CONTROLS,,DRY,NOT AT INTERSECTION,"TWO-WAY, NOT DIVIDED",NO,NO,20,NON INTERSECTION,186 ALEWIFE BROOK PARKWAY,SOUTHBOUND,,,,,SOUTHBOUND,200 FEET,WESTBOUND,,,,,OFF-STREET PARKING LOT,NONE,,,PAN,MA,PASSENGER CAR,,,Y,PARKED,2002,COLLISION WITH MOTOR VEHICLE IN TRAFFIC,CAMRY,TOYOTA,0,,COLLISION WITH MOTOR VEHICLE IN TRAFFIC,,,,RIGHT REAR,,,,SOUTHBOUND,,,,,,,,,,,NO IMPROPER DRIVING,,,,,,,,,,,,,,,,,,,,,,,,,,,,,,,,,,,,,,,,,,,,,,,,,,,,UNINVOLVED OWNER,,,,,,,,,,,FEMALE,,,,Y,,,,,,,,,,,,,,,,
9/19/17 8:47,Tuesday,PASSENGER CAR,LIGHT TRUCK,877,MAIN ST,,SIDNEY ST EXT,"877 MAIN ST
Cambridge, MA
(42.363415402000044, -71.09908830199998)",,,ANGLE,ROADWAY,COLLISION WITH MOTOR VEHICLE IN TRAFFIC,DAYLIGHT,CLOUDY,,TRAFFIC CONTROL SIGNAL,YES,DRY,NOT AT INTERSECTION,"TWO-WAY, NOT DIVIDED",NO,NO,25,NON INTERSECTION,,,,,,,WESTBOUND,,,,,,,,NONE,,,TAN,MA,PASSENGER CAR,,,,MAKING U-TURN,2013,COLLISION WITH MOTOR VEHICLE IN TRAFFIC,CAMRY,TOYT,1,,COLLISION WITH MOTOR VEHICLE IN TRAFFIC,,,,LEFT FRONT,,,,EASTBOUND,,,,,,,,,,,OTHER IMPROPER ACTION,,,,,,,UNKNOWN,,,MVN,MA,LIGHT TRUCK,,,,SLOWING OR STOPPED IN TRAFFIC,2017,COLLISION WITH MOTOR VEHICLE IN TRAFFIC,EXPLOR,FORD,1,,COLLISION WITH MOTOR VEHICLE IN TRAFFIC,,,,LEFT REAR,,,,WESTBOUND,,,,,,,,,,,NO IMPROPER DRIVING,,,,,,,UNKNOWN,,,OPERATOR/DRIVER,NO INJURY,MASSACHUSETTS,"D, CLASS D VEHICLES",,UNKNOWN,,,,,,MALE,"FRONT SEAT - LEFT SIDE, OR MOTORCYLE DRIVER",UNKNOWN,NOT TRAPPED,,UNINVOLVED OWNER,,,,,,,,,,,UNKNOWN,,,,Y
7/12/17 8:00,Wednesday,LIGHT TRUCK,PASSENGER CAR,,QUINCY ST,,KIRKLAND,"QUINCY ST
Cambridge, MA
(42.37444390100006, -71.11456134499997)",,,REAR-END,ROADWAY,COLLISION WITH MOTOR VEHICLE IN TRAFFIC,DAYLIGHT,CLOUDY,,TRAFFIC CONTROL SIGNAL,YES,DRY,NOT AT INTERSECTION,"TWO-WAY, NOT DIVIDED",NO,NO,25,NON INTERSECTION,,,,,,,NORTHBOUND,,,,,,,,NONE,,,PAN,MA,LIGHT TRUCK,,,,SLOWING OR STOPPED IN TRAFFIC,2012,COLLISION WITH MOTOR VEHICLE IN TRAFFIC,ESCAPE,FORD,1,,COLLISION WITH MOTOR VEHICLE IN TRAFFIC,,,,REAR CENTER,,,,NORTHBOUND,,,,,,,,,,,NO IMPROPER DRIVING,,,,,,,UNKNOWN,,,PASS,DE,PASSENGER CAR,,,Y,TRAVELING STRAIGHT AHEAD,2007,COLLISION WITH MOTOR VEHICLE IN TRAFFIC,MUSTANG,FORD,,,COLLISION WITH MOTOR VEHICLE IN TRAFFIC,,,,UNKNOWN,,,,NORTHBOUND,,,,,,,,,,,OTHER IMPROPER ACTION,,,,,,,UNKNOWN,,,OPERATOR/DRIVER,NON FATAL INJURY - POSSIBLE,MASSACHUSETTS,"D, CLASS D VEHICLES",,UNKNOWN,,,,,,MALE,"FRONT SEAT - LEFT SIDE, OR MOTORCYLE DRIVER",UNKNOWN,NOT TRAPPED,,UNINVOLVED OWNER,,,,,,,,,,,FEMALE,,,,Y
7/12/17 11:30,Wednesday,PASSENGER CAR,,82,DANA ST,,,"82 DANA ST
Cambridge, MA
(42.374192794000066, -71.10721380499996)",,,UNKNOWN,ROADWAY,COLLISION WITH PARKED MOTOR VEHICLE,DAYLIGHT,CLOUDY,,NO CONTROLS,,DRY,NOT AT INTERSECTION,"ONE-WAY, NOT DIVIDED",NO,NO,25,NON INTERSECTION,,,,,,,NORTHBOUND,,,,,,,,NONE,,,PAN,MA,PASSENGER CAR,,,,PARKED,2003,COLLISION WITH MOTOR VEHICLE IN TRAFFIC,TAURUS,FORD,,,COLLISION WITH MOTOR VEHICLE IN TRAFFIC,,,,LEFT SIDE,,,,,,,,,,,,,,,,,,,,,,,,,,,,,,,,,,,,,,,,,,,,,,,,,,,,,,,,,,,,,,,,,,,UNINVOLVED OWNER,,,,,,,,,,,MALE,,,,Y,,,,,,,,,,,,,,,,
7/23/17 0:51,Sunday,PASSENGER CAR,,196,PROSPECT STREET,,,"196 PROSPECT STREET
Cambridge, MA
(42.37021886000008, -71.10035370999998)",,,SINGLE VEHICLE CRASH,ROADSIDE,COLLISION WITH TREE,DARK - LIGHTED ROADWAY,CLEAR,,NO CONTROLS,,DRY,NOT AT INTERSECTION,"TWO-WAY, NOT DIVIDED",NO,NO,25,NON INTERSECTION,,,,,,,WESTBOUND,,,,,,,,NONE,MUNICIPAL,TREE,PAS,NY,PASSENGER CAR,,,,TRAVELING STRAIGHT AHEAD,2017,COLLISION WITH TREE,3,MAZDA,2,,COLLISION WITH TREE,,,,RIGHT FRONT,CENTER FRONT,LEFT FRONT,Y,WESTBOUND,,,,,,,,,,,"OPERATING VEHICLE IN ERRATIC, RECKLESS, CARELESS,",FAILURE TO KEEP IN PROPER LANE OR RUNNING OFF ROAD,,,,,,UNKNOWN,,YES VEHICLE OR TRAILER DISABLED,,,,,,,,,,,,,,,,,,,,,,,,,,,,,,,,,,,,,,,,,,,OPERATOR/DRIVER,NON FATAL INJURY - NON INCAPACITATING,MASSACHUSETTS,"D, CLASS D VEHICLES",,OTHER,,,,,,MALE,"FRONT SEAT - LEFT SIDE, OR MOTORCYLE DRIVER",SHOULDER AND LAP BELT USED,NOT TRAPPED,,OCCUPANT/PASSENGER,NON FATAL INJURY - NON INCAPACITATING,MASSACHUSETTS,,,,,,,,,MALE,SECOND SEAT - LEFT SIDE OR MOTORCYLCE PASSENGER,NONE USED - VEHICLE OCCUPANT,NOT TRAPPED,
7/26/17 11:28,Wednesday,LIGHT TRUCK,SINGLE UNIT TRUCK (3 0R MORE AXLES),,CAMBRIDGE ST.,THIRD ST.,,"CAMBRIDGE ST. &amp; THIRD ST.
Cambridge, MA
(42.373701735000054, -71.10071559299996)",,,REAR-END,ROADWAY,COLLISION WITH MOTOR VEHICLE IN TRAFFIC,DAYLIGHT,CLEAR,CLEAR,TRAFFIC CONTROL SIGNAL,YES,DRY,T-INTERSECTION,"TWO-WAY, NOT DIVIDED",NO,NO,,INTERSECTION,CAMBRIDGE ST.,EASTBOUND,THIRD ST.,EASTBOUND,,,,,,,,,,,UNKNOWN,,,PAN,MA,LIGHT TRUCK,,,,SLOWING OR STOPPED IN TRAFFIC,2015,COLLISION WITH MOTOR VEHICLE IN TRAFFIC,ROGUE,NISSAN,2,,COLLISION WITH MOTOR VEHICLE IN TRAFFIC,COLLISION WITH MOTOR VEHICLE IN TRAFFIC,COLLISION WITH MOTOR VEHICLE IN TRAFFIC,COLLISION WITH MOTOR VEHICLE IN TRAFFIC,RIGHT REAR,REAR CENTER,,,EASTBOUND,,,,,,,,,,,NO IMPROPER DRIVING,NO IMPROPER DRIVING,,,,,,NOT DISTRACTED,,NO,CON,MA,SINGLE UNIT TRUCK (3 0R MORE AXLES),,,,TRAVELING STRAIGHT AHEAD,2010,COLLISION WITH MOTOR VEHICLE IN TRAFFIC,CONVEN,PTRB,1,,COLLISION WITH MOTOR VEHICLE IN TRAFFIC,COLLISION WITH MOTOR VEHICLE IN TRAFFIC,COLLISION WITH MOTOR VEHICLE IN TRAFFIC,COLLISION WITH MOTOR VEHICLE IN TRAFFIC,RIGHT FRONT,,,,EASTBOUND,,,,,,,,,,,"OPERATING VEHICLE IN ERRATIC, RECKLESS, CARELESS,","OPERATING VEHICLE IN ERRATIC, RECKLESS, CARELESS,",,,,,,UNKNOWN,,NO,OPERATOR/DRIVER,NO INJURY,MASSACHUSETTS,"D, CLASS D VEHICLES",,NONE,,,,,57,MALE,UNKNOWN,UNKNOWN,NOT TRAPPED,Y,OPERATOR/DRIVER,NO INJURY,MASSACHUSETTS,"A, CLASS A VEHICLES",,NONE,,,,,44,MALE,UNKNOWN,UNKNOWN,NOT TRAPPED,
9/30/17 11:10,Saturday,PASSENGER CAR,PASSENGER CAR,,CAMBRIDGE STREET,,FAYETTE STREET,"CAMBRIDGE STREET
Cambridge, MA
(42.373701735000054, -71.10071559299996)",,,"SIDESWIPE, OPPOSITE DIRECTION",ROADWAY,COLLISION WITH OTHER MOVABLE OBJECT,DAYLIGHT,RAIN,,NO CONTROLS,NO,WET,NOT AT INTERSECTION,"TWO-WAY, NOT DIVIDED",NO,NO,20,NON INTERSECTION,,,,,,,WESTBOUND,,,,,,,,UNKNOWN,,,PAN,MA,PASSENGER CAR,,,,TRAVELING STRAIGHT AHEAD,2016,COLLISION WITH OTHER MOVABLE OBJECT,PRIUS,TOYT,1,,COLLISION WITH OTHER MOVABLE OBJECT,,,,LEFT SIDE,,,Y,WESTBOUND,,,,,,,,,,,UNKNOWN,,,,,,,UNKNOWN,,YES VEHICLE OR TRAILER DISABLED,PAN,MA,PASSENGER CAR,,,,TURNING LEFT,2009,COLLISION WITH OTHER MOVABLE OBJECT,RAVNEW,TOYT,1,,COLLISION WITH OTHER MOVABLE OBJECT,,,,RIGHT FRONT,,,,UNKNOWN,,,,,,,,,,,UNKNOWN,,,,,,,UNKNOWN,,NO,OPERATOR/DRIVER,NO INJURY,MASSACHUSETTS,"D, CLASS D VEHICLES",,NONE,,,,,,FEMALE,,,,Y,OPERATOR/DRIVER,NO INJURY,MASSACHUSETTS,"D, CLASS D VEHICLES",,CORRECTIVE LENSES,,,,,,MALE,,,,Y