Date Time,Day of Week,Object 1,Object 2,Street Number,Street Name,Cross Street,Near Street,Location,May involve cyclist,May Involve Pedestrian,Manner of Collision,First Harmful Event Location,First Harmful Event,Ambient Light,Weather Condition 1,Weather Condition 2,Traffic Control Device Type,Traffic Control Device Functionality,Road Surface Condition,Roadway Junction Type,Trafficway Description,School Bus Related,Work Zone,Speed Limit,Street or Intersection,Intersection Name 1,Intersection Direction 1,Intersection Name 2,Intersection Direction 2,Intersection Name 3,Intersection Direction 3,Street Direction,Nearest Intersection Distance,Nearest Intersection Direction,Landmark Distance,Landmark Direction,Landmark,Mile Marker Direction,Non Public Area,Road Contributing,Damaged Property Type,Description of Damaged Property,V1 Registration Type,v1 State Code,V1 Configuration,V1 Emergency Response,V1 Moped,V1 Hit and Run,V1 Action Prior to Crash,V1 Model Year,V1 Most Harmful Event,V1 Model,V1 Make,V1 Occupant Count,V1 Underride Override,V1 First Event,V1 Second Event,V1 Third Event,V1 Fourth Event,V1 Most Damaged Area,V1 Second Damaged Area,V1 Third Damaged Area,V1 Towed,V1 Travel Direction,V1 Interstate,V1 Cargo Body Type,V1 Gross Weight,V1 Haz Placard,V1 Haz Release,V1 Trailer Reg Type,V1 Trailer Reg Plate,V1 Trailer Reg State,V1 Trailer Reg Year,V1 Trailer Len,V1 Driver Contribution,V1 Driver Contribution 2,V1 Is Truck,V1 Has Trailer,V1 Is Bus,V1 Is Hazmat,V1 Reg Year,V1 Driver Distracted,V1 Bus Use,V1 Tow Use,V2 Registration Type,V2 State Code,V2 Configuration,V2 Emergency Response,V2 Moped,V2 Hit and Run,V2 Action Prior to Crash,V2 Model Year,V2 Most Harmful Event,V2 Model,V2 Make,V2 Occupant Count,V2 Underride Override,V2 First Event,V2 Second Event,V2 Third Event,V2 Fourth Event,V2 Most Damaged Area,V2 Second Damaged Area,V2 Third Damaged Area,V2 Towed,V2 Travel Direction,V2 Interstate,V2 Cargo Body Type,V2 Gross Weight,V2 Haz Placard,V2 Haz Release,V2 Trailer Reg Type,V2 Trailer Reg Plate,V2 Trailer Reg State,V2 Trailer Reg Year,V2 Trailer Len,V2 Driver Contribution,V2 Driver Contribution 2,V2 Is Truck,V2 Has Trailer,V2 Is Bus,V2 Is Hazmat,V2 Reg Year,V2 Driver Distracted,V2 Bus Use,V2 Tow Use,P1 Role,P1 Injury,P1 Drivers Lic State,P1 Drivers Lic Class 1,P1 Drivers Lic Class 2,P1 Drivers Lic Restrict,P1 Non Motorist Desc,P1 Non Motorist Action,P1 Non Motorist Location,P1 Safety Equipment,P1 Age,P1 Sex,P1 Seat Position,P1 Safety System,P1 Trapped,P1 Veh Owner,P2 Role,P2 Injury,P2 Drivers Lic State,P2 Drivers Lic Class 1,P2 Drivers Lic Class 2,P2 Drivers Lic Restrict,P2 Non Motorist Desc,P2 Non Motorist Action,P2 Non Motorist Location,P2 Safety Equipment,P2 Age,P2 Sex,P2 Seat Position,P2 Safety System,P2 Trapped,P2 Veh Owner
8/23/17 14:31,Wednesday,LIGHT TRUCK,,269,VASSAR STREET,,,"269 VASSAR STREET
Cambridge, MA
(42.35657982400005, -71.10210519699996)",,,"SIDESWIPE, SAME DIRECTION",UNKNOWN,COLLISION WITH PARKED MOTOR VEHICLE,DAYLIGHT,CLEAR,,NO CONTROLS,,DRY,NOT AT INTERSECTION,"TWO-WAY, NOT DIVIDED",NO,NO,25,NON INTERSECTION,,,,,,,SOUTHBOUND,,,,,,,,UNKNOWN,,,PAS,MA,LIGHT TRUCK,,,Y,PARKED,2012,COLLISION WITH PARKED MOTOR VEHICLE,EXPEDITION,FORD,0,,COLLISION WITH PARKED MOTOR VEHICLE,,,,LEFT FRONT,,,,SOUTHBOUND,,,,,,,,,,,NO IMPROPER DRIVING,,,,,,,NOT DISTRACTED,,,,,,,,,,,,,,,,,,,,,,,,,,,,,,,,,,,,,,,,,,,,,UNINVOLVED OWNER,,MASSACHUSETTS,"D, CLASS D VEHICLES",,,,,,,,MALE,,,,Y,,,,,,,,,,,,,,,,
9/12/17 19:30,Tuesday,LIGHT TRUCK,,,ALBANY ST,MASSACHUSETTS AVE,,"ALBANY ST &amp; MASSACHUSETTS AVE
Cambridge, MA
(42.36262560200004, -71.09902764999998)",1,,ANGLE,ROADWAY,COLLISION WITH MOTOR VEHICLE IN TRAFFIC,DARK - LIGHTED ROADWAY,CLEAR,,TRAFFIC CONTROL SIGNAL,YES,DRY,FOUR WAY INTERSECTION,"TWO-WAY, NOT DIVIDED",NO,NO,25,INTERSECTION,ALBANY ST,NORTHBOUND,MASSACHUSETTS AVE,EASTBOUND,,,,,,,,,,,NONE,,,PAN,MA,LIGHT TRUCK,,,,TURNING LEFT,2014,COLLISION WITH PEDALCYCLE,ESCALADE,CADILLAC,2,,COLLISION WITH PEDALCYCLE,,,,RIGHT REAR,,,,SOUTHBOUND,,,,,,,,,,,NO IMPROPER DRIVING,,,,,,,NOT DISTRACTED,,,,,,,,,,,,,,,,,,,,,,,,,,,,,,,,,,,,,,,,,,,,,OPERATOR/DRIVER,NO INJURY,MASSACHUSETTS,"D, CLASS D VEHICLES",,CORRECTIVE LENSES,,,,,,MALE,"FRONT SEAT - LEFT SIDE, OR MOTORCYLE DRIVER",UNKNOWN,NOT TRAPPED,Y,WITNESS,,,,,,,,,,,FEMALE,,,,
9/18/17 8:34,Monday,PASSENGER CAR,PASSENGER CAR,,CAMBRIDGE ST.,ELM ST.,,"CAMBRIDGE ST. &amp; ELM ST.
Cambridge, MA
(42.373701735000054, -71.10071559299996)",,,ANGLE,ROADWAY,COLLISION WITH MOTOR VEHICLE IN TRAFFIC,DAYLIGHT,CLOUDY,CLOUDY,STOP SIGNS,,DRY,T-INTERSECTION,"TWO-WAY, NOT DIVIDED",NO,NO,,INTERSECTION,CAMBRIDGE ST.,EASTBOUND,ELM ST.,EASTBOUND,,,,,,,,,,,OBSTRUCTION IN ROADWAY,,,PAN,MA,PASSENGER CAR,,,,TRAVELING STRAIGHT AHEAD,2016,COLLISION WITH MOTOR VEHICLE IN TRAFFIC,FORESTER,SUBARU,1,,COLLISION WITH MOTOR VEHICLE IN TRAFFIC,COLLISION WITH MOTOR VEHICLE IN TRAFFIC,COLLISION WITH MOTOR VEHICLE IN TRAFFIC,COLLISION WITH MOTOR VEHICLE IN TRAFFIC,LEFT FRONT,CENTER FRONT,,,EASTBOUND,,,,,,,,,,,NO IMPROPER DRIVING,NO IMPROPER DRIVING,,,,,,NOT DISTRACTED,,NO,PAN,MA,PASSENGER CAR,,,,ENTERING TRAFFIC LANE,2011,COLLISION WITH MOTOR VEHICLE IN TRAFFIC,SONATA,HYNDIA,1,,COLLISION WITH MOTOR VEHICLE IN TRAFFIC,COLLISION WITH MOTOR VEHICLE IN TRAFFIC,COLLISION WITH MOTOR VEHICLE IN TRAFFIC,COLLISION WITH MOTOR VEHICLE IN TRAFFIC,RIGHT FRONT,RIGHT SIDE,,,EASTBOUND,,,,,,,,,,,VISIBILITY OBSTRUCTED,VISIBILITY OBSTRUCTED,,,,,,EXTERNAL DISTRACTION,,YES VEHICLE OR TRAILER DISABLED,OPERATOR/DRIVER,NO INJURY,MASSACHUSETTS,"D, CLASS D VEHICLES",,NONE,,,,,28,FEMALE,UNKNOWN,UNKNOWN,NOT TRAPPED,Y,OPERATOR/DRIVER,NO INJURY,MASSACHUSETTS,"D, CLASS D VEHICLES",,NONE,,,,,46,MALE,UNKNOWN,UNKNOWN,NOT TRAPPED,Y
9/27/17 20:00,Wednesday,PASSENGER CAR,PASSENGER CAR,,RAYMOND ROAD,UPLAND ROAD,,"RAYMOND ROAD &amp; UPLAND ROAD
Cambridge, MA
(42.38704437100006, -71.12474755399995)",,,ANGLE,ROADWAY,COLLISION WITH MOTOR VEHICLE IN TRAFFIC,DAYLIGHT,CLEAR,,STOP SIGNS,YES,DRY,FOUR WAY INTERSECTION,"TWO-WAY, NOT DIVIDED",NO,NO,25,INTERSECTION,RAYMOND ROAD,NORTHBOUND,UPLAND ROAD,WESTBOUND,,,,,,,,,,,NONE,,,PAN,MA,PASSENGER CAR,,,,TRAVELING STRAIGHT AHEAD,2011,COLLISION WITH MOTOR VEHICLE IN TRAFFIC,AVALON,TOYOTA,1,,COLLISION WITH MOTOR VEHICLE IN TRAFFIC,,,,RIGHT SIDE,,,Y,NORTHBOUND,,,,,,,,,,,NO IMPROPER DRIVING,,,,,,,NOT DISTRACTED,,YES VEHICLE OR TRAILER DISABLED,PAN,MA,PASSENGER CAR,,,,TRAVELING STRAIGHT AHEAD,2006,COLLISION WITH MOTOR VEHICLE IN TRAFFIC,PRIUS,TOYOTA,1,,COLLISION WITH MOTOR VEHICLE IN TRAFFIC,,,,CENTER FRONT,RIGHT FRONT,LEFT FRONT,Y,WESTBOUND,,,,,,,,,,,"DISREGARDED TRAFFIC SIGNS, SIGNALS, ROAD MARKINGS",INATTENTION,,,,,,UNKNOWN,,YES VEHICLE OR TRAILER DISABLED,OPERATOR/DRIVER,NO INJURY,MASSACHUSETTS,"D, CLASS D VEHICLES",,NONE,,,,,,MALE,"FRONT SEAT - LEFT SIDE, OR MOTORCYLE DRIVER",SHOULDER AND LAP BELT USED,NOT TRAPPED,Y,OPERATOR/DRIVER,NO INJURY,MASSACHUSETTS,"D, CLASS D VEHICLES",,NONE,,,,,,MALE,"FRONT SEAT - LEFT SIDE, OR MOTORCYLE DRIVER",SHOULDER AND LAP BELT USED,NOT TRAPPED,Y
8/29/17 12:43,Tuesday,SINGLE UNIT TRUCK (2 AXLES - 6 TIRES),LIGHT TRUCK,,CAMBRIDGE STREET,LAMBERT STREET,,"CAMBRIDGE STREET &amp; LAMBERT STREET
Cambridge, MA
(42.373701735000054, -71.10071559299996)",,,ANGLE,UNKNOWN,COLLISION WITH MOTOR VEHICLE IN TRAFFIC,DAYLIGHT,CLOUDY,,STOP SIGNS,YES,DRY,T-INTERSECTION,"TWO-WAY, NOT DIVIDED",NO,NO,25,INTERSECTION,CAMBRIDGE STREET,WESTBOUND,LAMBERT STREET,SOUTHBOUND,,,,,,,,,,,NONE,,,MVN,MA,SINGLE UNIT TRUCK (2 AXLES - 6 TIRES),,,,TURNING LEFT,2016,COLLISION WITH MOTOR VEHICLE IN TRAFFIC,PIERCE,PIRC,3,,COLLISION WITH MOTOR VEHICLE IN TRAFFIC,,,,NONE,,,,SOUTHBOUND,,,,,,,,,,,NO IMPROPER DRIVING,,,,,,,NOT DISTRACTED,,,PAN,MA,LIGHT TRUCK,,,,SLOWING OR STOPPED IN TRAFFIC,2003,COLLISION WITH MOTOR VEHICLE IN TRAFFIC,WRANGLER,JEEP,2,,COLLISION WITH MOTOR VEHICLE IN TRAFFIC,,,,NONE,,,,WESTBOUND,,,,,,,,,,,NO IMPROPER DRIVING,,,,,,,NOT DISTRACTED,,,OPERATOR/DRIVER,NO INJURY,MAINE,"A, CLASS A VEHICLES",,UNKNOWN,,,,,,MALE,"FRONT SEAT - LEFT SIDE, OR MOTORCYLE DRIVER",SHOULDER AND LAP BELT USED,NOT TRAPPED,,OPERATOR/DRIVER,NO INJURY,MASSACHUSETTS,"B, CLASS B VEHICLES",,UNKNOWN,,,,,,MALE,"FRONT SEAT - LEFT SIDE, OR MOTORCYLE DRIVER",SHOULDER AND LAP BELT USED,NOT TRAPPED,Y
8/7/17 14:13,Monday,PASSENGER CAR,,19,AGASSIZ STREET,,,"19 AGASSIZ STREET
Cambridge, MA
(42.385006813000075, -71.12171953899997)",,,"SIDESWIPE, SAME DIRECTION",ROADSIDE,COLLISION WITH PARKED MOTOR VEHICLE,UNKNOWN,CLEAR,,NO CONTROLS,,DRY,NOT AT INTERSECTION,"TWO-WAY, NOT DIVIDED",NO,NO,25,NON INTERSECTION,,,,,,,WESTBOUND,,,,,,,,NONE,,,PAN,MA,PASSENGER CAR,,,Y,PARKED,2014,COLLISION WITH MOTOR VEHICLE IN TRAFFIC,CLA,MERZ,0,,COLLISION WITH MOTOR VEHICLE IN TRAFFIC,,,,LEFT FRONT,,,,WESTBOUND,,,,,,,,,,,NO IMPROPER DRIVING,,,,,,,NOT DISTRACTED,,,,,,,,,,,,,,,,,,,,,,,,,,,,,,,,,,,,,,,,,,,,,UNINVOLVED OWNER,,MASSACHUSETTS,,,,,,,,,FEMALE,,,,Y,,,,,,,,,,,,,,,,
8/18/17 9:30,Friday,PASSENGER CAR,LIGHT TRUCK,1611,CAMBRIDGE STREET,,,"1611 CAMBRIDGE STREET
Cambridge, MA
(42.37473028900007, -71.10833837499996)",,,"SIDESWIPE, SAME DIRECTION",OUTSIDE ROADWAY,COLLISION WITH PARKED MOTOR VEHICLE,DAYLIGHT,CLEAR,,NO CONTROLS,NO,DRY,NOT AT INTERSECTION,UNKNOWN,NO,NO,25,NON INTERSECTION,,,,,,,WESTBOUND,,,,,,,,NONE,,,PAN,CT,PASSENGER CAR,,,Y,PARKED,2008,COLLISION WITH PARKED MOTOR VEHICLE,CAMRY,TOYOTA,0,,COLLISION WITH PARKED MOTOR VEHICLE,,,,LEFT SIDE,LEFT REAR,,,UNKNOWN,,,,,,,,,,,NO IMPROPER DRIVING,,,,,,,NOT DISTRACTED,,,PAN,MA,LIGHT TRUCK,,,,TURNING LEFT,2014,COLLISION WITH PARKED MOTOR VEHICLE,FORESTER,SUBARU,1,,COLLISION WITH PARKED MOTOR VEHICLE,,,,RIGHT FRONT,RIGHT SIDE,,,UNKNOWN,,,,,,,,,,,OVER CORRECTING / OVER STEERING,ILLNESS,,,,,,UNKNOWN,,,UNINVOLVED OWNER,NO INJURY,CONNECTICUT,"D, CLASS D VEHICLES",,NONE,,,,,,FEMALE,,,,Y,UNINVOLVED OWNER,,CONNECTICUT,"D, CLASS D VEHICLES",,NONE,,,,,,FEMALE,,,,
9/11/17 8:03,Monday,PASSENGER CAR,PASSENGER CAR,,WALDEN ST,SEVILLE ST,,"WALDEN ST &amp; SEVILLE ST
Cambridge, MA
(42.38445984200007, -71.13340829999999)",,,"SIDESWIPE, SAME DIRECTION",ROADSIDE,COLLISION WITH PARKED MOTOR VEHICLE,DAYLIGHT,CLEAR,CLEAR,NO CONTROLS,NO,DRY,FOUR WAY INTERSECTION,"TWO-WAY, NOT DIVIDED",NO,NO,25,INTERSECTION,WALDEN ST,NORTHBOUND,SEVILLE ST,NORTHBOUND,,,,,,,,,,,NONE,,,PAN,MA,PASSENGER CAR,,,Y,PARKED,2015,COLLISION WITH PARKED MOTOR VEHICLE,ACCORD,HONDA,1,,COLLISION WITH PARKED MOTOR VEHICLE,COLLISION WITH PARKED MOTOR VEHICLE,COLLISION WITH PARKED MOTOR VEHICLE,COLLISION WITH PARKED MOTOR VEHICLE,LEFT SIDE,,,,NORTHBOUND,,,,,,,,,,,OTHER IMPROPER ACTION,OTHER IMPROPER ACTION,,,,,,UNKNOWN,,,PAN,MA,PASSENGER CAR,,,,TRAVELING STRAIGHT AHEAD,,COLLISION WITH PARKED MOTOR VEHICLE,SEDAN,TOYOTA OR HONDA ?,,,COLLISION WITH PARKED MOTOR VEHICLE,COLLISION WITH PARKED MOTOR VEHICLE,COLLISION WITH PARKED MOTOR VEHICLE,COLLISION WITH PARKED MOTOR VEHICLE,RIGHT SIDE,,,,NORTHBOUND,,,,,,,,,,,OTHER IMPROPER ACTION,OTHER IMPROPER ACTION,,,,,,UNKNOWN,,,UNINVOLVED OWNER,,MASSACHUSETTS,,,,,,,,,MALE,,,,,,,,,,,,,,,,,,,,
9/6/17 12:29,Wednesday,PASSENGER CAR,LIGHT TRUCK,,ABERDEEN AVE/ABERDEEN WAY,ABERDEEN AVE,,"ABERDEEN AVE/ABERDEEN WAY &amp; ABERDEEN AVE
Cambridge, MA
(42.37684200000007, -71.14657049999994)",,,ANGLE,ROADWAY,COLLISION WITH MOTOR VEHICLE IN TRAFFIC,DAYLIGHT,RAIN,RAIN,STOP SIGNS,NO,WET,T-INTERSECTION,"TWO-WAY, DIVIDED, POSITIVE MEDIAN BARRIER",NO,NO,25,INTERSECTION,ABERDEEN AVE/ABERDEEN WAY,,ABERDEEN AVE,SOUTHBOUND,ABERDEEN WAY,EASTBOUND,,,,,,,,,NONE,,,PAN,MA,PASSENGER CAR,,,,TRAVELING STRAIGHT AHEAD,1982,COLLISION WITH MOTOR VEHICLE IN TRAFFIC,STWAG,VOLVO,1,,COLLISION WITH MOTOR VEHICLE IN TRAFFIC,COLLISION WITH MOTOR VEHICLE IN TRAFFIC,COLLISION WITH MOTOR VEHICLE IN TRAFFIC,COLLISION WITH MOTOR VEHICLE IN TRAFFIC,RIGHT FRONT,CENTER FRONT,LEFT FRONT,,EASTBOUND,,,,,,,,,,,UNKNOWN,UNKNOWN,,,,,,UNKNOWN,,,CON,MA,LIGHT TRUCK,,,,TRAVELING STRAIGHT AHEAD,2017,COLLISION WITH MOTOR VEHICLE IN TRAFFIC,F350,FORD,1,,COLLISION WITH MOTOR VEHICLE IN TRAFFIC,COLLISION WITH MOTOR VEHICLE IN TRAFFIC,COLLISION WITH MOTOR VEHICLE IN TRAFFIC,COLLISION WITH MOTOR VEHICLE IN TRAFFIC,CENTER FRONT,,,,SOUTHBOUND,,,,,,,,,,,UNKNOWN,UNKNOWN,,,,,,UNKNOWN,,,OPERATOR/DRIVER,NO INJURY,MASSACHUSETTS,"D, CLASS D VEHICLES",,UNKNOWN,,,,,92,MALE,,,,Y,OPERATOR/DRIVER,NO INJURY,MASSACHUSETTS,"D, CLASS D VEHICLES",UNKNOWN,NONE,,,,,62,MALE,,,,Y
8/5/17 12:07,Saturday,PASSENGER CAR,BUS SEATS MORE THAN 15 PEOPLE,,MASS AVENUE,HANCOCK STREET,,"MASS AVENUE &amp; HANCOCK STREET
Cambridge, MA
(42.36896547100008, -71.10809659699999)",,,"SIDESWIPE, SAME DIRECTION",ROADWAY,COLLISION WITH MOTOR VEHICLE IN TRAFFIC,DAYLIGHT,RAIN,,TRAFFIC CONTROL SIGNAL,YES,WET,T-INTERSECTION,"TWO-WAY, NOT DIVIDED",NO,NO,25,INTERSECTION,MASS AVENUE,EASTBOUND,HANCOCK STREET,,,,,,,,,,,,NONE,,,PAN,MA,PASSENGER CAR,,,,TRAVELING STRAIGHT AHEAD,2008,COLLISION WITH MOTOR VEHICLE IN TRAFFIC,SX4,SUZI,2,,COLLISION WITH MOTOR VEHICLE IN TRAFFIC,,,,RIGHT FRONT,RIGHT SIDE,,,EASTBOUND,,,,,,,,,,,NO IMPROPER DRIVING,,,,,,,NOT DISTRACTED,,,APP,NY,BUS SEATS MORE THAN 15 PEOPLE,,,,TRAVELING STRAIGHT AHEAD,2016,COLLISION WITH MOTOR VEHICLE IN TRAFFIC,4500,MCI,56,,COLLISION WITH MOTOR VEHICLE IN TRAFFIC,,,,LEFT FRONT,,,,EASTBOUND,,,,,,,,NEW YORK,,,FAILURE TO KEEP IN PROPER LANE OR RUNNING OFF ROAD,,,,Y,,,NOT DISTRACTED,,,OPERATOR/DRIVER,NO INJURY,MASSACHUSETTS,"D, CLASS D VEHICLES",,NONE,,,,,,FEMALE,"FRONT SEAT - LEFT SIDE, OR MOTORCYLE DRIVER",SHOULDER AND LAP BELT USED,NOT TRAPPED,Y,OPERATOR/DRIVER,NO INJURY,NEW YORK,"B, CLASS B VEHICLES",,NONE,,,,,,MALE,,,,
7/20/17 6:34,Thursday,LIGHT TRUCK,,,CAMBRIDGE STREET,CARDINAL MEDEIROS,,"CAMBRIDGE STREET &amp; CARDINAL MEDEIROS
Cambridge, MA
(42.373701735000054, -71.10071559299996)",1,,ANGLE,ROADWAY,COLLISION WITH OTHER MOVABLE OBJECT,DAWN,CLEAR,,NO CONTROLS,,DRY,T-INTERSECTION,"TWO-WAY, NOT DIVIDED",NO,NO,25,INTERSECTION,CAMBRIDGE STREET,,CARDINAL MEDEIROS,,,,,,,,,,,,NONE,,,PAN,MA,LIGHT TRUCK,,,,TURNING LEFT,2006,COLLISION WITH OTHER MOVABLE OBJECT,SILVERADO,CHEVY,1,,COLLISION WITH OTHER MOVABLE OBJECT,,,,RIGHT FRONT,,,,UNKNOWN,,,,,,,,,,,UNKNOWN,,,,,,,UNKNOWN,,,,,,,,,,,,,,,,,,,,,,,,,,,,,,,,,,,,,,,,,,,,,OPERATOR/DRIVER,NO INJURY,MASSACHUSETTS,"B, CLASS B VEHICLES",,CORRECTIVE LENSES,,,,,,MALE,"FRONT SEAT - LEFT SIDE, OR MOTORCYLE DRIVER",UNKNOWN,NOT TRAPPED,Y,NON-MOTORIST,NON FATAL INJURY - POSSIBLE,,,,,CYCLIST,"WALKING, RUNNING OR CYCLING",IN ROADWAY,HELMET,,FEMALE,,,,
9/19/17 12:51,Tuesday,LIGHT TRUCK,,64,MASSACHUSETTS AVENUE,,AMHERST STREET,"64 MASSACHUSETTS AVENUE
Cambridge, MA
(42.35911161300004, -71.09371378699996)",1,,"SIDESWIPE, SAME DIRECTION",ROADWAY,COLLISION WITH PEDALCYCLE,DAYLIGHT,CLOUDY,RAIN,NO CONTROLS,,WET,NOT AT INTERSECTION,"TWO-WAY, DIVIDED, UNPROTECTED MEDIAN",NO,NO,25,NON INTERSECTION,,,,,,,EASTBOUND,50FT,EASTBOUND,,,,,,NONE,,,PAN,RI,LIGHT TRUCK,,,,LEAVING TRAFFIC LANE,2008,COLLISION WITH PEDALCYCLE,SIENNA,TOYOTA,1,,COLLISION WITH PEDALCYCLE,,,,RIGHT SIDE,,,,EASTBOUND,,,,,,,,,,,FAILED TO YIELD THE RIGHT OF WAY,,,,,,,UNKNOWN,,,,,,,,,,,,,,,,,,,,,,,,,,,,,,,,,,,,,,,,,,,,,OPERATOR/DRIVER,NO INJURY,RHODE ISLAND,"D, CLASS D VEHICLES",,NONE,,,,,,MALE,"FRONT SEAT - LEFT SIDE, OR MOTORCYLE DRIVER",UNKNOWN,NOT TRAPPED,Y,NON-MOTORIST,NON FATAL INJURY - NON INCAPACITATING,ILLINOIS,,,,CYCLIST,"WALKING, RUNNING OR CYCLING",IN ROADWAY,UNKNOWN,,MALE,,,,
7/28/17 16:00,Friday,LIGHT TRUCK,,0,ELIOT & JFK,,JFK ST,"0 ELIOT &amp; JFK
Cambridge, MA
(42.37158277200007, -71.13321884899995)",,,ANGLE,UNKNOWN,OTHER,DAYLIGHT,UNKNOWN,UNKNOWN,TRAFFIC CONTROL SIGNAL,,UNKNOWN,NOT AT INTERSECTION,"TWO-WAY, DIVIDED, UNPROTECTED MEDIAN",YES,NO,,NON INTERSECTION,,,,,,,NORTHBOUND,,,,,,,,NONE,,,CON,MA,LIGHT TRUCK,,,Y,TURNING RIGHT,2012,UNKNOWN,EXPRESS VAN,CHEVROLET,1,,COLLISION WITH MOTOR VEHICLE IN TRAFFIC,UNKNOWN,OTHER,OTHER,RIGHT FRONT,,,,UNKNOWN,,,,,,,,,,,UNKNOWN,,,,,,,UNKNOWN,,,,,,,,,,,,,,,,,,,,,,,,,,,,,,,,,,,,,,,,,,,,,OPERATOR/DRIVER,NO INJURY,MASSACHUSETTS,"D, CLASS D VEHICLES",,NONE,,,,,,MALE,,,,Y,,,,,,,,,,,,,,,,
7/18/17 16:00,Tuesday,PASSENGER CAR,,340,RIVER ST,,,"340 RIVER ST
Cambridge, MA
(42.362000290000026, -71.11434207399998)",,,UNKNOWN,OUTSIDE ROADWAY,COLLISION WITH PARKED MOTOR VEHICLE,DAYLIGHT,CLEAR,,NO CONTROLS,YES,DRY,NOT AT INTERSECTION,"TWO-WAY, NOT DIVIDED",NO,NO,25,NON INTERSECTION,,,,,,,WESTBOUND,,,,,,,,UNKNOWN,,,PAN,MA,PASSENGER CAR,,,Y,PARKED,2016,COLLISION WITH PARKED MOTOR VEHICLE,FIT,HONDA,0,,COLLISION WITH PARKED MOTOR VEHICLE,COLLISION WITH PARKED MOTOR VEHICLE,,,CENTER FRONT,,,,,,,,,,,,,,,,,,,,,,,,NO,,,,,,,,,,,,,,,,,,,,,,,,,,,,,,,,,,,,,,,,,,,UNINVOLVED OWNER,,MASSACHUSETTS,,,,,,,,,MALE,,,,Y,,,,,,,,,,,,,,,,
7/20/17 14:28,Thursday,PASSENGER CAR,LIGHT TRUCK,,AMES,BORADWAY,,"AMES &amp; BORADWAY
Cambridge, MA
(42.36144047500005, -71.08829685399996)",,,"SIDESWIPE, SAME DIRECTION",ROADWAY,COLLISION WITH MOTOR VEHICLE IN TRAFFIC,DAYLIGHT,CLEAR,CLEAR,TRAFFIC CONTROL SIGNAL,YES,DRY,T-INTERSECTION,"TWO-WAY, NOT DIVIDED",NO,NO,,INTERSECTION,AMES,EASTBOUND,BORADWAY,EASTBOUND,,,,,,,,,,,NONE,,,PAN,MA,PASSENGER CAR,,,,SLOWING OR STOPPED IN TRAFFIC,2010,COLLISION WITH MOTOR VEHICLE IN TRAFFIC,FUSION,TOYOTA,1,,COLLISION WITH MOTOR VEHICLE IN TRAFFIC,COLLISION WITH MOTOR VEHICLE IN TRAFFIC,COLLISION WITH MOTOR VEHICLE IN TRAFFIC,COLLISION WITH MOTOR VEHICLE IN TRAFFIC,RIGHT FRONT,,,,EASTBOUND,,,,,,,,,,,NO IMPROPER DRIVING,NO IMPROPER DRIVING,,,,,,NOT DISTRACTED,,NO,TAN,MA,LIGHT TRUCK,,,,TRAVELING STRAIGHT AHEAD,2013,COLLISION WITH MOTOR VEHICLE IN TRAFFIC,SIENNE,TOYOTA,1,,COLLISION WITH MOTOR VEHICLE IN TRAFFIC,COLLISION WITH MOTOR VEHICLE IN TRAFFIC,COLLISION WITH MOTOR VEHICLE IN TRAFFIC,COLLISION WITH MOTOR VEHICLE IN TRAFFIC,LEFT FRONT,,,,EASTBOUND,,,,,,,,,,,"OPERATING VEHICLE IN ERRATIC, RECKLESS, CARELESS,","OPERATING VEHICLE IN ERRATIC, RECKLESS, CARELESS,",,,,,,UNKNOWN,,NO,OPERATOR/DRIVER,NO INJURY,MASSACHUSETTS,"D, CLASS D VEHICLES",,NONE,,,,,39,MALE,UNKNOWN,UNKNOWN,NOT TRAPPED,,OPERATOR/DRIVER,NO INJURY,MASSACHUSETTS,"D, CLASS D VEHICLES",,NONE,,,,,57,MALE,UNKNOWN,UNKNOWN,NOT TRAPPED,
9/18/17 12:45,Monday,BUS SEATS MORE THAN 15 PEOPLE,PASSENGER CAR,,PACIFIC ST,,LANDSDOWN ST,"PACIFIC ST
Cambridge, MA
(42.360089232000064, -71.10202721799993)",,,"SIDESWIPE, SAME DIRECTION",ROADWAY,COLLISION WITH PARKED MOTOR VEHICLE,DAYLIGHT,CLOUDY,,NO CONTROLS,,DRY,NOT AT INTERSECTION,"TWO-WAY, NOT DIVIDED",NO,NO,25,NON INTERSECTION,,,,,,,EASTBOUND,,,,,,,,NONE,,,BUN,MA,BUS SEATS MORE THAN 15 PEOPLE,,,,TRAVELING STRAIGHT AHEAD,2016,COLLISION WITH PARKED MOTOR VEHICLE,TRABUS,NFLY,1,,COLLISION WITH PARKED MOTOR VEHICLE,,,,RIGHT REAR,,,,EASTBOUND,,BUS SEATS MORE THAN 15 PEOPLE,"MORE THAN 26,000 POUNDS",,,,,,,,UNKNOWN,,,,Y,,,UNKNOWN,UNKNOWN,,CON,MA,PASSENGER CAR,,,,PARKED,2011,COLLISION WITH MOTOR VEHICLE IN TRAFFIC,FUSION,FORD,0,,COLLISION WITH MOTOR VEHICLE IN TRAFFIC,,,,LEFT SIDE,LEFT FRONT,,,,,,,,,,,,,,,,,,,,,,,,OPERATOR/DRIVER,NO INJURY,MASSACHUSETTS,"B, CLASS B VEHICLES",,UNKNOWN,,,,,,MALE,"FRONT SEAT - LEFT SIDE, OR MOTORCYLE DRIVER",UNKNOWN,NOT TRAPPED,,UNINVOLVED OWNER,,,,,,,,,,,,,,,Y